iso3,country_name,year,refugees,asylum_seekers,idps,stateless,ooc,returned_refugees,returned_idps,oip,hst,source_id,data_as_of,retrieved_at,snapshot_id
ABW,Aruba,2021,0,0,0,0,0,0,0,,6000,unhcr_population,2025-12-31,2026-08-19T14:21:59Z,2026-08-19
ABW,Aruba,2022,0,7,0,0,0,0,0,,1700,unhcr_population,2025-12-31,2026-08-19T14:21:59Z,2026-08-19
ABW,Aruba,2025,0,5,0,0,0,0,0,,0,unhcr_population,2025-12-31,2026-08-19T14:21:59Z,2026-08-19
AFG,Afghanistan,1979,500000,0,0,0,0,0,0,,0,unhcr_population,2025-12-31,2026-08-19T14:21:59Z,2026-08-19
AFG,Afghanistan,1980,1734921,0,0,0,0,0,0,,0,unhcr_population,2025-12-31,2026-08-19T14:21:59Z,2026-08-19
AFG,Afghanistan,1981,3879984,0,0,0,0,0,0,,0,unhcr_population,2025-12-31,2026-08-19T14:21:59Z,2026-08-19
AFG,Afghanistan,1982,4488214,0,0,0,0,540,0,,0,unhcr_population,2025-12-31,2026-08-19T14:21:59Z,2026-08-19
AFG,Afghanistan,1983,4712735,0,0,0,0,430,0,,0,unhcr_population,2025-12-31,2026-08-19T14:21:59Z,2026-08-19
AFG,Afghanistan,1984,4417651,0,0,0,0,1220,0,,0,unhcr_population,2025-12-31,2026-08-19T14:21:59Z,2026-08-19
AFG,Afghanistan,1985,4653193,0,0,0,0,1150,0,,0,unhcr_population,2025-12-31,2026-08-19T14:21:59Z,2026-08-19
AFG,Afghanistan,1986,5094283,0,0,0,0,1170,0,,0,unhcr_population,2025-12-31,2026-08-19T14:21:59Z,2026-08-19
AFG,Afghanistan,1987,5511740,0,0,0,0,0,0,,0,unhcr_population,2025-12-31,2026-08-19T14:21:59Z,2026-08-19
AFG,Afghanistan,1988,5622982,0,0,0,0,660,0,,0,unhcr_population,2025-12-31,2026-08-19T14:21:59Z,2026-08-19
AFG,Afghanistan,1989,5643989,0,0,0,0,920,0,,0,unhcr_population,2025-12-31,2026-08-19T14:21:59Z,2026-08-19
AFG,Afghanistan,1990,6339095,0,0,0,0,21580,0,,0,unhcr_population,2025-12-31,2026-08-19T14:21:59Z,2026-08-19
AFG,Afghanistan,1991,6306301,0,0,0,0,178270,0,,0,unhcr_population,2025-12-31,2026-08-19T14:21:59Z,2026-08-19
AFG,Afghanistan,1992,4552153,0,0,0,0,1576933,0,,0,unhcr_population,2025-12-31,2026-08-19T14:21:59Z,2026-08-19
AFG,Afghanistan,1993,3374575,0,15000,0,0,1881,0,,0,unhcr_population,2025-12-31,2026-08-19T14:21:59Z,2026-08-19
AFG,Afghanistan,1994,2731166,0,332200,0,0,329327,0,,0,unhcr_population,2025-12-31,2026-08-19T14:21:59Z,2026-08-19
AFG,Afghanistan,1995,2679132,0,159600,0,0,348343,0,,0,unhcr_population,2025-12-31,2026-08-19T14:21:59Z,2026-08-19
AFG,Afghanistan,1996,2674234,0,273840,0,0,158715,0,,0,unhcr_population,2025-12-31,2026-08-19T14:21:59Z,2026-08-19
AFG,Afghanistan,1997,2676675,0,296795,0,0,86500,4000,,0,unhcr_population,2025-12-31,2026-08-19T14:21:59Z,2026-08-19
AFG,Afghanistan,1998,2667118,0,315800,0,2172,107045,10000,,0,unhcr_population,2025-12-31,2026-08-19T14:21:59Z,2026-08-19
AFG,Afghanistan,1999,2601690,0,258625,0,100000,253028,0,,0,unhcr_population,2025-12-31,2026-08-19T14:21:59Z,2026-08-19
AFG,Afghanistan,2000,3587327,40290,758625,0,100046,292484,0,,0,unhcr_population,2025-12-31,2026-08-19T14:21:59Z,2026-08-19
AFG,Afghanistan,2001,3809763,30782,1200000,0,100000,26092,0,,0,unhcr_population,2025-12-31,2026-08-19T14:21:59Z,2026-08-19
AFG,Afghanistan,2002,2510294,26687,665156,0,100012,1957955,753344,,0,unhcr_population,2025-12-31,2026-08-19T14:21:59Z,2026-08-19
AFG,Afghanistan,2003,2136039,26308,184269,0,100000,645862,82067,,0,unhcr_population,2025-12-31,2026-08-19T14:21:59Z,2026-08-19
AFG,Afghanistan,2004,2414460,16983,159549,0,100062,879780,27391,,0,unhcr_population,2025-12-31,2026-08-19T14:21:59Z,2026-08-19
AFG,Afghanistan,2005,2166139,14023,142505,0,100356,752086,17044,,0,unhcr_population,2025-12-31,2026-08-19T14:21:59Z,2026-08-19
AFG,Afghanistan,2006,2107510,14959,129310,0,100372,387912,10443,,0,unhcr_population,2025-12-31,2026-08-19T14:21:59Z,2026-08-19
AFG,Afghanistan,2007,3057655,16077,153718,0,411,373855,8012,,0,unhcr_population,2025-12-31,2026-08-19T14:21:59Z,2026-08-19
AFG,Afghanistan,2008,2833116,23177,230670,0,2101,278483,6453,,0,unhcr_population,2025-12-31,2026-08-19T14:21:59Z,2026-08-19
AFG,Afghanistan,2009,2887114,30406,297129,0,1479,57577,7225,,0,unhcr_population,2025-12-31,2026-08-19T14:21:59Z,2026-08-19
AFG,Afghanistan,2010,3054699,37101,351907,0,839323,118031,3366,,0,unhcr_population,2025-12-31,2026-08-19T14:21:59Z,2026-08-19
AFG,Afghanistan,2011,2664423,39199,447547,0,952531,71145,75453,,0,unhcr_population,2025-12-31,2026-08-19T14:21:59Z,2026-08-19
AFG,Afghanistan,2012,2586132,62304,486298,0,880468,98611,18830,,0,unhcr_population,2025-12-31,2026-08-19T14:21:59Z,2026-08-19
AFG,Afghanistan,2013,2556483,75284,631286,0,275817,39665,21830,,0,unhcr_population,2025-12-31,2026-08-19T14:21:59Z,2026-08-19
AFG,Afghanistan,2014,2596259,85407,805409,0,201361,17815,0,,0,unhcr_population,2025-12-31,2026-08-19T14:21:59Z,2026-08-19
AFG,Afghanistan,2015,2666294,258862,1174306,0,150369,61381,123653,,0,unhcr_population,2025-12-31,2026-08-19T14:21:59Z,2026-08-19
AFG,Afghanistan,2016,2501447,369072,1797551,0,114221,383950,0,,0,unhcr_population,2025-12-31,2026-08-19T14:21:59Z,2026-08-19
AFG,Afghanistan,2017,2624265,333986,1837079,0,448040,60541,32649,,0,unhcr_population,2025-12-31,2026-08-19T14:21:59Z,2026-08-19
AFG,Afghanistan,2018,2681267,310107,2106893,0,489859,16218,73527,,0,unhcr_population,2025-12-31,2026-08-19T14:21:59Z,2026-08-19
AFG,Afghanistan,2019,2727556,251047,2553390,0,450675,8404,0,,0,unhcr_population,2025-12-31,2026-08-19T14:21:59Z,2026-08-19
AFG,Afghanistan,2020,2594827,238791,2886317,0,87499,2311,0,,0,unhcr_population,2025-12-31,2026-08-19T14:21:59Z,2026-08-19
AFG,Afghanistan,2021,2712869,262860,3457744,0,93827,1429,791000,,494710,unhcr_population,2025-12-31,2026-08-19T14:21:59Z,2026-08-19
AFG,Afghanistan,2022,5661717,294493,3254002,0,90663,6506,236166,,878451,unhcr_population,2025-12-31,2026-08-19T14:21:59Z,2026-08-19
AFG,Afghanistan,2023,6403144,296033,3222397,0,34534,57530,31605,,1584157,unhcr_population,2025-12-31,2026-08-19T14:21:59Z,2026-08-19
AFG,Afghanistan,2024,5766586,384732,3199710,0,871521,364443,22687,,600000,unhcr_population,2025-12-31,2026-08-19T14:21:59Z,2026-08-19
AFG,Afghanistan,2025,2671560,270007,3199023,0,1008969,1947183,8056,1030958,600000,unhcr_population,2025-12-31,2026-08-19T14:21:59Z,2026-08-19
AGO,Angola,1960,150000,0,0,0,0,0,0,,0,unhcr_population,2025-12-31,2026-08-19T14:21:59Z,2026-08-19
AGO,Angola,1961,150000,0,0,0,0,0,0,,0,unhcr_population,2025-12-31,2026-08-19T14:21:59Z,2026-08-19
AGO,Angola,1962,170000,0,0,0,0,0,0,,0,unhcr_population,2025-12-31,2026-08-19T14:21:59Z,2026-08-19
AGO,Angola,1963,175000,0,0,0,0,0,0,,0,unhcr_population,2025-12-31,2026-08-19T14:21:59Z,2026-08-19
AGO,Angola,1964,200000,0,0,0,0,0,0,,0,unhcr_population,2025-12-31,2026-08-19T14:21:59Z,2026-08-19
AGO,Angola,1965,220000,0,0,0,0,0,0,,0,unhcr_population,2025-12-31,2026-08-19T14:21:59Z,2026-08-19
AGO,Angola,1966,303800,0,0,0,0,1100,0,,0,unhcr_population,2025-12-31,2026-08-19T14:21:59Z,2026-08-19
AGO,Angola,1967,356200,0,0,0,0,0,0,,0,unhcr_population,2025-12-31,2026-08-19T14:21:59Z,2026-08-19
AGO,Angola,1968,381360,0,0,0,0,100,0,,0,unhcr_population,2025-12-31,2026-08-19T14:21:59Z,2026-08-19
AGO,Angola,1969,408190,0,0,0,0,230,0,,0,unhcr_population,2025-12-31,2026-08-19T14:21:59Z,2026-08-19
AGO,Angola,1970,414120,0,0,0,0,0,0,,0,unhcr_population,2025-12-31,2026-08-19T14:21:59Z,2026-08-19
AGO,Angola,1971,419690,0,0,0,0,650,0,,0,unhcr_population,2025-12-31,2026-08-19T14:21:59Z,2026-08-19
AGO,Angola,1972,421500,0,0,0,0,0,0,,0,unhcr_population,2025-12-31,2026-08-19T14:21:59Z,2026-08-19
AGO,Angola,1973,426550,0,0,0,0,0,0,,0,unhcr_population,2025-12-31,2026-08-19T14:21:59Z,2026-08-19
AGO,Angola,1974,497390,0,0,0,0,0,0,,0,unhcr_population,2025-12-31,2026-08-19T14:21:59Z,2026-08-19
AGO,Angola,1975,501830,0,0,0,0,0,0,,0,unhcr_population,2025-12-31,2026-08-19T14:21:59Z,2026-08-19
AGO,Angola,1976,499190,0,0,0,0,0,0,,0,unhcr_population,2025-12-31,2026-08-19T14:21:59Z,2026-08-19
AGO,Angola,1977,529830,0,0,0,0,0,0,,0,unhcr_population,2025-12-31,2026-08-19T14:21:59Z,2026-08-19
AGO,Angola,1978,646110,0,0,0,0,33530,0,,0,unhcr_population,2025-12-31,2026-08-19T14:21:59Z,2026-08-19
AGO,Angola,1979,652980,0,0,0,0,51350,0,,0,unhcr_population,2025-12-31,2026-08-19T14:21:59Z,2026-08-19
AGO,Angola,1980,449030,0,0,0,0,200110,0,,0,unhcr_population,2025-12-31,2026-08-19T14:21:59Z,2026-08-19
AGO,Angola,1981,457060,0,0,0,0,0,0,,0,unhcr_population,2025-12-31,2026-08-19T14:21:59Z,2026-08-19
AGO,Angola,1982,465890,0,0,0,0,13370,0,,0,unhcr_population,2025-12-31,2026-08-19T14:21:59Z,2026-08-19
AGO,Angola,1983,298110,0,0,0,0,0,0,,0,unhcr_population,2025-12-31,2026-08-19T14:21:59Z,2026-08-19
AGO,Angola,1984,357821,0,0,0,0,1870,0,,0,unhcr_population,2025-12-31,2026-08-19T14:21:59Z,2026-08-19
AGO,Angola,1985,317392,0,0,0,0,630,0,,0,unhcr_population,2025-12-31,2026-08-19T14:21:59Z,2026-08-19
AGO,Angola,1986,355412,0,0,0,0,330,0,,0,unhcr_population,2025-12-31,2026-08-19T14:21:59Z,2026-08-19
AGO,Angola,1987,391733,0,0,0,0,420,0,,0,unhcr_population,2025-12-31,2026-08-19T14:21:59Z,2026-08-19
AGO,Angola,1988,407566,0,0,0,0,1340,0,,0,unhcr_population,2025-12-31,2026-08-19T14:21:59Z,2026-08-19
AGO,Angola,1989,408692,0,0,0,0,6230,0,,0,unhcr_population,2025-12-31,2026-08-19T14:21:59Z,2026-08-19
AGO,Angola,1990,407760,0,0,0,0,7000,0,,0,unhcr_population,2025-12-31,2026-08-19T14:21:59Z,2026-08-19
AGO,Angola,1991,381638,0,0,0,0,35280,0,,0,unhcr_population,2025-12-31,2026-08-19T14:21:59Z,2026-08-19
AGO,Angola,1992,300494,0,0,0,0,84780,0,,0,unhcr_population,2025-12-31,2026-08-19T14:21:59Z,2026-08-19
AGO,Angola,1993,323822,0,88000,0,0,1318,0,,0,unhcr_population,2025-12-31,2026-08-19T14:21:59Z,2026-08-19
AGO,Angola,1994,282570,0,303800,0,0,48,0,,0,unhcr_population,2025-12-31,2026-08-19T14:21:59Z,2026-08-19
AGO,Angola,1995,246653,0,0,0,0,13324,0,,0,unhcr_population,2025-12-31,2026-08-19T14:21:59Z,2026-08-19
AGO,Angola,1996,249686,0,0,0,0,546,0,,0,unhcr_population,2025-12-31,2026-08-19T14:21:59Z,2026-08-19
AGO,Angola,1997,267687,0,0,0,0,54009,0,,0,unhcr_population,2025-12-31,2026-08-19T14:21:59Z,2026-08-19
AGO,Angola,1998,319420,0,0,0,8,21788,0,,0,unhcr_population,2025-12-31,2026-08-19T14:21:59Z,2026-08-19
AGO,Angola,1999,353472,0,0,0,0,19950,0,,0,unhcr_population,2025-12-31,2026-08-19T14:21:59Z,2026-08-19
AGO,Angola,2000,433756,5489,257508,0,165,8536,0,,0,unhcr_population,2025-12-31,2026-08-19T14:21:59Z,2026-08-19
AGO,Angola,2001,470616,9848,202000,0,0,13129,0,,0,unhcr_population,2025-12-31,2026-08-19T14:21:59Z,2026-08-19
AGO,Angola,2002,435415,14272,188728,0,0,87548,13272,,0,unhcr_population,2025-12-31,2026-08-19T14:21:59Z,2026-08-19
AGO,Angola,2003,329573,11711,0,0,0,132973,0,,0,unhcr_population,2025-12-31,2026-08-19T14:21:59Z,2026-08-19
AGO,Angola,2004,228842,9540,0,0,0,90244,0,,0,unhcr_population,2025-12-31,2026-08-19T14:21:59Z,2026-08-19
AGO,Angola,2005,215811,8336,0,0,0,53768,0,,0,unhcr_population,2025-12-31,2026-08-19T14:21:59Z,2026-08-19
AGO,Angola,2006,206482,1577,0,0,0,47016,0,,0,unhcr_population,2025-12-31,2026-08-19T14:21:59Z,2026-08-19
AGO,Angola,2007,186137,788,0,0,0,12014,0,,0,unhcr_population,2025-12-31,2026-08-19T14:21:59Z,2026-08-19
AGO,Angola,2008,171374,734,0,0,0,13050,0,,0,unhcr_population,2025-12-31,2026-08-19T14:21:59Z,2026-08-19
AGO,Angola,2009,141006,696,0,0,14479,2444,0,,0,unhcr_population,2025-12-31,2026-08-19T14:21:59Z,2026-08-19
AGO,Angola,2010,134851,710,0,0,0,487,0,,0,unhcr_population,2025-12-31,2026-08-19T14:21:59Z,2026-08-19
AGO,Angola,2011,128657,773,0,0,0,3966,0,,0,unhcr_population,2025-12-31,2026-08-19T14:21:59Z,2026-08-19
AGO,Angola,2012,19253,1158,0,0,96398,19724,0,,0,unhcr_population,2025-12-31,2026-08-19T14:21:59Z,2026-08-19
AGO,Angola,2013,10274,1442,0,0,96786,1665,0,,0,unhcr_population,2025-12-31,2026-08-19T14:21:59Z,2026-08-19
AGO,Angola,2014,9468,1718,0,0,64201,14284,0,,0,unhcr_population,2025-12-31,2026-08-19T14:21:59Z,2026-08-19
AGO,Angola,2015,11855,3251,0,0,34965,4639,0,,0,unhcr_population,2025-12-31,2026-08-19T14:21:59Z,2026-08-19
AGO,Angola,2016,8388,4767,0,0,19957,0,0,,0,unhcr_population,2025-12-31,2026-08-19T14:21:59Z,2026-08-19
AGO,Angola,2017,8292,7819,0,0,17729,0,0,,0,unhcr_population,2025-12-31,2026-08-19T14:21:59Z,2026-08-19
AGO,Angola,2018,8243,8904,0,0,18020,0,0,,0,unhcr_population,2025-12-31,2026-08-19T14:21:59Z,2026-08-19
AGO,Angola,2019,8176,10772,0,0,18243,0,0,,0,unhcr_population,2025-12-31,2026-08-19T14:21:59Z,2026-08-19
AGO,Angola,2020,8196,12402,0,0,19041,0,0,,0,unhcr_population,2025-12-31,2026-08-19T14:21:59Z,2026-08-19
AGO,Angola,2021,11403,12692,0,0,19792,5,0,,0,unhcr_population,2025-12-31,2026-08-19T14:21:59Z,2026-08-19
AGO,Angola,2022,12021,16523,0,0,13315,17,0,,0,unhcr_population,2025-12-31,2026-08-19T14:21:59Z,2026-08-19
AGO,Angola,2023,11506,22824,0,0,13637,0,0,,0,unhcr_population,2025-12-31,2026-08-19T14:21:59Z,2026-08-19
AGO,Angola,2024,12545,21440,0,0,13920,22,0,,0,unhcr_population,2025-12-31,2026-08-19T14:21:59Z,2026-08-19
AGO,Angola,2025,13433,16983,0,0,14240,0,0,,0,unhcr_population,2025-12-31,2026-08-19T14:21:59Z,2026-08-19
AIA,Anguilla,2020,0,5,0,0,0,0,0,,0,unhcr_population,2025-12-31,2026-08-19T14:21:59Z,2026-08-19
AIA,Anguilla,2021,0,5,0,0,0,0,0,,0,unhcr_population,2025-12-31,2026-08-19T14:21:59Z,2026-08-19
AIA,Anguilla,2022,5,5,0,0,0,0,0,,0,unhcr_population,2025-12-31,2026-08-19T14:21:59Z,2026-08-19
AIA,Anguilla,2023,0,5,0,0,0,0,0,,0,unhcr_population,2025-12-31,2026-08-19T14:21:59Z,2026-08-19
AIA,Anguilla,2024,0,5,0,0,0,0,0,,0,unhcr_population,2025-12-31,2026-08-19T14:21:59Z,2026-08-19
AIA,Anguilla,2025,0,5,0,0,0,0,0,,0,unhcr_population,2025-12-31,2026-08-19T14:21:59Z,2026-08-19
ALB,Albania,1964,100,0,0,0,0,0,0,,0,unhcr_population,2025-12-31,2026-08-19T14:21:59Z,2026-08-19
ALB,Albania,1965,4860,0,0,0,0,0,0,,0,unhcr_population,2025-12-31,2026-08-19T14:21:59Z,2026-08-19
ALB,Albania,1966,4860,0,0,0,0,0,0,,0,unhcr_population,2025-12-31,2026-08-19T14:21:59Z,2026-08-19
ALB,Albania,1967,4260,0,0,0,0,0,0,,0,unhcr_population,2025-12-31,2026-08-19T14:21:59Z,2026-08-19
ALB,Albania,1968,4120,0,0,0,0,0,0,,0,unhcr_population,2025-12-31,2026-08-19T14:21:59Z,2026-08-19
ALB,Albania,1969,4290,0,0,0,0,0,0,,0,unhcr_population,2025-12-31,2026-08-19T14:21:59Z,2026-08-19
ALB,Albania,1970,4310,0,0,0,0,0,0,,0,unhcr_population,2025-12-31,2026-08-19T14:21:59Z,2026-08-19
ALB,Albania,1971,390,0,0,0,0,0,0,,0,unhcr_population,2025-12-31,2026-08-19T14:21:59Z,2026-08-19
ALB,Albania,1972,2300,0,0,0,0,0,0,,0,unhcr_population,2025-12-31,2026-08-19T14:21:59Z,2026-08-19
ALB,Albania,1973,2090,0,0,0,0,0,0,,0,unhcr_population,2025-12-31,2026-08-19T14:21:59Z,2026-08-19
ALB,Albania,1974,380,0,0,0,0,0,0,,0,unhcr_population,2025-12-31,2026-08-19T14:21:59Z,2026-08-19
ALB,Albania,1975,380,0,0,0,0,0,0,,0,unhcr_population,2025-12-31,2026-08-19T14:21:59Z,2026-08-19
ALB,Albania,1977,2000,0,0,0,0,0,0,,0,unhcr_population,2025-12-31,2026-08-19T14:21:59Z,2026-08-19
ALB,Albania,1978,1980,0,0,0,0,0,0,,0,unhcr_population,2025-12-31,2026-08-19T14:21:59Z,2026-08-19
ALB,Albania,1979,1610,0,0,0,0,0,0,,0,unhcr_population,2025-12-31,2026-08-19T14:21:59Z,2026-08-19
ALB,Albania,1980,1681,0,0,0,0,0,0,,0,unhcr_population,2025-12-31,2026-08-19T14:21:59Z,2026-08-19
ALB,Albania,1981,1680,0,0,0,0,0,0,,0,unhcr_population,2025-12-31,2026-08-19T14:21:59Z,2026-08-19
ALB,Albania,1982,1645,0,0,0,0,0,0,,0,unhcr_population,2025-12-31,2026-08-19T14:21:59Z,2026-08-19
ALB,Albania,1983,1610,0,0,0,0,0,0,,0,unhcr_population,2025-12-31,2026-08-19T14:21:59Z,2026-08-19
ALB,Albania,1984,1576,0,0,0,0,0,0,,0,unhcr_population,2025-12-31,2026-08-19T14:21:59Z,2026-08-19
ALB,Albania,1985,1587,0,0,0,0,0,0,,0,unhcr_population,2025-12-31,2026-08-19T14:21:59Z,2026-08-19
ALB,Albania,1986,90,0,0,0,0,0,0,,0,unhcr_population,2025-12-31,2026-08-19T14:21:59Z,2026-08-19
ALB,Albania,1987,129,0,0,0,0,0,0,,0,unhcr_population,2025-12-31,2026-08-19T14:21:59Z,2026-08-19
ALB,Albania,1988,358,0,0,0,0,0,0,,0,unhcr_population,2025-12-31,2026-08-19T14:21:59Z,2026-08-19
ALB,Albania,1989,367,0,0,0,0,0,0,,0,unhcr_population,2025-12-31,2026-08-19T14:21:59Z,2026-08-19
ALB,Albania,1990,1822,0,0,0,0,0,0,,0,unhcr_population,2025-12-31,2026-08-19T14:21:59Z,2026-08-19
ALB,Albania,1991,3542,0,0,0,0,220,0,,0,unhcr_population,2025-12-31,2026-08-19T14:21:59Z,2026-08-19
ALB,Albania,1992,4355,0,0,0,0,230,0,,0,unhcr_population,2025-12-31,2026-08-19T14:21:59Z,2026-08-19
ALB,Albania,1993,4747,0,0,0,0,0,0,,0,unhcr_population,2025-12-31,2026-08-19T14:21:59Z,2026-08-19
ALB,Albania,1994,5021,0,0,0,0,5,0,,0,unhcr_population,2025-12-31,2026-08-19T14:21:59Z,2026-08-19
ALB,Albania,1995,5804,0,0,0,0,0,0,,0,unhcr_population,2025-12-31,2026-08-19T14:21:59Z,2026-08-19
ALB,Albania,1996,5784,0,0,0,0,0,0,,0,unhcr_population,2025-12-31,2026-08-19T14:21:59Z,2026-08-19
ALB,Albania,1997,5381,0,0,0,0,0,0,,0,unhcr_population,2025-12-31,2026-08-19T14:21:59Z,2026-08-19
ALB,Albania,1998,5353,0,0,0,0,0,0,,0,unhcr_population,2025-12-31,2026-08-19T14:21:59Z,2026-08-19
ALB,Albania,1999,6286,0,0,0,0,0,0,,0,unhcr_population,2025-12-31,2026-08-19T14:21:59Z,2026-08-19
ALB,Albania,2000,6801,2817,0,0,0,0,0,,0,unhcr_population,2025-12-31,2026-08-19T14:21:59Z,2026-08-19
ALB,Albania,2001,7627,3974,0,0,0,0,0,,0,unhcr_population,2025-12-31,2026-08-19T14:21:59Z,2026-08-19
ALB,Albania,2002,10758,4986,0,0,0,5,0,,0,unhcr_population,2025-12-31,2026-08-19T14:21:59Z,2026-08-19
ALB,Albania,2003,10382,4526,0,0,0,0,0,,0,unhcr_population,2025-12-31,2026-08-19T14:21:59Z,2026-08-19
ALB,Albania,2004,10474,3319,0,0,0,0,0,,0,unhcr_population,2025-12-31,2026-08-19T14:21:59Z,2026-08-19
ALB,Albania,2005,12718,2572,0,0,0,0,0,,0,unhcr_population,2025-12-31,2026-08-19T14:21:59Z,2026-08-19
ALB,Albania,2006,14079,2279,0,0,0,9,0,,0,unhcr_population,2025-12-31,2026-08-19T14:21:59Z,2026-08-19
ALB,Albania,2007,15335,1645,0,0,0,0,0,,0,unhcr_population,2025-12-31,2026-08-19T14:21:59Z,2026-08-19
ALB,Albania,2008,15007,1814,0,0,0,0,0,,0,unhcr_population,2025-12-31,2026-08-19T14:21:59Z,2026-08-19
ALB,Albania,2009,15707,1586,0,0,0,0,0,,0,unhcr_population,2025-12-31,2026-08-19T14:21:59Z,2026-08-19
ALB,Albania,2010,14771,1350,0,0,36,0,0,,0,unhcr_population,2025-12-31,2026-08-19T14:21:59Z,2026-08-19
ALB,Albania,2011,13552,2193,0,0,613,0,0,,0,unhcr_population,2025-12-31,2026-08-19T14:21:59Z,2026-08-19
ALB,Albania,2012,12569,3722,0,0,783,0,0,,0,unhcr_population,2025-12-31,2026-08-19T14:21:59Z,2026-08-19
ALB,Albania,2013,10104,9771,0,0,1013,0,0,,0,unhcr_population,2025-12-31,2026-08-19T14:21:59Z,2026-08-19
ALB,Albania,2014,10156,15098,0,0,0,0,0,,0,unhcr_population,2025-12-31,2026-08-19T14:21:59Z,2026-08-19
ALB,Albania,2015,10404,42155,0,0,0,0,0,,0,unhcr_population,2025-12-31,2026-08-19T14:21:59Z,2026-08-19
ALB,Albania,2016,11060,23760,0,0,0,0,0,,0,unhcr_population,2025-12-31,2026-08-19T14:21:59Z,2026-08-19
ALB,Albania,2017,12168,18761,0,0,0,0,0,,0,unhcr_population,2025-12-31,2026-08-19T14:21:59Z,2026-08-19
ALB,Albania,2018,13512,21071,0,0,0,0,0,,0,unhcr_population,2025-12-31,2026-08-19T14:21:59Z,2026-08-19
ALB,Albania,2019,15027,19007,0,0,0,0,0,,0,unhcr_population,2025-12-31,2026-08-19T14:21:59Z,2026-08-19
ALB,Albania,2020,15523,17628,0,0,0,0,0,,0,unhcr_population,2025-12-31,2026-08-19T14:21:59Z,2026-08-19
ALB,Albania,2021,19847,22331,0,0,0,0,0,,0,unhcr_population,2025-12-31,2026-08-19T14:21:59Z,2026-08-19
ALB,Albania,2022,20865,34406,0,0,0,0,0,,0,unhcr_population,2025-12-31,2026-08-19T14:21:59Z,2026-08-19
ALB,Albania,2023,21919,17539,0,0,0,0,0,,0,unhcr_population,2025-12-31,2026-08-19T14:21:59Z,2026-08-19
ALB,Albania,2024,21875,11498,0,0,0,37,0,,0,unhcr_population,2025-12-31,2026-08-19T14:21:59Z,2026-08-19
ALB,Albania,2025,21447,7643,0,0,13,0,0,,0,unhcr_population,2025-12-31,2026-08-19T14:21:59Z,2026-08-19
AND,Andorra,2001,0,7,0,0,0,0,0,,0,unhcr_population,2025-12-31,2026-08-19T14:21:59Z,2026-08-19
AND,Andorra,2002,9,5,0,0,0,0,0,,0,unhcr_population,2025-12-31,2026-08-19T14:21:59Z,2026-08-19
AND,Andorra,2003,7,5,0,0,0,0,0,,0,unhcr_population,2025-12-31,2026-08-19T14:21:59Z,2026-08-19
AND,Andorra,2004,0,5,0,0,0,0,0,,0,unhcr_population,2025-12-31,2026-08-19T14:21:59Z,2026-08-19
AND,Andorra,2005,10,5,0,0,0,0,0,,0,unhcr_population,2025-12-31,2026-08-19T14:21:59Z,2026-08-19
AND,Andorra,2006,10,0,0,0,0,0,0,,0,unhcr_population,2025-12-31,2026-08-19T14:21:59Z,2026-08-19
AND,Andorra,2007,10,5,0,0,0,0,0,,0,unhcr_population,2025-12-31,2026-08-19T14:21:59Z,2026-08-19
AND,Andorra,2008,5,5,0,0,0,0,0,,0,unhcr_population,2025-12-31,2026-08-19T14:21:59Z,2026-08-19
AND,Andorra,2009,5,0,0,0,0,0,0,,0,unhcr_population,2025-12-31,2026-08-19T14:21:59Z,2026-08-19
AND,Andorra,2010,5,0,0,0,0,0,0,,0,unhcr_population,2025-12-31,2026-08-19T14:21:59Z,2026-08-19
AND,Andorra,2011,5,0,0,0,0,0,0,,0,unhcr_population,2025-12-31,2026-08-19T14:21:59Z,2026-08-19
AND,Andorra,2012,6,0,0,0,0,0,0,,0,unhcr_population,2025-12-31,2026-08-19T14:21:59Z,2026-08-19
AND,Andorra,2013,5,0,0,0,0,0,0,,0,unhcr_population,2025-12-31,2026-08-19T14:21:59Z,2026-08-19
AND,Andorra,2014,5,0,0,0,0,0,0,,0,unhcr_population,2025-12-31,2026-08-19T14:21:59Z,2026-08-19
AND,Andorra,2015,5,5,0,0,0,0,0,,0,unhcr_population,2025-12-31,2026-08-19T14:21:59Z,2026-08-19
AND,Andorra,2016,0,5,0,0,0,0,0,,0,unhcr_population,2025-12-31,2026-08-19T14:21:59Z,2026-08-19
AND,Andorra,2017,0,5,0,0,0,0,0,,0,unhcr_population,2025-12-31,2026-08-19T14:21:59Z,2026-08-19
AND,Andorra,2020,0,5,0,0,0,0,0,,0,unhcr_population,2025-12-31,2026-08-19T14:21:59Z,2026-08-19
AND,Andorra,2021,0,5,0,0,0,0,0,,0,unhcr_population,2025-12-31,2026-08-19T14:21:59Z,2026-08-19
AND,Andorra,2022,5,5,0,0,0,0,0,,0,unhcr_population,2025-12-31,2026-08-19T14:21:59Z,2026-08-19
AND,Andorra,2023,0,14,0,0,0,0,0,,0,unhcr_population,2025-12-31,2026-08-19T14:21:59Z,2026-08-19
AND,Andorra,2024,5,16,0,0,0,0,0,,0,unhcr_population,2025-12-31,2026-08-19T14:21:59Z,2026-08-19
AND,Andorra,2025,5,57,0,0,0,0,0,,0,unhcr_population,2025-12-31,2026-08-19T14:21:59Z,2026-08-19
ARE,United Arab Emirates,1998,5,0,0,0,0,0,0,,0,unhcr_population,2025-12-31,2026-08-19T14:21:59Z,2026-08-19
ARE,United Arab Emirates,1999,5,0,0,0,0,0,0,,0,unhcr_population,2025-12-31,2026-08-19T14:21:59Z,2026-08-19
ARE,United Arab Emirates,2000,17,8,0,0,0,0,0,,0,unhcr_population,2025-12-31,2026-08-19T14:21:59Z,2026-08-19
ARE,United Arab Emirates,2001,18,29,0,0,0,0,0,,0,unhcr_population,2025-12-31,2026-08-19T14:21:59Z,2026-08-19
ARE,United Arab Emirates,2002,29,36,0,0,0,0,0,,0,unhcr_population,2025-12-31,2026-08-19T14:21:59Z,2026-08-19
ARE,United Arab Emirates,2003,16,22,0,0,0,0,0,,0,unhcr_population,2025-12-31,2026-08-19T14:21:59Z,2026-08-19
ARE,United Arab Emirates,2004,69,5,0,0,0,0,0,,0,unhcr_population,2025-12-31,2026-08-19T14:21:59Z,2026-08-19
ARE,United Arab Emirates,2005,31,15,0,0,0,0,0,,0,unhcr_population,2025-12-31,2026-08-19T14:21:59Z,2026-08-19
ARE,United Arab Emirates,2006,260,10,0,0,0,0,0,,0,unhcr_population,2025-12-31,2026-08-19T14:21:59Z,2026-08-19
ARE,United Arab Emirates,2007,305,10,0,0,0,0,0,,0,unhcr_population,2025-12-31,2026-08-19T14:21:59Z,2026-08-19
ARE,United Arab Emirates,2008,255,8,0,0,0,0,0,,0,unhcr_population,2025-12-31,2026-08-19T14:21:59Z,2026-08-19
ARE,United Arab Emirates,2009,411,22,0,0,0,0,0,,0,unhcr_population,2025-12-31,2026-08-19T14:21:59Z,2026-08-19
ARE,United Arab Emirates,2010,418,24,0,0,0,0,0,,0,unhcr_population,2025-12-31,2026-08-19T14:21:59Z,2026-08-19
ARE,United Arab Emirates,2011,484,6,0,0,0,0,0,,0,unhcr_population,2025-12-31,2026-08-19T14:21:59Z,2026-08-19
ARE,United Arab Emirates,2012,580,13,0,0,0,0,0,,0,unhcr_population,2025-12-31,2026-08-19T14:21:59Z,2026-08-19
ARE,United Arab Emirates,2013,84,41,0,0,20,0,0,,0,unhcr_population,2025-12-31,2026-08-19T14:21:59Z,2026-08-19
ARE,United Arab Emirates,2014,84,68,0,0,0,0,0,,0,unhcr_population,2025-12-31,2026-08-19T14:21:59Z,2026-08-19
ARE,United Arab Emirates,2015,91,103,0,0,0,0,0,,0,unhcr_population,2025-12-31,2026-08-19T14:21:59Z,2026-08-19
ARE,United Arab Emirates,2016,103,160,0,0,0,0,0,,0,unhcr_population,2025-12-31,2026-08-19T14:21:59Z,2026-08-19
ARE,United Arab Emirates,2017,137,207,0,0,0,0,0,,0,unhcr_population,2025-12-31,2026-08-19T14:21:59Z,2026-08-19
ARE,United Arab Emirates,2018,169,272,0,0,0,0,0,,0,unhcr_population,2025-12-31,2026-08-19T14:21:59Z,2026-08-19
ARE,United Arab Emirates,2019,155,181,0,0,0,0,0,,0,unhcr_population,2025-12-31,2026-08-19T14:21:59Z,2026-08-19
ARE,United Arab Emirates,2020,181,181,0,0,0,0,0,,0,unhcr_population,2025-12-31,2026-08-19T14:21:59Z,2026-08-19
ARE,United Arab Emirates,2021,160,215,0,0,0,0,0,,0,unhcr_population,2025-12-31,2026-08-19T14:21:59Z,2026-08-19
ARE,United Arab Emirates,2022,199,594,0,0,0,0,0,,0,unhcr_population,2025-12-31,2026-08-19T14:21:59Z,2026-08-19
ARE,United Arab Emirates,2023,229,171,0,0,0,0,0,,0,unhcr_population,2025-12-31,2026-08-19T14:21:59Z,2026-08-19
ARE,United Arab Emirates,2024,261,159,0,0,0,0,0,,0,unhcr_population,2025-12-31,2026-08-19T14:21:59Z,2026-08-19
ARE,United Arab Emirates,2025,252,45,0,0,0,0,0,,0,unhcr_population,2025-12-31,2026-08-19T14:21:59Z,2026-08-19
ARG,Argentina,1980,38,0,0,0,0,0,0,,0,unhcr_population,2025-12-31,2026-08-19T14:21:59Z,2026-08-19
ARG,Argentina,1981,38,0,0,0,0,0,0,,0,unhcr_population,2025-12-31,2026-08-19T14:21:59Z,2026-08-19
ARG,Argentina,1982,1019,0,0,0,0,0,0,,0,unhcr_population,2025-12-31,2026-08-19T14:21:59Z,2026-08-19
ARG,Argentina,1983,42,0,0,0,0,150,0,,0,unhcr_population,2025-12-31,2026-08-19T14:21:59Z,2026-08-19
ARG,Argentina,1984,42,0,0,0,0,2230,0,,0,unhcr_population,2025-12-31,2026-08-19T14:21:59Z,2026-08-19
ARG,Argentina,1985,51,0,0,0,0,50,0,,0,unhcr_population,2025-12-31,2026-08-19T14:21:59Z,2026-08-19
ARG,Argentina,1986,52,0,0,0,0,0,0,,0,unhcr_population,2025-12-31,2026-08-19T14:21:59Z,2026-08-19
ARG,Argentina,1987,47,0,0,0,0,0,0,,0,unhcr_population,2025-12-31,2026-08-19T14:21:59Z,2026-08-19
ARG,Argentina,1988,46,0,0,0,0,0,0,,0,unhcr_population,2025-12-31,2026-08-19T14:21:59Z,2026-08-19
ARG,Argentina,1989,103,0,0,0,0,0,0,,0,unhcr_population,2025-12-31,2026-08-19T14:21:59Z,2026-08-19
ARG,Argentina,1990,332,0,0,0,0,0,0,,0,unhcr_population,2025-12-31,2026-08-19T14:21:59Z,2026-08-19
ARG,Argentina,1991,196,0,0,0,0,0,0,,0,unhcr_population,2025-12-31,2026-08-19T14:21:59Z,2026-08-19
ARG,Argentina,1992,111,0,0,0,0,0,0,,0,unhcr_population,2025-12-31,2026-08-19T14:21:59Z,2026-08-19
ARG,Argentina,1993,97,0,0,0,0,0,0,,0,unhcr_population,2025-12-31,2026-08-19T14:21:59Z,2026-08-19
ARG,Argentina,1994,467,0,0,0,0,0,0,,0,unhcr_population,2025-12-31,2026-08-19T14:21:59Z,2026-08-19
ARG,Argentina,1995,330,0,0,0,0,10,0,,0,unhcr_population,2025-12-31,2026-08-19T14:21:59Z,2026-08-19
ARG,Argentina,1996,218,0,0,0,0,0,0,,0,unhcr_population,2025-12-31,2026-08-19T14:21:59Z,2026-08-19
ARG,Argentina,1997,157,0,0,0,0,0,0,,0,unhcr_population,2025-12-31,2026-08-19T14:21:59Z,2026-08-19
ARG,Argentina,1998,140,0,0,0,0,0,0,,0,unhcr_population,2025-12-31,2026-08-19T14:21:59Z,2026-08-19
ARG,Argentina,1999,585,0,0,0,0,0,0,,0,unhcr_population,2025-12-31,2026-08-19T14:21:59Z,2026-08-19
ARG,Argentina,2000,608,1559,0,0,0,0,0,,0,unhcr_population,2025-12-31,2026-08-19T14:21:59Z,2026-08-19
ARG,Argentina,2001,660,1450,0,0,0,0,0,,0,unhcr_population,2025-12-31,2026-08-19T14:21:59Z,2026-08-19
ARG,Argentina,2002,764,1331,0,0,0,0,0,,0,unhcr_population,2025-12-31,2026-08-19T14:21:59Z,2026-08-19
ARG,Argentina,2003,777,1125,0,0,0,0,0,,0,unhcr_population,2025-12-31,2026-08-19T14:21:59Z,2026-08-19
ARG,Argentina,2004,789,500,0,0,0,5,0,,0,unhcr_population,2025-12-31,2026-08-19T14:21:59Z,2026-08-19
ARG,Argentina,2005,850,285,0,0,0,0,0,,0,unhcr_population,2025-12-31,2026-08-19T14:21:59Z,2026-08-19
ARG,Argentina,2006,888,176,0,0,0,0,0,,0,unhcr_population,2025-12-31,2026-08-19T14:21:59Z,2026-08-19
ARG,Argentina,2007,1164,117,0,0,0,0,0,,0,unhcr_population,2025-12-31,2026-08-19T14:21:59Z,2026-08-19
ARG,Argentina,2008,1039,139,0,0,0,0,0,,0,unhcr_population,2025-12-31,2026-08-19T14:21:59Z,2026-08-19
ARG,Argentina,2009,604,154,0,0,0,0,0,,0,unhcr_population,2025-12-31,2026-08-19T14:21:59Z,2026-08-19
ARG,Argentina,2010,553,84,0,0,0,0,0,,0,unhcr_population,2025-12-31,2026-08-19T14:21:59Z,2026-08-19
ARG,Argentina,2011,506,54,0,0,0,0,0,,0,unhcr_population,2025-12-31,2026-08-19T14:21:59Z,2026-08-19
ARG,Argentina,2012,435,41,0,0,0,0,0,,0,unhcr_population,2025-12-31,2026-08-19T14:21:59Z,2026-08-19
ARG,Argentina,2013,381,71,0,0,0,0,0,,0,unhcr_population,2025-12-31,2026-08-19T14:21:59Z,2026-08-19
ARG,Argentina,2014,311,102,0,0,0,0,0,,0,unhcr_population,2025-12-31,2026-08-19T14:21:59Z,2026-08-19
ARG,Argentina,2015,186,160,0,0,0,0,0,,0,unhcr_population,2025-12-31,2026-08-19T14:21:59Z,2026-08-19
ARG,Argentina,2016,120,219,0,0,0,0,0,,0,unhcr_population,2025-12-31,2026-08-19T14:21:59Z,2026-08-19
ARG,Argentina,2017,121,352,0,0,0,0,0,,0,unhcr_population,2025-12-31,2026-08-19T14:21:59Z,2026-08-19
ARG,Argentina,2018,112,489,0,0,0,0,0,,0,unhcr_population,2025-12-31,2026-08-19T14:21:59Z,2026-08-19
ARG,Argentina,2019,99,932,0,0,5,0,0,,0,unhcr_population,2025-12-31,2026-08-19T14:21:59Z,2026-08-19
ARG,Argentina,2020,99,1189,0,0,5,0,0,,0,unhcr_population,2025-12-31,2026-08-19T14:21:59Z,2026-08-19
ARG,Argentina,2021,124,1774,0,0,5,0,0,,0,unhcr_population,2025-12-31,2026-08-19T14:21:59Z,2026-08-19
ARG,Argentina,2022,194,2271,0,0,5,0,0,,0,unhcr_population,2025-12-31,2026-08-19T14:21:59Z,2026-08-19
ARG,Argentina,2023,300,4388,0,0,5,0,0,,0,unhcr_population,2025-12-31,2026-08-19T14:21:59Z,2026-08-19
ARG,Argentina,2024,464,6189,0,0,5,0,0,,0,unhcr_population,2025-12-31,2026-08-19T14:21:59Z,2026-08-19
ARG,Argentina,2025,542,4621,0,0,0,0,0,,0,unhcr_population,2025-12-31,2026-08-19T14:21:59Z,2026-08-19
ARM,Armenia,1964,170,0,0,0,0,0,0,,0,unhcr_population,2025-12-31,2026-08-19T14:21:59Z,2026-08-19
ARM,Armenia,1968,200,0,0,0,0,0,0,,0,unhcr_population,2025-12-31,2026-08-19T14:21:59Z,2026-08-19
ARM,Armenia,1969,200,0,0,0,0,0,0,,0,unhcr_population,2025-12-31,2026-08-19T14:21:59Z,2026-08-19
ARM,Armenia,1970,200,0,0,0,0,0,0,,0,unhcr_population,2025-12-31,2026-08-19T14:21:59Z,2026-08-19
ARM,Armenia,1971,4070,0,0,0,0,0,0,,0,unhcr_population,2025-12-31,2026-08-19T14:21:59Z,2026-08-19
ARM,Armenia,1972,3500,0,0,0,0,0,0,,0,unhcr_population,2025-12-31,2026-08-19T14:21:59Z,2026-08-19
ARM,Armenia,1977,440,0,0,0,0,0,0,,0,unhcr_population,2025-12-31,2026-08-19T14:21:59Z,2026-08-19
ARM,Armenia,1978,420,0,0,0,0,0,0,,0,unhcr_population,2025-12-31,2026-08-19T14:21:59Z,2026-08-19
ARM,Armenia,1979,700,0,0,0,0,0,0,,0,unhcr_population,2025-12-31,2026-08-19T14:21:59Z,2026-08-19
ARM,Armenia,1980,333,0,0,0,0,0,0,,0,unhcr_population,2025-12-31,2026-08-19T14:21:59Z,2026-08-19
ARM,Armenia,1981,333,0,0,0,0,0,0,,0,unhcr_population,2025-12-31,2026-08-19T14:21:59Z,2026-08-19
ARM,Armenia,1982,733,0,0,0,0,0,0,,0,unhcr_population,2025-12-31,2026-08-19T14:21:59Z,2026-08-19
ARM,Armenia,1983,333,0,0,0,0,0,0,,0,unhcr_population,2025-12-31,2026-08-19T14:21:59Z,2026-08-19
ARM,Armenia,1984,333,0,0,0,0,0,0,,0,unhcr_population,2025-12-31,2026-08-19T14:21:59Z,2026-08-19
ARM,Armenia,1985,333,0,0,0,0,0,0,,0,unhcr_population,2025-12-31,2026-08-19T14:21:59Z,2026-08-19
ARM,Armenia,1986,528,0,0,0,0,0,0,,0,unhcr_population,2025-12-31,2026-08-19T14:21:59Z,2026-08-19
ARM,Armenia,1987,208,0,0,0,0,0,0,,0,unhcr_population,2025-12-31,2026-08-19T14:21:59Z,2026-08-19
ARM,Armenia,1988,300,0,0,0,0,0,0,,0,unhcr_population,2025-12-31,2026-08-19T14:21:59Z,2026-08-19
ARM,Armenia,1992,195000,0,0,0,0,0,0,,0,unhcr_population,2025-12-31,2026-08-19T14:21:59Z,2026-08-19
ARM,Armenia,1993,200116,0,77000,0,0,0,0,,0,unhcr_population,2025-12-31,2026-08-19T14:21:59Z,2026-08-19
ARM,Armenia,1994,201837,0,72000,0,0,0,0,,0,unhcr_population,2025-12-31,2026-08-19T14:21:59Z,2026-08-19
ARM,Armenia,1995,201439,0,72000,0,0,0,0,,0,unhcr_population,2025-12-31,2026-08-19T14:21:59Z,2026-08-19
ARM,Armenia,1996,203232,0,72000,0,0,14,0,,0,unhcr_population,2025-12-31,2026-08-19T14:21:59Z,2026-08-19
ARM,Armenia,1997,203690,0,72000,0,0,0,0,,0,unhcr_population,2025-12-31,2026-08-19T14:21:59Z,2026-08-19
ARM,Armenia,1998,193147,0,0,0,426,5,0,,0,unhcr_population,2025-12-31,2026-08-19T14:21:59Z,2026-08-19
ARM,Armenia,1999,193228,0,0,0,0,0,0,,0,unhcr_population,2025-12-31,2026-08-19T14:21:59Z,2026-08-19
ARM,Armenia,2000,5787,5228,0,0,0,0,0,,0,unhcr_population,2025-12-31,2026-08-19T14:21:59Z,2026-08-19
ARM,Armenia,2001,7206,6087,0,0,0,0,0,,0,unhcr_population,2025-12-31,2026-08-19T14:21:59Z,2026-08-19
ARM,Armenia,2002,13244,5667,0,0,0,0,0,,0,unhcr_population,2025-12-31,2026-08-19T14:21:59Z,2026-08-19
ARM,Armenia,2003,13158,4965,0,0,0,0,0,,0,unhcr_population,2025-12-31,2026-08-19T14:21:59Z,2026-08-19
ARM,Armenia,2004,13409,4044,0,0,0,0,0,,0,unhcr_population,2025-12-31,2026-08-19T14:21:59Z,2026-08-19
ARM,Armenia,2005,13965,4339,0,0,0,0,0,,0,unhcr_population,2025-12-31,2026-08-19T14:21:59Z,2026-08-19
ARM,Armenia,2006,14913,5401,0,0,0,0,0,,0,unhcr_population,2025-12-31,2026-08-19T14:21:59Z,2026-08-19
ARM,Armenia,2007,15435,3985,0,0,0,0,0,,0,unhcr_population,2025-12-31,2026-08-19T14:21:59Z,2026-08-19
ARM,Armenia,2008,16333,3764,0,0,0,0,0,,0,unhcr_population,2025-12-31,2026-08-19T14:21:59Z,2026-08-19
ARM,Armenia,2009,18004,4085,0,0,82231,0,0,,0,unhcr_population,2025-12-31,2026-08-19T14:21:59Z,2026-08-19
ARM,Armenia,2010,17553,2947,0,0,82519,0,0,,0,unhcr_population,2025-12-31,2026-08-19T14:21:59Z,2026-08-19
ARM,Armenia,2011,16491,2652,0,0,82938,0,0,,0,unhcr_population,2025-12-31,2026-08-19T14:21:59Z,2026-08-19
ARM,Armenia,2012,15937,2888,0,0,0,0,0,,0,unhcr_population,2025-12-31,2026-08-19T14:21:59Z,2026-08-19
ARM,Armenia,2013,11995,5363,0,0,11,0,0,,0,unhcr_population,2025-12-31,2026-08-19T14:21:59Z,2026-08-19
ARM,Armenia,2014,11839,6287,0,0,13,5,0,,0,unhcr_population,2025-12-31,2026-08-19T14:21:59Z,2026-08-19
ARM,Armenia,2015,11211,8491,0,0,14,0,0,,0,unhcr_population,2025-12-31,2026-08-19T14:21:59Z,2026-08-19
ARM,Armenia,2016,10707,13092,0,0,12,0,0,,0,unhcr_population,2025-12-31,2026-08-19T14:21:59Z,2026-08-19
ARM,Armenia,2017,10786,14907,0,0,8,0,0,,0,unhcr_population,2025-12-31,2026-08-19T14:21:59Z,2026-08-19
ARM,Armenia,2018,11040,13697,0,0,5,0,0,,0,unhcr_population,2025-12-31,2026-08-19T14:21:59Z,2026-08-19
ARM,Armenia,2019,10962,11097,0,0,5,0,0,,0,unhcr_population,2025-12-31,2026-08-19T14:21:59Z,2026-08-19
ARM,Armenia,2020,10334,8850,0,0,0,0,0,,0,unhcr_population,2025-12-31,2026-08-19T14:21:59Z,2026-08-19
ARM,Armenia,2021,12255,9291,0,0,0,0,0,,0,unhcr_population,2025-12-31,2026-08-19T14:21:59Z,2026-08-19
ARM,Armenia,2022,14868,13474,0,0,5,0,0,,0,unhcr_population,2025-12-31,2026-08-19T14:21:59Z,2026-08-19
ARM,Armenia,2023,15072,18378,0,0,8,0,0,,0,unhcr_population,2025-12-31,2026-08-19T14:21:59Z,2026-08-19
ARM,Armenia,2024,15933,20459,0,0,7,18,0,,0,unhcr_population,2025-12-31,2026-08-19T14:21:59Z,2026-08-19
ARM,Armenia,2025,15578,14216,0,0,25,5,0,,0,unhcr_population,2025-12-31,2026-08-19T14:21:59Z,2026-08-19
ATG,Antigua and Barbuda,2000,0,6,0,0,0,0,0,,0,unhcr_population,2025-12-31,2026-08-19T14:21:59Z,2026-08-19
ATG,Antigua and Barbuda,2001,5,6,0,0,0,0,0,,0,unhcr_population,2025-12-31,2026-08-19T14:21:59Z,2026-08-19
ATG,Antigua and Barbuda,2002,5,41,0,0,0,0,0,,0,unhcr_population,2025-12-31,2026-08-19T14:21:59Z,2026-08-19
ATG,Antigua and Barbuda,2003,5,22,0,0,0,0,0,,0,unhcr_population,2025-12-31,2026-08-19T14:21:59Z,2026-08-19
ATG,Antigua and Barbuda,2004,13,13,0,0,0,0,0,,0,unhcr_population,2025-12-31,2026-08-19T14:21:59Z,2026-08-19
ATG,Antigua and Barbuda,2005,13,7,0,0,0,0,0,,0,unhcr_population,2025-12-31,2026-08-19T14:21:59Z,2026-08-19
ATG,Antigua and Barbuda,2006,18,8,0,0,0,0,0,,0,unhcr_population,2025-12-31,2026-08-19T14:21:59Z,2026-08-19
ATG,Antigua and Barbuda,2007,24,0,0,0,0,0,0,,0,unhcr_population,2025-12-31,2026-08-19T14:21:59Z,2026-08-19
ATG,Antigua and Barbuda,2008,25,25,0,0,0,0,0,,0,unhcr_population,2025-12-31,2026-08-19T14:21:59Z,2026-08-19
ATG,Antigua and Barbuda,2009,27,41,0,0,0,0,0,,0,unhcr_population,2025-12-31,2026-08-19T14:21:59Z,2026-08-19
ATG,Antigua and Barbuda,2010,28,32,0,0,0,0,0,,0,unhcr_population,2025-12-31,2026-08-19T14:21:59Z,2026-08-19
ATG,Antigua and Barbuda,2011,32,32,0,0,0,0,0,,0,unhcr_population,2025-12-31,2026-08-19T14:21:59Z,2026-08-19
ATG,Antigua and Barbuda,2012,45,35,0,0,0,0,0,,0,unhcr_population,2025-12-31,2026-08-19T14:21:59Z,2026-08-19
ATG,Antigua and Barbuda,2013,50,28,0,0,0,0,0,,0,unhcr_population,2025-12-31,2026-08-19T14:21:59Z,2026-08-19
ATG,Antigua and Barbuda,2014,53,15,0,0,0,0,0,,0,unhcr_population,2025-12-31,2026-08-19T14:21:59Z,2026-08-19
ATG,Antigua and Barbuda,2015,56,12,0,0,0,0,0,,0,unhcr_population,2025-12-31,2026-08-19T14:21:59Z,2026-08-19
ATG,Antigua and Barbuda,2016,82,30,0,0,0,0,0,,0,unhcr_population,2025-12-31,2026-08-19T14:21:59Z,2026-08-19
ATG,Antigua and Barbuda,2017,99,63,0,0,0,0,0,,0,unhcr_population,2025-12-31,2026-08-19T14:21:59Z,2026-08-19
ATG,Antigua and Barbuda,2018,107,47,0,0,0,0,0,,0,unhcr_population,2025-12-31,2026-08-19T14:21:59Z,2026-08-19
ATG,Antigua and Barbuda,2019,117,65,0,0,0,0,0,,0,unhcr_population,2025-12-31,2026-08-19T14:21:59Z,2026-08-19
ATG,Antigua and Barbuda,2020,108,51,0,0,0,0,0,,0,unhcr_population,2025-12-31,2026-08-19T14:21:59Z,2026-08-19
ATG,Antigua and Barbuda,2021,105,55,0,0,0,0,0,,0,unhcr_population,2025-12-31,2026-08-19T14:21:59Z,2026-08-19
ATG,Antigua and Barbuda,2022,58,58,0,0,0,0,0,,0,unhcr_population,2025-12-31,2026-08-19T14:21:59Z,2026-08-19
ATG,Antigua and Barbuda,2023,67,51,0,0,0,0,0,,0,unhcr_population,2025-12-31,2026-08-19T14:21:59Z,2026-08-19
ATG,Antigua and Barbuda,2024,91,80,0,0,0,0,0,,0,unhcr_population,2025-12-31,2026-08-19T14:21:59Z,2026-08-19
ATG,Antigua and Barbuda,2025,97,39,0,0,0,0,0,,0,unhcr_population,2025-12-31,2026-08-19T14:21:59Z,2026-08-19
AUS,Australia,2000,0,5,0,0,0,0,0,,0,unhcr_population,2025-12-31,2026-08-19T14:21:59Z,2026-08-19
AUS,Australia,2001,0,10,0,0,0,0,0,,0,unhcr_population,2025-12-31,2026-08-19T14:21:59Z,2026-08-19
AUS,Australia,2002,9,14,0,0,0,0,0,,0,unhcr_population,2025-12-31,2026-08-19T14:21:59Z,2026-08-19
AUS,Australia,2003,12,5,0,0,0,0,0,,0,unhcr_population,2025-12-31,2026-08-19T14:21:59Z,2026-08-19
AUS,Australia,2004,11,7,0,0,0,0,0,,0,unhcr_population,2025-12-31,2026-08-19T14:21:59Z,2026-08-19
AUS,Australia,2005,41,0,0,0,0,0,0,,0,unhcr_population,2025-12-31,2026-08-19T14:21:59Z,2026-08-19
AUS,Australia,2006,29,5,0,0,0,0,0,,0,unhcr_population,2025-12-31,2026-08-19T14:21:59Z,2026-08-19
AUS,Australia,2007,57,0,0,0,0,0,0,,0,unhcr_population,2025-12-31,2026-08-19T14:21:59Z,2026-08-19
AUS,Australia,2008,37,9,0,0,0,0,0,,0,unhcr_population,2025-12-31,2026-08-19T14:21:59Z,2026-08-19
AUS,Australia,2009,23,9,0,0,0,0,0,,0,unhcr_population,2025-12-31,2026-08-19T14:21:59Z,2026-08-19
AUS,Australia,2010,38,10,0,0,0,0,0,,0,unhcr_population,2025-12-31,2026-08-19T14:21:59Z,2026-08-19
AUS,Australia,2011,38,5,0,0,0,0,0,,0,unhcr_population,2025-12-31,2026-08-19T14:21:59Z,2026-08-19
AUS,Australia,2012,47,5,0,0,0,0,0,,0,unhcr_population,2025-12-31,2026-08-19T14:21:59Z,2026-08-19
AUS,Australia,2013,27,5,0,0,0,0,0,,0,unhcr_population,2025-12-31,2026-08-19T14:21:59Z,2026-08-19
AUS,Australia,2014,27,0,0,0,0,0,0,,0,unhcr_population,2025-12-31,2026-08-19T14:21:59Z,2026-08-19
AUS,Australia,2015,21,0,0,0,0,0,0,,0,unhcr_population,2025-12-31,2026-08-19T14:21:59Z,2026-08-19
AUS,Australia,2016,15,10,0,0,0,0,0,,0,unhcr_population,2025-12-31,2026-08-19T14:21:59Z,2026-08-19
AUS,Australia,2017,10,10,0,0,0,0,0,,0,unhcr_population,2025-12-31,2026-08-19T14:21:59Z,2026-08-19
AUS,Australia,2018,10,17,0,0,0,0,0,,0,unhcr_population,2025-12-31,2026-08-19T14:21:59Z,2026-08-19
AUS,Australia,2019,20,50,0,0,0,0,0,,0,unhcr_population,2025-12-31,2026-08-19T14:21:59Z,2026-08-19
AUS,Australia,2020,20,12,0,0,0,0,0,,0,unhcr_population,2025-12-31,2026-08-19T14:21:59Z,2026-08-19
AUS,Australia,2021,16,21,0,0,0,0,0,,0,unhcr_population,2025-12-31,2026-08-19T14:21:59Z,2026-08-19
AUS,Australia,2022,36,25,0,0,0,0,0,,0,unhcr_population,2025-12-31,2026-08-19T14:21:59Z,2026-08-19
AUS,Australia,2023,29,68,0,0,0,0,0,,0,unhcr_population,2025-12-31,2026-08-19T14:21:59Z,2026-08-19
AUS,Australia,2024,31,83,0,0,0,0,0,,0,unhcr_population,2025-12-31,2026-08-19T14:21:59Z,2026-08-19
AUS,Australia,2025,41,31,0,0,0,0,0,,0,unhcr_population,2025-12-31,2026-08-19T14:21:59Z,2026-08-19
AUT,Austria,1994,60,0,0,0,0,0,0,,0,unhcr_population,2025-12-31,2026-08-19T14:21:59Z,2026-08-19
AUT,Austria,1995,49,0,0,0,0,0,0,,0,unhcr_population,2025-12-31,2026-08-19T14:21:59Z,2026-08-19
AUT,Austria,1996,53,0,0,0,0,0,0,,0,unhcr_population,2025-12-31,2026-08-19T14:21:59Z,2026-08-19
AUT,Austria,1997,54,0,0,0,0,0,0,,0,unhcr_population,2025-12-31,2026-08-19T14:21:59Z,2026-08-19
AUT,Austria,1998,63,0,0,0,0,0,0,,0,unhcr_population,2025-12-31,2026-08-19T14:21:59Z,2026-08-19
AUT,Austria,1999,47,0,0,0,0,0,0,,0,unhcr_population,2025-12-31,2026-08-19T14:21:59Z,2026-08-19
AUT,Austria,2000,33,0,0,0,0,0,0,,0,unhcr_population,2025-12-31,2026-08-19T14:21:59Z,2026-08-19
AUT,Austria,2001,27,5,0,0,0,0,0,,0,unhcr_population,2025-12-31,2026-08-19T14:21:59Z,2026-08-19
AUT,Austria,2002,72,10,0,0,0,0,0,,0,unhcr_population,2025-12-31,2026-08-19T14:21:59Z,2026-08-19
AUT,Austria,2003,68,11,0,0,0,0,0,,0,unhcr_population,2025-12-31,2026-08-19T14:21:59Z,2026-08-19
AUT,Austria,2004,44,5,0,0,0,0,0,,0,unhcr_population,2025-12-31,2026-08-19T14:21:59Z,2026-08-19
AUT,Austria,2005,62,0,0,0,0,0,0,,0,unhcr_population,2025-12-31,2026-08-19T14:21:59Z,2026-08-19
AUT,Austria,2006,30,16,0,0,0,0,0,,0,unhcr_population,2025-12-31,2026-08-19T14:21:59Z,2026-08-19
AUT,Austria,2007,19,5,0,0,0,0,0,,0,unhcr_population,2025-12-31,2026-08-19T14:21:59Z,2026-08-19
AUT,Austria,2008,15,0,0,0,0,0,0,,0,unhcr_population,2025-12-31,2026-08-19T14:21:59Z,2026-08-19
AUT,Austria,2009,15,0,0,0,0,0,0,,0,unhcr_population,2025-12-31,2026-08-19T14:21:59Z,2026-08-19
AUT,Austria,2010,10,0,0,0,0,0,0,,0,unhcr_population,2025-12-31,2026-08-19T14:21:59Z,2026-08-19
AUT,Austria,2011,10,0,0,0,0,0,0,,0,unhcr_population,2025-12-31,2026-08-19T14:21:59Z,2026-08-19
AUT,Austria,2012,15,5,0,0,0,0,0,,0,unhcr_population,2025-12-31,2026-08-19T14:21:59Z,2026-08-19
AUT,Austria,2013,5,10,0,0,0,0,0,,0,unhcr_population,2025-12-31,2026-08-19T14:21:59Z,2026-08-19
AUT,Austria,2014,5,0,0,0,0,0,0,,0,unhcr_population,2025-12-31,2026-08-19T14:21:59Z,2026-08-19
AUT,Austria,2015,0,5,0,0,0,0,0,,0,unhcr_population,2025-12-31,2026-08-19T14:21:59Z,2026-08-19
AUT,Austria,2016,0,5,0,0,0,0,0,,0,unhcr_population,2025-12-31,2026-08-19T14:21:59Z,2026-08-19
AUT,Austria,2017,10,26,0,0,0,0,0,,0,unhcr_population,2025-12-31,2026-08-19T14:21:59Z,2026-08-19
AUT,Austria,2018,24,10,0,0,0,0,0,,0,unhcr_population,2025-12-31,2026-08-19T14:21:59Z,2026-08-19
AUT,Austria,2019,18,10,0,0,0,0,0,,0,unhcr_population,2025-12-31,2026-08-19T14:21:59Z,2026-08-19
AUT,Austria,2020,18,0,0,0,0,0,0,,0,unhcr_population,2025-12-31,2026-08-19T14:21:59Z,2026-08-19
AUT,Austria,2021,23,5,0,0,0,0,0,,0,unhcr_population,2025-12-31,2026-08-19T14:21:59Z,2026-08-19
AUT,Austria,2022,41,17,0,0,0,0,0,,0,unhcr_population,2025-12-31,2026-08-19T14:21:59Z,2026-08-19
AUT,Austria,2023,23,30,0,0,0,0,0,,0,unhcr_population,2025-12-31,2026-08-19T14:21:59Z,2026-08-19
AUT,Austria,2024,33,40,0,0,0,0,0,,0,unhcr_population,2025-12-31,2026-08-19T14:21:59Z,2026-08-19
AUT,Austria,2025,33,16,0,0,0,0,0,,0,unhcr_population,2025-12-31,2026-08-19T14:21:59Z,2026-08-19
AZE,Azerbaijan,1992,300000,0,0,0,0,0,0,,0,unhcr_population,2025-12-31,2026-08-19T14:21:59Z,2026-08-19
AZE,Azerbaijan,1993,328005,0,778000,0,0,0,0,,0,unhcr_population,2025-12-31,2026-08-19T14:21:59Z,2026-08-19
AZE,Azerbaijan,1994,299092,0,663100,0,0,29000,0,,0,unhcr_population,2025-12-31,2026-08-19T14:21:59Z,2026-08-19
AZE,Azerbaijan,1995,200519,0,622100,0,0,39000,0,,0,unhcr_population,2025-12-31,2026-08-19T14:21:59Z,2026-08-19
AZE,Azerbaijan,1996,236086,0,549030,0,0,10,0,,0,unhcr_population,2025-12-31,2026-08-19T14:21:59Z,2026-08-19
AZE,Azerbaijan,1997,234949,0,551077,0,0,0,0,,0,unhcr_population,2025-12-31,2026-08-19T14:21:59Z,2026-08-19
AZE,Azerbaijan,1998,329655,0,576321,0,618,0,0,,0,unhcr_population,2025-12-31,2026-08-19T14:21:59Z,2026-08-19
AZE,Azerbaijan,1999,311131,0,569550,0,0,38,0,,0,unhcr_population,2025-12-31,2026-08-19T14:21:59Z,2026-08-19
AZE,Azerbaijan,2000,284278,5282,572451,0,0,27,0,,0,unhcr_population,2025-12-31,2026-08-19T14:21:59Z,2026-08-19
AZE,Azerbaijan,2001,268755,5740,572955,0,0,17,0,,0,unhcr_population,2025-12-31,2026-08-19T14:21:59Z,2026-08-19
AZE,Azerbaijan,2002,260217,4986,577179,0,0,0,0,,0,unhcr_population,2025-12-31,2026-08-19T14:21:59Z,2026-08-19
AZE,Azerbaijan,2003,253248,4633,575609,0,0,0,0,,0,unhcr_population,2025-12-31,2026-08-19T14:21:59Z,2026-08-19
AZE,Azerbaijan,2004,250584,3951,578545,0,0,0,0,,0,unhcr_population,2025-12-31,2026-08-19T14:21:59Z,2026-08-19
AZE,Azerbaijan,2005,233678,4121,578545,0,0,0,0,,0,unhcr_population,2025-12-31,2026-08-19T14:21:59Z,2026-08-19
AZE,Azerbaijan,2006,126068,3095,686586,0,0,0,0,,0,unhcr_population,2025-12-31,2026-08-19T14:21:59Z,2026-08-19
AZE,Azerbaijan,2007,15922,1903,686586,0,0,0,0,,0,unhcr_population,2025-12-31,2026-08-19T14:21:59Z,2026-08-19
AZE,Azerbaijan,2008,16321,1876,603251,0,0,0,0,,0,unhcr_population,2025-12-31,2026-08-19T14:21:59Z,2026-08-19
AZE,Azerbaijan,2009,16945,2465,586013,0,0,0,0,,0,unhcr_population,2025-12-31,2026-08-19T14:21:59Z,2026-08-19
AZE,Azerbaijan,2010,16756,2072,592860,0,0,0,0,,0,unhcr_population,2025-12-31,2026-08-19T14:21:59Z,2026-08-19
AZE,Azerbaijan,2011,16168,2188,599192,0,0,0,0,,0,unhcr_population,2025-12-31,2026-08-19T14:21:59Z,2026-08-19
AZE,Azerbaijan,2012,15541,2187,600336,0,0,0,0,,0,unhcr_population,2025-12-31,2026-08-19T14:21:59Z,2026-08-19
AZE,Azerbaijan,2013,10808,3613,609029,0,0,0,0,,0,unhcr_population,2025-12-31,2026-08-19T14:21:59Z,2026-08-19
AZE,Azerbaijan,2014,10508,4391,622892,0,0,0,0,,0,unhcr_population,2025-12-31,2026-08-19T14:21:59Z,2026-08-19
AZE,Azerbaijan,2015,9707,5212,618220,0,0,0,0,,0,unhcr_population,2025-12-31,2026-08-19T14:21:59Z,2026-08-19
AZE,Azerbaijan,2016,10118,8098,613129,0,0,0,0,,0,unhcr_population,2025-12-31,2026-08-19T14:21:59Z,2026-08-19
AZE,Azerbaijan,2017,10893,9541,612785,0,0,0,0,,0,unhcr_population,2025-12-31,2026-08-19T14:21:59Z,2026-08-19
AZE,Azerbaijan,2018,11246,9318,620423,0,0,0,0,,0,unhcr_population,2025-12-31,2026-08-19T14:21:59Z,2026-08-19
AZE,Azerbaijan,2019,11626,8232,652326,0,0,0,0,,0,unhcr_population,2025-12-31,2026-08-19T14:21:59Z,2026-08-19
AZE,Azerbaijan,2020,101468,6425,653921,0,0,0,0,,0,unhcr_population,2025-12-31,2026-08-19T14:21:59Z,2026-08-19
AZE,Azerbaijan,2021,39478,5235,654839,0,0,0,0,,0,unhcr_population,2025-12-31,2026-08-19T14:21:59Z,2026-08-19
AZE,Azerbaijan,2022,42116,5726,658793,0,0,0,0,,0,unhcr_population,2025-12-31,2026-08-19T14:21:59Z,2026-08-19
AZE,Azerbaijan,2023,158098,6777,657749,0,0,0,0,,0,unhcr_population,2025-12-31,2026-08-19T14:21:59Z,2026-08-19
AZE,Azerbaijan,2024,153154,7626,655212,0,0,71,0,,0,unhcr_population,2025-12-31,2026-08-19T14:21:59Z,2026-08-19
AZE,Azerbaijan,2025,130983,6242,657155,0,107,0,0,,0,unhcr_population,2025-12-31,2026-08-19T14:21:59Z,2026-08-19
BDI,Burundi,1965,3000,0,0,0,0,1000,0,,0,unhcr_population,2025-12-31,2026-08-19T14:21:59Z,2026-08-19
BDI,Burundi,1966,250,0,0,0,0,0,0,,0,unhcr_population,2025-12-31,2026-08-19T14:21:59Z,2026-08-19
BDI,Burundi,1972,129000,0,0,0,0,0,0,,0,unhcr_population,2025-12-31,2026-08-19T14:21:59Z,2026-08-19
BDI,Burundi,1973,131895,0,0,0,0,0,0,,0,unhcr_population,2025-12-31,2026-08-19T14:21:59Z,2026-08-19
BDI,Burundi,1974,120880,0,0,0,0,0,0,,0,unhcr_population,2025-12-31,2026-08-19T14:21:59Z,2026-08-19
BDI,Burundi,1975,141940,0,0,0,0,0,0,,0,unhcr_population,2025-12-31,2026-08-19T14:21:59Z,2026-08-19
BDI,Burundi,1976,152320,0,0,0,0,0,0,,0,unhcr_population,2025-12-31,2026-08-19T14:21:59Z,2026-08-19
BDI,Burundi,1977,153550,0,0,0,0,0,0,,0,unhcr_population,2025-12-31,2026-08-19T14:21:59Z,2026-08-19
BDI,Burundi,1978,148180,0,0,0,0,400,0,,0,unhcr_population,2025-12-31,2026-08-19T14:21:59Z,2026-08-19
BDI,Burundi,1979,151680,0,0,0,0,0,0,,0,unhcr_population,2025-12-31,2026-08-19T14:21:59Z,2026-08-19
BDI,Burundi,1980,169770,0,0,0,0,310,0,,0,unhcr_population,2025-12-31,2026-08-19T14:21:59Z,2026-08-19
BDI,Burundi,1981,182950,0,0,0,0,50,0,,0,unhcr_population,2025-12-31,2026-08-19T14:21:59Z,2026-08-19
BDI,Burundi,1982,176270,0,0,0,0,0,0,,0,unhcr_population,2025-12-31,2026-08-19T14:21:59Z,2026-08-19
BDI,Burundi,1983,176550,0,0,0,0,130,0,,0,unhcr_population,2025-12-31,2026-08-19T14:21:59Z,2026-08-19
BDI,Burundi,1984,182910,0,0,0,0,50,0,,0,unhcr_population,2025-12-31,2026-08-19T14:21:59Z,2026-08-19
BDI,Burundi,1985,199810,0,0,0,0,0,0,,0,unhcr_population,2025-12-31,2026-08-19T14:21:59Z,2026-08-19
BDI,Burundi,1986,210620,0,0,0,0,0,0,,0,unhcr_population,2025-12-31,2026-08-19T14:21:59Z,2026-08-19
BDI,Burundi,1987,186910,0,0,0,0,0,0,,0,unhcr_population,2025-12-31,2026-08-19T14:21:59Z,2026-08-19
BDI,Burundi,1988,190153,0,0,0,0,53000,0,,0,unhcr_population,2025-12-31,2026-08-19T14:21:59Z,2026-08-19
BDI,Burundi,1989,191441,0,0,0,0,80,0,,0,unhcr_population,2025-12-31,2026-08-19T14:21:59Z,2026-08-19
BDI,Burundi,1990,191619,0,0,0,0,320,0,,0,unhcr_population,2025-12-31,2026-08-19T14:21:59Z,2026-08-19
BDI,Burundi,1991,223942,0,0,0,0,6580,0,,0,unhcr_population,2025-12-31,2026-08-19T14:21:59Z,2026-08-19
BDI,Burundi,1992,184129,0,0,0,0,48250,0,,0,unhcr_population,2025-12-31,2026-08-19T14:21:59Z,2026-08-19
BDI,Burundi,1993,871376,0,0,0,0,6354,0,,0,unhcr_population,2025-12-31,2026-08-19T14:21:59Z,2026-08-19
BDI,Burundi,1994,389698,0,89900,0,0,271087,0,,0,unhcr_population,2025-12-31,2026-08-19T14:21:59Z,2026-08-19
BDI,Burundi,1995,350575,0,216400,0,0,5840,0,,0,unhcr_population,2025-12-31,2026-08-19T14:21:59Z,2026-08-19
BDI,Burundi,1996,428680,0,882900,0,0,108059,0,,0,unhcr_population,2025-12-31,2026-08-19T14:21:59Z,2026-08-19
BDI,Burundi,1997,519116,0,586083,0,0,90811,0,,0,unhcr_population,2025-12-31,2026-08-19T14:21:59Z,2026-08-19
BDI,Burundi,1998,502555,0,100000,0,0,23779,0,,0,unhcr_population,2025-12-31,2026-08-19T14:21:59Z,2026-08-19
BDI,Burundi,1999,527437,0,50000,0,0,12235,5000,,0,unhcr_population,2025-12-31,2026-08-19T14:21:59Z,2026-08-19
BDI,Burundi,2000,568070,3626,56000,0,10,6839,0,,0,unhcr_population,2025-12-31,2026-08-19T14:21:59Z,2026-08-19
BDI,Burundi,2001,553987,3914,20000,0,0,27879,42000,,0,unhcr_population,2025-12-31,2026-08-19T14:21:59Z,2026-08-19
BDI,Burundi,2002,574552,7436,100000,0,0,53284,0,,0,unhcr_population,2025-12-31,2026-08-19T14:21:59Z,2026-08-19
BDI,Burundi,2003,531626,8047,1970,0,0,82407,0,,0,unhcr_population,2025-12-31,2026-08-19T14:21:59Z,2026-08-19
BDI,Burundi,2004,485753,7852,855,0,0,90323,0,,0,unhcr_population,2025-12-31,2026-08-19T14:21:59Z,2026-08-19
BDI,Burundi,2005,438695,8260,11500,0,0,68242,0,,0,unhcr_population,2025-12-31,2026-08-19T14:21:59Z,2026-08-19
BDI,Burundi,2006,396533,5519,13850,0,0,48145,0,,0,unhcr_population,2025-12-31,2026-08-19T14:21:59Z,2026-08-19
BDI,Burundi,2007,375720,7040,0,0,0,39816,0,,0,unhcr_population,2025-12-31,2026-08-19T14:21:59Z,2026-08-19
BDI,Burundi,2008,281583,6629,100000,0,0,95386,0,,0,unhcr_population,2025-12-31,2026-08-19T14:21:59Z,2026-08-19
BDI,Burundi,2009,94221,4845,100000,0,0,32364,0,,0,unhcr_population,2025-12-31,2026-08-19T14:21:59Z,2026-08-19
BDI,Burundi,2010,84053,7494,157167,0,0,4760,0,,0,unhcr_population,2025-12-31,2026-08-19T14:21:59Z,2026-08-19
BDI,Burundi,2011,101282,9495,78796,0,162506,4379,0,,0,unhcr_population,2025-12-31,2026-08-19T14:21:59Z,2026-08-19
BDI,Burundi,2012,73354,12957,78948,0,162555,35740,0,,0,unhcr_population,2025-12-31,2026-08-19T14:21:59Z,2026-08-19
BDI,Burundi,2013,72636,14396,78948,0,162256,2124,0,,0,unhcr_population,2025-12-31,2026-08-19T14:21:59Z,2026-08-19
BDI,Burundi,2014,72477,19357,78948,0,162903,1349,0,,0,unhcr_population,2025-12-31,2026-08-19T14:21:59Z,2026-08-19
BDI,Burundi,2015,292750,26856,25000,0,164020,16,1144,,0,unhcr_population,2025-12-31,2026-08-19T14:21:59Z,2026-08-19
BDI,Burundi,2016,408066,24395,141221,0,164066,4121,0,,0,unhcr_population,2025-12-31,2026-08-19T14:21:59Z,2026-08-19
BDI,Burundi,2017,439320,60433,57258,0,164205,70610,0,,0,unhcr_population,2025-12-31,2026-08-19T14:21:59Z,2026-08-19
BDI,Burundi,2018,387850,53360,31909,0,14148,45534,0,,0,unhcr_population,2025-12-31,2026-08-19T14:21:59Z,2026-08-19
BDI,Burundi,2019,380900,53166,33256,0,17605,21178,0,,0,unhcr_population,2025-12-31,2026-08-19T14:21:59Z,2026-08-19
BDI,Burundi,2020,372951,50227,21863,0,17448,40852,11393,,0,unhcr_population,2025-12-31,2026-08-19T14:21:59Z,2026-08-19
BDI,Burundi,2021,323635,52171,19176,0,5156,66073,2687,,0,unhcr_population,2025-12-31,2026-08-19T14:21:59Z,2026-08-19
BDI,Burundi,2022,320702,56399,8495,0,6149,21794,0,,0,unhcr_population,2025-12-31,2026-08-19T14:21:59Z,2026-08-19
BDI,Burundi,2023,319857,61035,8177,0,6226,26663,0,,0,unhcr_population,2025-12-31,2026-08-19T14:21:59Z,2026-08-19
BDI,Burundi,2024,322462,60731,6877,0,6332,21136,0,,0,unhcr_population,2025-12-31,2026-08-19T14:21:59Z,2026-08-19
BDI,Burundi,2025,318291,64899,6815,0,6486,17827,0,,0,unhcr_population,2025-12-31,2026-08-19T14:21:59Z,2026-08-19
BEL,Belgium,1995,5,0,0,0,0,0,0,,0,unhcr_population,2025-12-31,2026-08-19T14:21:59Z,2026-08-19
BEL,Belgium,1996,5,0,0,0,0,0,0,,0,unhcr_population,2025-12-31,2026-08-19T14:21:59Z,2026-08-19
BEL,Belgium,1997,9,0,0,0,0,0,0,,0,unhcr_population,2025-12-31,2026-08-19T14:21:59Z,2026-08-19
BEL,Belgium,1998,14,0,0,0,0,0,0,,0,unhcr_population,2025-12-31,2026-08-19T14:21:59Z,2026-08-19
BEL,Belgium,1999,15,0,0,0,0,0,0,,0,unhcr_population,2025-12-31,2026-08-19T14:21:59Z,2026-08-19
BEL,Belgium,2000,20,20,0,0,0,0,0,,0,unhcr_population,2025-12-31,2026-08-19T14:21:59Z,2026-08-19
BEL,Belgium,2001,11,18,0,0,0,0,0,,0,unhcr_population,2025-12-31,2026-08-19T14:21:59Z,2026-08-19
BEL,Belgium,2002,21,24,0,0,0,0,0,,0,unhcr_population,2025-12-31,2026-08-19T14:21:59Z,2026-08-19
BEL,Belgium,2003,40,11,0,0,0,0,0,,0,unhcr_population,2025-12-31,2026-08-19T14:21:59Z,2026-08-19
BEL,Belgium,2004,41,17,0,0,0,0,0,,0,unhcr_population,2025-12-31,2026-08-19T14:21:59Z,2026-08-19
BEL,Belgium,2005,95,20,0,0,0,0,0,,0,unhcr_population,2025-12-31,2026-08-19T14:21:59Z,2026-08-19
BEL,Belgium,2006,63,35,0,0,0,0,0,,0,unhcr_population,2025-12-31,2026-08-19T14:21:59Z,2026-08-19
BEL,Belgium,2007,53,10,0,0,0,0,0,,0,unhcr_population,2025-12-31,2026-08-19T14:21:59Z,2026-08-19
BEL,Belgium,2008,58,27,0,0,0,0,0,,0,unhcr_population,2025-12-31,2026-08-19T14:21:59Z,2026-08-19
BEL,Belgium,2009,66,24,0,0,0,0,0,,0,unhcr_population,2025-12-31,2026-08-19T14:21:59Z,2026-08-19
BEL,Belgium,2010,80,6,0,0,0,0,0,,0,unhcr_population,2025-12-31,2026-08-19T14:21:59Z,2026-08-19
BEL,Belgium,2011,88,0,0,0,0,0,0,,0,unhcr_population,2025-12-31,2026-08-19T14:21:59Z,2026-08-19
BEL,Belgium,2012,91,13,0,0,0,0,0,,0,unhcr_population,2025-12-31,2026-08-19T14:21:59Z,2026-08-19
BEL,Belgium,2013,76,31,0,0,0,0,0,,0,unhcr_population,2025-12-31,2026-08-19T14:21:59Z,2026-08-19
BEL,Belgium,2014,76,21,0,0,0,0,0,,0,unhcr_population,2025-12-31,2026-08-19T14:21:59Z,2026-08-19
BEL,Belgium,2015,66,37,0,0,0,0,0,,0,unhcr_population,2025-12-31,2026-08-19T14:21:59Z,2026-08-19
BEL,Belgium,2016,44,20,0,0,0,0,0,,0,unhcr_population,2025-12-31,2026-08-19T14:21:59Z,2026-08-19
BEL,Belgium,2017,52,37,0,0,0,0,0,,0,unhcr_population,2025-12-31,2026-08-19T14:21:59Z,2026-08-19
BEL,Belgium,2018,50,79,0,0,0,0,0,,0,unhcr_population,2025-12-31,2026-08-19T14:21:59Z,2026-08-19
BEL,Belgium,2019,34,105,0,0,0,0,0,,0,unhcr_population,2025-12-31,2026-08-19T14:21:59Z,2026-08-19
BEL,Belgium,2020,28,62,0,0,0,0,0,,0,unhcr_population,2025-12-31,2026-08-19T14:21:59Z,2026-08-19
BEL,Belgium,2021,29,89,0,0,5,0,0,,0,unhcr_population,2025-12-31,2026-08-19T14:21:59Z,2026-08-19
BEL,Belgium,2022,28,86,0,0,0,0,0,,0,unhcr_population,2025-12-31,2026-08-19T14:21:59Z,2026-08-19
BEL,Belgium,2023,53,149,0,0,0,0,0,,0,unhcr_population,2025-12-31,2026-08-19T14:21:59Z,2026-08-19
BEL,Belgium,2024,93,187,0,0,0,0,0,,0,unhcr_population,2025-12-31,2026-08-19T14:21:59Z,2026-08-19
BEL,Belgium,2025,113,69,0,0,0,0,0,,0,unhcr_population,2025-12-31,2026-08-19T14:21:59Z,2026-08-19
BEN,Benin,1976,100,0,0,0,0,0,0,,0,unhcr_population,2025-12-31,2026-08-19T14:21:59Z,2026-08-19
BEN,Benin,1978,200,0,0,0,0,0,0,,0,unhcr_population,2025-12-31,2026-08-19T14:21:59Z,2026-08-19
BEN,Benin,1979,200,0,0,0,0,0,0,,0,unhcr_population,2025-12-31,2026-08-19T14:21:59Z,2026-08-19
BEN,Benin,1986,50,0,0,0,0,0,0,,0,unhcr_population,2025-12-31,2026-08-19T14:21:59Z,2026-08-19
BEN,Benin,1987,50,0,0,0,0,0,0,,0,unhcr_population,2025-12-31,2026-08-19T14:21:59Z,2026-08-19
BEN,Benin,1988,50,0,0,0,0,0,0,,0,unhcr_population,2025-12-31,2026-08-19T14:21:59Z,2026-08-19
BEN,Benin,1989,60,0,0,0,0,0,0,,0,unhcr_population,2025-12-31,2026-08-19T14:21:59Z,2026-08-19
BEN,Benin,1993,62,0,0,0,0,0,0,,0,unhcr_population,2025-12-31,2026-08-19T14:21:59Z,2026-08-19
BEN,Benin,1994,72,0,0,0,0,0,0,,0,unhcr_population,2025-12-31,2026-08-19T14:21:59Z,2026-08-19
BEN,Benin,1995,50,0,0,0,0,0,0,,0,unhcr_population,2025-12-31,2026-08-19T14:21:59Z,2026-08-19
BEN,Benin,1996,42,0,0,0,0,0,0,,0,unhcr_population,2025-12-31,2026-08-19T14:21:59Z,2026-08-19
BEN,Benin,1997,41,0,0,0,0,0,0,,0,unhcr_population,2025-12-31,2026-08-19T14:21:59Z,2026-08-19
BEN,Benin,1998,45,0,0,0,0,0,0,,0,unhcr_population,2025-12-31,2026-08-19T14:21:59Z,2026-08-19
BEN,Benin,1999,44,0,0,0,0,0,0,,0,unhcr_population,2025-12-31,2026-08-19T14:21:59Z,2026-08-19
BEN,Benin,2000,47,148,0,0,0,10,0,,0,unhcr_population,2025-12-31,2026-08-19T14:21:59Z,2026-08-19
BEN,Benin,2001,52,182,0,0,0,0,0,,0,unhcr_population,2025-12-31,2026-08-19T14:21:59Z,2026-08-19
BEN,Benin,2002,228,226,0,0,0,0,0,,0,unhcr_population,2025-12-31,2026-08-19T14:21:59Z,2026-08-19
BEN,Benin,2003,274,247,0,0,0,0,0,,0,unhcr_population,2025-12-31,2026-08-19T14:21:59Z,2026-08-19
BEN,Benin,2004,299,211,0,0,0,0,0,,0,unhcr_population,2025-12-31,2026-08-19T14:21:59Z,2026-08-19
BEN,Benin,2005,402,272,0,0,0,0,0,,0,unhcr_population,2025-12-31,2026-08-19T14:21:59Z,2026-08-19
BEN,Benin,2006,207,154,0,0,0,0,0,,0,unhcr_population,2025-12-31,2026-08-19T14:21:59Z,2026-08-19
BEN,Benin,2007,265,155,0,0,0,0,0,,0,unhcr_population,2025-12-31,2026-08-19T14:21:59Z,2026-08-19
BEN,Benin,2008,315,179,0,0,0,0,0,,0,unhcr_population,2025-12-31,2026-08-19T14:21:59Z,2026-08-19
BEN,Benin,2009,409,199,0,0,0,0,0,,0,unhcr_population,2025-12-31,2026-08-19T14:21:59Z,2026-08-19
BEN,Benin,2010,438,225,0,0,0,0,0,,0,unhcr_population,2025-12-31,2026-08-19T14:21:59Z,2026-08-19
BEN,Benin,2011,460,269,0,0,0,0,0,,0,unhcr_population,2025-12-31,2026-08-19T14:21:59Z,2026-08-19
BEN,Benin,2012,451,428,0,0,0,0,0,,0,unhcr_population,2025-12-31,2026-08-19T14:21:59Z,2026-08-19
BEN,Benin,2013,294,501,0,0,0,0,0,,0,unhcr_population,2025-12-31,2026-08-19T14:21:59Z,2026-08-19
BEN,Benin,2014,330,684,0,0,0,0,0,,0,unhcr_population,2025-12-31,2026-08-19T14:21:59Z,2026-08-19
BEN,Benin,2015,400,1141,0,0,6,0,0,,0,unhcr_population,2025-12-31,2026-08-19T14:21:59Z,2026-08-19
BEN,Benin,2016,479,1145,0,0,6,0,0,,0,unhcr_population,2025-12-31,2026-08-19T14:21:59Z,2026-08-19
BEN,Benin,2017,572,1131,0,0,6,0,0,,0,unhcr_population,2025-12-31,2026-08-19T14:21:59Z,2026-08-19
BEN,Benin,2018,659,1078,0,0,6,0,0,,0,unhcr_population,2025-12-31,2026-08-19T14:21:59Z,2026-08-19
BEN,Benin,2019,721,1214,0,0,6,0,0,,0,unhcr_population,2025-12-31,2026-08-19T14:21:59Z,2026-08-19
BEN,Benin,2020,606,1350,0,0,12,0,0,,0,unhcr_population,2025-12-31,2026-08-19T14:21:59Z,2026-08-19
BEN,Benin,2021,730,1382,0,0,0,0,0,,0,unhcr_population,2025-12-31,2026-08-19T14:21:59Z,2026-08-19
BEN,Benin,2022,811,1407,0,0,0,0,0,,0,unhcr_population,2025-12-31,2026-08-19T14:21:59Z,2026-08-19
BEN,Benin,2023,905,2816,8785,0,0,0,0,,0,unhcr_population,2025-12-31,2026-08-19T14:21:59Z,2026-08-19
BEN,Benin,2024,1064,3725,8785,0,0,5,0,,0,unhcr_population,2025-12-31,2026-08-19T14:21:59Z,2026-08-19
BEN,Benin,2025,1279,3408,27294,0,0,0,0,,0,unhcr_population,2025-12-31,2026-08-19T14:21:59Z,2026-08-19
BFA,Burkina Faso,1984,50,0,0,0,0,0,0,,0,unhcr_population,2025-12-31,2026-08-19T14:21:59Z,2026-08-19
BFA,Burkina Faso,1985,90,0,0,0,0,0,0,,0,unhcr_population,2025-12-31,2026-08-19T14:21:59Z,2026-08-19
BFA,Burkina Faso,1986,110,0,0,0,0,0,0,,0,unhcr_population,2025-12-31,2026-08-19T14:21:59Z,2026-08-19
BFA,Burkina Faso,1987,50,0,0,0,0,0,0,,0,unhcr_population,2025-12-31,2026-08-19T14:21:59Z,2026-08-19
BFA,Burkina Faso,1991,6,0,0,0,0,0,0,,0,unhcr_population,2025-12-31,2026-08-19T14:21:59Z,2026-08-19
BFA,Burkina Faso,1992,61,0,0,0,0,0,0,,0,unhcr_population,2025-12-31,2026-08-19T14:21:59Z,2026-08-19
BFA,Burkina Faso,1993,61,0,0,0,0,0,0,,0,unhcr_population,2025-12-31,2026-08-19T14:21:59Z,2026-08-19
BFA,Burkina Faso,1994,69,0,0,0,0,5,0,,0,unhcr_population,2025-12-31,2026-08-19T14:21:59Z,2026-08-19
BFA,Burkina Faso,1995,60,0,0,0,0,0,0,,0,unhcr_population,2025-12-31,2026-08-19T14:21:59Z,2026-08-19
BFA,Burkina Faso,1996,64,0,0,0,0,0,0,,0,unhcr_population,2025-12-31,2026-08-19T14:21:59Z,2026-08-19
BFA,Burkina Faso,1997,112,0,0,0,0,0,0,,0,unhcr_population,2025-12-31,2026-08-19T14:21:59Z,2026-08-19
BFA,Burkina Faso,1998,100,0,0,0,0,0,0,,0,unhcr_population,2025-12-31,2026-08-19T14:21:59Z,2026-08-19
BFA,Burkina Faso,1999,101,0,0,0,0,0,0,,0,unhcr_population,2025-12-31,2026-08-19T14:21:59Z,2026-08-19
BFA,Burkina Faso,2000,124,242,0,0,0,0,0,,0,unhcr_population,2025-12-31,2026-08-19T14:21:59Z,2026-08-19
BFA,Burkina Faso,2001,90,242,0,0,0,0,0,,0,unhcr_population,2025-12-31,2026-08-19T14:21:59Z,2026-08-19
BFA,Burkina Faso,2002,970,180,0,0,0,0,0,,0,unhcr_population,2025-12-31,2026-08-19T14:21:59Z,2026-08-19
BFA,Burkina Faso,2003,852,150,0,0,0,0,0,,0,unhcr_population,2025-12-31,2026-08-19T14:21:59Z,2026-08-19
BFA,Burkina Faso,2004,575,112,0,0,0,0,0,,0,unhcr_population,2025-12-31,2026-08-19T14:21:59Z,2026-08-19
BFA,Burkina Faso,2005,602,199,0,0,0,0,0,,0,unhcr_population,2025-12-31,2026-08-19T14:21:59Z,2026-08-19
BFA,Burkina Faso,2006,373,193,0,0,0,0,0,,0,unhcr_population,2025-12-31,2026-08-19T14:21:59Z,2026-08-19
BFA,Burkina Faso,2007,557,254,0,0,0,0,0,,0,unhcr_population,2025-12-31,2026-08-19T14:21:59Z,2026-08-19
BFA,Burkina Faso,2008,719,310,0,0,0,0,0,,0,unhcr_population,2025-12-31,2026-08-19T14:21:59Z,2026-08-19
BFA,Burkina Faso,2009,983,377,0,0,0,0,0,,0,unhcr_population,2025-12-31,2026-08-19T14:21:59Z,2026-08-19
BFA,Burkina Faso,2010,1141,499,0,0,0,0,0,,0,unhcr_population,2025-12-31,2026-08-19T14:21:59Z,2026-08-19
BFA,Burkina Faso,2011,1262,337,0,0,0,0,0,,0,unhcr_population,2025-12-31,2026-08-19T14:21:59Z,2026-08-19
BFA,Burkina Faso,2012,1458,504,0,0,0,0,0,,0,unhcr_population,2025-12-31,2026-08-19T14:21:59Z,2026-08-19
BFA,Burkina Faso,2013,1578,937,0,0,0,0,0,,0,unhcr_population,2025-12-31,2026-08-19T14:21:59Z,2026-08-19
BFA,Burkina Faso,2014,1853,1566,0,0,0,0,0,,0,unhcr_population,2025-12-31,2026-08-19T14:21:59Z,2026-08-19
BFA,Burkina Faso,2015,2147,2691,0,0,0,0,0,,0,unhcr_population,2025-12-31,2026-08-19T14:21:59Z,2026-08-19
BFA,Burkina Faso,2016,2352,4195,0,0,0,0,0,,0,unhcr_population,2025-12-31,2026-08-19T14:21:59Z,2026-08-19
BFA,Burkina Faso,2017,2694,5557,2350,0,0,0,0,,0,unhcr_population,2025-12-31,2026-08-19T14:21:59Z,2026-08-19
BFA,Burkina Faso,2018,11447,4949,47030,0,0,0,0,,0,unhcr_population,2025-12-31,2026-08-19T14:21:59Z,2026-08-19
BFA,Burkina Faso,2019,11733,4996,560033,0,2190,0,0,,0,unhcr_population,2025-12-31,2026-08-19T14:21:59Z,2026-08-19
BFA,Burkina Faso,2020,15694,5110,1074993,0,3803,0,0,,0,unhcr_population,2025-12-31,2026-08-19T14:21:59Z,2026-08-19
BFA,Burkina Faso,2021,20209,5585,1579976,0,13079,0,0,,0,unhcr_population,2025-12-31,2026-08-19T14:21:59Z,2026-08-19
BFA,Burkina Faso,2022,29914,35535,1882391,0,0,0,0,,0,unhcr_population,2025-12-31,2026-08-19T14:21:59Z,2026-08-19
BFA,Burkina Faso,2023,54869,90419,2062534,0,0,0,0,,0,unhcr_population,2025-12-31,2026-08-19T14:21:59Z,2026-08-19
BFA,Burkina Faso,2024,150081,130695,2062534,0,0,0,0,,0,unhcr_population,2025-12-31,2026-08-19T14:21:59Z,2026-08-19
BFA,Burkina Faso,2025,351209,69817,2062534,0,5,0,0,,0,unhcr_population,2025-12-31,2026-08-19T14:21:59Z,2026-08-19
BGD,Bangladesh,1988,5,0,0,0,0,0,0,,0,unhcr_population,2025-12-31,2026-08-19T14:21:59Z,2026-08-19
BGD,Bangladesh,1989,5,0,0,0,0,0,0,,0,unhcr_population,2025-12-31,2026-08-19T14:21:59Z,2026-08-19
BGD,Bangladesh,1990,477,0,0,0,0,0,0,,0,unhcr_population,2025-12-31,2026-08-19T14:21:59Z,2026-08-19
BGD,Bangladesh,1991,613,0,0,0,0,0,0,,0,unhcr_population,2025-12-31,2026-08-19T14:21:59Z,2026-08-19
BGD,Bangladesh,1992,53921,0,0,0,0,0,0,,0,unhcr_population,2025-12-31,2026-08-19T14:21:59Z,2026-08-19
BGD,Bangladesh,1993,57154,0,0,0,0,0,0,,0,unhcr_population,2025-12-31,2026-08-19T14:21:59Z,2026-08-19
BGD,Bangladesh,1994,56196,0,0,0,0,0,0,,0,unhcr_population,2025-12-31,2026-08-19T14:21:59Z,2026-08-19
BGD,Bangladesh,1995,56958,0,0,0,0,0,0,,0,unhcr_population,2025-12-31,2026-08-19T14:21:59Z,2026-08-19
BGD,Bangladesh,1996,57962,0,0,0,0,0,0,,0,unhcr_population,2025-12-31,2026-08-19T14:21:59Z,2026-08-19
BGD,Bangladesh,1997,44375,0,0,0,0,16539,0,,0,unhcr_population,2025-12-31,2026-08-19T14:21:59Z,2026-08-19
BGD,Bangladesh,1998,4659,0,0,0,0,13420,0,,0,unhcr_population,2025-12-31,2026-08-19T14:21:59Z,2026-08-19
BGD,Bangladesh,1999,4470,0,0,0,0,0,0,,0,unhcr_population,2025-12-31,2026-08-19T14:21:59Z,2026-08-19
BGD,Bangladesh,2000,5404,3322,0,0,0,0,0,,0,unhcr_population,2025-12-31,2026-08-19T14:21:59Z,2026-08-19
BGD,Bangladesh,2001,5544,3444,0,0,0,0,0,,0,unhcr_population,2025-12-31,2026-08-19T14:21:59Z,2026-08-19
BGD,Bangladesh,2002,5804,4827,0,0,0,0,0,,0,unhcr_population,2025-12-31,2026-08-19T14:21:59Z,2026-08-19
BGD,Bangladesh,2003,5563,8272,0,0,0,0,0,,0,unhcr_population,2025-12-31,2026-08-19T14:21:59Z,2026-08-19
BGD,Bangladesh,2004,5733,9339,0,0,0,0,0,,0,unhcr_population,2025-12-31,2026-08-19T14:21:59Z,2026-08-19
BGD,Bangladesh,2005,7303,10156,0,0,0,0,0,,0,unhcr_population,2025-12-31,2026-08-19T14:21:59Z,2026-08-19
BGD,Bangladesh,2006,7796,4009,0,0,0,0,0,,0,unhcr_population,2025-12-31,2026-08-19T14:21:59Z,2026-08-19
BGD,Bangladesh,2007,10235,7328,0,0,0,0,0,,0,unhcr_population,2025-12-31,2026-08-19T14:21:59Z,2026-08-19
BGD,Bangladesh,2008,10097,6713,0,0,0,0,0,,0,unhcr_population,2025-12-31,2026-08-19T14:21:59Z,2026-08-19
BGD,Bangladesh,2009,10428,1827,0,0,0,0,0,,0,unhcr_population,2025-12-31,2026-08-19T14:21:59Z,2026-08-19
BGD,Bangladesh,2010,10046,6492,0,0,0,0,0,,0,unhcr_population,2025-12-31,2026-08-19T14:21:59Z,2026-08-19
BGD,Bangladesh,2011,10047,5238,0,0,0,0,0,,0,unhcr_population,2025-12-31,2026-08-19T14:21:59Z,2026-08-19
BGD,Bangladesh,2012,10159,8162,0,0,0,0,0,,0,unhcr_population,2025-12-31,2026-08-19T14:21:59Z,2026-08-19
BGD,Bangladesh,2013,9720,22857,0,0,5,0,0,,0,unhcr_population,2025-12-31,2026-08-19T14:21:59Z,2026-08-19
BGD,Bangladesh,2014,10868,21604,0,0,14,0,0,,0,unhcr_population,2025-12-31,2026-08-19T14:21:59Z,2026-08-19
BGD,Bangladesh,2015,12154,30544,0,0,16,0,0,,0,unhcr_population,2025-12-31,2026-08-19T14:21:59Z,2026-08-19
BGD,Bangladesh,2016,13842,25929,0,0,15,0,0,,0,unhcr_population,2025-12-31,2026-08-19T14:21:59Z,2026-08-19
BGD,Bangladesh,2017,16780,68118,0,0,15,0,0,,0,unhcr_population,2025-12-31,2026-08-19T14:21:59Z,2026-08-19
BGD,Bangladesh,2018,21022,58843,0,0,8,0,0,,0,unhcr_population,2025-12-31,2026-08-19T14:21:59Z,2026-08-19
BGD,Bangladesh,2019,22766,62860,0,0,502,0,0,,0,unhcr_population,2025-12-31,2026-08-19T14:21:59Z,2026-08-19
BGD,Bangladesh,2020,18948,64636,0,0,1271,0,0,,472000,unhcr_population,2025-12-31,2026-08-19T14:21:59Z,2026-08-19
BGD,Bangladesh,2021,22672,65495,0,0,507,0,0,,174850,unhcr_population,2025-12-31,2026-08-19T14:21:59Z,2026-08-19
BGD,Bangladesh,2022,23935,61298,0,0,39,5,0,,174850,unhcr_population,2025-12-31,2026-08-19T14:21:59Z,2026-08-19
BGD,Bangladesh,2023,24126,75867,0,0,83,0,0,,537900,unhcr_population,2025-12-31,2026-08-19T14:21:59Z,2026-08-19
BGD,Bangladesh,2024,28473,108131,0,0,95,0,0,,544641,unhcr_population,2025-12-31,2026-08-19T14:21:59Z,2026-08-19
BGD,Bangladesh,2025,31862,92441,0,0,4802,0,0,,620593,unhcr_population,2025-12-31,2026-08-19T14:21:59Z,2026-08-19
BGR,Bulgaria,1969,90,0,0,0,0,0,0,,0,unhcr_population,2025-12-31,2026-08-19T14:21:59Z,2026-08-19
BGR,Bulgaria,1970,320,0,0,0,0,0,0,,0,unhcr_population,2025-12-31,2026-08-19T14:21:59Z,2026-08-19
BGR,Bulgaria,1971,340,0,0,0,0,0,0,,0,unhcr_population,2025-12-31,2026-08-19T14:21:59Z,2026-08-19
BGR,Bulgaria,1972,340,0,0,0,0,0,0,,0,unhcr_population,2025-12-31,2026-08-19T14:21:59Z,2026-08-19
BGR,Bulgaria,1973,340,0,0,0,0,0,0,,0,unhcr_population,2025-12-31,2026-08-19T14:21:59Z,2026-08-19
BGR,Bulgaria,1974,300,0,0,0,0,0,0,,0,unhcr_population,2025-12-31,2026-08-19T14:21:59Z,2026-08-19
BGR,Bulgaria,1975,300,0,0,0,0,0,0,,0,unhcr_population,2025-12-31,2026-08-19T14:21:59Z,2026-08-19
BGR,Bulgaria,1978,290,0,0,0,0,0,0,,0,unhcr_population,2025-12-31,2026-08-19T14:21:59Z,2026-08-19
BGR,Bulgaria,1980,329,0,0,0,0,0,0,,0,unhcr_population,2025-12-31,2026-08-19T14:21:59Z,2026-08-19
BGR,Bulgaria,1981,274,0,0,0,0,0,0,,0,unhcr_population,2025-12-31,2026-08-19T14:21:59Z,2026-08-19
BGR,Bulgaria,1982,257,0,0,0,0,0,0,,0,unhcr_population,2025-12-31,2026-08-19T14:21:59Z,2026-08-19
BGR,Bulgaria,1983,227,0,0,0,0,0,0,,0,unhcr_population,2025-12-31,2026-08-19T14:21:59Z,2026-08-19
BGR,Bulgaria,1984,183,0,0,0,0,0,0,,0,unhcr_population,2025-12-31,2026-08-19T14:21:59Z,2026-08-19
BGR,Bulgaria,1985,190,0,0,0,0,0,0,,0,unhcr_population,2025-12-31,2026-08-19T14:21:59Z,2026-08-19
BGR,Bulgaria,1986,160,0,0,0,0,0,0,,0,unhcr_population,2025-12-31,2026-08-19T14:21:59Z,2026-08-19
BGR,Bulgaria,1987,138,0,0,0,0,0,0,,0,unhcr_population,2025-12-31,2026-08-19T14:21:59Z,2026-08-19
BGR,Bulgaria,1988,898,0,0,0,0,0,0,,0,unhcr_population,2025-12-31,2026-08-19T14:21:59Z,2026-08-19
BGR,Bulgaria,1989,869,0,0,0,0,0,0,,0,unhcr_population,2025-12-31,2026-08-19T14:21:59Z,2026-08-19
BGR,Bulgaria,1990,1922,0,0,0,0,0,0,,0,unhcr_population,2025-12-31,2026-08-19T14:21:59Z,2026-08-19
BGR,Bulgaria,1991,2733,0,0,0,0,0,0,,0,unhcr_population,2025-12-31,2026-08-19T14:21:59Z,2026-08-19
BGR,Bulgaria,1992,2980,0,0,0,0,0,0,,0,unhcr_population,2025-12-31,2026-08-19T14:21:59Z,2026-08-19
BGR,Bulgaria,1993,3157,0,0,0,0,0,0,,0,unhcr_population,2025-12-31,2026-08-19T14:21:59Z,2026-08-19
BGR,Bulgaria,1994,4692,0,0,0,0,0,0,,0,unhcr_population,2025-12-31,2026-08-19T14:21:59Z,2026-08-19
BGR,Bulgaria,1995,4157,0,0,0,0,0,0,,0,unhcr_population,2025-12-31,2026-08-19T14:21:59Z,2026-08-19
BGR,Bulgaria,1996,3246,0,0,0,0,0,0,,0,unhcr_population,2025-12-31,2026-08-19T14:21:59Z,2026-08-19
BGR,Bulgaria,1997,3049,0,0,0,0,0,0,,0,unhcr_population,2025-12-31,2026-08-19T14:21:59Z,2026-08-19
BGR,Bulgaria,1998,3121,0,0,0,0,0,0,,0,unhcr_population,2025-12-31,2026-08-19T14:21:59Z,2026-08-19
BGR,Bulgaria,1999,2652,0,0,0,0,0,0,,0,unhcr_population,2025-12-31,2026-08-19T14:21:59Z,2026-08-19
BGR,Bulgaria,2000,2404,1303,0,0,0,0,0,,0,unhcr_population,2025-12-31,2026-08-19T14:21:59Z,2026-08-19
BGR,Bulgaria,2001,2122,1507,0,0,0,0,0,,0,unhcr_population,2025-12-31,2026-08-19T14:21:59Z,2026-08-19
BGR,Bulgaria,2002,2843,1745,0,0,0,0,0,,0,unhcr_population,2025-12-31,2026-08-19T14:21:59Z,2026-08-19
BGR,Bulgaria,2003,2565,1373,0,0,0,0,0,,0,unhcr_population,2025-12-31,2026-08-19T14:21:59Z,2026-08-19
BGR,Bulgaria,2004,2227,1222,0,0,0,0,0,,0,unhcr_population,2025-12-31,2026-08-19T14:21:59Z,2026-08-19
BGR,Bulgaria,2005,4250,1212,0,0,0,0,0,,0,unhcr_population,2025-12-31,2026-08-19T14:21:59Z,2026-08-19
BGR,Bulgaria,2006,3431,821,0,0,0,0,0,,0,unhcr_population,2025-12-31,2026-08-19T14:21:59Z,2026-08-19
BGR,Bulgaria,2007,3306,407,0,0,0,0,0,,0,unhcr_population,2025-12-31,2026-08-19T14:21:59Z,2026-08-19
BGR,Bulgaria,2008,3036,295,0,0,0,0,0,,0,unhcr_population,2025-12-31,2026-08-19T14:21:59Z,2026-08-19
BGR,Bulgaria,2009,2743,434,0,0,0,0,0,,0,unhcr_population,2025-12-31,2026-08-19T14:21:59Z,2026-08-19
BGR,Bulgaria,2010,2558,124,0,0,0,0,0,,0,unhcr_population,2025-12-31,2026-08-19T14:21:59Z,2026-08-19
BGR,Bulgaria,2011,2322,183,0,0,0,0,0,,0,unhcr_population,2025-12-31,2026-08-19T14:21:59Z,2026-08-19
BGR,Bulgaria,2012,2143,136,0,0,0,0,0,,0,unhcr_population,2025-12-31,2026-08-19T14:21:59Z,2026-08-19
BGR,Bulgaria,2013,1875,177,0,0,0,0,0,,0,unhcr_population,2025-12-31,2026-08-19T14:21:59Z,2026-08-19
BGR,Bulgaria,2014,1644,187,0,0,0,0,0,,0,unhcr_population,2025-12-31,2026-08-19T14:21:59Z,2026-08-19
BGR,Bulgaria,2015,1264,207,0,0,0,0,0,,0,unhcr_population,2025-12-31,2026-08-19T14:21:59Z,2026-08-19
BGR,Bulgaria,2016,799,258,0,0,0,0,0,,0,unhcr_population,2025-12-31,2026-08-19T14:21:59Z,2026-08-19
BGR,Bulgaria,2017,716,316,0,0,0,0,0,,0,unhcr_population,2025-12-31,2026-08-19T14:21:59Z,2026-08-19
BGR,Bulgaria,2018,620,367,0,0,0,0,0,,0,unhcr_population,2025-12-31,2026-08-19T14:21:59Z,2026-08-19
BGR,Bulgaria,2019,566,344,0,0,5,0,0,,0,unhcr_population,2025-12-31,2026-08-19T14:21:59Z,2026-08-19
BGR,Bulgaria,2020,510,350,0,0,5,0,0,,0,unhcr_population,2025-12-31,2026-08-19T14:21:59Z,2026-08-19
BGR,Bulgaria,2021,455,340,0,0,5,0,0,,0,unhcr_population,2025-12-31,2026-08-19T14:21:59Z,2026-08-19
BGR,Bulgaria,2022,790,356,0,0,5,0,0,,0,unhcr_population,2025-12-31,2026-08-19T14:21:59Z,2026-08-19
BGR,Bulgaria,2023,393,389,0,0,5,0,0,,0,unhcr_population,2025-12-31,2026-08-19T14:21:59Z,2026-08-19
BGR,Bulgaria,2024,498,426,0,0,5,0,0,,0,unhcr_population,2025-12-31,2026-08-19T14:21:59Z,2026-08-19
BGR,Bulgaria,2025,533,290,0,0,5,0,0,,0,unhcr_population,2025-12-31,2026-08-19T14:21:59Z,2026-08-19
BHR,Bahrain,1990,39,0,0,0,0,0,0,,0,unhcr_population,2025-12-31,2026-08-19T14:21:59Z,2026-08-19
BHR,Bahrain,1991,52,0,0,0,0,0,0,,0,unhcr_population,2025-12-31,2026-08-19T14:21:59Z,2026-08-19
BHR,Bahrain,1992,53,0,0,0,0,0,0,,0,unhcr_population,2025-12-31,2026-08-19T14:21:59Z,2026-08-19
BHR,Bahrain,1993,59,0,0,0,0,0,0,,0,unhcr_population,2025-12-31,2026-08-19T14:21:59Z,2026-08-19
BHR,Bahrain,1994,74,0,0,0,0,0,0,,0,unhcr_population,2025-12-31,2026-08-19T14:21:59Z,2026-08-19
BHR,Bahrain,1995,70,0,0,0,0,0,0,,0,unhcr_population,2025-12-31,2026-08-19T14:21:59Z,2026-08-19
BHR,Bahrain,1996,64,0,0,0,0,0,0,,0,unhcr_population,2025-12-31,2026-08-19T14:21:59Z,2026-08-19
BHR,Bahrain,1997,82,0,0,0,0,0,0,,0,unhcr_population,2025-12-31,2026-08-19T14:21:59Z,2026-08-19
BHR,Bahrain,1998,94,0,0,0,0,0,0,,0,unhcr_population,2025-12-31,2026-08-19T14:21:59Z,2026-08-19
BHR,Bahrain,1999,124,0,0,0,0,0,0,,0,unhcr_population,2025-12-31,2026-08-19T14:21:59Z,2026-08-19
BHR,Bahrain,2000,92,51,0,0,0,0,0,,0,unhcr_population,2025-12-31,2026-08-19T14:21:59Z,2026-08-19
BHR,Bahrain,2001,46,5,0,0,0,20,0,,0,unhcr_population,2025-12-31,2026-08-19T14:21:59Z,2026-08-19
BHR,Bahrain,2002,49,5,0,0,0,0,0,,0,unhcr_population,2025-12-31,2026-08-19T14:21:59Z,2026-08-19
BHR,Bahrain,2003,50,5,0,0,0,0,0,,0,unhcr_population,2025-12-31,2026-08-19T14:21:59Z,2026-08-19
BHR,Bahrain,2004,52,18,0,0,0,0,0,,0,unhcr_population,2025-12-31,2026-08-19T14:21:59Z,2026-08-19
BHR,Bahrain,2005,40,22,0,0,0,0,0,,0,unhcr_population,2025-12-31,2026-08-19T14:21:59Z,2026-08-19
BHR,Bahrain,2006,56,14,0,0,0,0,0,,0,unhcr_population,2025-12-31,2026-08-19T14:21:59Z,2026-08-19
BHR,Bahrain,2007,65,16,0,0,0,0,0,,0,unhcr_population,2025-12-31,2026-08-19T14:21:59Z,2026-08-19
BHR,Bahrain,2008,72,10,0,0,0,0,0,,0,unhcr_population,2025-12-31,2026-08-19T14:21:59Z,2026-08-19
BHR,Bahrain,2009,72,0,0,0,0,0,0,,0,unhcr_population,2025-12-31,2026-08-19T14:21:59Z,2026-08-19
BHR,Bahrain,2010,81,24,0,0,0,0,0,,0,unhcr_population,2025-12-31,2026-08-19T14:21:59Z,2026-08-19
BHR,Bahrain,2011,213,72,0,0,0,0,0,,0,unhcr_population,2025-12-31,2026-08-19T14:21:59Z,2026-08-19
BHR,Bahrain,2012,294,103,0,0,0,0,0,,0,unhcr_population,2025-12-31,2026-08-19T14:21:59Z,2026-08-19
BHR,Bahrain,2013,274,89,0,0,7,0,0,,0,unhcr_population,2025-12-31,2026-08-19T14:21:59Z,2026-08-19
BHR,Bahrain,2014,344,98,0,0,7,0,0,,0,unhcr_population,2025-12-31,2026-08-19T14:21:59Z,2026-08-19
BHR,Bahrain,2015,422,81,0,0,0,0,0,,0,unhcr_population,2025-12-31,2026-08-19T14:21:59Z,2026-08-19
BHR,Bahrain,2016,461,118,0,0,0,0,0,,0,unhcr_population,2025-12-31,2026-08-19T14:21:59Z,2026-08-19
BHR,Bahrain,2017,497,172,0,0,0,0,0,,0,unhcr_population,2025-12-31,2026-08-19T14:21:59Z,2026-08-19
BHR,Bahrain,2018,540,136,0,0,0,0,0,,0,unhcr_population,2025-12-31,2026-08-19T14:21:59Z,2026-08-19
BHR,Bahrain,2019,557,156,0,0,0,0,0,,0,unhcr_population,2025-12-31,2026-08-19T14:21:59Z,2026-08-19
BHR,Bahrain,2020,534,118,0,0,0,0,0,,0,unhcr_population,2025-12-31,2026-08-19T14:21:59Z,2026-08-19
BHR,Bahrain,2021,416,137,0,0,0,0,0,,0,unhcr_population,2025-12-31,2026-08-19T14:21:59Z,2026-08-19
BHR,Bahrain,2022,312,158,0,0,0,0,0,,0,unhcr_population,2025-12-31,2026-08-19T14:21:59Z,2026-08-19
BHR,Bahrain,2023,304,207,0,0,0,0,0,,0,unhcr_population,2025-12-31,2026-08-19T14:21:59Z,2026-08-19
BHR,Bahrain,2024,289,325,0,0,0,0,0,,0,unhcr_population,2025-12-31,2026-08-19T14:21:59Z,2026-08-19
BHR,Bahrain,2025,267,130,0,0,0,0,0,,0,unhcr_population,2025-12-31,2026-08-19T14:21:59Z,2026-08-19
BHS,Bahamas,2000,0,7,0,0,0,0,0,,0,unhcr_population,2025-12-31,2026-08-19T14:21:59Z,2026-08-19
BHS,Bahamas,2001,0,26,0,0,0,0,0,,0,unhcr_population,2025-12-31,2026-08-19T14:21:59Z,2026-08-19
BHS,Bahamas,2002,0,163,0,0,0,0,0,,0,unhcr_population,2025-12-31,2026-08-19T14:21:59Z,2026-08-19
BHS,Bahamas,2003,0,18,0,0,0,0,0,,0,unhcr_population,2025-12-31,2026-08-19T14:21:59Z,2026-08-19
BHS,Bahamas,2004,0,19,0,0,0,0,0,,0,unhcr_population,2025-12-31,2026-08-19T14:21:59Z,2026-08-19
BHS,Bahamas,2005,0,18,0,0,0,0,0,,0,unhcr_population,2025-12-31,2026-08-19T14:21:59Z,2026-08-19
BHS,Bahamas,2006,12,22,0,0,0,0,0,,0,unhcr_population,2025-12-31,2026-08-19T14:21:59Z,2026-08-19
BHS,Bahamas,2007,14,23,0,0,0,0,0,,0,unhcr_population,2025-12-31,2026-08-19T14:21:59Z,2026-08-19
BHS,Bahamas,2008,11,26,0,0,0,0,0,,0,unhcr_population,2025-12-31,2026-08-19T14:21:59Z,2026-08-19
BHS,Bahamas,2009,12,32,0,0,0,0,0,,0,unhcr_population,2025-12-31,2026-08-19T14:21:59Z,2026-08-19
BHS,Bahamas,2010,17,28,0,0,0,0,0,,0,unhcr_population,2025-12-31,2026-08-19T14:21:59Z,2026-08-19
BHS,Bahamas,2011,184,35,0,0,0,0,0,,0,unhcr_population,2025-12-31,2026-08-19T14:21:59Z,2026-08-19
BHS,Bahamas,2012,195,32,0,0,0,0,0,,0,unhcr_population,2025-12-31,2026-08-19T14:21:59Z,2026-08-19
BHS,Bahamas,2013,208,27,0,0,0,0,0,,0,unhcr_population,2025-12-31,2026-08-19T14:21:59Z,2026-08-19
BHS,Bahamas,2014,216,40,0,0,0,0,0,,0,unhcr_population,2025-12-31,2026-08-19T14:21:59Z,2026-08-19
BHS,Bahamas,2015,216,80,0,0,0,0,0,,0,unhcr_population,2025-12-31,2026-08-19T14:21:59Z,2026-08-19
BHS,Bahamas,2016,298,119,0,0,0,0,0,,0,unhcr_population,2025-12-31,2026-08-19T14:21:59Z,2026-08-19
BHS,Bahamas,2017,378,235,0,0,0,0,0,,0,unhcr_population,2025-12-31,2026-08-19T14:21:59Z,2026-08-19
BHS,Bahamas,2018,421,391,0,0,0,0,0,,0,unhcr_population,2025-12-31,2026-08-19T14:21:59Z,2026-08-19
BHS,Bahamas,2019,501,528,0,0,0,0,0,,0,unhcr_population,2025-12-31,2026-08-19T14:21:59Z,2026-08-19
BHS,Bahamas,2020,534,695,0,0,0,0,0,,0,unhcr_population,2025-12-31,2026-08-19T14:21:59Z,2026-08-19
BHS,Bahamas,2021,736,658,0,0,0,0,0,,0,unhcr_population,2025-12-31,2026-08-19T14:21:59Z,2026-08-19
BHS,Bahamas,2022,781,1210,0,0,0,0,0,,0,unhcr_population,2025-12-31,2026-08-19T14:21:59Z,2026-08-19
BHS,Bahamas,2023,1067,1825,0,0,0,0,0,,0,unhcr_population,2025-12-31,2026-08-19T14:21:59Z,2026-08-19
BHS,Bahamas,2024,1449,2607,0,0,0,0,0,,0,unhcr_population,2025-12-31,2026-08-19T14:21:59Z,2026-08-19
BHS,Bahamas,2025,1598,760,0,0,0,0,0,,0,unhcr_population,2025-12-31,2026-08-19T14:21:59Z,2026-08-19
BIH,Bosnia and Herzegovina,1992,437501,0,0,0,0,10300,0,,0,unhcr_population,2025-12-31,2026-08-19T14:21:59Z,2026-08-19
BIH,Bosnia and Herzegovina,1993,618428,0,1290000,0,0,0,0,,0,unhcr_population,2025-12-31,2026-08-19T14:21:59Z,2026-08-19
BIH,Bosnia and Herzegovina,1994,776090,0,1282600,0,0,101,0,,0,unhcr_population,2025-12-31,2026-08-19T14:21:59Z,2026-08-19
BIH,Bosnia and Herzegovina,1995,769753,0,1097800,0,0,813,0,,0,unhcr_population,2025-12-31,2026-08-19T14:21:59Z,2026-08-19
BIH,Bosnia and Herzegovina,1996,993868,0,760146,0,0,100622,0,,0,unhcr_population,2025-12-31,2026-08-19T14:21:59Z,2026-08-19
BIH,Bosnia and Herzegovina,1997,849240,0,816000,0,0,120852,58360,,0,unhcr_population,2025-12-31,2026-08-19T14:21:59Z,2026-08-19
BIH,Bosnia and Herzegovina,1998,640077,0,836430,0,0,129069,29570,,0,unhcr_population,2025-12-31,2026-08-19T14:21:59Z,2026-08-19
BIH,Bosnia and Herzegovina,1999,598193,0,809545,0,0,31785,43385,,0,unhcr_population,2025-12-31,2026-08-19T14:21:59Z,2026-08-19
BIH,Bosnia and Herzegovina,2000,504980,4305,518252,0,0,18710,59347,,0,unhcr_population,2025-12-31,2026-08-19T14:21:59Z,2026-08-19
BIH,Bosnia and Herzegovina,2001,447326,4182,438253,0,0,18657,80172,,0,unhcr_population,2025-12-31,2026-08-19T14:21:59Z,2026-08-19
BIH,Bosnia and Herzegovina,2002,406456,5928,367491,0,0,41703,70775,,0,unhcr_population,2025-12-31,2026-08-19T14:21:59Z,2026-08-19
BIH,Bosnia and Herzegovina,2003,300012,2192,327188,0,0,14008,40303,,0,unhcr_population,2025-12-31,2026-08-19T14:21:59Z,2026-08-19
BIH,Bosnia and Herzegovina,2004,228813,1184,309240,0,0,2446,17948,,0,unhcr_population,2025-12-31,2026-08-19T14:21:59Z,2026-08-19
BIH,Bosnia and Herzegovina,2005,109931,1816,182747,0,0,1274,5164,,0,unhcr_population,2025-12-31,2026-08-19T14:21:59Z,2026-08-19
BIH,Bosnia and Herzegovina,2006,199948,1685,135500,0,0,1418,4184,,0,unhcr_population,2025-12-31,2026-08-19T14:21:59Z,2026-08-19
BIH,Bosnia and Herzegovina,2007,78267,1109,130984,0,0,3086,4516,,0,unhcr_population,2025-12-31,2026-08-19T14:21:59Z,2026-08-19
BIH,Bosnia and Herzegovina,2008,74358,1162,124529,0,50496,970,715,,0,unhcr_population,2025-12-31,2026-08-19T14:21:59Z,2026-08-19
BIH,Bosnia and Herzegovina,2009,70006,1147,113642,0,50874,870,299,,0,unhcr_population,2025-12-31,2026-08-19T14:21:59Z,2026-08-19
BIH,Bosnia and Herzegovina,2010,62996,1342,113365,0,52888,905,277,,0,unhcr_population,2025-12-31,2026-08-19T14:21:59Z,2026-08-19
BIH,Bosnia and Herzegovina,2011,58572,1949,113000,0,54034,447,365,,0,unhcr_population,2025-12-31,2026-08-19T14:21:59Z,2026-08-19
BIH,Bosnia and Herzegovina,2012,51815,2791,103449,0,54792,275,9551,,0,unhcr_population,2025-12-31,2026-08-19T14:21:59Z,2026-08-19
BIH,Bosnia and Herzegovina,2013,26787,4140,84500,0,55234,126,18949,,0,unhcr_population,2025-12-31,2026-08-19T14:21:59Z,2026-08-19
BIH,Bosnia and Herzegovina,2014,21883,6566,84500,0,52437,171,0,,0,unhcr_population,2025-12-31,2026-08-19T14:21:59Z,2026-08-19
BIH,Bosnia and Herzegovina,2015,18763,7015,98324,0,52437,21,0,,0,unhcr_population,2025-12-31,2026-08-19T14:21:59Z,2026-08-19
BIH,Bosnia and Herzegovina,2016,18194,3108,98324,0,52437,5,0,,0,unhcr_population,2025-12-31,2026-08-19T14:21:59Z,2026-08-19
BIH,Bosnia and Herzegovina,2017,17690,1886,98574,0,48907,0,0,,0,unhcr_population,2025-12-31,2026-08-19T14:21:59Z,2026-08-19
BIH,Bosnia and Herzegovina,2018,16956,1619,96830,0,48907,0,0,,0,unhcr_population,2025-12-31,2026-08-19T14:21:59Z,2026-08-19
BIH,Bosnia and Herzegovina,2019,16556,1487,96421,0,48907,0,0,,0,unhcr_population,2025-12-31,2026-08-19T14:21:59Z,2026-08-19
BIH,Bosnia and Herzegovina,2020,15578,1358,96305,0,1128,0,0,,0,unhcr_population,2025-12-31,2026-08-19T14:21:59Z,2026-08-19
BIH,Bosnia and Herzegovina,2021,18189,1631,96305,0,181,0,0,,0,unhcr_population,2025-12-31,2026-08-19T14:21:59Z,2026-08-19
BIH,Bosnia and Herzegovina,2022,19466,1500,96305,0,9,0,0,,0,unhcr_population,2025-12-31,2026-08-19T14:21:59Z,2026-08-19
BIH,Bosnia and Herzegovina,2023,19318,1313,91223,0,0,0,0,,0,unhcr_population,2025-12-31,2026-08-19T14:21:59Z,2026-08-19
BIH,Bosnia and Herzegovina,2024,26821,961,94796,0,0,10,0,,0,unhcr_population,2025-12-31,2026-08-19T14:21:59Z,2026-08-19
BIH,Bosnia and Herzegovina,2025,24653,712,94796,0,11,0,0,,0,unhcr_population,2025-12-31,2026-08-19T14:21:59Z,2026-08-19
BLR,Belarus,1994,37,0,0,0,0,0,0,,0,unhcr_population,2025-12-31,2026-08-19T14:21:59Z,2026-08-19
BLR,Belarus,1995,84,0,0,0,0,0,0,,0,unhcr_population,2025-12-31,2026-08-19T14:21:59Z,2026-08-19
BLR,Belarus,1996,499,0,0,0,0,0,0,,0,unhcr_population,2025-12-31,2026-08-19T14:21:59Z,2026-08-19
BLR,Belarus,1997,300,0,0,0,0,0,0,,0,unhcr_population,2025-12-31,2026-08-19T14:21:59Z,2026-08-19
BLR,Belarus,1998,292,0,0,0,0,0,0,,0,unhcr_population,2025-12-31,2026-08-19T14:21:59Z,2026-08-19
BLR,Belarus,1999,1505,0,0,0,0,0,0,,0,unhcr_population,2025-12-31,2026-08-19T14:21:59Z,2026-08-19
BLR,Belarus,2000,2515,766,0,0,0,0,0,,0,unhcr_population,2025-12-31,2026-08-19T14:21:59Z,2026-08-19
BLR,Belarus,2001,3691,1131,0,0,0,0,0,,0,unhcr_population,2025-12-31,2026-08-19T14:21:59Z,2026-08-19
BLR,Belarus,2002,6366,2073,0,0,0,0,0,,0,unhcr_population,2025-12-31,2026-08-19T14:21:59Z,2026-08-19
BLR,Belarus,2003,7817,2099,0,0,0,0,0,,0,unhcr_population,2025-12-31,2026-08-19T14:21:59Z,2026-08-19
BLR,Belarus,2004,8226,1403,0,0,0,0,0,,0,unhcr_population,2025-12-31,2026-08-19T14:21:59Z,2026-08-19
BLR,Belarus,2005,8849,1425,0,0,0,0,0,,0,unhcr_population,2025-12-31,2026-08-19T14:21:59Z,2026-08-19
BLR,Belarus,2006,9368,1698,0,0,0,0,0,,0,unhcr_population,2025-12-31,2026-08-19T14:21:59Z,2026-08-19
BLR,Belarus,2007,4961,1202,0,0,0,0,0,,0,unhcr_population,2025-12-31,2026-08-19T14:21:59Z,2026-08-19
BLR,Belarus,2008,5376,1082,0,0,0,0,0,,0,unhcr_population,2025-12-31,2026-08-19T14:21:59Z,2026-08-19
BLR,Belarus,2009,5518,975,0,0,0,0,0,,0,unhcr_population,2025-12-31,2026-08-19T14:21:59Z,2026-08-19
BLR,Belarus,2010,5735,737,0,0,0,0,0,,0,unhcr_population,2025-12-31,2026-08-19T14:21:59Z,2026-08-19
BLR,Belarus,2011,5916,910,0,0,0,0,0,,0,unhcr_population,2025-12-31,2026-08-19T14:21:59Z,2026-08-19
BLR,Belarus,2012,6181,1013,0,0,0,0,0,,0,unhcr_population,2025-12-31,2026-08-19T14:21:59Z,2026-08-19
BLR,Belarus,2013,4387,870,0,0,0,0,0,,0,unhcr_population,2025-12-31,2026-08-19T14:21:59Z,2026-08-19
BLR,Belarus,2014,4296,931,0,0,0,0,0,,0,unhcr_population,2025-12-31,2026-08-19T14:21:59Z,2026-08-19
BLR,Belarus,2015,4117,1472,0,0,0,0,0,,0,unhcr_population,2025-12-31,2026-08-19T14:21:59Z,2026-08-19
BLR,Belarus,2016,3831,1985,0,0,0,0,0,,0,unhcr_population,2025-12-31,2026-08-19T14:21:59Z,2026-08-19
BLR,Belarus,2017,3650,2862,0,0,0,0,0,,0,unhcr_population,2025-12-31,2026-08-19T14:21:59Z,2026-08-19
BLR,Belarus,2018,3526,3282,0,0,0,0,0,,0,unhcr_population,2025-12-31,2026-08-19T14:21:59Z,2026-08-19
BLR,Belarus,2019,3425,4012,0,0,0,0,0,,0,unhcr_population,2025-12-31,2026-08-19T14:21:59Z,2026-08-19
BLR,Belarus,2020,3139,4698,0,0,0,0,0,,0,unhcr_population,2025-12-31,2026-08-19T14:21:59Z,2026-08-19
BLR,Belarus,2021,4632,6799,0,0,0,0,0,,0,unhcr_population,2025-12-31,2026-08-19T14:21:59Z,2026-08-19
BLR,Belarus,2022,11598,8396,0,0,0,0,0,,0,unhcr_population,2025-12-31,2026-08-19T14:21:59Z,2026-08-19
BLR,Belarus,2023,15071,11837,0,0,0,0,0,,0,unhcr_population,2025-12-31,2026-08-19T14:21:59Z,2026-08-19
BLR,Belarus,2024,17704,12787,0,0,0,24,0,,0,unhcr_population,2025-12-31,2026-08-19T14:21:59Z,2026-08-19
BLR,Belarus,2025,19462,8119,0,0,5,0,0,,0,unhcr_population,2025-12-31,2026-08-19T14:21:59Z,2026-08-19
BLZ,Belize,1994,8,0,0,0,0,0,0,,0,unhcr_population,2025-12-31,2026-08-19T14:21:59Z,2026-08-19
BLZ,Belize,1995,8,0,0,0,0,0,0,,0,unhcr_population,2025-12-31,2026-08-19T14:21:59Z,2026-08-19
BLZ,Belize,1996,5,0,0,0,0,0,0,,0,unhcr_population,2025-12-31,2026-08-19T14:21:59Z,2026-08-19
BLZ,Belize,1999,11,0,0,0,0,0,0,,0,unhcr_population,2025-12-31,2026-08-19T14:21:59Z,2026-08-19
BLZ,Belize,2000,12,14,0,0,0,0,0,,0,unhcr_population,2025-12-31,2026-08-19T14:21:59Z,2026-08-19
BLZ,Belize,2001,0,30,0,0,0,0,0,,0,unhcr_population,2025-12-31,2026-08-19T14:21:59Z,2026-08-19
BLZ,Belize,2002,0,33,0,0,0,0,0,,0,unhcr_population,2025-12-31,2026-08-19T14:21:59Z,2026-08-19
BLZ,Belize,2003,9,28,0,0,0,0,0,,0,unhcr_population,2025-12-31,2026-08-19T14:21:59Z,2026-08-19
BLZ,Belize,2004,6,23,0,0,0,0,0,,0,unhcr_population,2025-12-31,2026-08-19T14:21:59Z,2026-08-19
BLZ,Belize,2005,5,24,0,0,0,0,0,,0,unhcr_population,2025-12-31,2026-08-19T14:21:59Z,2026-08-19
BLZ,Belize,2006,13,14,0,0,0,0,0,,0,unhcr_population,2025-12-31,2026-08-19T14:21:59Z,2026-08-19
BLZ,Belize,2007,13,10,0,0,0,0,0,,0,unhcr_population,2025-12-31,2026-08-19T14:21:59Z,2026-08-19
BLZ,Belize,2008,18,17,0,0,0,0,0,,0,unhcr_population,2025-12-31,2026-08-19T14:21:59Z,2026-08-19
BLZ,Belize,2009,16,16,0,0,0,0,0,,0,unhcr_population,2025-12-31,2026-08-19T14:21:59Z,2026-08-19
BLZ,Belize,2010,21,10,0,0,0,0,0,,0,unhcr_population,2025-12-31,2026-08-19T14:21:59Z,2026-08-19
BLZ,Belize,2011,29,14,0,0,0,0,0,,0,unhcr_population,2025-12-31,2026-08-19T14:21:59Z,2026-08-19
BLZ,Belize,2012,35,5,0,0,0,0,0,,0,unhcr_population,2025-12-31,2026-08-19T14:21:59Z,2026-08-19
BLZ,Belize,2013,37,53,0,0,0,0,0,,0,unhcr_population,2025-12-31,2026-08-19T14:21:59Z,2026-08-19
BLZ,Belize,2014,42,83,0,0,0,0,0,,0,unhcr_population,2025-12-31,2026-08-19T14:21:59Z,2026-08-19
BLZ,Belize,2015,48,96,0,0,57,0,0,,0,unhcr_population,2025-12-31,2026-08-19T14:21:59Z,2026-08-19
BLZ,Belize,2016,58,160,0,0,0,0,0,,0,unhcr_population,2025-12-31,2026-08-19T14:21:59Z,2026-08-19
BLZ,Belize,2017,64,206,0,0,0,0,0,,0,unhcr_population,2025-12-31,2026-08-19T14:21:59Z,2026-08-19
BLZ,Belize,2018,68,219,0,0,0,0,0,,0,unhcr_population,2025-12-31,2026-08-19T14:21:59Z,2026-08-19
BLZ,Belize,2019,73,278,0,0,0,0,0,,0,unhcr_population,2025-12-31,2026-08-19T14:21:59Z,2026-08-19
BLZ,Belize,2020,68,314,0,0,0,0,0,,0,unhcr_population,2025-12-31,2026-08-19T14:21:59Z,2026-08-19
BLZ,Belize,2021,81,369,0,0,0,0,0,,0,unhcr_population,2025-12-31,2026-08-19T14:21:59Z,2026-08-19
BLZ,Belize,2022,65,481,0,0,0,0,0,,0,unhcr_population,2025-12-31,2026-08-19T14:21:59Z,2026-08-19
BLZ,Belize,2023,72,976,0,0,0,0,0,,0,unhcr_population,2025-12-31,2026-08-19T14:21:59Z,2026-08-19
BLZ,Belize,2024,104,1400,0,0,0,0,0,,0,unhcr_population,2025-12-31,2026-08-19T14:21:59Z,2026-08-19
BLZ,Belize,2025,108,1382,0,0,0,0,0,,0,unhcr_population,2025-12-31,2026-08-19T14:21:59Z,2026-08-19
BMU,Bermuda,2005,0,5,0,0,0,0,0,,0,unhcr_population,2025-12-31,2026-08-19T14:21:59Z,2026-08-19
BMU,Bermuda,2011,0,5,0,0,0,0,0,,0,unhcr_population,2025-12-31,2026-08-19T14:21:59Z,2026-08-19
BMU,Bermuda,2012,0,5,0,0,0,0,0,,0,unhcr_population,2025-12-31,2026-08-19T14:21:59Z,2026-08-19
BMU,Bermuda,2023,5,99,0,0,0,0,0,,0,unhcr_population,2025-12-31,2026-08-19T14:21:59Z,2026-08-19
BMU,Bermuda,2024,5,94,0,0,0,0,0,,0,unhcr_population,2025-12-31,2026-08-19T14:21:59Z,2026-08-19
BMU,Bermuda,2025,6,101,0,0,0,0,0,,0,unhcr_population,2025-12-31,2026-08-19T14:21:59Z,2026-08-19
BOL,Bolivia (Plurinational State of),1970,1400,0,0,0,0,0,0,,0,unhcr_population,2025-12-31,2026-08-19T14:21:59Z,2026-08-19
BOL,Bolivia (Plurinational State of),1971,2930,0,0,0,0,0,0,,0,unhcr_population,2025-12-31,2026-08-19T14:21:59Z,2026-08-19
BOL,Bolivia (Plurinational State of),1972,1730,0,0,0,0,0,0,,0,unhcr_population,2025-12-31,2026-08-19T14:21:59Z,2026-08-19
BOL,Bolivia (Plurinational State of),1974,1650,0,0,0,0,0,0,,0,unhcr_population,2025-12-31,2026-08-19T14:21:59Z,2026-08-19
BOL,Bolivia (Plurinational State of),1975,90,0,0,0,0,0,0,,0,unhcr_population,2025-12-31,2026-08-19T14:21:59Z,2026-08-19
BOL,Bolivia (Plurinational State of),1976,60,0,0,0,0,0,0,,0,unhcr_population,2025-12-31,2026-08-19T14:21:59Z,2026-08-19
BOL,Bolivia (Plurinational State of),1980,170,0,0,0,0,0,0,,0,unhcr_population,2025-12-31,2026-08-19T14:21:59Z,2026-08-19
BOL,Bolivia (Plurinational State of),1981,100,0,0,0,0,0,0,,0,unhcr_population,2025-12-31,2026-08-19T14:21:59Z,2026-08-19
BOL,Bolivia (Plurinational State of),1982,270,0,0,0,0,470,0,,0,unhcr_population,2025-12-31,2026-08-19T14:21:59Z,2026-08-19
BOL,Bolivia (Plurinational State of),1983,0,0,0,0,0,1850,0,,0,unhcr_population,2025-12-31,2026-08-19T14:21:59Z,2026-08-19
BOL,Bolivia (Plurinational State of),1989,26,0,0,0,0,0,0,,0,unhcr_population,2025-12-31,2026-08-19T14:21:59Z,2026-08-19
BOL,Bolivia (Plurinational State of),1990,729,0,0,0,0,0,0,,0,unhcr_population,2025-12-31,2026-08-19T14:21:59Z,2026-08-19
BOL,Bolivia (Plurinational State of),1991,67,0,0,0,0,0,0,,0,unhcr_population,2025-12-31,2026-08-19T14:21:59Z,2026-08-19
BOL,Bolivia (Plurinational State of),1992,28,0,0,0,0,0,0,,0,unhcr_population,2025-12-31,2026-08-19T14:21:59Z,2026-08-19
BOL,Bolivia (Plurinational State of),1993,40,0,0,0,0,0,0,,0,unhcr_population,2025-12-31,2026-08-19T14:21:59Z,2026-08-19
BOL,Bolivia (Plurinational State of),1994,177,0,0,0,0,0,0,,0,unhcr_population,2025-12-31,2026-08-19T14:21:59Z,2026-08-19
BOL,Bolivia (Plurinational State of),1995,180,0,0,0,0,0,0,,0,unhcr_population,2025-12-31,2026-08-19T14:21:59Z,2026-08-19
BOL,Bolivia (Plurinational State of),1996,177,0,0,0,0,0,0,,0,unhcr_population,2025-12-31,2026-08-19T14:21:59Z,2026-08-19
BOL,Bolivia (Plurinational State of),1997,163,0,0,0,0,0,0,,0,unhcr_population,2025-12-31,2026-08-19T14:21:59Z,2026-08-19
BOL,Bolivia (Plurinational State of),1998,187,0,0,0,0,0,0,,0,unhcr_population,2025-12-31,2026-08-19T14:21:59Z,2026-08-19
BOL,Bolivia (Plurinational State of),1999,176,0,0,0,0,0,0,,0,unhcr_population,2025-12-31,2026-08-19T14:21:59Z,2026-08-19
BOL,Bolivia (Plurinational State of),2000,177,121,0,0,0,0,0,,0,unhcr_population,2025-12-31,2026-08-19T14:21:59Z,2026-08-19
BOL,Bolivia (Plurinational State of),2001,157,160,0,0,0,0,0,,0,unhcr_population,2025-12-31,2026-08-19T14:21:59Z,2026-08-19
BOL,Bolivia (Plurinational State of),2002,215,492,0,0,0,0,0,,0,unhcr_population,2025-12-31,2026-08-19T14:21:59Z,2026-08-19
BOL,Bolivia (Plurinational State of),2003,260,485,0,0,0,5,0,,0,unhcr_population,2025-12-31,2026-08-19T14:21:59Z,2026-08-19
BOL,Bolivia (Plurinational State of),2004,280,380,0,0,0,0,0,,0,unhcr_population,2025-12-31,2026-08-19T14:21:59Z,2026-08-19
BOL,Bolivia (Plurinational State of),2005,263,352,0,0,0,0,0,,0,unhcr_population,2025-12-31,2026-08-19T14:21:59Z,2026-08-19
BOL,Bolivia (Plurinational State of),2006,371,424,0,0,0,0,0,,0,unhcr_population,2025-12-31,2026-08-19T14:21:59Z,2026-08-19
BOL,Bolivia (Plurinational State of),2007,423,421,0,0,0,0,0,,0,unhcr_population,2025-12-31,2026-08-19T14:21:59Z,2026-08-19
BOL,Bolivia (Plurinational State of),2008,455,153,0,0,0,0,0,,0,unhcr_population,2025-12-31,2026-08-19T14:21:59Z,2026-08-19
BOL,Bolivia (Plurinational State of),2009,570,162,0,0,0,0,0,,0,unhcr_population,2025-12-31,2026-08-19T14:21:59Z,2026-08-19
BOL,Bolivia (Plurinational State of),2010,589,134,0,0,0,0,0,,0,unhcr_population,2025-12-31,2026-08-19T14:21:59Z,2026-08-19
BOL,Bolivia (Plurinational State of),2011,615,152,0,0,0,0,0,,0,unhcr_population,2025-12-31,2026-08-19T14:21:59Z,2026-08-19
BOL,Bolivia (Plurinational State of),2012,616,162,0,0,0,0,0,,0,unhcr_population,2025-12-31,2026-08-19T14:21:59Z,2026-08-19
BOL,Bolivia (Plurinational State of),2013,594,201,0,0,0,0,0,,0,unhcr_population,2025-12-31,2026-08-19T14:21:59Z,2026-08-19
BOL,Bolivia (Plurinational State of),2014,594,262,0,0,0,0,0,,0,unhcr_population,2025-12-31,2026-08-19T14:21:59Z,2026-08-19
BOL,Bolivia (Plurinational State of),2015,566,342,0,0,0,0,0,,0,unhcr_population,2025-12-31,2026-08-19T14:21:59Z,2026-08-19
BOL,Bolivia (Plurinational State of),2016,530,411,0,0,0,0,0,,0,unhcr_population,2025-12-31,2026-08-19T14:21:59Z,2026-08-19
BOL,Bolivia (Plurinational State of),2017,520,865,0,0,0,0,0,,0,unhcr_population,2025-12-31,2026-08-19T14:21:59Z,2026-08-19
BOL,Bolivia (Plurinational State of),2018,502,1004,0,0,0,0,0,,0,unhcr_population,2025-12-31,2026-08-19T14:21:59Z,2026-08-19
BOL,Bolivia (Plurinational State of),2019,514,1238,0,0,0,0,0,,0,unhcr_population,2025-12-31,2026-08-19T14:21:59Z,2026-08-19
BOL,Bolivia (Plurinational State of),2020,535,1370,0,0,0,0,0,,0,unhcr_population,2025-12-31,2026-08-19T14:21:59Z,2026-08-19
BOL,Bolivia (Plurinational State of),2021,549,1830,0,0,0,0,0,,0,unhcr_population,2025-12-31,2026-08-19T14:21:59Z,2026-08-19
BOL,Bolivia (Plurinational State of),2022,578,2324,0,0,0,0,0,,0,unhcr_population,2025-12-31,2026-08-19T14:21:59Z,2026-08-19
BOL,Bolivia (Plurinational State of),2023,468,4467,0,0,0,0,0,,0,unhcr_population,2025-12-31,2026-08-19T14:21:59Z,2026-08-19
BOL,Bolivia (Plurinational State of),2024,612,7080,0,0,0,0,0,,0,unhcr_population,2025-12-31,2026-08-19T14:21:59Z,2026-08-19
BOL,Bolivia (Plurinational State of),2025,710,6747,0,0,789,0,0,,0,unhcr_population,2025-12-31,2026-08-19T14:21:59Z,2026-08-19
BRA,Brazil,1971,2000,0,0,0,0,0,0,,0,unhcr_population,2025-12-31,2026-08-19T14:21:59Z,2026-08-19
BRA,Brazil,1972,2000,0,0,0,0,0,0,,0,unhcr_population,2025-12-31,2026-08-19T14:21:59Z,2026-08-19
BRA,Brazil,1980,5,0,0,0,0,0,0,,0,unhcr_population,2025-12-31,2026-08-19T14:21:59Z,2026-08-19
BRA,Brazil,1981,5,0,0,0,0,0,0,,0,unhcr_population,2025-12-31,2026-08-19T14:21:59Z,2026-08-19
BRA,Brazil,1982,5,0,0,0,0,0,0,,0,unhcr_population,2025-12-31,2026-08-19T14:21:59Z,2026-08-19
BRA,Brazil,1983,5,0,0,0,0,0,0,,0,unhcr_population,2025-12-31,2026-08-19T14:21:59Z,2026-08-19
BRA,Brazil,1984,5,0,0,0,0,0,0,,0,unhcr_population,2025-12-31,2026-08-19T14:21:59Z,2026-08-19
BRA,Brazil,1985,5,0,0,0,0,0,0,,0,unhcr_population,2025-12-31,2026-08-19T14:21:59Z,2026-08-19
BRA,Brazil,1986,5,0,0,0,0,0,0,,0,unhcr_population,2025-12-31,2026-08-19T14:21:59Z,2026-08-19
BRA,Brazil,1989,6,0,0,0,0,0,0,,0,unhcr_population,2025-12-31,2026-08-19T14:21:59Z,2026-08-19
BRA,Brazil,1990,15,0,0,0,0,0,0,,0,unhcr_population,2025-12-31,2026-08-19T14:21:59Z,2026-08-19
BRA,Brazil,1991,11,0,0,0,0,0,0,,0,unhcr_population,2025-12-31,2026-08-19T14:21:59Z,2026-08-19
BRA,Brazil,1992,11,0,0,0,0,0,0,,0,unhcr_population,2025-12-31,2026-08-19T14:21:59Z,2026-08-19
BRA,Brazil,1993,9,0,0,0,0,0,0,,0,unhcr_population,2025-12-31,2026-08-19T14:21:59Z,2026-08-19
BRA,Brazil,1994,41,0,0,0,0,5,0,,0,unhcr_population,2025-12-31,2026-08-19T14:21:59Z,2026-08-19
BRA,Brazil,1995,52,0,0,0,0,6,0,,0,unhcr_population,2025-12-31,2026-08-19T14:21:59Z,2026-08-19
BRA,Brazil,1996,84,0,0,0,0,0,0,,0,unhcr_population,2025-12-31,2026-08-19T14:21:59Z,2026-08-19
BRA,Brazil,1997,103,0,0,0,0,0,0,,0,unhcr_population,2025-12-31,2026-08-19T14:21:59Z,2026-08-19
BRA,Brazil,1998,134,0,0,0,0,0,0,,0,unhcr_population,2025-12-31,2026-08-19T14:21:59Z,2026-08-19
BRA,Brazil,1999,194,0,0,0,0,0,0,,0,unhcr_population,2025-12-31,2026-08-19T14:21:59Z,2026-08-19
BRA,Brazil,2000,220,649,0,0,0,0,0,,0,unhcr_population,2025-12-31,2026-08-19T14:21:59Z,2026-08-19
BRA,Brazil,2001,251,794,0,0,0,0,0,,0,unhcr_population,2025-12-31,2026-08-19T14:21:59Z,2026-08-19
BRA,Brazil,2002,438,1149,0,0,0,0,0,,0,unhcr_population,2025-12-31,2026-08-19T14:21:59Z,2026-08-19
BRA,Brazil,2003,377,1266,0,0,0,0,0,,0,unhcr_population,2025-12-31,2026-08-19T14:21:59Z,2026-08-19
BRA,Brazil,2004,401,1011,0,0,0,0,0,,0,unhcr_population,2025-12-31,2026-08-19T14:21:59Z,2026-08-19
BRA,Brazil,2005,370,590,0,0,0,0,0,,0,unhcr_population,2025-12-31,2026-08-19T14:21:59Z,2026-08-19
BRA,Brazil,2006,703,429,0,0,0,0,0,,0,unhcr_population,2025-12-31,2026-08-19T14:21:59Z,2026-08-19
BRA,Brazil,2007,1623,298,0,0,0,0,0,,0,unhcr_population,2025-12-31,2026-08-19T14:21:59Z,2026-08-19
BRA,Brazil,2008,1401,356,0,0,0,0,0,,0,unhcr_population,2025-12-31,2026-08-19T14:21:59Z,2026-08-19
BRA,Brazil,2009,973,361,0,0,0,0,0,,0,unhcr_population,2025-12-31,2026-08-19T14:21:59Z,2026-08-19
BRA,Brazil,2010,991,241,0,0,0,0,0,,0,unhcr_population,2025-12-31,2026-08-19T14:21:59Z,2026-08-19
BRA,Brazil,2011,1040,197,0,0,0,0,0,,0,unhcr_population,2025-12-31,2026-08-19T14:21:59Z,2026-08-19
BRA,Brazil,2012,1073,242,0,0,0,0,0,,0,unhcr_population,2025-12-31,2026-08-19T14:21:59Z,2026-08-19
BRA,Brazil,2013,982,551,0,0,0,0,0,,0,unhcr_population,2025-12-31,2026-08-19T14:21:59Z,2026-08-19
BRA,Brazil,2014,977,1190,0,0,0,0,0,,0,unhcr_population,2025-12-31,2026-08-19T14:21:59Z,2026-08-19
BRA,Brazil,2015,893,2151,0,0,0,0,0,,0,unhcr_population,2025-12-31,2026-08-19T14:21:59Z,2026-08-19
BRA,Brazil,2016,803,3760,0,0,0,0,0,,0,unhcr_population,2025-12-31,2026-08-19T14:21:59Z,2026-08-19
BRA,Brazil,2017,851,6786,0,0,0,0,0,,0,unhcr_population,2025-12-31,2026-08-19T14:21:59Z,2026-08-19
BRA,Brazil,2018,1038,8570,0,0,0,0,0,,0,unhcr_population,2025-12-31,2026-08-19T14:21:59Z,2026-08-19
BRA,Brazil,2019,1399,12034,0,0,0,0,0,,0,unhcr_population,2025-12-31,2026-08-19T14:21:59Z,2026-08-19
BRA,Brazil,2020,1548,16857,0,0,0,0,0,,0,unhcr_population,2025-12-31,2026-08-19T14:21:59Z,2026-08-19
BRA,Brazil,2021,1954,26440,0,0,0,0,0,,26596,unhcr_population,2025-12-31,2026-08-19T14:21:59Z,2026-08-19
BRA,Brazil,2022,2740,49183,0,0,3574,0,0,,0,unhcr_population,2025-12-31,2026-08-19T14:21:59Z,2026-08-19
BRA,Brazil,2023,3798,72234,0,0,1438,0,0,,0,unhcr_population,2025-12-31,2026-08-19T14:21:59Z,2026-08-19
BRA,Brazil,2024,5072,86150,0,0,0,39,0,,0,unhcr_population,2025-12-31,2026-08-19T14:21:59Z,2026-08-19
BRA,Brazil,2025,6306,66672,0,0,0,0,0,,0,unhcr_population,2025-12-31,2026-08-19T14:21:59Z,2026-08-19
BRB,Barbados,1994,5,0,0,0,0,0,0,,0,unhcr_population,2025-12-31,2026-08-19T14:21:59Z,2026-08-19
BRB,Barbados,2000,5,8,0,0,0,0,0,,0,unhcr_population,2025-12-31,2026-08-19T14:21:59Z,2026-08-19
BRB,Barbados,2001,6,24,0,0,0,0,0,,0,unhcr_population,2025-12-31,2026-08-19T14:21:59Z,2026-08-19
BRB,Barbados,2002,6,61,0,0,0,0,0,,0,unhcr_population,2025-12-31,2026-08-19T14:21:59Z,2026-08-19
BRB,Barbados,2003,8,43,0,0,0,0,0,,0,unhcr_population,2025-12-31,2026-08-19T14:21:59Z,2026-08-19
BRB,Barbados,2004,10,12,0,0,0,0,0,,0,unhcr_population,2025-12-31,2026-08-19T14:21:59Z,2026-08-19
BRB,Barbados,2005,8,18,0,0,0,0,0,,0,unhcr_population,2025-12-31,2026-08-19T14:21:59Z,2026-08-19
BRB,Barbados,2006,28,37,0,0,0,0,0,,0,unhcr_population,2025-12-31,2026-08-19T14:21:59Z,2026-08-19
BRB,Barbados,2007,39,30,0,0,0,0,0,,0,unhcr_population,2025-12-31,2026-08-19T14:21:59Z,2026-08-19
BRB,Barbados,2008,33,45,0,0,0,0,0,,0,unhcr_population,2025-12-31,2026-08-19T14:21:59Z,2026-08-19
BRB,Barbados,2009,28,66,0,0,0,0,0,,0,unhcr_population,2025-12-31,2026-08-19T14:21:59Z,2026-08-19
BRB,Barbados,2010,29,63,0,0,0,0,0,,0,unhcr_population,2025-12-31,2026-08-19T14:21:59Z,2026-08-19
BRB,Barbados,2011,42,73,0,0,0,0,0,,0,unhcr_population,2025-12-31,2026-08-19T14:21:59Z,2026-08-19
BRB,Barbados,2012,50,56,0,0,0,0,0,,0,unhcr_population,2025-12-31,2026-08-19T14:21:59Z,2026-08-19
BRB,Barbados,2013,63,51,0,0,0,0,0,,0,unhcr_population,2025-12-31,2026-08-19T14:21:59Z,2026-08-19
BRB,Barbados,2014,82,17,0,0,0,0,0,,0,unhcr_population,2025-12-31,2026-08-19T14:21:59Z,2026-08-19
BRB,Barbados,2015,95,24,0,0,0,0,0,,0,unhcr_population,2025-12-31,2026-08-19T14:21:59Z,2026-08-19
BRB,Barbados,2016,144,44,0,0,0,0,0,,0,unhcr_population,2025-12-31,2026-08-19T14:21:59Z,2026-08-19
BRB,Barbados,2017,172,76,0,0,0,0,0,,0,unhcr_population,2025-12-31,2026-08-19T14:21:59Z,2026-08-19
BRB,Barbados,2018,211,81,0,0,0,0,0,,0,unhcr_population,2025-12-31,2026-08-19T14:21:59Z,2026-08-19
BRB,Barbados,2019,243,116,0,0,0,0,0,,0,unhcr_population,2025-12-31,2026-08-19T14:21:59Z,2026-08-19
BRB,Barbados,2020,230,120,0,0,0,0,0,,0,unhcr_population,2025-12-31,2026-08-19T14:21:59Z,2026-08-19
BRB,Barbados,2021,265,91,0,0,0,0,0,,0,unhcr_population,2025-12-31,2026-08-19T14:21:59Z,2026-08-19
BRB,Barbados,2022,231,226,0,0,0,0,0,,0,unhcr_population,2025-12-31,2026-08-19T14:21:59Z,2026-08-19
BRB,Barbados,2023,298,255,0,0,0,0,0,,0,unhcr_population,2025-12-31,2026-08-19T14:21:59Z,2026-08-19
BRB,Barbados,2024,415,620,0,0,0,0,0,,0,unhcr_population,2025-12-31,2026-08-19T14:21:59Z,2026-08-19
BRB,Barbados,2025,577,722,0,0,0,0,0,,0,unhcr_population,2025-12-31,2026-08-19T14:21:59Z,2026-08-19
BRN,Brunei Darussalam,1995,5,0,0,0,0,0,0,,0,unhcr_population,2025-12-31,2026-08-19T14:21:59Z,2026-08-19
BRN,Brunei Darussalam,1996,0,0,0,0,0,5,0,,0,unhcr_population,2025-12-31,2026-08-19T14:21:59Z,2026-08-19
BRN,Brunei Darussalam,2005,47,0,0,0,0,0,0,,0,unhcr_population,2025-12-31,2026-08-19T14:21:59Z,2026-08-19
BRN,Brunei Darussalam,2015,0,5,0,0,0,0,0,,0,unhcr_population,2025-12-31,2026-08-19T14:21:59Z,2026-08-19
BRN,Brunei Darussalam,2016,0,5,0,0,0,0,0,,0,unhcr_population,2025-12-31,2026-08-19T14:21:59Z,2026-08-19
BRN,Brunei Darussalam,2017,0,9,0,0,0,0,0,,0,unhcr_population,2025-12-31,2026-08-19T14:21:59Z,2026-08-19
BRN,Brunei Darussalam,2019,0,10,0,0,0,0,0,,0,unhcr_population,2025-12-31,2026-08-19T14:21:59Z,2026-08-19
BRN,Brunei Darussalam,2020,0,10,0,0,0,0,0,,0,unhcr_population,2025-12-31,2026-08-19T14:21:59Z,2026-08-19
BRN,Brunei Darussalam,2021,0,5,0,0,0,0,0,,0,unhcr_population,2025-12-31,2026-08-19T14:21:59Z,2026-08-19
BRN,Brunei Darussalam,2022,0,14,0,0,0,0,0,,0,unhcr_population,2025-12-31,2026-08-19T14:21:59Z,2026-08-19
BRN,Brunei Darussalam,2023,0,24,0,0,0,0,0,,0,unhcr_population,2025-12-31,2026-08-19T14:21:59Z,2026-08-19
BRN,Brunei Darussalam,2024,0,71,0,0,0,0,0,,0,unhcr_population,2025-12-31,2026-08-19T14:21:59Z,2026-08-19
BRN,Brunei Darussalam,2025,5,170,0,0,0,0,0,,0,unhcr_population,2025-12-31,2026-08-19T14:21:59Z,2026-08-19
BTN,Bhutan,1991,9504,0,0,0,0,0,0,,0,unhcr_population,2025-12-31,2026-08-19T14:21:59Z,2026-08-19
BTN,Bhutan,1992,75442,0,0,0,0,0,0,,0,unhcr_population,2025-12-31,2026-08-19T14:21:59Z,2026-08-19
BTN,Bhutan,1993,85334,0,0,0,0,0,0,,0,unhcr_population,2025-12-31,2026-08-19T14:21:59Z,2026-08-19
BTN,Bhutan,1994,103270,0,0,0,0,0,0,,0,unhcr_population,2025-12-31,2026-08-19T14:21:59Z,2026-08-19
BTN,Bhutan,1995,104746,0,0,0,0,0,0,,0,unhcr_population,2025-12-31,2026-08-19T14:21:59Z,2026-08-19
BTN,Bhutan,1996,106820,0,0,0,0,0,0,,0,unhcr_population,2025-12-31,2026-08-19T14:21:59Z,2026-08-19
BTN,Bhutan,1997,108702,0,0,0,0,0,0,,0,unhcr_population,2025-12-31,2026-08-19T14:21:59Z,2026-08-19
BTN,Bhutan,1998,105690,0,0,0,0,0,0,,0,unhcr_population,2025-12-31,2026-08-19T14:21:59Z,2026-08-19
BTN,Bhutan,1999,107619,0,0,0,0,0,0,,0,unhcr_population,2025-12-31,2026-08-19T14:21:59Z,2026-08-19
BTN,Bhutan,2000,108943,46,0,0,0,0,0,,0,unhcr_population,2025-12-31,2026-08-19T14:21:59Z,2026-08-19
BTN,Bhutan,2001,110844,65,0,0,0,0,0,,0,unhcr_population,2025-12-31,2026-08-19T14:21:59Z,2026-08-19
BTN,Bhutan,2002,112524,55,0,0,0,0,0,,0,unhcr_population,2025-12-31,2026-08-19T14:21:59Z,2026-08-19
BTN,Bhutan,2003,103977,242,0,0,10000,0,0,,0,unhcr_population,2025-12-31,2026-08-19T14:21:59Z,2026-08-19
BTN,Bhutan,2004,105259,482,0,0,10000,0,0,,0,unhcr_population,2025-12-31,2026-08-19T14:21:59Z,2026-08-19
BTN,Bhutan,2005,106539,1105,0,0,10000,0,0,,0,unhcr_population,2025-12-31,2026-08-19T14:21:59Z,2026-08-19
BTN,Bhutan,2006,108069,1453,0,0,10000,0,0,,0,unhcr_population,2025-12-31,2026-08-19T14:21:59Z,2026-08-19
BTN,Bhutan,2007,110593,1637,0,0,0,0,0,,0,unhcr_population,2025-12-31,2026-08-19T14:21:59Z,2026-08-19
BTN,Bhutan,2008,104960,1094,0,0,0,0,0,,0,unhcr_population,2025-12-31,2026-08-19T14:21:59Z,2026-08-19
BTN,Bhutan,2009,89064,1013,0,0,0,0,0,,0,unhcr_population,2025-12-31,2026-08-19T14:21:59Z,2026-08-19
BTN,Bhutan,2010,75062,1009,0,0,0,0,0,,0,unhcr_population,2025-12-31,2026-08-19T14:21:59Z,2026-08-19
BTN,Bhutan,2011,57980,1014,0,0,0,0,0,,0,unhcr_population,2025-12-31,2026-08-19T14:21:59Z,2026-08-19
BTN,Bhutan,2012,41582,99,0,0,0,0,0,,0,unhcr_population,2025-12-31,2026-08-19T14:21:59Z,2026-08-19
BTN,Bhutan,2013,31556,157,0,0,0,0,0,,0,unhcr_population,2025-12-31,2026-08-19T14:21:59Z,2026-08-19
BTN,Bhutan,2014,23633,190,0,0,0,0,0,,0,unhcr_population,2025-12-31,2026-08-19T14:21:59Z,2026-08-19
BTN,Bhutan,2015,17709,223,0,0,0,0,0,,0,unhcr_population,2025-12-31,2026-08-19T14:21:59Z,2026-08-19
BTN,Bhutan,2016,11757,277,0,0,0,0,0,,0,unhcr_population,2025-12-31,2026-08-19T14:21:59Z,2026-08-19
BTN,Bhutan,2017,7954,400,0,0,0,0,0,,0,unhcr_population,2025-12-31,2026-08-19T14:21:59Z,2026-08-19
BTN,Bhutan,2018,7100,390,0,0,0,0,0,,0,unhcr_population,2025-12-31,2026-08-19T14:21:59Z,2026-08-19
BTN,Bhutan,2019,6839,413,0,0,0,0,0,,0,unhcr_population,2025-12-31,2026-08-19T14:21:59Z,2026-08-19
BTN,Bhutan,2020,6741,411,0,0,0,0,0,,0,unhcr_population,2025-12-31,2026-08-19T14:21:59Z,2026-08-19
BTN,Bhutan,2021,6702,487,0,0,0,0,0,,0,unhcr_population,2025-12-31,2026-08-19T14:21:59Z,2026-08-19
BTN,Bhutan,2022,6688,465,0,0,0,0,0,,0,unhcr_population,2025-12-31,2026-08-19T14:21:59Z,2026-08-19
BTN,Bhutan,2023,6676,468,0,0,0,0,0,,0,unhcr_population,2025-12-31,2026-08-19T14:21:59Z,2026-08-19
BTN,Bhutan,2024,7433,523,0,0,0,0,0,,0,unhcr_population,2025-12-31,2026-08-19T14:21:59Z,2026-08-19
BTN,Bhutan,2025,7257,77,0,0,0,0,0,,0,unhcr_population,2025-12-31,2026-08-19T14:21:59Z,2026-08-19
BWA,Botswana,1989,5,0,0,0,0,0,0,,0,unhcr_population,2025-12-31,2026-08-19T14:21:59Z,2026-08-19
BWA,Botswana,1990,5,0,0,0,0,0,0,,0,unhcr_population,2025-12-31,2026-08-19T14:21:59Z,2026-08-19
BWA,Botswana,1991,5,0,0,0,0,0,0,,0,unhcr_population,2025-12-31,2026-08-19T14:21:59Z,2026-08-19
BWA,Botswana,1992,5,0,0,0,0,0,0,,0,unhcr_population,2025-12-31,2026-08-19T14:21:59Z,2026-08-19
BWA,Botswana,1993,5,0,0,0,0,0,0,,0,unhcr_population,2025-12-31,2026-08-19T14:21:59Z,2026-08-19
BWA,Botswana,1994,22,0,0,0,0,0,0,,0,unhcr_population,2025-12-31,2026-08-19T14:21:59Z,2026-08-19
BWA,Botswana,1995,27,0,0,0,0,0,0,,0,unhcr_population,2025-12-31,2026-08-19T14:21:59Z,2026-08-19
BWA,Botswana,1996,22,0,0,0,0,0,0,,0,unhcr_population,2025-12-31,2026-08-19T14:21:59Z,2026-08-19
BWA,Botswana,1997,16,0,0,0,0,0,0,,0,unhcr_population,2025-12-31,2026-08-19T14:21:59Z,2026-08-19
BWA,Botswana,1998,16,0,0,0,0,0,0,,0,unhcr_population,2025-12-31,2026-08-19T14:21:59Z,2026-08-19
BWA,Botswana,1999,10,0,0,0,0,0,0,,0,unhcr_population,2025-12-31,2026-08-19T14:21:59Z,2026-08-19
BWA,Botswana,2000,5,0,0,0,0,0,0,,0,unhcr_population,2025-12-31,2026-08-19T14:21:59Z,2026-08-19
BWA,Botswana,2001,0,5,0,0,0,0,0,,0,unhcr_population,2025-12-31,2026-08-19T14:21:59Z,2026-08-19
BWA,Botswana,2002,5,10,0,0,0,0,0,,0,unhcr_population,2025-12-31,2026-08-19T14:21:59Z,2026-08-19
BWA,Botswana,2003,5,16,0,0,0,0,0,,0,unhcr_population,2025-12-31,2026-08-19T14:21:59Z,2026-08-19
BWA,Botswana,2004,5,7,0,0,0,0,0,,0,unhcr_population,2025-12-31,2026-08-19T14:21:59Z,2026-08-19
BWA,Botswana,2005,0,8,0,0,0,0,0,,0,unhcr_population,2025-12-31,2026-08-19T14:21:59Z,2026-08-19
BWA,Botswana,2006,10,27,0,0,0,0,0,,0,unhcr_population,2025-12-31,2026-08-19T14:21:59Z,2026-08-19
BWA,Botswana,2007,16,53,0,0,0,0,0,,0,unhcr_population,2025-12-31,2026-08-19T14:21:59Z,2026-08-19
BWA,Botswana,2008,29,148,0,0,0,0,0,,0,unhcr_population,2025-12-31,2026-08-19T14:21:59Z,2026-08-19
BWA,Botswana,2009,32,195,0,0,0,0,0,,0,unhcr_population,2025-12-31,2026-08-19T14:21:59Z,2026-08-19
BWA,Botswana,2010,56,185,0,0,0,0,0,,0,unhcr_population,2025-12-31,2026-08-19T14:21:59Z,2026-08-19
BWA,Botswana,2011,88,168,0,0,0,0,0,,0,unhcr_population,2025-12-31,2026-08-19T14:21:59Z,2026-08-19
BWA,Botswana,2012,125,126,0,0,0,0,0,,0,unhcr_population,2025-12-31,2026-08-19T14:21:59Z,2026-08-19
BWA,Botswana,2013,165,101,0,0,0,0,0,,0,unhcr_population,2025-12-31,2026-08-19T14:21:59Z,2026-08-19
BWA,Botswana,2014,234,69,0,0,0,0,0,,0,unhcr_population,2025-12-31,2026-08-19T14:21:59Z,2026-08-19
BWA,Botswana,2015,306,73,0,0,0,0,0,,0,unhcr_population,2025-12-31,2026-08-19T14:21:59Z,2026-08-19
BWA,Botswana,2016,265,127,0,0,0,0,0,,0,unhcr_population,2025-12-31,2026-08-19T14:21:59Z,2026-08-19
BWA,Botswana,2017,279,95,0,0,0,0,0,,0,unhcr_population,2025-12-31,2026-08-19T14:21:59Z,2026-08-19
BWA,Botswana,2018,289,89,0,0,0,0,0,,0,unhcr_population,2025-12-31,2026-08-19T14:21:59Z,2026-08-19
BWA,Botswana,2019,228,139,0,0,0,0,0,,0,unhcr_population,2025-12-31,2026-08-19T14:21:59Z,2026-08-19
BWA,Botswana,2020,191,134,0,0,0,0,0,,0,unhcr_population,2025-12-31,2026-08-19T14:21:59Z,2026-08-19
BWA,Botswana,2021,122,213,0,0,0,0,0,,0,unhcr_population,2025-12-31,2026-08-19T14:21:59Z,2026-08-19
BWA,Botswana,2022,81,686,0,0,28,0,0,,0,unhcr_population,2025-12-31,2026-08-19T14:21:59Z,2026-08-19
BWA,Botswana,2023,150,1389,0,0,28,0,0,,0,unhcr_population,2025-12-31,2026-08-19T14:21:59Z,2026-08-19
BWA,Botswana,2024,249,1331,0,0,29,0,0,,0,unhcr_population,2025-12-31,2026-08-19T14:21:59Z,2026-08-19
BWA,Botswana,2025,384,789,0,0,30,0,0,,0,unhcr_population,2025-12-31,2026-08-19T14:21:59Z,2026-08-19
CAF,Central African Rep.,1982,15000,0,0,0,0,0,0,,0,unhcr_population,2025-12-31,2026-08-19T14:21:59Z,2026-08-19
CAF,Central African Rep.,1986,230,0,0,0,0,0,0,,0,unhcr_population,2025-12-31,2026-08-19T14:21:59Z,2026-08-19
CAF,Central African Rep.,1987,160,0,0,0,0,0,0,,0,unhcr_population,2025-12-31,2026-08-19T14:21:59Z,2026-08-19
CAF,Central African Rep.,1988,170,0,0,0,0,0,0,,0,unhcr_population,2025-12-31,2026-08-19T14:21:59Z,2026-08-19
CAF,Central African Rep.,1989,310,0,0,0,0,0,0,,0,unhcr_population,2025-12-31,2026-08-19T14:21:59Z,2026-08-19
CAF,Central African Rep.,1990,100,0,0,0,0,0,0,,0,unhcr_population,2025-12-31,2026-08-19T14:21:59Z,2026-08-19
CAF,Central African Rep.,1991,320,0,0,0,0,0,0,,0,unhcr_population,2025-12-31,2026-08-19T14:21:59Z,2026-08-19
CAF,Central African Rep.,1992,325,0,0,0,0,0,0,,0,unhcr_population,2025-12-31,2026-08-19T14:21:59Z,2026-08-19
CAF,Central African Rep.,1993,309,0,0,0,0,26,0,,0,unhcr_population,2025-12-31,2026-08-19T14:21:59Z,2026-08-19
CAF,Central African Rep.,1994,264,0,0,0,0,12,0,,0,unhcr_population,2025-12-31,2026-08-19T14:21:59Z,2026-08-19
CAF,Central African Rep.,1995,241,0,0,0,0,0,0,,0,unhcr_population,2025-12-31,2026-08-19T14:21:59Z,2026-08-19
CAF,Central African Rep.,1996,240,0,0,0,0,0,0,,0,unhcr_population,2025-12-31,2026-08-19T14:21:59Z,2026-08-19
CAF,Central African Rep.,1997,139,0,0,0,0,0,0,,0,unhcr_population,2025-12-31,2026-08-19T14:21:59Z,2026-08-19
CAF,Central African Rep.,1998,168,0,0,0,0,0,0,,0,unhcr_population,2025-12-31,2026-08-19T14:21:59Z,2026-08-19
CAF,Central African Rep.,1999,190,0,0,0,0,0,0,,0,unhcr_population,2025-12-31,2026-08-19T14:21:59Z,2026-08-19
CAF,Central African Rep.,2000,135,54,0,0,0,59,0,,0,unhcr_population,2025-12-31,2026-08-19T14:21:59Z,2026-08-19
CAF,Central African Rep.,2001,28698,353,0,0,0,0,0,,0,unhcr_population,2025-12-31,2026-08-19T14:21:59Z,2026-08-19
CAF,Central African Rep.,2002,25368,657,0,0,0,5,0,,0,unhcr_population,2025-12-31,2026-08-19T14:21:59Z,2026-08-19
CAF,Central African Rep.,2003,35394,832,0,0,0,4857,0,,0,unhcr_population,2025-12-31,2026-08-19T14:21:59Z,2026-08-19
CAF,Central African Rep.,2004,31056,1286,0,0,0,367,0,,0,unhcr_population,2025-12-31,2026-08-19T14:21:59Z,2026-08-19
CAF,Central African Rep.,2005,42875,1839,0,0,0,73,0,,0,unhcr_population,2025-12-31,2026-08-19T14:21:59Z,2026-08-19
CAF,Central African Rep.,2006,71669,2108,147000,0,0,50,0,,0,unhcr_population,2025-12-31,2026-08-19T14:21:59Z,2026-08-19
CAF,Central African Rep.,2007,98092,1333,197000,0,0,16,5000,,0,unhcr_population,2025-12-31,2026-08-19T14:21:59Z,2026-08-19
CAF,Central African Rep.,2008,125090,1213,197000,0,0,19,0,,0,unhcr_population,2025-12-31,2026-08-19T14:21:59Z,2026-08-19
CAF,Central African Rep.,2009,159542,852,197000,0,0,51,0,,0,unhcr_population,2025-12-31,2026-08-19T14:21:59Z,2026-08-19
CAF,Central African Rep.,2010,164902,1504,192529,0,0,51,0,,0,unhcr_population,2025-12-31,2026-08-19T14:21:59Z,2026-08-19
CAF,Central African Rep.,2011,162861,1793,105206,0,0,8974,66545,,0,unhcr_population,2025-12-31,2026-08-19T14:21:59Z,2026-08-19
CAF,Central African Rep.,2012,164567,1899,51679,0,0,2313,35433,,0,unhcr_population,2025-12-31,2026-08-19T14:21:59Z,2026-08-19
CAF,Central African Rep.,2013,252854,7459,894421,0,0,0,0,,0,unhcr_population,2025-12-31,2026-08-19T14:21:59Z,2026-08-19
CAF,Central African Rep.,2014,412028,14361,438538,0,15043,0,610903,,0,unhcr_population,2025-12-31,2026-08-19T14:21:59Z,2026-08-19
CAF,Central African Rep.,2015,471093,10634,216392,0,20792,21632,258276,,0,unhcr_population,2025-12-31,2026-08-19T14:21:59Z,2026-08-19
CAF,Central African Rep.,2016,490879,10603,411785,0,21010,34401,0,,0,unhcr_population,2025-12-31,2026-08-19T14:21:59Z,2026-08-19
CAF,Central African Rep.,2017,545513,12997,688700,0,21432,78620,89019,,0,unhcr_population,2025-12-31,2026-08-19T14:21:59Z,2026-08-19
CAF,Central African Rep.,2018,590858,17278,640970,0,21697,35182,306246,,0,unhcr_population,2025-12-31,2026-08-19T14:21:59Z,2026-08-19
CAF,Central African Rep.,2019,610152,15935,669906,0,1570,46523,90672,,0,unhcr_population,2025-12-31,2026-08-19T14:21:59Z,2026-08-19
CAF,Central African Rep.,2020,642161,13458,681930,0,1669,4978,158247,,0,unhcr_population,2025-12-31,2026-08-19T14:21:59Z,2026-08-19
CAF,Central African Rep.,2021,737658,14283,691791,0,2284,5579,371285,,0,unhcr_population,2025-12-31,2026-08-19T14:21:59Z,2026-08-19
CAF,Central African Rep.,2022,748344,14291,515665,0,2246,5703,404628,,0,unhcr_population,2025-12-31,2026-08-19T14:21:59Z,2026-08-19
CAF,Central African Rep.,2023,759187,14775,511803,0,3402,14449,325938,,0,unhcr_population,2025-12-31,2026-08-19T14:21:59Z,2026-08-19
CAF,Central African Rep.,2024,693488,18082,469342,0,3641,19875,151765,,0,unhcr_population,2025-12-31,2026-08-19T14:21:59Z,2026-08-19
CAF,Central African Rep.,2025,674222,82600,427479,0,3615,21664,183922,,0,unhcr_population,2025-12-31,2026-08-19T14:21:59Z,2026-08-19
CAN,Canada,1991,5,0,0,0,0,0,0,,0,unhcr_population,2025-12-31,2026-08-19T14:21:59Z,2026-08-19
CAN,Canada,1992,5,0,0,0,0,0,0,,0,unhcr_population,2025-12-31,2026-08-19T14:21:59Z,2026-08-19
CAN,Canada,1993,5,0,0,0,0,0,0,,0,unhcr_population,2025-12-31,2026-08-19T14:21:59Z,2026-08-19
CAN,Canada,1994,5,0,0,0,0,0,0,,0,unhcr_population,2025-12-31,2026-08-19T14:21:59Z,2026-08-19
CAN,Canada,1995,5,0,0,0,0,0,0,,0,unhcr_population,2025-12-31,2026-08-19T14:21:59Z,2026-08-19
CAN,Canada,1996,10,0,0,0,0,0,0,,0,unhcr_population,2025-12-31,2026-08-19T14:21:59Z,2026-08-19
CAN,Canada,1997,12,0,0,0,0,0,0,,0,unhcr_population,2025-12-31,2026-08-19T14:21:59Z,2026-08-19
CAN,Canada,1998,16,0,0,0,0,0,0,,0,unhcr_population,2025-12-31,2026-08-19T14:21:59Z,2026-08-19
CAN,Canada,1999,19,0,0,0,0,0,0,,0,unhcr_population,2025-12-31,2026-08-19T14:21:59Z,2026-08-19
CAN,Canada,2000,25,7,0,0,0,0,0,,0,unhcr_population,2025-12-31,2026-08-19T14:21:59Z,2026-08-19
CAN,Canada,2001,5,9,0,0,0,0,0,,0,unhcr_population,2025-12-31,2026-08-19T14:21:59Z,2026-08-19
CAN,Canada,2002,52,20,0,0,0,0,0,,0,unhcr_population,2025-12-31,2026-08-19T14:21:59Z,2026-08-19
CAN,Canada,2003,61,22,0,0,0,0,0,,0,unhcr_population,2025-12-31,2026-08-19T14:21:59Z,2026-08-19
CAN,Canada,2004,57,18,0,0,0,0,0,,0,unhcr_population,2025-12-31,2026-08-19T14:21:59Z,2026-08-19
CAN,Canada,2005,120,35,0,0,0,0,0,,0,unhcr_population,2025-12-31,2026-08-19T14:21:59Z,2026-08-19
CAN,Canada,2006,94,44,0,0,0,0,0,,0,unhcr_population,2025-12-31,2026-08-19T14:21:59Z,2026-08-19
CAN,Canada,2007,530,59,0,0,0,0,0,,0,unhcr_population,2025-12-31,2026-08-19T14:21:59Z,2026-08-19
CAN,Canada,2008,100,55,0,0,0,0,0,,0,unhcr_population,2025-12-31,2026-08-19T14:21:59Z,2026-08-19
CAN,Canada,2009,97,9,0,0,0,0,0,,0,unhcr_population,2025-12-31,2026-08-19T14:21:59Z,2026-08-19
CAN,Canada,2010,86,5,0,0,0,0,0,,0,unhcr_population,2025-12-31,2026-08-19T14:21:59Z,2026-08-19
CAN,Canada,2011,108,0,0,0,0,0,0,,0,unhcr_population,2025-12-31,2026-08-19T14:21:59Z,2026-08-19
CAN,Canada,2012,121,5,0,0,0,0,0,,0,unhcr_population,2025-12-31,2026-08-19T14:21:59Z,2026-08-19
CAN,Canada,2013,94,23,0,0,6,0,0,,0,unhcr_population,2025-12-31,2026-08-19T14:21:59Z,2026-08-19
CAN,Canada,2014,89,55,0,0,6,0,0,,0,unhcr_population,2025-12-31,2026-08-19T14:21:59Z,2026-08-19
CAN,Canada,2015,73,334,0,0,6,0,0,,0,unhcr_population,2025-12-31,2026-08-19T14:21:59Z,2026-08-19
CAN,Canada,2016,76,54,0,0,0,0,0,,0,unhcr_population,2025-12-31,2026-08-19T14:21:59Z,2026-08-19
CAN,Canada,2017,75,78,0,0,0,0,0,,0,unhcr_population,2025-12-31,2026-08-19T14:21:59Z,2026-08-19
CAN,Canada,2018,81,79,0,0,0,0,0,,0,unhcr_population,2025-12-31,2026-08-19T14:21:59Z,2026-08-19
CAN,Canada,2019,71,88,0,0,0,0,0,,0,unhcr_population,2025-12-31,2026-08-19T14:21:59Z,2026-08-19
CAN,Canada,2020,65,108,0,0,0,0,0,,0,unhcr_population,2025-12-31,2026-08-19T14:21:59Z,2026-08-19
CAN,Canada,2021,60,126,0,0,0,0,0,,0,unhcr_population,2025-12-31,2026-08-19T14:21:59Z,2026-08-19
CAN,Canada,2022,186,218,0,0,0,0,0,,0,unhcr_population,2025-12-31,2026-08-19T14:21:59Z,2026-08-19
CAN,Canada,2023,223,311,0,0,0,0,0,,0,unhcr_population,2025-12-31,2026-08-19T14:21:59Z,2026-08-19
CAN,Canada,2024,309,351,0,0,0,0,0,,0,unhcr_population,2025-12-31,2026-08-19T14:21:59Z,2026-08-19
CAN,Canada,2025,360,215,0,0,0,0,0,,0,unhcr_population,2025-12-31,2026-08-19T14:21:59Z,2026-08-19
CHE,Switzerland,1994,8,0,0,0,0,0,0,,0,unhcr_population,2025-12-31,2026-08-19T14:21:59Z,2026-08-19
CHE,Switzerland,1995,27,0,0,0,0,0,0,,0,unhcr_population,2025-12-31,2026-08-19T14:21:59Z,2026-08-19
CHE,Switzerland,1996,32,0,0,0,0,0,0,,0,unhcr_population,2025-12-31,2026-08-19T14:21:59Z,2026-08-19
CHE,Switzerland,1997,54,0,0,0,0,0,0,,0,unhcr_population,2025-12-31,2026-08-19T14:21:59Z,2026-08-19
CHE,Switzerland,1998,76,0,0,0,0,0,0,,0,unhcr_population,2025-12-31,2026-08-19T14:21:59Z,2026-08-19
CHE,Switzerland,1999,90,0,0,0,0,0,0,,0,unhcr_population,2025-12-31,2026-08-19T14:21:59Z,2026-08-19
CHE,Switzerland,2000,69,0,0,0,0,0,0,,0,unhcr_population,2025-12-31,2026-08-19T14:21:59Z,2026-08-19
CHE,Switzerland,2001,60,0,0,0,0,0,0,,0,unhcr_population,2025-12-31,2026-08-19T14:21:59Z,2026-08-19
CHE,Switzerland,2002,55,5,0,0,0,0,0,,0,unhcr_population,2025-12-31,2026-08-19T14:21:59Z,2026-08-19
CHE,Switzerland,2003,34,0,0,0,0,0,0,,0,unhcr_population,2025-12-31,2026-08-19T14:21:59Z,2026-08-19
CHE,Switzerland,2004,11,0,0,0,0,0,0,,0,unhcr_population,2025-12-31,2026-08-19T14:21:59Z,2026-08-19
CHE,Switzerland,2005,14,0,0,0,0,0,0,,0,unhcr_population,2025-12-31,2026-08-19T14:21:59Z,2026-08-19
CHE,Switzerland,2006,38,0,0,0,0,0,0,,0,unhcr_population,2025-12-31,2026-08-19T14:21:59Z,2026-08-19
CHE,Switzerland,2007,33,0,0,0,0,0,0,,0,unhcr_population,2025-12-31,2026-08-19T14:21:59Z,2026-08-19
CHE,Switzerland,2008,32,0,0,0,0,0,0,,0,unhcr_population,2025-12-31,2026-08-19T14:21:59Z,2026-08-19
CHE,Switzerland,2009,19,5,0,0,0,0,0,,0,unhcr_population,2025-12-31,2026-08-19T14:21:59Z,2026-08-19
CHE,Switzerland,2010,20,0,0,0,0,0,0,,0,unhcr_population,2025-12-31,2026-08-19T14:21:59Z,2026-08-19
CHE,Switzerland,2011,20,0,0,0,0,0,0,,0,unhcr_population,2025-12-31,2026-08-19T14:21:59Z,2026-08-19
CHE,Switzerland,2012,16,5,0,0,0,0,0,,0,unhcr_population,2025-12-31,2026-08-19T14:21:59Z,2026-08-19
CHE,Switzerland,2013,11,0,0,0,0,0,0,,0,unhcr_population,2025-12-31,2026-08-19T14:21:59Z,2026-08-19
CHE,Switzerland,2014,16,0,0,0,0,0,0,,0,unhcr_population,2025-12-31,2026-08-19T14:21:59Z,2026-08-19
CHE,Switzerland,2015,16,0,0,0,0,0,0,,0,unhcr_population,2025-12-31,2026-08-19T14:21:59Z,2026-08-19
CHE,Switzerland,2016,5,10,0,0,0,0,0,,0,unhcr_population,2025-12-31,2026-08-19T14:21:59Z,2026-08-19
CHE,Switzerland,2017,5,10,0,0,0,0,0,,0,unhcr_population,2025-12-31,2026-08-19T14:21:59Z,2026-08-19
CHE,Switzerland,2018,5,13,0,0,0,0,0,,0,unhcr_population,2025-12-31,2026-08-19T14:21:59Z,2026-08-19
CHE,Switzerland,2019,5,20,0,0,0,0,0,,0,unhcr_population,2025-12-31,2026-08-19T14:21:59Z,2026-08-19
CHE,Switzerland,2020,5,16,0,0,0,0,0,,0,unhcr_population,2025-12-31,2026-08-19T14:21:59Z,2026-08-19
CHE,Switzerland,2021,0,21,0,0,0,0,0,,0,unhcr_population,2025-12-31,2026-08-19T14:21:59Z,2026-08-19
CHE,Switzerland,2022,8,27,0,0,0,0,0,,0,unhcr_population,2025-12-31,2026-08-19T14:21:59Z,2026-08-19
CHE,Switzerland,2023,0,42,0,0,0,0,0,,0,unhcr_population,2025-12-31,2026-08-19T14:21:59Z,2026-08-19
CHE,Switzerland,2024,5,50,0,0,0,0,0,,0,unhcr_population,2025-12-31,2026-08-19T14:21:59Z,2026-08-19
CHE,Switzerland,2025,6,33,0,0,0,0,0,,0,unhcr_population,2025-12-31,2026-08-19T14:21:59Z,2026-08-19
CHL,Chile,1974,13550,0,0,0,0,0,0,,0,unhcr_population,2025-12-31,2026-08-19T14:21:59Z,2026-08-19
CHL,Chile,1975,15350,0,0,0,0,0,0,,0,unhcr_population,2025-12-31,2026-08-19T14:21:59Z,2026-08-19
CHL,Chile,1976,2670,0,0,0,0,0,0,,0,unhcr_population,2025-12-31,2026-08-19T14:21:59Z,2026-08-19
CHL,Chile,1977,3000,0,0,0,0,0,0,,0,unhcr_population,2025-12-31,2026-08-19T14:21:59Z,2026-08-19
CHL,Chile,1978,3130,0,0,0,0,0,0,,0,unhcr_population,2025-12-31,2026-08-19T14:21:59Z,2026-08-19
CHL,Chile,1979,3130,0,0,0,0,0,0,,0,unhcr_population,2025-12-31,2026-08-19T14:21:59Z,2026-08-19
CHL,Chile,1980,1505,0,0,0,0,0,0,,0,unhcr_population,2025-12-31,2026-08-19T14:21:59Z,2026-08-19
CHL,Chile,1981,1885,0,0,0,0,0,0,,0,unhcr_population,2025-12-31,2026-08-19T14:21:59Z,2026-08-19
CHL,Chile,1982,2483,0,0,0,0,130,0,,0,unhcr_population,2025-12-31,2026-08-19T14:21:59Z,2026-08-19
CHL,Chile,1983,1794,0,0,0,0,0,0,,0,unhcr_population,2025-12-31,2026-08-19T14:21:59Z,2026-08-19
CHL,Chile,1984,1552,0,0,0,0,110,0,,0,unhcr_population,2025-12-31,2026-08-19T14:21:59Z,2026-08-19
CHL,Chile,1985,2181,0,0,0,0,240,0,,0,unhcr_population,2025-12-31,2026-08-19T14:21:59Z,2026-08-19
CHL,Chile,1986,2434,0,0,0,0,70,0,,0,unhcr_population,2025-12-31,2026-08-19T14:21:59Z,2026-08-19
CHL,Chile,1987,1906,0,0,0,0,60,0,,0,unhcr_population,2025-12-31,2026-08-19T14:21:59Z,2026-08-19
CHL,Chile,1988,608,0,0,0,0,0,0,,0,unhcr_population,2025-12-31,2026-08-19T14:21:59Z,2026-08-19
CHL,Chile,1989,1201,0,0,0,0,0,0,,0,unhcr_population,2025-12-31,2026-08-19T14:21:59Z,2026-08-19
CHL,Chile,1990,14547,0,0,0,0,290,0,,0,unhcr_population,2025-12-31,2026-08-19T14:21:59Z,2026-08-19
CHL,Chile,1991,14006,0,0,0,0,230,0,,0,unhcr_population,2025-12-31,2026-08-19T14:21:59Z,2026-08-19
CHL,Chile,1992,14042,0,0,0,0,287,0,,0,unhcr_population,2025-12-31,2026-08-19T14:21:59Z,2026-08-19
CHL,Chile,1993,15265,0,0,0,0,1784,0,,0,unhcr_population,2025-12-31,2026-08-19T14:21:59Z,2026-08-19
CHL,Chile,1994,15475,0,0,0,0,1944,0,,0,unhcr_population,2025-12-31,2026-08-19T14:21:59Z,2026-08-19
CHL,Chile,1995,14274,0,0,0,0,650,0,,0,unhcr_population,2025-12-31,2026-08-19T14:21:59Z,2026-08-19
CHL,Chile,1996,12801,0,0,0,0,33,0,,0,unhcr_population,2025-12-31,2026-08-19T14:21:59Z,2026-08-19
CHL,Chile,1997,9775,0,0,0,0,0,0,,0,unhcr_population,2025-12-31,2026-08-19T14:21:59Z,2026-08-19
CHL,Chile,1998,7005,0,0,0,0,22,0,,0,unhcr_population,2025-12-31,2026-08-19T14:21:59Z,2026-08-19
CHL,Chile,1999,1539,0,0,0,0,10,0,,0,unhcr_population,2025-12-31,2026-08-19T14:21:59Z,2026-08-19
CHL,Chile,2000,858,159,0,0,0,11,0,,0,unhcr_population,2025-12-31,2026-08-19T14:21:59Z,2026-08-19
CHL,Chile,2001,834,199,0,0,0,5,0,,0,unhcr_population,2025-12-31,2026-08-19T14:21:59Z,2026-08-19
CHL,Chile,2002,1705,513,0,0,0,0,0,,0,unhcr_population,2025-12-31,2026-08-19T14:21:59Z,2026-08-19
CHL,Chile,2003,1549,309,0,0,0,7,0,,0,unhcr_population,2025-12-31,2026-08-19T14:21:59Z,2026-08-19
CHL,Chile,2004,1183,197,0,0,0,0,0,,0,unhcr_population,2025-12-31,2026-08-19T14:21:59Z,2026-08-19
CHL,Chile,2005,929,81,0,0,0,0,0,,0,unhcr_population,2025-12-31,2026-08-19T14:21:59Z,2026-08-19
CHL,Chile,2006,798,83,0,0,0,0,0,,0,unhcr_population,2025-12-31,2026-08-19T14:21:59Z,2026-08-19
CHL,Chile,2007,964,127,0,0,0,0,0,,0,unhcr_population,2025-12-31,2026-08-19T14:21:59Z,2026-08-19
CHL,Chile,2008,988,128,0,0,0,0,0,,0,unhcr_population,2025-12-31,2026-08-19T14:21:59Z,2026-08-19
CHL,Chile,2009,1305,178,0,0,0,0,0,,0,unhcr_population,2025-12-31,2026-08-19T14:21:59Z,2026-08-19
CHL,Chile,2010,1163,170,0,0,0,0,0,,0,unhcr_population,2025-12-31,2026-08-19T14:21:59Z,2026-08-19
CHL,Chile,2011,1182,117,0,0,0,0,0,,0,unhcr_population,2025-12-31,2026-08-19T14:21:59Z,2026-08-19
CHL,Chile,2012,1145,63,0,0,0,0,0,,0,unhcr_population,2025-12-31,2026-08-19T14:21:59Z,2026-08-19
CHL,Chile,2013,588,66,0,0,0,0,0,,0,unhcr_population,2025-12-31,2026-08-19T14:21:59Z,2026-08-19
CHL,Chile,2014,571,98,0,0,0,0,0,,0,unhcr_population,2025-12-31,2026-08-19T14:21:59Z,2026-08-19
CHL,Chile,2015,554,149,0,0,0,0,0,,0,unhcr_population,2025-12-31,2026-08-19T14:21:59Z,2026-08-19
CHL,Chile,2016,495,200,0,0,0,0,0,,0,unhcr_population,2025-12-31,2026-08-19T14:21:59Z,2026-08-19
CHL,Chile,2017,493,350,0,0,0,0,0,,0,unhcr_population,2025-12-31,2026-08-19T14:21:59Z,2026-08-19
CHL,Chile,2018,479,514,0,0,0,0,0,,0,unhcr_population,2025-12-31,2026-08-19T14:21:59Z,2026-08-19
CHL,Chile,2019,486,1251,0,0,0,0,0,,0,unhcr_population,2025-12-31,2026-08-19T14:21:59Z,2026-08-19
CHL,Chile,2020,659,2111,0,0,0,0,0,,0,unhcr_population,2025-12-31,2026-08-19T14:21:59Z,2026-08-19
CHL,Chile,2021,987,9058,0,0,0,0,0,,0,unhcr_population,2025-12-31,2026-08-19T14:21:59Z,2026-08-19
CHL,Chile,2022,1500,11879,0,0,2126,0,0,,0,unhcr_population,2025-12-31,2026-08-19T14:21:59Z,2026-08-19
CHL,Chile,2023,1901,19228,0,0,2807,0,0,,0,unhcr_population,2025-12-31,2026-08-19T14:21:59Z,2026-08-19
CHL,Chile,2024,4809,24434,0,0,547,5,0,,0,unhcr_population,2025-12-31,2026-08-19T14:21:59Z,2026-08-19
CHL,Chile,2025,5358,23057,0,0,0,0,0,,0,unhcr_population,2025-12-31,2026-08-19T14:21:59Z,2026-08-19
CHN,China,1964,1200000,0,0,0,0,0,0,,0,unhcr_population,2025-12-31,2026-08-19T14:21:59Z,2026-08-19
CHN,China,1965,1330000,0,0,0,0,0,0,,0,unhcr_population,2025-12-31,2026-08-19T14:21:59Z,2026-08-19
CHN,China,1966,1326810,0,0,0,0,0,0,,0,unhcr_population,2025-12-31,2026-08-19T14:21:59Z,2026-08-19
CHN,China,1967,74000,0,0,0,0,0,0,,0,unhcr_population,2025-12-31,2026-08-19T14:21:59Z,2026-08-19
CHN,China,1968,70000,0,0,0,0,0,0,,0,unhcr_population,2025-12-31,2026-08-19T14:21:59Z,2026-08-19
CHN,China,1969,65000,0,0,0,0,0,0,,0,unhcr_population,2025-12-31,2026-08-19T14:21:59Z,2026-08-19
CHN,China,1970,66000,0,0,0,0,0,0,,0,unhcr_population,2025-12-31,2026-08-19T14:21:59Z,2026-08-19
CHN,China,1971,70000,0,0,0,0,0,0,,0,unhcr_population,2025-12-31,2026-08-19T14:21:59Z,2026-08-19
CHN,China,1972,75000,0,0,0,0,0,0,,0,unhcr_population,2025-12-31,2026-08-19T14:21:59Z,2026-08-19
CHN,China,1980,24,0,0,0,0,0,0,,0,unhcr_population,2025-12-31,2026-08-19T14:21:59Z,2026-08-19
CHN,China,1981,24,0,0,0,0,0,0,,0,unhcr_population,2025-12-31,2026-08-19T14:21:59Z,2026-08-19
CHN,China,1982,104,0,0,0,0,0,0,,0,unhcr_population,2025-12-31,2026-08-19T14:21:59Z,2026-08-19
CHN,China,1983,24,0,0,0,0,0,0,,0,unhcr_population,2025-12-31,2026-08-19T14:21:59Z,2026-08-19
CHN,China,1984,24,0,0,0,0,0,0,,0,unhcr_population,2025-12-31,2026-08-19T14:21:59Z,2026-08-19
CHN,China,1985,124,0,0,0,0,0,0,,0,unhcr_population,2025-12-31,2026-08-19T14:21:59Z,2026-08-19
CHN,China,1986,154,0,0,0,0,0,0,,0,unhcr_population,2025-12-31,2026-08-19T14:21:59Z,2026-08-19
CHN,China,1987,24,0,0,0,0,0,0,,0,unhcr_population,2025-12-31,2026-08-19T14:21:59Z,2026-08-19
CHN,China,1988,265,0,0,0,0,0,0,,0,unhcr_population,2025-12-31,2026-08-19T14:21:59Z,2026-08-19
CHN,China,1989,413,0,0,0,0,0,0,,0,unhcr_population,2025-12-31,2026-08-19T14:21:59Z,2026-08-19
CHN,China,1990,1426,0,0,0,0,1380,0,,0,unhcr_population,2025-12-31,2026-08-19T14:21:59Z,2026-08-19
CHN,China,1991,2011,0,0,0,0,0,0,,0,unhcr_population,2025-12-31,2026-08-19T14:21:59Z,2026-08-19
CHN,China,1992,82576,0,0,0,0,2460,0,,0,unhcr_population,2025-12-31,2026-08-19T14:21:59Z,2026-08-19
CHN,China,1993,111507,0,0,0,0,8,0,,0,unhcr_population,2025-12-31,2026-08-19T14:21:59Z,2026-08-19
CHN,China,1994,113908,0,0,0,0,0,0,,0,unhcr_population,2025-12-31,2026-08-19T14:21:59Z,2026-08-19
CHN,China,1995,104691,0,0,0,0,0,0,,0,unhcr_population,2025-12-31,2026-08-19T14:21:59Z,2026-08-19
CHN,China,1996,105806,0,0,0,0,5,0,,0,unhcr_population,2025-12-31,2026-08-19T14:21:59Z,2026-08-19
CHN,China,1997,106731,0,0,0,0,0,0,,0,unhcr_population,2025-12-31,2026-08-19T14:21:59Z,2026-08-19
CHN,China,1998,109396,0,0,0,5,0,0,,0,unhcr_population,2025-12-31,2026-08-19T14:21:59Z,2026-08-19
CHN,China,1999,111950,0,0,0,0,0,0,,0,unhcr_population,2025-12-31,2026-08-19T14:21:59Z,2026-08-19
CHN,China,2000,110967,17178,0,0,0,0,0,,0,unhcr_population,2025-12-31,2026-08-19T14:21:59Z,2026-08-19
CHN,China,2001,117403,19783,0,0,0,0,0,,0,unhcr_population,2025-12-31,2026-08-19T14:21:59Z,2026-08-19
CHN,China,2002,132099,25224,0,0,0,0,0,,0,unhcr_population,2025-12-31,2026-08-19T14:21:59Z,2026-08-19
CHN,China,2003,132390,21257,0,0,0,0,0,,0,unhcr_population,2025-12-31,2026-08-19T14:21:59Z,2026-08-19
CHN,China,2004,134708,19725,0,0,0,0,0,,0,unhcr_population,2025-12-31,2026-08-19T14:21:59Z,2026-08-19
CHN,China,2005,124086,19378,0,0,0,0,0,,0,unhcr_population,2025-12-31,2026-08-19T14:21:59Z,2026-08-19
CHN,China,2006,140584,17278,0,0,0,0,0,,0,unhcr_population,2025-12-31,2026-08-19T14:21:59Z,2026-08-19
CHN,China,2007,149087,15526,0,0,0,0,0,,0,unhcr_population,2025-12-31,2026-08-19T14:21:59Z,2026-08-19
CHN,China,2008,175169,19615,0,0,0,0,0,,0,unhcr_population,2025-12-31,2026-08-19T14:21:59Z,2026-08-19
CHN,China,2009,180546,18325,0,0,0,0,0,,0,unhcr_population,2025-12-31,2026-08-19T14:21:59Z,2026-08-19
CHN,China,2010,184601,7732,0,0,0,0,0,,0,unhcr_population,2025-12-31,2026-08-19T14:21:59Z,2026-08-19
CHN,China,2011,190369,11375,0,0,0,0,0,,0,unhcr_population,2025-12-31,2026-08-19T14:21:59Z,2026-08-19
CHN,China,2012,193449,15362,0,0,0,0,0,,0,unhcr_population,2025-12-31,2026-08-19T14:21:59Z,2026-08-19
CHN,China,2013,195121,24799,0,0,0,0,0,,0,unhcr_population,2025-12-31,2026-08-19T14:21:59Z,2026-08-19
CHN,China,2014,210793,47335,0,0,0,0,0,,0,unhcr_population,2025-12-31,2026-08-19T14:21:59Z,2026-08-19
CHN,China,2015,212911,57693,0,0,0,0,0,,0,unhcr_population,2025-12-31,2026-08-19T14:21:59Z,2026-08-19
CHN,China,2016,207768,72165,0,0,0,0,0,,0,unhcr_population,2025-12-31,2026-08-19T14:21:59Z,2026-08-19
CHN,China,2017,207716,89508,0,0,0,0,0,,0,unhcr_population,2025-12-31,2026-08-19T14:21:59Z,2026-08-19
CHN,China,2018,212039,94351,0,0,0,0,0,,0,unhcr_population,2025-12-31,2026-08-19T14:21:59Z,2026-08-19
CHN,China,2019,212863,104248,0,0,0,0,0,,0,unhcr_population,2025-12-31,2026-08-19T14:21:59Z,2026-08-19
CHN,China,2020,175361,108071,0,0,6,0,0,,0,unhcr_population,2025-12-31,2026-08-19T14:21:59Z,2026-08-19
CHN,China,2021,170222,118476,0,0,10,0,0,,0,unhcr_population,2025-12-31,2026-08-19T14:21:59Z,2026-08-19
CHN,China,2022,161366,116338,0,0,150,0,0,,0,unhcr_population,2025-12-31,2026-08-19T14:21:59Z,2026-08-19
CHN,China,2023,160565,137143,0,0,53,0,0,,0,unhcr_population,2025-12-31,2026-08-19T14:21:59Z,2026-08-19
CHN,China,2024,153564,180960,0,0,8,16,0,,0,unhcr_population,2025-12-31,2026-08-19T14:21:59Z,2026-08-19
CHN,China,2025,153962,99716,0,0,1340,8,0,,0,unhcr_population,2025-12-31,2026-08-19T14:21:59Z,2026-08-19
CIV,Cote d'Ivoire,1991,15,0,0,0,0,0,0,,0,unhcr_population,2025-12-31,2026-08-19T14:21:59Z,2026-08-19
CIV,Cote d'Ivoire,1992,37,0,0,0,0,0,0,,0,unhcr_population,2025-12-31,2026-08-19T14:21:59Z,2026-08-19
CIV,Cote d'Ivoire,1993,41,0,0,0,0,0,0,,0,unhcr_population,2025-12-31,2026-08-19T14:21:59Z,2026-08-19
CIV,Cote d'Ivoire,1994,102,0,0,0,0,0,0,,0,unhcr_population,2025-12-31,2026-08-19T14:21:59Z,2026-08-19
CIV,Cote d'Ivoire,1995,203,0,0,0,0,0,0,,0,unhcr_population,2025-12-31,2026-08-19T14:21:59Z,2026-08-19
CIV,Cote d'Ivoire,1996,272,0,0,0,0,0,0,,0,unhcr_population,2025-12-31,2026-08-19T14:21:59Z,2026-08-19
CIV,Cote d'Ivoire,1997,355,0,0,0,0,0,0,,0,unhcr_population,2025-12-31,2026-08-19T14:21:59Z,2026-08-19
CIV,Cote d'Ivoire,1998,531,0,0,0,0,0,0,,0,unhcr_population,2025-12-31,2026-08-19T14:21:59Z,2026-08-19
CIV,Cote d'Ivoire,1999,561,0,0,0,0,0,0,,0,unhcr_population,2025-12-31,2026-08-19T14:21:59Z,2026-08-19
CIV,Cote d'Ivoire,2000,771,678,0,0,0,0,0,,0,unhcr_population,2025-12-31,2026-08-19T14:21:59Z,2026-08-19
CIV,Cote d'Ivoire,2001,856,785,0,0,0,0,0,,0,unhcr_population,2025-12-31,2026-08-19T14:21:59Z,2026-08-19
CIV,Cote d'Ivoire,2002,23731,1688,100000,0,0,0,0,,0,unhcr_population,2025-12-31,2026-08-19T14:21:59Z,2026-08-19
CIV,Cote d'Ivoire,2003,33625,3294,38039,0,0,16600,0,,0,unhcr_population,2025-12-31,2026-08-19T14:21:59Z,2026-08-19
CIV,Cote d'Ivoire,2004,23649,4742,38039,0,0,7594,0,,0,unhcr_population,2025-12-31,2026-08-19T14:21:59Z,2026-08-19
CIV,Cote d'Ivoire,2005,18333,6348,38039,0,0,0,0,,0,unhcr_population,2025-12-31,2026-08-19T14:21:59Z,2026-08-19
CIV,Cote d'Ivoire,2006,26304,6377,709228,0,0,5,149,,0,unhcr_population,2025-12-31,2026-08-19T14:21:59Z,2026-08-19
CIV,Cote d'Ivoire,2007,22222,7416,709048,0,0,24,180,,0,unhcr_population,2025-12-31,2026-08-19T14:21:59Z,2026-08-19
CIV,Cote d'Ivoire,2008,22218,6459,683956,0,0,46,25092,,0,unhcr_population,2025-12-31,2026-08-19T14:21:59Z,2026-08-19
CIV,Cote d'Ivoire,2009,23148,5262,519140,0,0,89,166816,,0,unhcr_population,2025-12-31,2026-08-19T14:21:59Z,2026-08-19
CIV,Cote d'Ivoire,2010,41747,6014,514515,0,0,46,22625,,0,unhcr_population,2025-12-31,2026-08-19T14:21:59Z,2026-08-19
CIV,Cote d'Ivoire,2011,154818,18197,126668,0,938,135203,466808,,0,unhcr_population,2025-12-31,2026-08-19T14:21:59Z,2026-08-19
CIV,Cote d'Ivoire,2012,100709,11192,45000,0,332,72850,96010,,0,unhcr_population,2025-12-31,2026-08-19T14:21:59Z,2026-08-19
CIV,Cote d'Ivoire,2013,85650,10985,24000,0,0,20021,21000,,0,unhcr_population,2025-12-31,2026-08-19T14:21:59Z,2026-08-19
CIV,Cote d'Ivoire,2014,71956,13404,24000,0,41,12362,0,,0,unhcr_population,2025-12-31,2026-08-19T14:21:59Z,2026-08-19
CIV,Cote d'Ivoire,2015,71107,13752,308272,0,44,12220,399,,0,unhcr_population,2025-12-31,2026-08-19T14:21:59Z,2026-08-19
CIV,Cote d'Ivoire,2016,46811,18628,0,0,17,19549,0,,0,unhcr_population,2025-12-31,2026-08-19T14:21:59Z,2026-08-19
CIV,Cote d'Ivoire,2017,40009,26535,0,0,20,8302,0,,0,unhcr_population,2025-12-31,2026-08-19T14:21:59Z,2026-08-19
CIV,Cote d'Ivoire,2018,38316,22855,0,0,16,2837,0,,0,unhcr_population,2025-12-31,2026-08-19T14:21:59Z,2026-08-19
CIV,Cote d'Ivoire,2019,39351,19881,0,0,32,3245,0,,0,unhcr_population,2025-12-31,2026-08-19T14:21:59Z,2026-08-19
CIV,Cote d'Ivoire,2020,37525,34216,5394,0,31,331,11338,,0,unhcr_population,2025-12-31,2026-08-19T14:21:59Z,2026-08-19
CIV,Cote d'Ivoire,2021,39940,32608,0,0,152,22500,0,,0,unhcr_population,2025-12-31,2026-08-19T14:21:59Z,2026-08-19
CIV,Cote d'Ivoire,2022,25148,22037,0,0,117,21304,0,,0,unhcr_population,2025-12-31,2026-08-19T14:21:59Z,2026-08-19
CIV,Cote d'Ivoire,2023,25994,25948,0,0,27,27,0,,0,unhcr_population,2025-12-31,2026-08-19T14:21:59Z,2026-08-19
CIV,Cote d'Ivoire,2024,29442,26785,0,0,10,0,0,,0,unhcr_population,2025-12-31,2026-08-19T14:21:59Z,2026-08-19
CIV,Cote d'Ivoire,2025,32506,24238,0,0,814,0,0,,0,unhcr_population,2025-12-31,2026-08-19T14:21:59Z,2026-08-19
CMR,Cameroon,1989,60,0,0,0,0,0,0,,0,unhcr_population,2025-12-31,2026-08-19T14:21:59Z,2026-08-19
CMR,Cameroon,1990,100,0,0,0,0,0,0,,0,unhcr_population,2025-12-31,2026-08-19T14:21:59Z,2026-08-19
CMR,Cameroon,1992,84,0,0,0,0,0,0,,0,unhcr_population,2025-12-31,2026-08-19T14:21:59Z,2026-08-19
CMR,Cameroon,1993,170,0,0,0,0,0,0,,0,unhcr_population,2025-12-31,2026-08-19T14:21:59Z,2026-08-19
CMR,Cameroon,1994,236,0,0,0,0,0,0,,0,unhcr_population,2025-12-31,2026-08-19T14:21:59Z,2026-08-19
CMR,Cameroon,1995,2018,0,0,0,0,5,0,,0,unhcr_population,2025-12-31,2026-08-19T14:21:59Z,2026-08-19
CMR,Cameroon,1996,2111,0,0,0,0,0,0,,0,unhcr_population,2025-12-31,2026-08-19T14:21:59Z,2026-08-19
CMR,Cameroon,1997,2250,0,0,0,0,0,0,,0,unhcr_population,2025-12-31,2026-08-19T14:21:59Z,2026-08-19
CMR,Cameroon,1998,1349,0,0,0,0,5,0,,0,unhcr_population,2025-12-31,2026-08-19T14:21:59Z,2026-08-19
CMR,Cameroon,1999,1651,0,0,0,0,0,0,,0,unhcr_population,2025-12-31,2026-08-19T14:21:59Z,2026-08-19
CMR,Cameroon,2000,2067,1494,0,0,0,5,0,,0,unhcr_population,2025-12-31,2026-08-19T14:21:59Z,2026-08-19
CMR,Cameroon,2001,2729,2160,0,0,0,0,0,,0,unhcr_population,2025-12-31,2026-08-19T14:21:59Z,2026-08-19
CMR,Cameroon,2002,5228,2841,0,0,0,0,0,,0,unhcr_population,2025-12-31,2026-08-19T14:21:59Z,2026-08-19
CMR,Cameroon,2003,6215,3342,0,0,0,0,0,,0,unhcr_population,2025-12-31,2026-08-19T14:21:59Z,2026-08-19
CMR,Cameroon,2004,7631,3722,0,0,0,0,0,,0,unhcr_population,2025-12-31,2026-08-19T14:21:59Z,2026-08-19
CMR,Cameroon,2005,9096,4856,0,0,0,0,0,,0,unhcr_population,2025-12-31,2026-08-19T14:21:59Z,2026-08-19
CMR,Cameroon,2006,10373,3382,0,0,0,0,0,,0,unhcr_population,2025-12-31,2026-08-19T14:21:59Z,2026-08-19
CMR,Cameroon,2007,11499,2973,0,0,0,0,0,,0,unhcr_population,2025-12-31,2026-08-19T14:21:59Z,2026-08-19
CMR,Cameroon,2008,13852,2911,0,0,0,0,0,,0,unhcr_population,2025-12-31,2026-08-19T14:21:59Z,2026-08-19
CMR,Cameroon,2009,14752,2239,0,0,0,0,0,,0,unhcr_population,2025-12-31,2026-08-19T14:21:59Z,2026-08-19
CMR,Cameroon,2010,14952,2077,0,0,0,0,0,,0,unhcr_population,2025-12-31,2026-08-19T14:21:59Z,2026-08-19
CMR,Cameroon,2011,15149,2480,0,0,0,0,0,,0,unhcr_population,2025-12-31,2026-08-19T14:21:59Z,2026-08-19
CMR,Cameroon,2012,13360,3380,0,0,0,0,0,,0,unhcr_population,2025-12-31,2026-08-19T14:21:59Z,2026-08-19
CMR,Cameroon,2013,11410,4215,0,0,0,0,0,,0,unhcr_population,2025-12-31,2026-08-19T14:21:59Z,2026-08-19
CMR,Cameroon,2014,10739,5013,0,0,0,385,0,,0,unhcr_population,2025-12-31,2026-08-19T14:21:59Z,2026-08-19
CMR,Cameroon,2015,10565,7357,92657,0,5,0,18636,,0,unhcr_population,2025-12-31,2026-08-19T14:21:59Z,2026-08-19
CMR,Cameroon,2016,10344,10943,198889,0,27,131,18213,,0,unhcr_population,2025-12-31,2026-08-19T14:21:59Z,2026-08-19
CMR,Cameroon,2017,11032,24607,221695,0,24,0,33662,,0,unhcr_population,2025-12-31,2026-08-19T14:21:59Z,2026-08-19
CMR,Cameroon,2018,45118,18638,668494,0,11,0,67653,,0,unhcr_population,2025-12-31,2026-08-19T14:21:59Z,2026-08-19
CMR,Cameroon,2019,66241,21865,950263,0,10,0,347923,,0,unhcr_population,2025-12-31,2026-08-19T14:21:59Z,2026-08-19
CMR,Cameroon,2020,78481,23013,1032942,0,5,18279,465757,,0,unhcr_population,2025-12-31,2026-08-19T14:21:59Z,2026-08-19
CMR,Cameroon,2021,125477,22151,933138,0,22,0,53095,,0,unhcr_population,2025-12-31,2026-08-19T14:21:59Z,2026-08-19
CMR,Cameroon,2022,147352,21927,989079,0,8,30758,38159,,0,unhcr_population,2025-12-31,2026-08-19T14:21:59Z,2026-08-19
CMR,Cameroon,2023,110715,50840,1075252,0,13261,2058,15050,,0,unhcr_population,2025-12-31,2026-08-19T14:21:59Z,2026-08-19
CMR,Cameroon,2024,109879,59627,1036775,0,325,17653,12811,,0,unhcr_population,2025-12-31,2026-08-19T14:21:59Z,2026-08-19
CMR,Cameroon,2025,140366,37991,1004257,0,413,1146,0,,0,unhcr_population,2025-12-31,2026-08-19T14:21:59Z,2026-08-19
COD,Dem. Rep. of the Congo,1964,58700,0,0,0,0,0,0,,0,unhcr_population,2025-12-31,2026-08-19T14:21:59Z,2026-08-19
COD,Dem. Rep. of the Congo,1965,47000,0,0,0,0,0,0,,0,unhcr_population,2025-12-31,2026-08-19T14:21:59Z,2026-08-19
COD,Dem. Rep. of the Congo,1966,74800,0,0,0,0,0,0,,0,unhcr_population,2025-12-31,2026-08-19T14:21:59Z,2026-08-19
COD,Dem. Rep. of the Congo,1967,78190,0,0,0,0,3700,0,,0,unhcr_population,2025-12-31,2026-08-19T14:21:59Z,2026-08-19
COD,Dem. Rep. of the Congo,1968,67330,0,0,0,0,9000,0,,0,unhcr_population,2025-12-31,2026-08-19T14:21:59Z,2026-08-19
COD,Dem. Rep. of the Congo,1969,54530,0,0,0,0,1900,0,,0,unhcr_population,2025-12-31,2026-08-19T14:21:59Z,2026-08-19
COD,Dem. Rep. of the Congo,1970,51650,0,0,0,0,70,0,,0,unhcr_population,2025-12-31,2026-08-19T14:21:59Z,2026-08-19
COD,Dem. Rep. of the Congo,1971,43470,0,0,0,0,8790,0,,0,unhcr_population,2025-12-31,2026-08-19T14:21:59Z,2026-08-19
COD,Dem. Rep. of the Congo,1972,43920,0,0,0,0,700,0,,0,unhcr_population,2025-12-31,2026-08-19T14:21:59Z,2026-08-19
COD,Dem. Rep. of the Congo,1973,43380,0,0,0,0,310,0,,0,unhcr_population,2025-12-31,2026-08-19T14:21:59Z,2026-08-19
COD,Dem. Rep. of the Congo,1974,39820,0,0,0,0,0,0,,0,unhcr_population,2025-12-31,2026-08-19T14:21:59Z,2026-08-19
COD,Dem. Rep. of the Congo,1975,39410,0,0,0,0,0,0,,0,unhcr_population,2025-12-31,2026-08-19T14:21:59Z,2026-08-19
COD,Dem. Rep. of the Congo,1976,44070,0,0,0,0,0,0,,0,unhcr_population,2025-12-31,2026-08-19T14:21:59Z,2026-08-19
COD,Dem. Rep. of the Congo,1977,264940,0,0,0,0,470,0,,0,unhcr_population,2025-12-31,2026-08-19T14:21:59Z,2026-08-19
COD,Dem. Rep. of the Congo,1978,151560,0,0,0,0,140520,0,,0,unhcr_population,2025-12-31,2026-08-19T14:21:59Z,2026-08-19
COD,Dem. Rep. of the Congo,1979,70450,0,0,0,0,82910,0,,0,unhcr_population,2025-12-31,2026-08-19T14:21:59Z,2026-08-19
COD,Dem. Rep. of the Congo,1980,116750,0,0,0,0,1000,0,,0,unhcr_population,2025-12-31,2026-08-19T14:21:59Z,2026-08-19
COD,Dem. Rep. of the Congo,1981,118970,0,0,0,0,400,0,,0,unhcr_population,2025-12-31,2026-08-19T14:21:59Z,2026-08-19
COD,Dem. Rep. of the Congo,1982,92455,0,0,0,0,0,0,,0,unhcr_population,2025-12-31,2026-08-19T14:21:59Z,2026-08-19
COD,Dem. Rep. of the Congo,1983,101571,0,0,0,0,4660,0,,0,unhcr_population,2025-12-31,2026-08-19T14:21:59Z,2026-08-19
COD,Dem. Rep. of the Congo,1984,94512,0,0,0,0,7840,0,,0,unhcr_population,2025-12-31,2026-08-19T14:21:59Z,2026-08-19
COD,Dem. Rep. of the Congo,1985,86418,0,0,0,0,2530,0,,0,unhcr_population,2025-12-31,2026-08-19T14:21:59Z,2026-08-19
COD,Dem. Rep. of the Congo,1986,96619,0,0,0,0,3060,0,,0,unhcr_population,2025-12-31,2026-08-19T14:21:59Z,2026-08-19
COD,Dem. Rep. of the Congo,1987,69428,0,0,0,0,940,0,,0,unhcr_population,2025-12-31,2026-08-19T14:21:59Z,2026-08-19
COD,Dem. Rep. of the Congo,1988,103537,0,0,0,0,50,0,,0,unhcr_population,2025-12-31,2026-08-19T14:21:59Z,2026-08-19
COD,Dem. Rep. of the Congo,1989,100786,0,0,0,0,3210,0,,0,unhcr_population,2025-12-31,2026-08-19T14:21:59Z,2026-08-19
COD,Dem. Rep. of the Congo,1990,67423,0,0,0,0,80,0,,0,unhcr_population,2025-12-31,2026-08-19T14:21:59Z,2026-08-19
COD,Dem. Rep. of the Congo,1991,65816,0,0,0,0,0,0,,0,unhcr_population,2025-12-31,2026-08-19T14:21:59Z,2026-08-19
COD,Dem. Rep. of the Congo,1992,81269,0,0,0,0,15260,0,,0,unhcr_population,2025-12-31,2026-08-19T14:21:59Z,2026-08-19
COD,Dem. Rep. of the Congo,1993,74817,0,0,0,0,120,0,,0,unhcr_population,2025-12-31,2026-08-19T14:21:59Z,2026-08-19
COD,Dem. Rep. of the Congo,1994,73279,0,0,0,0,509,0,,0,unhcr_population,2025-12-31,2026-08-19T14:21:59Z,2026-08-19
COD,Dem. Rep. of the Congo,1995,89742,0,0,0,0,2783,0,,0,unhcr_population,2025-12-31,2026-08-19T14:21:59Z,2026-08-19
COD,Dem. Rep. of the Congo,1996,158794,0,0,0,0,1811,0,,0,unhcr_population,2025-12-31,2026-08-19T14:21:59Z,2026-08-19
COD,Dem. Rep. of the Congo,1997,173994,0,0,0,0,45115,0,,0,unhcr_population,2025-12-31,2026-08-19T14:21:59Z,2026-08-19
COD,Dem. Rep. of the Congo,1998,158828,0,0,0,286,66204,0,,0,unhcr_population,2025-12-31,2026-08-19T14:21:59Z,2026-08-19
COD,Dem. Rep. of the Congo,1999,255942,0,0,0,286,17283,0,,0,unhcr_population,2025-12-31,2026-08-19T14:21:59Z,2026-08-19
COD,Dem. Rep. of the Congo,2000,371705,19844,3000,0,47,14001,0,,0,unhcr_population,2025-12-31,2026-08-19T14:21:59Z,2026-08-19
COD,Dem. Rep. of the Congo,2001,392142,28257,3458,0,0,1138,0,,0,unhcr_population,2025-12-31,2026-08-19T14:21:59Z,2026-08-19
COD,Dem. Rep. of the Congo,2002,421355,44078,9000,0,0,13481,0,,0,unhcr_population,2025-12-31,2026-08-19T14:21:59Z,2026-08-19
COD,Dem. Rep. of the Congo,2003,453465,51942,0,0,0,3161,0,,0,unhcr_population,2025-12-31,2026-08-19T14:21:59Z,2026-08-19
COD,Dem. Rep. of the Congo,2004,462186,50911,0,0,0,13843,0,,0,unhcr_population,2025-12-31,2026-08-19T14:21:59Z,2026-08-19
COD,Dem. Rep. of the Congo,2005,430919,55950,0,0,0,39046,0,,0,unhcr_population,2025-12-31,2026-08-19T14:21:59Z,2026-08-19
COD,Dem. Rep. of the Congo,2006,401908,29211,1075297,0,0,41228,490000,,0,unhcr_population,2025-12-31,2026-08-19T14:21:59Z,2026-08-19
COD,Dem. Rep. of the Congo,2007,370372,36291,1317879,0,0,59839,1000000,,0,unhcr_population,2025-12-31,2026-08-19T14:21:59Z,2026-08-19
COD,Dem. Rep. of the Congo,2008,367991,36277,1460102,0,0,54040,0,,0,unhcr_population,2025-12-31,2026-08-19T14:21:59Z,2026-08-19
COD,Dem. Rep. of the Congo,2009,455852,31104,2052677,0,0,44291,78859,,0,unhcr_population,2025-12-31,2026-08-19T14:21:59Z,2026-08-19
COD,Dem. Rep. of the Congo,2010,476691,43082,1721382,0,0,16632,460754,,0,unhcr_population,2025-12-31,2026-08-19T14:21:59Z,2026-08-19
COD,Dem. Rep. of the Congo,2011,491470,52315,1709278,0,334,21079,822688,,0,unhcr_population,2025-12-31,2026-08-19T14:21:59Z,2026-08-19
COD,Dem. Rep. of the Congo,2012,509275,58670,2669069,0,0,71922,304596,,0,unhcr_population,2025-12-31,2026-08-19T14:21:59Z,2026-08-19
COD,Dem. Rep. of the Congo,2013,499551,65353,2963799,0,87,68417,595200,,0,unhcr_population,2025-12-31,2026-08-19T14:21:59Z,2026-08-19
COD,Dem. Rep. of the Congo,2014,516765,67339,2756585,0,112309,25148,561073,,0,unhcr_population,2025-12-31,2026-08-19T14:21:59Z,2026-08-19
COD,Dem. Rep. of the Congo,2015,541487,76029,1555112,0,9923,8535,736837,,0,unhcr_population,2025-12-31,2026-08-19T14:21:59Z,2026-08-19
COD,Dem. Rep. of the Congo,2016,537474,82709,2232900,0,9473,13222,619600,,0,unhcr_population,2025-12-31,2026-08-19T14:21:59Z,2026-08-19
COD,Dem. Rep. of the Congo,2017,620805,136152,4351376,0,10555,27,255635,,0,unhcr_population,2025-12-31,2026-08-19T14:21:59Z,2026-08-19
COD,Dem. Rep. of the Congo,2018,720302,133422,4516866,0,10862,6623,0,,0,unhcr_population,2025-12-31,2026-08-19T14:21:59Z,2026-08-19
COD,Dem. Rep. of the Congo,2019,802974,145502,5014253,0,13128,23860,2134349,,0,unhcr_population,2025-12-31,2026-08-19T14:21:59Z,2026-08-19
COD,Dem. Rep. of the Congo,2020,840392,145372,5198131,0,14077,390,1434272,,0,unhcr_population,2025-12-31,2026-08-19T14:21:59Z,2026-08-19
COD,Dem. Rep. of the Congo,2021,908401,148099,5407840,0,15343,715,1041368,,0,unhcr_population,2025-12-31,2026-08-19T14:21:59Z,2026-08-19
COD,Dem. Rep. of the Congo,2022,932680,135099,5541021,0,16813,11253,1216942,,0,unhcr_population,2025-12-31,2026-08-19T14:21:59Z,2026-08-19
COD,Dem. Rep. of the Congo,2023,978209,149805,6251790,0,18475,1808,1833092,,0,unhcr_population,2025-12-31,2026-08-19T14:21:59Z,2026-08-19
COD,Dem. Rep. of the Congo,2024,1060086,165456,6905511,0,19481,575,2361409,,0,unhcr_population,2025-12-31,2026-08-19T14:21:59Z,2026-08-19
COD,Dem. Rep. of the Congo,2025,1176489,168421,5669479,0,19086,788,3582665,,0,unhcr_population,2025-12-31,2026-08-19T14:21:59Z,2026-08-19
COG,Congo,1965,0,0,0,0,0,29000,0,,0,unhcr_population,2025-12-31,2026-08-19T14:21:59Z,2026-08-19
COG,Congo,1966,0,0,0,0,0,17200,0,,0,unhcr_population,2025-12-31,2026-08-19T14:21:59Z,2026-08-19
COG,Congo,1967,930,0,0,0,0,1780,0,,0,unhcr_population,2025-12-31,2026-08-19T14:21:59Z,2026-08-19
COG,Congo,1968,330,0,0,0,0,5670,0,,0,unhcr_population,2025-12-31,2026-08-19T14:21:59Z,2026-08-19
COG,Congo,1969,0,0,0,0,0,11420,0,,0,unhcr_population,2025-12-31,2026-08-19T14:21:59Z,2026-08-19
COG,Congo,1970,0,0,0,0,0,3770,0,,0,unhcr_population,2025-12-31,2026-08-19T14:21:59Z,2026-08-19
COG,Congo,1975,110,0,0,0,0,0,0,,0,unhcr_population,2025-12-31,2026-08-19T14:21:59Z,2026-08-19
COG,Congo,1980,6,0,0,0,0,0,0,,0,unhcr_population,2025-12-31,2026-08-19T14:21:59Z,2026-08-19
COG,Congo,1981,6,0,0,0,0,0,0,,0,unhcr_population,2025-12-31,2026-08-19T14:21:59Z,2026-08-19
COG,Congo,1982,6,0,0,0,0,0,0,,0,unhcr_population,2025-12-31,2026-08-19T14:21:59Z,2026-08-19
COG,Congo,1983,6,0,0,0,0,0,0,,0,unhcr_population,2025-12-31,2026-08-19T14:21:59Z,2026-08-19
COG,Congo,1984,6,0,0,0,0,0,0,,0,unhcr_population,2025-12-31,2026-08-19T14:21:59Z,2026-08-19
COG,Congo,1985,6,0,0,0,0,0,0,,0,unhcr_population,2025-12-31,2026-08-19T14:21:59Z,2026-08-19
COG,Congo,1986,6,0,0,0,0,0,0,,0,unhcr_population,2025-12-31,2026-08-19T14:21:59Z,2026-08-19
COG,Congo,1991,5,0,0,0,0,0,0,,0,unhcr_population,2025-12-31,2026-08-19T14:21:59Z,2026-08-19
COG,Congo,1992,7,0,0,0,0,0,0,,0,unhcr_population,2025-12-31,2026-08-19T14:21:59Z,2026-08-19
COG,Congo,1993,7,0,0,0,0,0,0,,0,unhcr_population,2025-12-31,2026-08-19T14:21:59Z,2026-08-19
COG,Congo,1994,33,0,0,0,0,6,0,,0,unhcr_population,2025-12-31,2026-08-19T14:21:59Z,2026-08-19
COG,Congo,1995,172,0,0,0,0,0,0,,0,unhcr_population,2025-12-31,2026-08-19T14:21:59Z,2026-08-19
COG,Congo,1996,214,0,0,0,0,0,0,,0,unhcr_population,2025-12-31,2026-08-19T14:21:59Z,2026-08-19
COG,Congo,1997,21143,0,0,0,0,12176,0,,0,unhcr_population,2025-12-31,2026-08-19T14:21:59Z,2026-08-19
COG,Congo,1998,17141,0,0,0,23,25250,0,,0,unhcr_population,2025-12-31,2026-08-19T14:21:59Z,2026-08-19
COG,Congo,1999,27297,0,0,0,0,52250,0,,0,unhcr_population,2025-12-31,2026-08-19T14:21:59Z,2026-08-19
COG,Congo,2000,27570,4142,0,0,54,5682,0,,0,unhcr_population,2025-12-31,2026-08-19T14:21:59Z,2026-08-19
COG,Congo,2001,24237,4258,0,0,0,654,0,,0,unhcr_population,2025-12-31,2026-08-19T14:21:59Z,2026-08-19
COG,Congo,2002,27994,7017,0,0,0,616,0,,0,unhcr_population,2025-12-31,2026-08-19T14:21:59Z,2026-08-19
COG,Congo,2003,28950,6952,0,0,0,1779,0,,0,unhcr_population,2025-12-31,2026-08-19T14:21:59Z,2026-08-19
COG,Congo,2004,28140,7141,0,0,0,1028,0,,0,unhcr_population,2025-12-31,2026-08-19T14:21:59Z,2026-08-19
COG,Congo,2005,24428,8168,0,0,0,345,0,,0,unhcr_population,2025-12-31,2026-08-19T14:21:59Z,2026-08-19
COG,Congo,2006,20599,4864,3492,0,0,4507,1008,,0,unhcr_population,2025-12-31,2026-08-19T14:21:59Z,2026-08-19
COG,Congo,2007,19726,6072,0,0,0,147,0,,0,unhcr_population,2025-12-31,2026-08-19T14:21:59Z,2026-08-19
COG,Congo,2008,19922,5044,0,0,5,101,0,,0,unhcr_population,2025-12-31,2026-08-19T14:21:59Z,2026-08-19
COG,Congo,2009,20546,3199,0,0,8,76,0,,0,unhcr_population,2025-12-31,2026-08-19T14:21:59Z,2026-08-19
COG,Congo,2010,20682,2999,0,0,0,98,0,,0,unhcr_population,2025-12-31,2026-08-19T14:21:59Z,2026-08-19
COG,Congo,2011,12836,1944,0,0,8651,741,0,,0,unhcr_population,2025-12-31,2026-08-19T14:21:59Z,2026-08-19
COG,Congo,2012,12113,2489,0,0,320,50,0,,0,unhcr_population,2025-12-31,2026-08-19T14:21:59Z,2026-08-19
COG,Congo,2013,11744,3273,0,0,0,29,0,,0,unhcr_population,2025-12-31,2026-08-19T14:21:59Z,2026-08-19
COG,Congo,2014,14498,3410,0,0,101,10,0,,0,unhcr_population,2025-12-31,2026-08-19T14:21:59Z,2026-08-19
COG,Congo,2015,14772,4071,0,0,88,0,0,,0,unhcr_population,2025-12-31,2026-08-19T14:21:59Z,2026-08-19
COG,Congo,2016,13291,4346,15303,0,99,10,0,,0,unhcr_population,2025-12-31,2026-08-19T14:21:59Z,2026-08-19
COG,Congo,2017,13295,13068,107828,0,90,5,0,,0,unhcr_population,2025-12-31,2026-08-19T14:21:59Z,2026-08-19
COG,Congo,2018,13354,11762,138000,0,92,0,0,,0,unhcr_population,2025-12-31,2026-08-19T14:21:59Z,2026-08-19
COG,Congo,2019,12743,11227,134430,0,37,5,5312,,0,unhcr_population,2025-12-31,2026-08-19T14:21:59Z,2026-08-19
COG,Congo,2020,12590,12836,134430,0,38,5,0,,0,unhcr_population,2025-12-31,2026-08-19T14:21:59Z,2026-08-19
COG,Congo,2021,14253,12795,134430,0,84,5,0,,0,unhcr_population,2025-12-31,2026-08-19T14:21:59Z,2026-08-19
COG,Congo,2022,13331,9580,26875,0,98,5,0,,0,unhcr_population,2025-12-31,2026-08-19T14:21:59Z,2026-08-19
COG,Congo,2023,13820,10363,0,0,101,0,0,,0,unhcr_population,2025-12-31,2026-08-19T14:21:59Z,2026-08-19
COG,Congo,2024,14110,12278,0,0,120,0,0,,0,unhcr_population,2025-12-31,2026-08-19T14:21:59Z,2026-08-19
COG,Congo,2025,13134,9431,0,0,108,5,0,,0,unhcr_population,2025-12-31,2026-08-19T14:21:59Z,2026-08-19
COK,Cook Islands,2025,0,5,0,0,0,0,0,,0,unhcr_population,2025-12-31,2026-08-19T14:21:59Z,2026-08-19
COL,Colombia,1981,50,0,0,0,0,0,0,,0,unhcr_population,2025-12-31,2026-08-19T14:21:59Z,2026-08-19
COL,Colombia,1982,100,0,0,0,0,0,0,,0,unhcr_population,2025-12-31,2026-08-19T14:21:59Z,2026-08-19
COL,Colombia,1985,60,0,0,0,0,0,0,,0,unhcr_population,2025-12-31,2026-08-19T14:21:59Z,2026-08-19
COL,Colombia,1986,50,0,0,0,0,0,0,,0,unhcr_population,2025-12-31,2026-08-19T14:21:59Z,2026-08-19
COL,Colombia,1987,50,0,0,0,0,0,0,,0,unhcr_population,2025-12-31,2026-08-19T14:21:59Z,2026-08-19
COL,Colombia,1988,35,0,0,0,0,0,0,,0,unhcr_population,2025-12-31,2026-08-19T14:21:59Z,2026-08-19
COL,Colombia,1989,65,0,0,0,0,0,0,,0,unhcr_population,2025-12-31,2026-08-19T14:21:59Z,2026-08-19
COL,Colombia,1990,493,0,0,0,0,0,0,,0,unhcr_population,2025-12-31,2026-08-19T14:21:59Z,2026-08-19
COL,Colombia,1991,738,0,0,0,0,0,0,,0,unhcr_population,2025-12-31,2026-08-19T14:21:59Z,2026-08-19
COL,Colombia,1992,841,0,0,0,0,70,0,,0,unhcr_population,2025-12-31,2026-08-19T14:21:59Z,2026-08-19
COL,Colombia,1993,1040,0,0,0,0,5,0,,0,unhcr_population,2025-12-31,2026-08-19T14:21:59Z,2026-08-19
COL,Colombia,1994,1361,0,0,0,0,17,0,,0,unhcr_population,2025-12-31,2026-08-19T14:21:59Z,2026-08-19
COL,Colombia,1995,1902,0,0,0,0,5,0,,0,unhcr_population,2025-12-31,2026-08-19T14:21:59Z,2026-08-19
COL,Colombia,1996,2168,0,0,0,0,5,0,,0,unhcr_population,2025-12-31,2026-08-19T14:21:59Z,2026-08-19
COL,Colombia,1997,2376,0,0,0,0,0,0,,0,unhcr_population,2025-12-31,2026-08-19T14:21:59Z,2026-08-19
COL,Colombia,1998,3536,0,0,0,0,0,0,,0,unhcr_population,2025-12-31,2026-08-19T14:21:59Z,2026-08-19
COL,Colombia,1999,4412,0,0,0,1200,46,0,,0,unhcr_population,2025-12-31,2026-08-19T14:21:59Z,2026-08-19
COL,Colombia,2000,9278,5003,525000,0,0,303,0,,0,unhcr_population,2025-12-31,2026-08-19T14:21:59Z,2026-08-19
COL,Colombia,2001,17937,15467,720000,0,0,159,0,,0,unhcr_population,2025-12-31,2026-08-19T14:21:59Z,2026-08-19
COL,Colombia,2002,30624,21920,950000,0,50093,21,0,,0,unhcr_population,2025-12-31,2026-08-19T14:21:59Z,2026-08-19
COL,Colombia,2003,37992,22938,1244072,0,26493,100,0,,0,unhcr_population,2025-12-31,2026-08-19T14:21:59Z,2026-08-19
COL,Colombia,2004,47380,21525,2000000,0,26350,69,0,,0,unhcr_population,2025-12-31,2026-08-19T14:21:59Z,2026-08-19
COL,Colombia,2005,60447,19744,2000000,0,459900,0,0,,0,unhcr_population,2025-12-31,2026-08-19T14:21:59Z,2026-08-19
COL,Colombia,2006,72793,21914,3000000,0,467000,37,0,,0,unhcr_population,2025-12-31,2026-08-19T14:21:59Z,2026-08-19
COL,Colombia,2007,551741,43097,3000000,0,0,12,0,,0,unhcr_population,2025-12-31,2026-08-19T14:21:59Z,2026-08-19
COL,Colombia,2008,373532,52620,3000000,0,0,29,0,,0,unhcr_population,2025-12-31,2026-08-19T14:21:59Z,2026-08-19
COL,Colombia,2009,389753,64335,3303979,0,0,58,0,,0,unhcr_population,2025-12-31,2026-08-19T14:21:59Z,2026-08-19
COL,Colombia,2010,395579,60336,3672054,0,0,32,0,,0,unhcr_population,2025-12-31,2026-08-19T14:21:59Z,2026-08-19
COL,Colombia,2011,395950,42586,3888309,0,0,23,0,,0,unhcr_population,2025-12-31,2026-08-19T14:21:59Z,2026-08-19
COL,Colombia,2012,394112,18635,3943509,0,0,11,0,,0,unhcr_population,2025-12-31,2026-08-19T14:21:59Z,2026-08-19
COL,Colombia,2013,396711,15638,5368138,0,0,13,0,,0,unhcr_population,2025-12-31,2026-08-19T14:21:59Z,2026-08-19
COL,Colombia,2014,360291,4713,6044151,0,0,5,0,,0,unhcr_population,2025-12-31,2026-08-19T14:21:59Z,2026-08-19
COL,Colombia,2015,340116,6879,6939067,0,0,1794,0,,0,unhcr_population,2025-12-31,2026-08-19T14:21:59Z,2026-08-19
COL,Colombia,2016,311059,12581,7410816,0,0,205,0,,0,unhcr_population,2025-12-31,2026-08-19T14:21:59Z,2026-08-19
COL,Colombia,2017,191635,32478,7677609,0,0,199,0,,0,unhcr_population,2025-12-31,2026-08-19T14:21:59Z,2026-08-19
COL,Colombia,2018,138583,45674,7816473,0,0,23896,0,,0,unhcr_population,2025-12-31,2026-08-19T14:21:59Z,2026-08-19
COL,Colombia,2019,189254,75548,7976412,0,400000,31,0,,0,unhcr_population,2025-12-31,2026-08-19T14:21:59Z,2026-08-19
COL,Colombia,2020,189866,70917,8252788,0,500013,0,0,,741889,unhcr_population,2025-12-31,2026-08-19T14:21:59Z,2026-08-19
COL,Colombia,2021,115792,80705,6766002,0,504338,7,0,,741889,unhcr_population,2025-12-31,2026-08-19T14:21:59Z,2026-08-19
COL,Colombia,2022,109012,144210,6834492,0,561879,6,0,,1102358,unhcr_population,2025-12-31,2026-08-19T14:21:59Z,2026-08-19
COL,Colombia,2023,115513,301824,6918373,0,532962,5,0,,885300,unhcr_population,2025-12-31,2026-08-19T14:21:59Z,2026-08-19
COL,Colombia,2024,77775,397872,7031498,0,42526,116,0,,807700,unhcr_population,2025-12-31,2026-08-19T14:21:59Z,2026-08-19
COL,Colombia,2025,79669,303273,7157716,0,12837,5,0,,1124158,unhcr_population,2025-12-31,2026-08-19T14:21:59Z,2026-08-19
COM,Comoros,1989,5,0,0,0,0,0,0,,0,unhcr_population,2025-12-31,2026-08-19T14:21:59Z,2026-08-19
COM,Comoros,1990,5,0,0,0,0,0,0,,0,unhcr_population,2025-12-31,2026-08-19T14:21:59Z,2026-08-19
COM,Comoros,1994,5,0,0,0,0,0,0,,0,unhcr_population,2025-12-31,2026-08-19T14:21:59Z,2026-08-19
COM,Comoros,1995,10,0,0,0,0,0,0,,0,unhcr_population,2025-12-31,2026-08-19T14:21:59Z,2026-08-19
COM,Comoros,1996,10,0,0,0,0,0,0,,0,unhcr_population,2025-12-31,2026-08-19T14:21:59Z,2026-08-19
COM,Comoros,1997,5,0,0,0,0,0,0,,0,unhcr_population,2025-12-31,2026-08-19T14:21:59Z,2026-08-19
COM,Comoros,1998,27,0,0,0,0,0,0,,0,unhcr_population,2025-12-31,2026-08-19T14:21:59Z,2026-08-19
COM,Comoros,1999,27,0,0,0,0,0,0,,0,unhcr_population,2025-12-31,2026-08-19T14:21:59Z,2026-08-19
COM,Comoros,2000,25,96,0,0,0,0,0,,0,unhcr_population,2025-12-31,2026-08-19T14:21:59Z,2026-08-19
COM,Comoros,2001,25,82,0,0,0,0,0,,0,unhcr_population,2025-12-31,2026-08-19T14:21:59Z,2026-08-19
COM,Comoros,2002,40,36,0,0,0,0,0,,0,unhcr_population,2025-12-31,2026-08-19T14:21:59Z,2026-08-19
COM,Comoros,2003,62,45,0,0,0,0,0,,0,unhcr_population,2025-12-31,2026-08-19T14:21:59Z,2026-08-19
COM,Comoros,2004,52,517,0,0,0,0,0,,0,unhcr_population,2025-12-31,2026-08-19T14:21:59Z,2026-08-19
COM,Comoros,2005,64,509,0,0,0,0,0,,0,unhcr_population,2025-12-31,2026-08-19T14:21:59Z,2026-08-19
COM,Comoros,2006,73,5,0,0,0,0,0,,0,unhcr_population,2025-12-31,2026-08-19T14:21:59Z,2026-08-19
COM,Comoros,2007,93,41,0,0,0,0,0,,0,unhcr_population,2025-12-31,2026-08-19T14:21:59Z,2026-08-19
COM,Comoros,2008,376,36,0,0,0,0,0,,0,unhcr_population,2025-12-31,2026-08-19T14:21:59Z,2026-08-19
COM,Comoros,2009,268,5,0,0,0,0,0,,0,unhcr_population,2025-12-31,2026-08-19T14:21:59Z,2026-08-19
COM,Comoros,2010,365,5,0,0,0,0,0,,0,unhcr_population,2025-12-31,2026-08-19T14:21:59Z,2026-08-19
COM,Comoros,2011,420,28,0,0,0,0,0,,0,unhcr_population,2025-12-31,2026-08-19T14:21:59Z,2026-08-19
COM,Comoros,2012,449,54,0,0,0,0,0,,0,unhcr_population,2025-12-31,2026-08-19T14:21:59Z,2026-08-19
COM,Comoros,2013,509,318,0,0,0,0,0,,0,unhcr_population,2025-12-31,2026-08-19T14:21:59Z,2026-08-19
COM,Comoros,2014,580,348,0,0,0,0,0,,0,unhcr_population,2025-12-31,2026-08-19T14:21:59Z,2026-08-19
COM,Comoros,2015,550,226,0,0,0,0,0,,0,unhcr_population,2025-12-31,2026-08-19T14:21:59Z,2026-08-19
COM,Comoros,2016,572,226,0,0,0,0,0,,0,unhcr_population,2025-12-31,2026-08-19T14:21:59Z,2026-08-19
COM,Comoros,2017,600,322,0,0,0,0,0,,0,unhcr_population,2025-12-31,2026-08-19T14:21:59Z,2026-08-19
COM,Comoros,2018,624,500,0,0,0,0,0,,0,unhcr_population,2025-12-31,2026-08-19T14:21:59Z,2026-08-19
COM,Comoros,2019,658,1459,0,0,0,0,0,,0,unhcr_population,2025-12-31,2026-08-19T14:21:59Z,2026-08-19
COM,Comoros,2020,748,2688,0,0,0,0,0,,0,unhcr_population,2025-12-31,2026-08-19T14:21:59Z,2026-08-19
COM,Comoros,2021,1670,1833,0,0,0,0,0,,0,unhcr_population,2025-12-31,2026-08-19T14:21:59Z,2026-08-19
COM,Comoros,2022,1900,792,0,0,0,0,0,,0,unhcr_population,2025-12-31,2026-08-19T14:21:59Z,2026-08-19
COM,Comoros,2023,2194,921,0,0,0,0,0,,0,unhcr_population,2025-12-31,2026-08-19T14:21:59Z,2026-08-19
COM,Comoros,2024,2322,468,0,0,0,0,0,,0,unhcr_population,2025-12-31,2026-08-19T14:21:59Z,2026-08-19
COM,Comoros,2025,2338,401,0,0,10,0,0,,0,unhcr_population,2025-12-31,2026-08-19T14:21:59Z,2026-08-19
CPV,Cabo Verde,1966,300,0,0,0,0,0,0,,0,unhcr_population,2025-12-31,2026-08-19T14:21:59Z,2026-08-19
CPV,Cabo Verde,1967,300,0,0,0,0,0,0,,0,unhcr_population,2025-12-31,2026-08-19T14:21:59Z,2026-08-19
CPV,Cabo Verde,1968,430,0,0,0,0,0,0,,0,unhcr_population,2025-12-31,2026-08-19T14:21:59Z,2026-08-19
CPV,Cabo Verde,1969,400,0,0,0,0,0,0,,0,unhcr_population,2025-12-31,2026-08-19T14:21:59Z,2026-08-19
CPV,Cabo Verde,1970,400,0,0,0,0,0,0,,0,unhcr_population,2025-12-31,2026-08-19T14:21:59Z,2026-08-19
CPV,Cabo Verde,2000,0,13,0,0,0,0,0,,0,unhcr_population,2025-12-31,2026-08-19T14:21:59Z,2026-08-19
CPV,Cabo Verde,2001,5,19,0,0,0,0,0,,0,unhcr_population,2025-12-31,2026-08-19T14:21:59Z,2026-08-19
CPV,Cabo Verde,2002,5,11,0,0,0,0,0,,0,unhcr_population,2025-12-31,2026-08-19T14:21:59Z,2026-08-19
CPV,Cabo Verde,2003,7,11,0,0,0,0,0,,0,unhcr_population,2025-12-31,2026-08-19T14:21:59Z,2026-08-19
CPV,Cabo Verde,2004,5,11,0,0,0,0,0,,0,unhcr_population,2025-12-31,2026-08-19T14:21:59Z,2026-08-19
CPV,Cabo Verde,2005,0,14,0,0,0,0,0,,0,unhcr_population,2025-12-31,2026-08-19T14:21:59Z,2026-08-19
CPV,Cabo Verde,2006,34,10,0,0,0,0,0,,0,unhcr_population,2025-12-31,2026-08-19T14:21:59Z,2026-08-19
CPV,Cabo Verde,2007,28,5,0,0,0,0,0,,0,unhcr_population,2025-12-31,2026-08-19T14:21:59Z,2026-08-19
CPV,Cabo Verde,2008,27,0,0,0,0,0,0,,0,unhcr_population,2025-12-31,2026-08-19T14:21:59Z,2026-08-19
CPV,Cabo Verde,2009,22,0,0,0,0,0,0,,0,unhcr_population,2025-12-31,2026-08-19T14:21:59Z,2026-08-19
CPV,Cabo Verde,2010,22,0,0,0,0,0,0,,0,unhcr_population,2025-12-31,2026-08-19T14:21:59Z,2026-08-19
CPV,Cabo Verde,2011,22,5,0,0,0,0,0,,0,unhcr_population,2025-12-31,2026-08-19T14:21:59Z,2026-08-19
CPV,Cabo Verde,2012,22,10,0,0,0,0,0,,0,unhcr_population,2025-12-31,2026-08-19T14:21:59Z,2026-08-19
CPV,Cabo Verde,2013,22,17,0,0,0,0,0,,0,unhcr_population,2025-12-31,2026-08-19T14:21:59Z,2026-08-19
CPV,Cabo Verde,2014,27,46,0,0,0,0,0,,0,unhcr_population,2025-12-31,2026-08-19T14:21:59Z,2026-08-19
CPV,Cabo Verde,2015,27,95,0,0,0,0,0,,0,unhcr_population,2025-12-31,2026-08-19T14:21:59Z,2026-08-19
CPV,Cabo Verde,2016,10,98,0,0,0,0,0,,0,unhcr_population,2025-12-31,2026-08-19T14:21:59Z,2026-08-19
CPV,Cabo Verde,2017,5,181,0,0,0,0,0,,0,unhcr_population,2025-12-31,2026-08-19T14:21:59Z,2026-08-19
CPV,Cabo Verde,2018,10,206,0,0,0,0,0,,0,unhcr_population,2025-12-31,2026-08-19T14:21:59Z,2026-08-19
CPV,Cabo Verde,2019,10,250,0,0,0,0,0,,0,unhcr_population,2025-12-31,2026-08-19T14:21:59Z,2026-08-19
CPV,Cabo Verde,2020,5,258,0,0,0,0,0,,0,unhcr_population,2025-12-31,2026-08-19T14:21:59Z,2026-08-19
CPV,Cabo Verde,2021,10,273,0,0,0,0,0,,0,unhcr_population,2025-12-31,2026-08-19T14:21:59Z,2026-08-19
CPV,Cabo Verde,2022,20,256,0,0,0,0,0,,0,unhcr_population,2025-12-31,2026-08-19T14:21:59Z,2026-08-19
CPV,Cabo Verde,2023,19,247,0,0,0,0,0,,0,unhcr_population,2025-12-31,2026-08-19T14:21:59Z,2026-08-19
CPV,Cabo Verde,2024,14,272,0,0,0,0,0,,0,unhcr_population,2025-12-31,2026-08-19T14:21:59Z,2026-08-19
CPV,Cabo Verde,2025,15,79,0,0,0,0,0,,0,unhcr_population,2025-12-31,2026-08-19T14:21:59Z,2026-08-19
CRI,Costa Rica,1992,5,0,0,0,0,0,0,,0,unhcr_population,2025-12-31,2026-08-19T14:21:59Z,2026-08-19
CRI,Costa Rica,1993,5,0,0,0,0,0,0,,0,unhcr_population,2025-12-31,2026-08-19T14:21:59Z,2026-08-19
CRI,Costa Rica,1994,222,0,0,0,0,0,0,,0,unhcr_population,2025-12-31,2026-08-19T14:21:59Z,2026-08-19
CRI,Costa Rica,1995,209,0,0,0,0,0,0,,0,unhcr_population,2025-12-31,2026-08-19T14:21:59Z,2026-08-19
CRI,Costa Rica,1996,136,0,0,0,0,0,0,,0,unhcr_population,2025-12-31,2026-08-19T14:21:59Z,2026-08-19
CRI,Costa Rica,1997,86,0,0,0,0,0,0,,0,unhcr_population,2025-12-31,2026-08-19T14:21:59Z,2026-08-19
CRI,Costa Rica,1998,50,0,0,0,0,0,0,,0,unhcr_population,2025-12-31,2026-08-19T14:21:59Z,2026-08-19
CRI,Costa Rica,1999,73,0,0,0,0,0,0,,0,unhcr_population,2025-12-31,2026-08-19T14:21:59Z,2026-08-19
CRI,Costa Rica,2000,55,226,0,0,0,0,0,,0,unhcr_population,2025-12-31,2026-08-19T14:21:59Z,2026-08-19
CRI,Costa Rica,2001,86,671,0,0,0,0,0,,0,unhcr_population,2025-12-31,2026-08-19T14:21:59Z,2026-08-19
CRI,Costa Rica,2002,97,1730,0,0,0,0,0,,0,unhcr_population,2025-12-31,2026-08-19T14:21:59Z,2026-08-19
CRI,Costa Rica,2003,91,1468,0,0,0,0,0,,0,unhcr_population,2025-12-31,2026-08-19T14:21:59Z,2026-08-19
CRI,Costa Rica,2004,136,351,0,0,0,0,0,,0,unhcr_population,2025-12-31,2026-08-19T14:21:59Z,2026-08-19
CRI,Costa Rica,2005,176,133,0,0,0,0,0,,0,unhcr_population,2025-12-31,2026-08-19T14:21:59Z,2026-08-19
CRI,Costa Rica,2006,283,74,0,0,0,0,0,,0,unhcr_population,2025-12-31,2026-08-19T14:21:59Z,2026-08-19
CRI,Costa Rica,2007,361,61,0,0,0,0,0,,0,unhcr_population,2025-12-31,2026-08-19T14:21:59Z,2026-08-19
CRI,Costa Rica,2008,354,65,0,0,0,0,0,,0,unhcr_population,2025-12-31,2026-08-19T14:21:59Z,2026-08-19
CRI,Costa Rica,2009,344,76,0,0,0,0,0,,0,unhcr_population,2025-12-31,2026-08-19T14:21:59Z,2026-08-19
CRI,Costa Rica,2010,352,74,0,0,0,0,0,,0,unhcr_population,2025-12-31,2026-08-19T14:21:59Z,2026-08-19
CRI,Costa Rica,2011,332,39,0,0,0,0,0,,0,unhcr_population,2025-12-31,2026-08-19T14:21:59Z,2026-08-19
CRI,Costa Rica,2012,325,23,0,0,0,0,0,,0,unhcr_population,2025-12-31,2026-08-19T14:21:59Z,2026-08-19
CRI,Costa Rica,2013,463,460,0,0,0,0,0,,0,unhcr_population,2025-12-31,2026-08-19T14:21:59Z,2026-08-19
CRI,Costa Rica,2014,414,125,0,0,0,0,0,,0,unhcr_population,2025-12-31,2026-08-19T14:21:59Z,2026-08-19
CRI,Costa Rica,2015,374,213,0,0,0,0,0,,0,unhcr_population,2025-12-31,2026-08-19T14:21:59Z,2026-08-19
CRI,Costa Rica,2016,202,312,0,0,0,0,0,,0,unhcr_population,2025-12-31,2026-08-19T14:21:59Z,2026-08-19
CRI,Costa Rica,2017,195,486,0,0,0,0,0,,0,unhcr_population,2025-12-31,2026-08-19T14:21:59Z,2026-08-19
CRI,Costa Rica,2018,207,548,0,0,0,0,0,,0,unhcr_population,2025-12-31,2026-08-19T14:21:59Z,2026-08-19
CRI,Costa Rica,2019,206,739,0,0,0,0,0,,0,unhcr_population,2025-12-31,2026-08-19T14:21:59Z,2026-08-19
CRI,Costa Rica,2020,208,800,0,0,0,0,0,,0,unhcr_population,2025-12-31,2026-08-19T14:21:59Z,2026-08-19
CRI,Costa Rica,2021,235,989,0,0,0,0,0,,1863,unhcr_population,2025-12-31,2026-08-19T14:21:59Z,2026-08-19
CRI,Costa Rica,2022,275,1279,0,0,0,0,0,,3051,unhcr_population,2025-12-31,2026-08-19T14:21:59Z,2026-08-19
CRI,Costa Rica,2023,207,1684,0,0,0,0,0,,3109,unhcr_population,2025-12-31,2026-08-19T14:21:59Z,2026-08-19
CRI,Costa Rica,2024,316,2381,0,0,0,0,0,,3115,unhcr_population,2025-12-31,2026-08-19T14:21:59Z,2026-08-19
CRI,Costa Rica,2025,367,1820,0,0,0,0,0,,3203,unhcr_population,2025-12-31,2026-08-19T14:21:59Z,2026-08-19
CUB,Cuba,1969,14500,0,0,0,0,0,0,,0,unhcr_population,2025-12-31,2026-08-19T14:21:59Z,2026-08-19
CUB,Cuba,1970,16700,0,0,0,0,0,0,,0,unhcr_population,2025-12-31,2026-08-19T14:21:59Z,2026-08-19
CUB,Cuba,1971,54500,0,0,0,0,0,0,,0,unhcr_population,2025-12-31,2026-08-19T14:21:59Z,2026-08-19
CUB,Cuba,1972,17070,0,0,0,0,0,0,,0,unhcr_population,2025-12-31,2026-08-19T14:21:59Z,2026-08-19
CUB,Cuba,1974,1600,0,0,0,0,0,0,,0,unhcr_population,2025-12-31,2026-08-19T14:21:59Z,2026-08-19
CUB,Cuba,1979,3560,0,0,0,0,0,0,,0,unhcr_population,2025-12-31,2026-08-19T14:21:59Z,2026-08-19
CUB,Cuba,1980,1695,0,0,0,0,0,0,,0,unhcr_population,2025-12-31,2026-08-19T14:21:59Z,2026-08-19
CUB,Cuba,1981,2705,0,0,0,0,0,0,,0,unhcr_population,2025-12-31,2026-08-19T14:21:59Z,2026-08-19
CUB,Cuba,1982,655,0,0,0,0,0,0,,0,unhcr_population,2025-12-31,2026-08-19T14:21:59Z,2026-08-19
CUB,Cuba,1983,925,0,0,0,0,0,0,,0,unhcr_population,2025-12-31,2026-08-19T14:21:59Z,2026-08-19
CUB,Cuba,1984,1356,0,0,0,0,0,0,,0,unhcr_population,2025-12-31,2026-08-19T14:21:59Z,2026-08-19
CUB,Cuba,1985,1876,0,0,0,0,0,0,,0,unhcr_population,2025-12-31,2026-08-19T14:21:59Z,2026-08-19
CUB,Cuba,1986,686,0,0,0,0,0,0,,0,unhcr_population,2025-12-31,2026-08-19T14:21:59Z,2026-08-19
CUB,Cuba,1987,836,0,0,0,0,0,0,,0,unhcr_population,2025-12-31,2026-08-19T14:21:59Z,2026-08-19
CUB,Cuba,1988,3874,0,0,0,0,0,0,,0,unhcr_population,2025-12-31,2026-08-19T14:21:59Z,2026-08-19
CUB,Cuba,1989,7680,0,0,0,0,0,0,,0,unhcr_population,2025-12-31,2026-08-19T14:21:59Z,2026-08-19
CUB,Cuba,1990,13520,0,0,0,0,430,0,,0,unhcr_population,2025-12-31,2026-08-19T14:21:59Z,2026-08-19
CUB,Cuba,1991,17614,0,0,0,0,80,0,,0,unhcr_population,2025-12-31,2026-08-19T14:21:59Z,2026-08-19
CUB,Cuba,1992,21273,0,0,0,0,0,0,,0,unhcr_population,2025-12-31,2026-08-19T14:21:59Z,2026-08-19
CUB,Cuba,1993,22409,0,0,0,0,0,0,,0,unhcr_population,2025-12-31,2026-08-19T14:21:59Z,2026-08-19
CUB,Cuba,1994,23320,0,0,0,0,5,0,,0,unhcr_population,2025-12-31,2026-08-19T14:21:59Z,2026-08-19
CUB,Cuba,1995,24857,0,0,0,0,0,0,,0,unhcr_population,2025-12-31,2026-08-19T14:21:59Z,2026-08-19
CUB,Cuba,1996,25462,0,0,0,0,59,0,,0,unhcr_population,2025-12-31,2026-08-19T14:21:59Z,2026-08-19
CUB,Cuba,1997,24911,0,0,0,0,0,0,,0,unhcr_population,2025-12-31,2026-08-19T14:21:59Z,2026-08-19
CUB,Cuba,1998,23559,0,0,0,0,0,0,,0,unhcr_population,2025-12-31,2026-08-19T14:21:59Z,2026-08-19
CUB,Cuba,1999,23322,0,0,0,0,0,0,,0,unhcr_population,2025-12-31,2026-08-19T14:21:59Z,2026-08-19
CUB,Cuba,2000,20077,3464,0,0,0,0,0,,0,unhcr_population,2025-12-31,2026-08-19T14:21:59Z,2026-08-19
CUB,Cuba,2001,18950,3526,0,0,0,0,0,,0,unhcr_population,2025-12-31,2026-08-19T14:21:59Z,2026-08-19
CUB,Cuba,2002,18035,2678,0,0,0,0,0,,0,unhcr_population,2025-12-31,2026-08-19T14:21:59Z,2026-08-19
CUB,Cuba,2003,16084,2214,0,0,0,0,0,,0,unhcr_population,2025-12-31,2026-08-19T14:21:59Z,2026-08-19
CUB,Cuba,2004,15671,1985,0,0,0,0,0,,0,unhcr_population,2025-12-31,2026-08-19T14:21:59Z,2026-08-19
CUB,Cuba,2005,19003,1671,0,0,0,0,0,,0,unhcr_population,2025-12-31,2026-08-19T14:21:59Z,2026-08-19
CUB,Cuba,2006,33580,1321,0,0,0,0,0,,0,unhcr_population,2025-12-31,2026-08-19T14:21:59Z,2026-08-19
CUB,Cuba,2007,7496,1065,0,0,0,8,0,,0,unhcr_population,2025-12-31,2026-08-19T14:21:59Z,2026-08-19
CUB,Cuba,2008,7928,867,0,0,0,0,0,,0,unhcr_population,2025-12-31,2026-08-19T14:21:59Z,2026-08-19
CUB,Cuba,2009,7537,2213,0,0,0,0,0,,0,unhcr_population,2025-12-31,2026-08-19T14:21:59Z,2026-08-19
CUB,Cuba,2010,7460,4380,0,0,0,0,0,,0,unhcr_population,2025-12-31,2026-08-19T14:21:59Z,2026-08-19
CUB,Cuba,2011,7845,908,0,0,0,5,0,,0,unhcr_population,2025-12-31,2026-08-19T14:21:59Z,2026-08-19
CUB,Cuba,2012,7722,823,0,0,0,0,0,,0,unhcr_population,2025-12-31,2026-08-19T14:21:59Z,2026-08-19
CUB,Cuba,2013,7453,1120,0,0,0,0,0,,0,unhcr_population,2025-12-31,2026-08-19T14:21:59Z,2026-08-19
CUB,Cuba,2014,7497,1815,0,0,120,0,0,,0,unhcr_population,2025-12-31,2026-08-19T14:21:59Z,2026-08-19
CUB,Cuba,2015,6827,2353,0,0,75,0,0,,0,unhcr_population,2025-12-31,2026-08-19T14:21:59Z,2026-08-19
CUB,Cuba,2016,5940,5025,0,0,0,0,0,,0,unhcr_population,2025-12-31,2026-08-19T14:21:59Z,2026-08-19
CUB,Cuba,2017,5331,13258,0,0,0,8,0,,0,unhcr_population,2025-12-31,2026-08-19T14:21:59Z,2026-08-19
CUB,Cuba,2018,5488,26597,0,0,0,0,0,,0,unhcr_population,2025-12-31,2026-08-19T14:21:59Z,2026-08-19
CUB,Cuba,2019,6625,55944,0,0,0,0,0,,0,unhcr_population,2025-12-31,2026-08-19T14:21:59Z,2026-08-19
CUB,Cuba,2020,8912,62234,0,0,130,10,0,,0,unhcr_population,2025-12-31,2026-08-19T14:21:59Z,2026-08-19
CUB,Cuba,2021,11534,71590,0,0,13664,0,0,,0,unhcr_population,2025-12-31,2026-08-19T14:21:59Z,2026-08-19
CUB,Cuba,2022,14676,240994,0,0,146305,0,0,,0,unhcr_population,2025-12-31,2026-08-19T14:21:59Z,2026-08-19
CUB,Cuba,2023,18560,329692,0,0,24563,0,0,,0,unhcr_population,2025-12-31,2026-08-19T14:21:59Z,2026-08-19
CUB,Cuba,2024,23865,344138,0,0,33434,0,0,,0,unhcr_population,2025-12-31,2026-08-19T14:21:59Z,2026-08-19
CUB,Cuba,2025,29395,288050,0,0,7927,0,0,,0,unhcr_population,2025-12-31,2026-08-19T14:21:59Z,2026-08-19
CUW,Curacao,2013,35,59,0,0,0,0,0,,0,unhcr_population,2025-12-31,2026-08-19T14:21:59Z,2026-08-19
CUW,Curacao,2014,35,0,0,0,0,0,0,,0,unhcr_population,2025-12-31,2026-08-19T14:21:59Z,2026-08-19
CUW,Curacao,2015,35,0,0,0,0,0,0,,0,unhcr_population,2025-12-31,2026-08-19T14:21:59Z,2026-08-19
CUW,Curacao,2016,35,0,0,0,0,0,0,,0,unhcr_population,2025-12-31,2026-08-19T14:21:59Z,2026-08-19
CUW,Curacao,2017,35,0,0,0,0,0,0,,0,unhcr_population,2025-12-31,2026-08-19T14:21:59Z,2026-08-19
CUW,Curacao,2018,35,0,0,0,0,0,0,,0,unhcr_population,2025-12-31,2026-08-19T14:21:59Z,2026-08-19
CUW,Curacao,2019,35,0,0,0,0,0,0,,0,unhcr_population,2025-12-31,2026-08-19T14:21:59Z,2026-08-19
CUW,Curacao,2020,35,0,0,0,0,0,0,,0,unhcr_population,2025-12-31,2026-08-19T14:21:59Z,2026-08-19
CUW,Curacao,2021,35,0,0,0,0,0,0,,5226,unhcr_population,2025-12-31,2026-08-19T14:21:59Z,2026-08-19
CUW,Curacao,2022,35,5,0,0,0,0,0,,1700,unhcr_population,2025-12-31,2026-08-19T14:21:59Z,2026-08-19
CUW,Curacao,2023,8,0,0,0,0,0,0,,0,unhcr_population,2025-12-31,2026-08-19T14:21:59Z,2026-08-19
CUW,Curacao,2024,8,0,0,0,0,0,0,,0,unhcr_population,2025-12-31,2026-08-19T14:21:59Z,2026-08-19
CUW,Curacao,2025,8,0,0,0,0,0,0,,0,unhcr_population,2025-12-31,2026-08-19T14:21:59Z,2026-08-19
CYM,Cayman Islands,2013,6,0,0,0,0,0,0,,0,unhcr_population,2025-12-31,2026-08-19T14:21:59Z,2026-08-19
CYM,Cayman Islands,2014,6,0,0,0,0,0,0,,0,unhcr_population,2025-12-31,2026-08-19T14:21:59Z,2026-08-19
CYM,Cayman Islands,2015,6,0,0,0,0,0,0,,0,unhcr_population,2025-12-31,2026-08-19T14:21:59Z,2026-08-19
CYM,Cayman Islands,2016,6,0,0,0,0,0,0,,0,unhcr_population,2025-12-31,2026-08-19T14:21:59Z,2026-08-19
CYM,Cayman Islands,2017,6,0,0,0,0,0,0,,0,unhcr_population,2025-12-31,2026-08-19T14:21:59Z,2026-08-19
CYM,Cayman Islands,2018,6,0,0,0,0,0,0,,0,unhcr_population,2025-12-31,2026-08-19T14:21:59Z,2026-08-19
CYM,Cayman Islands,2019,6,0,0,0,0,0,0,,0,unhcr_population,2025-12-31,2026-08-19T14:21:59Z,2026-08-19
CYM,Cayman Islands,2020,5,0,0,0,0,0,0,,0,unhcr_population,2025-12-31,2026-08-19T14:21:59Z,2026-08-19
CYM,Cayman Islands,2021,5,0,0,0,0,0,0,,0,unhcr_population,2025-12-31,2026-08-19T14:21:59Z,2026-08-19
CYM,Cayman Islands,2022,5,0,0,0,0,0,0,,0,unhcr_population,2025-12-31,2026-08-19T14:21:59Z,2026-08-19
CYM,Cayman Islands,2025,0,5,0,0,0,0,0,,0,unhcr_population,2025-12-31,2026-08-19T14:21:59Z,2026-08-19
CYP,Cyprus,1977,700,0,0,0,0,0,0,,0,unhcr_population,2025-12-31,2026-08-19T14:21:59Z,2026-08-19
CYP,Cyprus,1988,11,0,0,0,0,0,0,,0,unhcr_population,2025-12-31,2026-08-19T14:21:59Z,2026-08-19
CYP,Cyprus,1989,11,0,0,0,0,0,0,,0,unhcr_population,2025-12-31,2026-08-19T14:21:59Z,2026-08-19
CYP,Cyprus,1990,11,0,0,0,0,0,0,,0,unhcr_population,2025-12-31,2026-08-19T14:21:59Z,2026-08-19
CYP,Cyprus,1993,0,0,265000,0,0,0,0,,0,unhcr_population,2025-12-31,2026-08-19T14:21:59Z,2026-08-19
CYP,Cyprus,1994,6,0,265000,0,0,0,0,,0,unhcr_population,2025-12-31,2026-08-19T14:21:59Z,2026-08-19
CYP,Cyprus,1995,9,0,265000,0,0,0,0,,0,unhcr_population,2025-12-31,2026-08-19T14:21:59Z,2026-08-19
CYP,Cyprus,1996,9,0,265000,0,0,0,0,,0,unhcr_population,2025-12-31,2026-08-19T14:21:59Z,2026-08-19
CYP,Cyprus,1997,7,0,265000,0,0,0,0,,0,unhcr_population,2025-12-31,2026-08-19T14:21:59Z,2026-08-19
CYP,Cyprus,1998,10,0,265000,0,0,0,0,,0,unhcr_population,2025-12-31,2026-08-19T14:21:59Z,2026-08-19
CYP,Cyprus,1999,17,0,0,0,0,391,0,,0,unhcr_population,2025-12-31,2026-08-19T14:21:59Z,2026-08-19
CYP,Cyprus,2000,12,10,0,0,0,0,0,,0,unhcr_population,2025-12-31,2026-08-19T14:21:59Z,2026-08-19
CYP,Cyprus,2001,5,8,0,0,0,0,0,,0,unhcr_population,2025-12-31,2026-08-19T14:21:59Z,2026-08-19
CYP,Cyprus,2002,5,15,0,0,0,0,0,,0,unhcr_population,2025-12-31,2026-08-19T14:21:59Z,2026-08-19
CYP,Cyprus,2003,5,5,0,0,0,0,0,,0,unhcr_population,2025-12-31,2026-08-19T14:21:59Z,2026-08-19
CYP,Cyprus,2005,5,0,0,0,0,0,0,,0,unhcr_population,2025-12-31,2026-08-19T14:21:59Z,2026-08-19
CYP,Cyprus,2006,5,0,0,0,0,0,0,,0,unhcr_population,2025-12-31,2026-08-19T14:21:59Z,2026-08-19
CYP,Cyprus,2007,10,0,0,0,0,0,0,,0,unhcr_population,2025-12-31,2026-08-19T14:21:59Z,2026-08-19
CYP,Cyprus,2008,10,0,0,0,0,0,0,,0,unhcr_population,2025-12-31,2026-08-19T14:21:59Z,2026-08-19
CYP,Cyprus,2009,10,0,0,0,0,0,0,,0,unhcr_population,2025-12-31,2026-08-19T14:21:59Z,2026-08-19
CYP,Cyprus,2010,10,0,0,0,0,0,0,,0,unhcr_population,2025-12-31,2026-08-19T14:21:59Z,2026-08-19
CYP,Cyprus,2011,10,0,0,0,0,0,0,,0,unhcr_population,2025-12-31,2026-08-19T14:21:59Z,2026-08-19
CYP,Cyprus,2012,10,0,0,0,0,0,0,,0,unhcr_population,2025-12-31,2026-08-19T14:21:59Z,2026-08-19
CYP,Cyprus,2013,10,0,0,0,0,0,0,,0,unhcr_population,2025-12-31,2026-08-19T14:21:59Z,2026-08-19
CYP,Cyprus,2014,10,0,0,0,0,0,0,,0,unhcr_population,2025-12-31,2026-08-19T14:21:59Z,2026-08-19
CYP,Cyprus,2015,0,5,0,0,0,0,0,,0,unhcr_population,2025-12-31,2026-08-19T14:21:59Z,2026-08-19
CYP,Cyprus,2016,0,5,0,0,0,0,0,,0,unhcr_population,2025-12-31,2026-08-19T14:21:59Z,2026-08-19
CYP,Cyprus,2017,0,20,0,0,0,0,0,,0,unhcr_population,2025-12-31,2026-08-19T14:21:59Z,2026-08-19
CYP,Cyprus,2018,7,20,0,0,0,0,0,,0,unhcr_population,2025-12-31,2026-08-19T14:21:59Z,2026-08-19
CYP,Cyprus,2019,0,35,0,0,0,0,0,,0,unhcr_population,2025-12-31,2026-08-19T14:21:59Z,2026-08-19
CYP,Cyprus,2020,0,19,0,0,0,0,0,,0,unhcr_population,2025-12-31,2026-08-19T14:21:59Z,2026-08-19
CYP,Cyprus,2021,5,15,0,0,0,0,0,,0,unhcr_population,2025-12-31,2026-08-19T14:21:59Z,2026-08-19
CYP,Cyprus,2022,0,31,0,0,0,0,0,,0,unhcr_population,2025-12-31,2026-08-19T14:21:59Z,2026-08-19
CYP,Cyprus,2023,5,38,0,0,0,0,0,,0,unhcr_population,2025-12-31,2026-08-19T14:21:59Z,2026-08-19
CYP,Cyprus,2024,10,52,0,0,0,0,0,,0,unhcr_population,2025-12-31,2026-08-19T14:21:59Z,2026-08-19
CYP,Cyprus,2025,15,10,0,0,0,0,0,,0,unhcr_population,2025-12-31,2026-08-19T14:21:59Z,2026-08-19
CZE,Czechia,1970,70,0,0,0,0,0,0,,0,unhcr_population,2025-12-31,2026-08-19T14:21:59Z,2026-08-19
CZE,Czechia,1971,70,0,0,0,0,0,0,,0,unhcr_population,2025-12-31,2026-08-19T14:21:59Z,2026-08-19
CZE,Czechia,1972,70,0,0,0,0,0,0,,0,unhcr_population,2025-12-31,2026-08-19T14:21:59Z,2026-08-19
CZE,Czechia,1973,60,0,0,0,0,0,0,,0,unhcr_population,2025-12-31,2026-08-19T14:21:59Z,2026-08-19
CZE,Czechia,1974,50,0,0,0,0,0,0,,0,unhcr_population,2025-12-31,2026-08-19T14:21:59Z,2026-08-19
CZE,Czechia,1975,50,0,0,0,0,0,0,,0,unhcr_population,2025-12-31,2026-08-19T14:21:59Z,2026-08-19
CZE,Czechia,1980,393,0,0,0,0,0,0,,0,unhcr_population,2025-12-31,2026-08-19T14:21:59Z,2026-08-19
CZE,Czechia,1981,389,0,0,0,0,0,0,,0,unhcr_population,2025-12-31,2026-08-19T14:21:59Z,2026-08-19
CZE,Czechia,1982,494,0,0,0,0,0,0,,0,unhcr_population,2025-12-31,2026-08-19T14:21:59Z,2026-08-19
CZE,Czechia,1983,421,0,0,0,0,0,0,,0,unhcr_population,2025-12-31,2026-08-19T14:21:59Z,2026-08-19
CZE,Czechia,1984,456,0,0,0,0,0,0,,0,unhcr_population,2025-12-31,2026-08-19T14:21:59Z,2026-08-19
CZE,Czechia,1985,981,0,0,0,0,0,0,,0,unhcr_population,2025-12-31,2026-08-19T14:21:59Z,2026-08-19
CZE,Czechia,1986,411,0,0,0,0,0,0,,0,unhcr_population,2025-12-31,2026-08-19T14:21:59Z,2026-08-19
CZE,Czechia,1987,385,0,0,0,0,0,0,,0,unhcr_population,2025-12-31,2026-08-19T14:21:59Z,2026-08-19
CZE,Czechia,1988,5649,0,0,0,0,0,0,,0,unhcr_population,2025-12-31,2026-08-19T14:21:59Z,2026-08-19
CZE,Czechia,1989,5790,0,0,0,0,0,0,,0,unhcr_population,2025-12-31,2026-08-19T14:21:59Z,2026-08-19
CZE,Czechia,1990,6123,0,0,0,0,0,0,,0,unhcr_population,2025-12-31,2026-08-19T14:21:59Z,2026-08-19
CZE,Czechia,1991,4491,0,0,0,0,0,0,,0,unhcr_population,2025-12-31,2026-08-19T14:21:59Z,2026-08-19
CZE,Czechia,1992,3327,0,0,0,0,0,0,,0,unhcr_population,2025-12-31,2026-08-19T14:21:59Z,2026-08-19
CZE,Czechia,1993,5017,0,0,0,0,0,0,,0,unhcr_population,2025-12-31,2026-08-19T14:21:59Z,2026-08-19
CZE,Czechia,1994,4650,0,0,0,0,0,0,,0,unhcr_population,2025-12-31,2026-08-19T14:21:59Z,2026-08-19
CZE,Czechia,1995,2040,0,0,0,0,0,0,,0,unhcr_population,2025-12-31,2026-08-19T14:21:59Z,2026-08-19
CZE,Czechia,1996,977,0,0,0,0,5,0,,0,unhcr_population,2025-12-31,2026-08-19T14:21:59Z,2026-08-19
CZE,Czechia,1997,695,0,0,0,0,0,0,,0,unhcr_population,2025-12-31,2026-08-19T14:21:59Z,2026-08-19
CZE,Czechia,1998,1929,0,0,0,0,0,0,,0,unhcr_population,2025-12-31,2026-08-19T14:21:59Z,2026-08-19
CZE,Czechia,1999,1243,0,0,0,0,0,0,,0,unhcr_population,2025-12-31,2026-08-19T14:21:59Z,2026-08-19
CZE,Czechia,2000,809,176,0,0,0,0,0,,0,unhcr_population,2025-12-31,2026-08-19T14:21:59Z,2026-08-19
CZE,Czechia,2001,1177,211,0,0,0,0,0,,0,unhcr_population,2025-12-31,2026-08-19T14:21:59Z,2026-08-19
CZE,Czechia,2002,6985,184,0,0,0,0,0,,0,unhcr_population,2025-12-31,2026-08-19T14:21:59Z,2026-08-19
CZE,Czechia,2003,6699,344,0,0,0,0,0,,0,unhcr_population,2025-12-31,2026-08-19T14:21:59Z,2026-08-19
CZE,Czechia,2004,4528,167,0,0,0,0,0,,0,unhcr_population,2025-12-31,2026-08-19T14:21:59Z,2026-08-19
CZE,Czechia,2005,3589,203,0,0,0,0,0,,0,unhcr_population,2025-12-31,2026-08-19T14:21:59Z,2026-08-19
CZE,Czechia,2006,2136,181,0,0,0,0,0,,0,unhcr_population,2025-12-31,2026-08-19T14:21:59Z,2026-08-19
CZE,Czechia,2007,1379,133,0,0,0,0,0,,0,unhcr_population,2025-12-31,2026-08-19T14:21:59Z,2026-08-19
CZE,Czechia,2008,1354,783,0,0,0,0,0,,0,unhcr_population,2025-12-31,2026-08-19T14:21:59Z,2026-08-19
CZE,Czechia,2009,1060,2100,0,0,0,0,0,,0,unhcr_population,2025-12-31,2026-08-19T14:21:59Z,2026-08-19
CZE,Czechia,2010,811,1152,0,0,0,0,0,,0,unhcr_population,2025-12-31,2026-08-19T14:21:59Z,2026-08-19
CZE,Czechia,2011,758,656,0,0,0,0,0,,0,unhcr_population,2025-12-31,2026-08-19T14:21:59Z,2026-08-19
CZE,Czechia,2012,620,194,0,0,0,0,0,,0,unhcr_population,2025-12-31,2026-08-19T14:21:59Z,2026-08-19
CZE,Czechia,2013,984,111,0,0,0,0,0,,0,unhcr_population,2025-12-31,2026-08-19T14:21:59Z,2026-08-19
CZE,Czechia,2014,1321,97,0,0,0,0,0,,0,unhcr_population,2025-12-31,2026-08-19T14:21:59Z,2026-08-19
CZE,Czechia,2015,1280,119,0,0,0,0,0,,0,unhcr_population,2025-12-31,2026-08-19T14:21:59Z,2026-08-19
CZE,Czechia,2016,1266,233,0,0,0,0,0,,0,unhcr_population,2025-12-31,2026-08-19T14:21:59Z,2026-08-19
CZE,Czechia,2017,1272,307,0,0,0,0,0,,0,unhcr_population,2025-12-31,2026-08-19T14:21:59Z,2026-08-19
CZE,Czechia,2018,1236,224,0,0,0,0,0,,0,unhcr_population,2025-12-31,2026-08-19T14:21:59Z,2026-08-19
CZE,Czechia,2019,1166,181,0,0,0,0,0,,0,unhcr_population,2025-12-31,2026-08-19T14:21:59Z,2026-08-19
CZE,Czechia,2020,1112,158,0,0,0,0,0,,0,unhcr_population,2025-12-31,2026-08-19T14:21:59Z,2026-08-19
CZE,Czechia,2021,758,161,0,0,0,0,0,,0,unhcr_population,2025-12-31,2026-08-19T14:21:59Z,2026-08-19
CZE,Czechia,2022,604,228,0,0,0,0,0,,0,unhcr_population,2025-12-31,2026-08-19T14:21:59Z,2026-08-19
CZE,Czechia,2023,637,176,0,0,0,0,0,,0,unhcr_population,2025-12-31,2026-08-19T14:21:59Z,2026-08-19
CZE,Czechia,2024,1057,167,0,0,0,0,0,,0,unhcr_population,2025-12-31,2026-08-19T14:21:59Z,2026-08-19
CZE,Czechia,2025,794,158,0,0,0,0,0,,0,unhcr_population,2025-12-31,2026-08-19T14:21:59Z,2026-08-19
DEU,Germany,1991,5,0,0,0,0,0,0,,0,unhcr_population,2025-12-31,2026-08-19T14:21:59Z,2026-08-19
DEU,Germany,1992,5,0,0,0,0,0,0,,0,unhcr_population,2025-12-31,2026-08-19T14:21:59Z,2026-08-19
DEU,Germany,1993,8,0,0,0,0,0,0,,0,unhcr_population,2025-12-31,2026-08-19T14:21:59Z,2026-08-19
DEU,Germany,1994,449,0,0,0,0,0,0,,0,unhcr_population,2025-12-31,2026-08-19T14:21:59Z,2026-08-19
DEU,Germany,1995,384,0,0,0,0,0,0,,0,unhcr_population,2025-12-31,2026-08-19T14:21:59Z,2026-08-19
DEU,Germany,1996,421,0,0,0,0,0,0,,0,unhcr_population,2025-12-31,2026-08-19T14:21:59Z,2026-08-19
DEU,Germany,1997,443,0,0,0,0,0,0,,0,unhcr_population,2025-12-31,2026-08-19T14:21:59Z,2026-08-19
DEU,Germany,1998,689,0,0,0,0,0,0,,0,unhcr_population,2025-12-31,2026-08-19T14:21:59Z,2026-08-19
DEU,Germany,1999,1297,0,0,0,0,0,0,,0,unhcr_population,2025-12-31,2026-08-19T14:21:59Z,2026-08-19
DEU,Germany,2000,1182,57,0,0,0,0,0,,0,unhcr_population,2025-12-31,2026-08-19T14:21:59Z,2026-08-19
DEU,Germany,2001,1028,52,0,0,0,0,0,,0,unhcr_population,2025-12-31,2026-08-19T14:21:59Z,2026-08-19
DEU,Germany,2002,924,73,0,0,0,0,0,,0,unhcr_population,2025-12-31,2026-08-19T14:21:59Z,2026-08-19
DEU,Germany,2003,719,61,0,0,0,0,0,,0,unhcr_population,2025-12-31,2026-08-19T14:21:59Z,2026-08-19
DEU,Germany,2004,74,61,0,0,0,0,0,,0,unhcr_population,2025-12-31,2026-08-19T14:21:59Z,2026-08-19
DEU,Germany,2005,75,65,0,0,0,0,0,,0,unhcr_population,2025-12-31,2026-08-19T14:21:59Z,2026-08-19
DEU,Germany,2006,114,80,0,0,0,0,0,,0,unhcr_population,2025-12-31,2026-08-19T14:21:59Z,2026-08-19
DEU,Germany,2007,126,67,0,0,0,0,0,,0,unhcr_population,2025-12-31,2026-08-19T14:21:59Z,2026-08-19
DEU,Germany,2008,162,100,0,0,0,0,0,,0,unhcr_population,2025-12-31,2026-08-19T14:21:59Z,2026-08-19
DEU,Germany,2009,167,81,0,0,0,0,0,,0,unhcr_population,2025-12-31,2026-08-19T14:21:59Z,2026-08-19
DEU,Germany,2010,159,30,0,0,0,0,0,,0,unhcr_population,2025-12-31,2026-08-19T14:21:59Z,2026-08-19
DEU,Germany,2011,169,29,0,0,0,0,0,,0,unhcr_population,2025-12-31,2026-08-19T14:21:59Z,2026-08-19
DEU,Germany,2012,174,21,0,0,0,0,0,,0,unhcr_population,2025-12-31,2026-08-19T14:21:59Z,2026-08-19
DEU,Germany,2013,164,73,0,0,0,0,0,,0,unhcr_population,2025-12-31,2026-08-19T14:21:59Z,2026-08-19
DEU,Germany,2014,170,77,0,0,0,0,0,,0,unhcr_population,2025-12-31,2026-08-19T14:21:59Z,2026-08-19
DEU,Germany,2015,153,86,0,0,0,0,0,,0,unhcr_population,2025-12-31,2026-08-19T14:21:59Z,2026-08-19
DEU,Germany,2016,67,128,0,0,0,0,0,,0,unhcr_population,2025-12-31,2026-08-19T14:21:59Z,2026-08-19
DEU,Germany,2017,66,179,0,0,0,0,0,,0,unhcr_population,2025-12-31,2026-08-19T14:21:59Z,2026-08-19
DEU,Germany,2018,61,176,0,0,0,0,0,,0,unhcr_population,2025-12-31,2026-08-19T14:21:59Z,2026-08-19
DEU,Germany,2019,69,201,0,0,0,0,0,,0,unhcr_population,2025-12-31,2026-08-19T14:21:59Z,2026-08-19
DEU,Germany,2020,71,166,0,0,0,0,0,,0,unhcr_population,2025-12-31,2026-08-19T14:21:59Z,2026-08-19
DEU,Germany,2021,59,248,0,0,0,0,0,,0,unhcr_population,2025-12-31,2026-08-19T14:21:59Z,2026-08-19
DEU,Germany,2022,162,539,0,0,0,0,0,,0,unhcr_population,2025-12-31,2026-08-19T14:21:59Z,2026-08-19
DEU,Germany,2023,209,762,0,0,0,0,0,,0,unhcr_population,2025-12-31,2026-08-19T14:21:59Z,2026-08-19
DEU,Germany,2024,348,853,0,0,0,5,0,,0,unhcr_population,2025-12-31,2026-08-19T14:21:59Z,2026-08-19
DEU,Germany,2025,327,626,0,0,0,0,0,,0,unhcr_population,2025-12-31,2026-08-19T14:21:59Z,2026-08-19
DJI,Djibouti,1990,5,0,0,0,0,0,0,,0,unhcr_population,2025-12-31,2026-08-19T14:21:59Z,2026-08-19
DJI,Djibouti,1991,10,0,0,0,0,0,0,,0,unhcr_population,2025-12-31,2026-08-19T14:21:59Z,2026-08-19
DJI,Djibouti,1992,10,0,0,0,0,0,0,,0,unhcr_population,2025-12-31,2026-08-19T14:21:59Z,2026-08-19
DJI,Djibouti,1993,36,0,0,0,0,0,0,,0,unhcr_population,2025-12-31,2026-08-19T14:21:59Z,2026-08-19
DJI,Djibouti,1994,18065,0,0,0,0,0,0,,0,unhcr_population,2025-12-31,2026-08-19T14:21:59Z,2026-08-19
DJI,Djibouti,1995,18092,0,0,0,0,0,0,,0,unhcr_population,2025-12-31,2026-08-19T14:21:59Z,2026-08-19
DJI,Djibouti,1996,18096,0,0,0,0,0,0,,0,unhcr_population,2025-12-31,2026-08-19T14:21:59Z,2026-08-19
DJI,Djibouti,1997,8143,0,0,0,0,0,0,,0,unhcr_population,2025-12-31,2026-08-19T14:21:59Z,2026-08-19
DJI,Djibouti,1998,3222,0,0,0,0,0,0,,0,unhcr_population,2025-12-31,2026-08-19T14:21:59Z,2026-08-19
DJI,Djibouti,1999,1879,0,0,0,0,0,0,,0,unhcr_population,2025-12-31,2026-08-19T14:21:59Z,2026-08-19
DJI,Djibouti,2000,1911,142,0,0,0,0,0,,0,unhcr_population,2025-12-31,2026-08-19T14:21:59Z,2026-08-19
DJI,Djibouti,2001,451,181,0,0,0,458,0,,0,unhcr_population,2025-12-31,2026-08-19T14:21:59Z,2026-08-19
DJI,Djibouti,2002,470,112,0,0,0,0,0,,0,unhcr_population,2025-12-31,2026-08-19T14:21:59Z,2026-08-19
DJI,Djibouti,2003,520,70,0,0,0,0,0,,0,unhcr_population,2025-12-31,2026-08-19T14:21:59Z,2026-08-19
DJI,Djibouti,2004,492,36,0,0,0,0,0,,0,unhcr_population,2025-12-31,2026-08-19T14:21:59Z,2026-08-19
DJI,Djibouti,2005,498,215,0,0,0,0,0,,0,unhcr_population,2025-12-31,2026-08-19T14:21:59Z,2026-08-19
DJI,Djibouti,2006,479,106,0,0,0,0,0,,0,unhcr_population,2025-12-31,2026-08-19T14:21:59Z,2026-08-19
DJI,Djibouti,2007,645,27,0,0,0,0,0,,0,unhcr_population,2025-12-31,2026-08-19T14:21:59Z,2026-08-19
DJI,Djibouti,2008,638,55,0,0,0,0,0,,0,unhcr_population,2025-12-31,2026-08-19T14:21:59Z,2026-08-19
DJI,Djibouti,2009,613,159,0,0,0,0,0,,0,unhcr_population,2025-12-31,2026-08-19T14:21:59Z,2026-08-19
DJI,Djibouti,2010,556,226,0,0,0,0,0,,0,unhcr_population,2025-12-31,2026-08-19T14:21:59Z,2026-08-19
DJI,Djibouti,2011,595,275,0,0,0,0,0,,0,unhcr_population,2025-12-31,2026-08-19T14:21:59Z,2026-08-19
DJI,Djibouti,2012,626,299,0,0,0,0,0,,0,unhcr_population,2025-12-31,2026-08-19T14:21:59Z,2026-08-19
DJI,Djibouti,2013,747,391,0,0,0,0,0,,0,unhcr_population,2025-12-31,2026-08-19T14:21:59Z,2026-08-19
DJI,Djibouti,2014,870,414,0,0,5,0,0,,0,unhcr_population,2025-12-31,2026-08-19T14:21:59Z,2026-08-19
DJI,Djibouti,2015,1059,542,0,0,0,0,0,,0,unhcr_population,2025-12-31,2026-08-19T14:21:59Z,2026-08-19
DJI,Djibouti,2016,1437,831,0,0,0,0,0,,0,unhcr_population,2025-12-31,2026-08-19T14:21:59Z,2026-08-19
DJI,Djibouti,2017,1761,1286,0,0,0,0,0,,0,unhcr_population,2025-12-31,2026-08-19T14:21:59Z,2026-08-19
DJI,Djibouti,2018,2124,1100,0,0,0,0,0,,0,unhcr_population,2025-12-31,2026-08-19T14:21:59Z,2026-08-19
DJI,Djibouti,2019,2351,834,0,0,0,0,0,,0,unhcr_population,2025-12-31,2026-08-19T14:21:59Z,2026-08-19
DJI,Djibouti,2020,2419,883,0,0,0,0,0,,1301,unhcr_population,2025-12-31,2026-08-19T14:21:59Z,2026-08-19
DJI,Djibouti,2021,2607,994,0,0,0,0,0,,1301,unhcr_population,2025-12-31,2026-08-19T14:21:59Z,2026-08-19
DJI,Djibouti,2022,1706,1187,0,0,0,0,0,,640,unhcr_population,2025-12-31,2026-08-19T14:21:59Z,2026-08-19
DJI,Djibouti,2023,1840,1574,0,0,0,0,0,,0,unhcr_population,2025-12-31,2026-08-19T14:21:59Z,2026-08-19
DJI,Djibouti,2024,2055,1973,0,0,0,5,0,,0,unhcr_population,2025-12-31,2026-08-19T14:21:59Z,2026-08-19
DJI,Djibouti,2025,2223,1419,0,0,0,0,0,,0,unhcr_population,2025-12-31,2026-08-19T14:21:59Z,2026-08-19
DMA,Dominica,2000,0,16,0,0,0,0,0,,0,unhcr_population,2025-12-31,2026-08-19T14:21:59Z,2026-08-19
DMA,Dominica,2001,5,23,0,0,0,0,0,,0,unhcr_population,2025-12-31,2026-08-19T14:21:59Z,2026-08-19
DMA,Dominica,2002,6,47,0,0,0,0,0,,0,unhcr_population,2025-12-31,2026-08-19T14:21:59Z,2026-08-19
DMA,Dominica,2003,17,24,0,0,0,0,0,,0,unhcr_population,2025-12-31,2026-08-19T14:21:59Z,2026-08-19
DMA,Dominica,2004,24,17,0,0,0,0,0,,0,unhcr_population,2025-12-31,2026-08-19T14:21:59Z,2026-08-19
DMA,Dominica,2005,30,46,0,0,0,0,0,,0,unhcr_population,2025-12-31,2026-08-19T14:21:59Z,2026-08-19
DMA,Dominica,2006,49,17,0,0,0,0,0,,0,unhcr_population,2025-12-31,2026-08-19T14:21:59Z,2026-08-19
DMA,Dominica,2007,58,8,0,0,0,0,0,,0,unhcr_population,2025-12-31,2026-08-19T14:21:59Z,2026-08-19
DMA,Dominica,2008,56,19,0,0,0,0,0,,0,unhcr_population,2025-12-31,2026-08-19T14:21:59Z,2026-08-19
DMA,Dominica,2009,51,18,0,0,0,0,0,,0,unhcr_population,2025-12-31,2026-08-19T14:21:59Z,2026-08-19
DMA,Dominica,2010,51,16,0,0,0,0,0,,0,unhcr_population,2025-12-31,2026-08-19T14:21:59Z,2026-08-19
DMA,Dominica,2011,49,11,0,0,0,0,0,,0,unhcr_population,2025-12-31,2026-08-19T14:21:59Z,2026-08-19
DMA,Dominica,2012,52,12,0,0,0,0,0,,0,unhcr_population,2025-12-31,2026-08-19T14:21:59Z,2026-08-19
DMA,Dominica,2013,41,20,0,0,0,0,0,,0,unhcr_population,2025-12-31,2026-08-19T14:21:59Z,2026-08-19
DMA,Dominica,2014,35,13,0,0,0,0,0,,0,unhcr_population,2025-12-31,2026-08-19T14:21:59Z,2026-08-19
DMA,Dominica,2015,35,89,0,0,0,0,0,,0,unhcr_population,2025-12-31,2026-08-19T14:21:59Z,2026-08-19
DMA,Dominica,2016,20,126,0,0,0,0,0,,0,unhcr_population,2025-12-31,2026-08-19T14:21:59Z,2026-08-19
DMA,Dominica,2017,26,63,0,0,0,0,0,,0,unhcr_population,2025-12-31,2026-08-19T14:21:59Z,2026-08-19
DMA,Dominica,2018,36,56,0,0,0,0,0,,0,unhcr_population,2025-12-31,2026-08-19T14:21:59Z,2026-08-19
DMA,Dominica,2019,50,82,0,0,0,0,0,,0,unhcr_population,2025-12-31,2026-08-19T14:21:59Z,2026-08-19
DMA,Dominica,2020,55,74,0,0,0,0,0,,0,unhcr_population,2025-12-31,2026-08-19T14:21:59Z,2026-08-19
DMA,Dominica,2021,54,124,0,0,0,0,0,,0,unhcr_population,2025-12-31,2026-08-19T14:21:59Z,2026-08-19
DMA,Dominica,2022,57,162,0,0,0,0,0,,0,unhcr_population,2025-12-31,2026-08-19T14:21:59Z,2026-08-19
DMA,Dominica,2023,73,344,0,0,0,0,0,,0,unhcr_population,2025-12-31,2026-08-19T14:21:59Z,2026-08-19
DMA,Dominica,2024,88,547,0,0,0,0,0,,0,unhcr_population,2025-12-31,2026-08-19T14:21:59Z,2026-08-19
DMA,Dominica,2025,97,642,0,0,0,0,0,,0,unhcr_population,2025-12-31,2026-08-19T14:21:59Z,2026-08-19
DNK,Denmark,1994,11,0,0,0,0,0,0,,0,unhcr_population,2025-12-31,2026-08-19T14:21:59Z,2026-08-19
DNK,Denmark,1995,18,0,0,0,0,0,0,,0,unhcr_population,2025-12-31,2026-08-19T14:21:59Z,2026-08-19
DNK,Denmark,1996,34,0,0,0,0,0,0,,0,unhcr_population,2025-12-31,2026-08-19T14:21:59Z,2026-08-19
DNK,Denmark,1997,33,0,0,0,0,0,0,,0,unhcr_population,2025-12-31,2026-08-19T14:21:59Z,2026-08-19
DNK,Denmark,1998,28,0,0,0,0,0,0,,0,unhcr_population,2025-12-31,2026-08-19T14:21:59Z,2026-08-19
DNK,Denmark,1999,25,0,0,0,0,0,0,,0,unhcr_population,2025-12-31,2026-08-19T14:21:59Z,2026-08-19
DNK,Denmark,2000,26,5,0,0,0,0,0,,0,unhcr_population,2025-12-31,2026-08-19T14:21:59Z,2026-08-19
DNK,Denmark,2001,5,0,0,0,0,0,0,,0,unhcr_population,2025-12-31,2026-08-19T14:21:59Z,2026-08-19
DNK,Denmark,2002,6,6,0,0,0,0,0,,0,unhcr_population,2025-12-31,2026-08-19T14:21:59Z,2026-08-19
DNK,Denmark,2003,10,5,0,0,0,0,0,,0,unhcr_population,2025-12-31,2026-08-19T14:21:59Z,2026-08-19
DNK,Denmark,2004,10,5,0,0,0,0,0,,0,unhcr_population,2025-12-31,2026-08-19T14:21:59Z,2026-08-19
DNK,Denmark,2005,10,5,0,0,0,0,0,,0,unhcr_population,2025-12-31,2026-08-19T14:21:59Z,2026-08-19
DNK,Denmark,2006,10,5,0,0,0,0,0,,0,unhcr_population,2025-12-31,2026-08-19T14:21:59Z,2026-08-19
DNK,Denmark,2007,15,0,0,0,0,0,0,,0,unhcr_population,2025-12-31,2026-08-19T14:21:59Z,2026-08-19
DNK,Denmark,2008,10,6,0,0,0,0,0,,0,unhcr_population,2025-12-31,2026-08-19T14:21:59Z,2026-08-19
DNK,Denmark,2009,10,0,0,0,0,0,0,,0,unhcr_population,2025-12-31,2026-08-19T14:21:59Z,2026-08-19
DNK,Denmark,2010,6,0,0,0,0,0,0,,0,unhcr_population,2025-12-31,2026-08-19T14:21:59Z,2026-08-19
DNK,Denmark,2011,6,0,0,0,0,0,0,,0,unhcr_population,2025-12-31,2026-08-19T14:21:59Z,2026-08-19
DNK,Denmark,2012,6,0,0,0,0,0,0,,0,unhcr_population,2025-12-31,2026-08-19T14:21:59Z,2026-08-19
DNK,Denmark,2013,6,5,0,0,0,0,0,,0,unhcr_population,2025-12-31,2026-08-19T14:21:59Z,2026-08-19
DNK,Denmark,2014,11,10,0,0,0,0,0,,0,unhcr_population,2025-12-31,2026-08-19T14:21:59Z,2026-08-19
DNK,Denmark,2015,11,15,0,0,0,0,0,,0,unhcr_population,2025-12-31,2026-08-19T14:21:59Z,2026-08-19
DNK,Denmark,2016,0,5,0,0,0,0,0,,0,unhcr_population,2025-12-31,2026-08-19T14:21:59Z,2026-08-19
DNK,Denmark,2017,0,21,0,0,0,0,0,,0,unhcr_population,2025-12-31,2026-08-19T14:21:59Z,2026-08-19
DNK,Denmark,2018,0,35,0,0,0,0,0,,0,unhcr_population,2025-12-31,2026-08-19T14:21:59Z,2026-08-19
DNK,Denmark,2019,5,37,0,0,0,0,0,,0,unhcr_population,2025-12-31,2026-08-19T14:21:59Z,2026-08-19
DNK,Denmark,2020,5,17,0,0,0,0,0,,0,unhcr_population,2025-12-31,2026-08-19T14:21:59Z,2026-08-19
DNK,Denmark,2021,8,25,0,0,0,0,0,,0,unhcr_population,2025-12-31,2026-08-19T14:21:59Z,2026-08-19
DNK,Denmark,2022,0,35,0,0,0,0,0,,0,unhcr_population,2025-12-31,2026-08-19T14:21:59Z,2026-08-19
DNK,Denmark,2023,0,16,0,0,0,0,0,,0,unhcr_population,2025-12-31,2026-08-19T14:21:59Z,2026-08-19
DNK,Denmark,2024,16,30,0,0,0,0,0,,0,unhcr_population,2025-12-31,2026-08-19T14:21:59Z,2026-08-19
DNK,Denmark,2025,21,50,0,0,0,0,0,,0,unhcr_population,2025-12-31,2026-08-19T14:21:59Z,2026-08-19
DOM,Dominican Rep.,1978,50,0,0,0,0,0,0,,0,unhcr_population,2025-12-31,2026-08-19T14:21:59Z,2026-08-19
DOM,Dominican Rep.,1994,30,0,0,0,0,0,0,,0,unhcr_population,2025-12-31,2026-08-19T14:21:59Z,2026-08-19
DOM,Dominican Rep.,1995,30,0,0,0,0,0,0,,0,unhcr_population,2025-12-31,2026-08-19T14:21:59Z,2026-08-19
DOM,Dominican Rep.,1996,29,0,0,0,0,0,0,,0,unhcr_population,2025-12-31,2026-08-19T14:21:59Z,2026-08-19
DOM,Dominican Rep.,1997,50,0,0,0,0,0,0,,0,unhcr_population,2025-12-31,2026-08-19T14:21:59Z,2026-08-19
DOM,Dominican Rep.,1998,42,0,0,0,0,0,0,,0,unhcr_population,2025-12-31,2026-08-19T14:21:59Z,2026-08-19
DOM,Dominican Rep.,1999,45,0,0,0,0,0,0,,0,unhcr_population,2025-12-31,2026-08-19T14:21:59Z,2026-08-19
DOM,Dominican Rep.,2000,48,50,0,0,0,0,0,,0,unhcr_population,2025-12-31,2026-08-19T14:21:59Z,2026-08-19
DOM,Dominican Rep.,2001,45,124,0,0,0,0,0,,0,unhcr_population,2025-12-31,2026-08-19T14:21:59Z,2026-08-19
DOM,Dominican Rep.,2002,82,145,0,0,0,0,0,,0,unhcr_population,2025-12-31,2026-08-19T14:21:59Z,2026-08-19
DOM,Dominican Rep.,2003,89,123,0,0,0,0,0,,0,unhcr_population,2025-12-31,2026-08-19T14:21:59Z,2026-08-19
DOM,Dominican Rep.,2004,93,146,0,0,0,0,0,,0,unhcr_population,2025-12-31,2026-08-19T14:21:59Z,2026-08-19
DOM,Dominican Rep.,2005,62,77,0,0,0,0,0,,0,unhcr_population,2025-12-31,2026-08-19T14:21:59Z,2026-08-19
DOM,Dominican Rep.,2006,141,123,0,0,0,0,0,,0,unhcr_population,2025-12-31,2026-08-19T14:21:59Z,2026-08-19
DOM,Dominican Rep.,2007,352,131,0,0,0,0,0,,0,unhcr_population,2025-12-31,2026-08-19T14:21:59Z,2026-08-19
DOM,Dominican Rep.,2008,313,267,0,0,0,0,0,,0,unhcr_population,2025-12-31,2026-08-19T14:21:59Z,2026-08-19
DOM,Dominican Rep.,2009,222,401,0,0,0,0,0,,0,unhcr_population,2025-12-31,2026-08-19T14:21:59Z,2026-08-19
DOM,Dominican Rep.,2010,238,386,0,0,0,0,0,,0,unhcr_population,2025-12-31,2026-08-19T14:21:59Z,2026-08-19
DOM,Dominican Rep.,2011,239,347,0,0,0,0,0,,0,unhcr_population,2025-12-31,2026-08-19T14:21:59Z,2026-08-19
DOM,Dominican Rep.,2012,280,355,0,0,0,0,0,,0,unhcr_population,2025-12-31,2026-08-19T14:21:59Z,2026-08-19
DOM,Dominican Rep.,2013,298,840,0,0,0,0,0,,0,unhcr_population,2025-12-31,2026-08-19T14:21:59Z,2026-08-19
DOM,Dominican Rep.,2014,348,1139,0,0,0,0,0,,0,unhcr_population,2025-12-31,2026-08-19T14:21:59Z,2026-08-19
DOM,Dominican Rep.,2015,382,1709,0,0,0,0,0,,0,unhcr_population,2025-12-31,2026-08-19T14:21:59Z,2026-08-19
DOM,Dominican Rep.,2016,359,2354,0,0,0,0,0,,0,unhcr_population,2025-12-31,2026-08-19T14:21:59Z,2026-08-19
DOM,Dominican Rep.,2017,427,3159,0,0,0,0,0,,0,unhcr_population,2025-12-31,2026-08-19T14:21:59Z,2026-08-19
DOM,Dominican Rep.,2018,472,3406,0,0,0,0,0,,0,unhcr_population,2025-12-31,2026-08-19T14:21:59Z,2026-08-19
DOM,Dominican Rep.,2019,546,4038,0,0,0,0,0,,0,unhcr_population,2025-12-31,2026-08-19T14:21:59Z,2026-08-19
DOM,Dominican Rep.,2020,550,4244,0,0,0,0,0,,0,unhcr_population,2025-12-31,2026-08-19T14:21:59Z,2026-08-19
DOM,Dominican Rep.,2021,635,4642,0,0,0,0,0,,0,unhcr_population,2025-12-31,2026-08-19T14:21:59Z,2026-08-19
DOM,Dominican Rep.,2022,719,6996,0,0,0,0,0,,0,unhcr_population,2025-12-31,2026-08-19T14:21:59Z,2026-08-19
DOM,Dominican Rep.,2023,886,10791,0,0,0,0,0,,0,unhcr_population,2025-12-31,2026-08-19T14:21:59Z,2026-08-19
DOM,Dominican Rep.,2024,1080,15821,0,0,0,5,0,,0,unhcr_population,2025-12-31,2026-08-19T14:21:59Z,2026-08-19
DOM,Dominican Rep.,2025,1240,20783,0,0,0,0,0,,0,unhcr_population,2025-12-31,2026-08-19T14:21:59Z,2026-08-19
DZA,Algeria,1981,5,0,0,0,0,0,0,,0,unhcr_population,2025-12-31,2026-08-19T14:21:59Z,2026-08-19
DZA,Algeria,1982,5,0,0,0,0,0,0,,0,unhcr_population,2025-12-31,2026-08-19T14:21:59Z,2026-08-19
DZA,Algeria,1983,5,0,0,0,0,0,0,,0,unhcr_population,2025-12-31,2026-08-19T14:21:59Z,2026-08-19
DZA,Algeria,1984,5,0,0,0,0,0,0,,0,unhcr_population,2025-12-31,2026-08-19T14:21:59Z,2026-08-19
DZA,Algeria,1985,5,0,0,0,0,0,0,,0,unhcr_population,2025-12-31,2026-08-19T14:21:59Z,2026-08-19
DZA,Algeria,1988,5,0,0,0,0,0,0,,0,unhcr_population,2025-12-31,2026-08-19T14:21:59Z,2026-08-19
DZA,Algeria,1989,5,0,0,0,0,0,0,,0,unhcr_population,2025-12-31,2026-08-19T14:21:59Z,2026-08-19
DZA,Algeria,1990,18,0,0,0,0,0,0,,0,unhcr_population,2025-12-31,2026-08-19T14:21:59Z,2026-08-19
DZA,Algeria,1991,55,0,0,0,0,0,0,,0,unhcr_population,2025-12-31,2026-08-19T14:21:59Z,2026-08-19
DZA,Algeria,1992,69,0,0,0,0,0,0,,0,unhcr_population,2025-12-31,2026-08-19T14:21:59Z,2026-08-19
DZA,Algeria,1993,84,0,0,0,0,0,0,,0,unhcr_population,2025-12-31,2026-08-19T14:21:59Z,2026-08-19
DZA,Algeria,1994,20744,0,0,0,0,0,0,,0,unhcr_population,2025-12-31,2026-08-19T14:21:59Z,2026-08-19
DZA,Algeria,1995,1522,0,0,0,0,0,0,,0,unhcr_population,2025-12-31,2026-08-19T14:21:59Z,2026-08-19
DZA,Algeria,1996,2245,0,0,0,0,69,0,,0,unhcr_population,2025-12-31,2026-08-19T14:21:59Z,2026-08-19
DZA,Algeria,1997,3409,0,0,0,0,0,0,,0,unhcr_population,2025-12-31,2026-08-19T14:21:59Z,2026-08-19
DZA,Algeria,1998,5717,0,0,0,10,0,0,,0,unhcr_population,2025-12-31,2026-08-19T14:21:59Z,2026-08-19
DZA,Algeria,1999,7140,0,0,0,0,0,0,,0,unhcr_population,2025-12-31,2026-08-19T14:21:59Z,2026-08-19
DZA,Algeria,2000,8015,2320,0,0,0,0,0,,0,unhcr_population,2025-12-31,2026-08-19T14:21:59Z,2026-08-19
DZA,Algeria,2001,8399,2746,0,0,0,0,0,,0,unhcr_population,2025-12-31,2026-08-19T14:21:59Z,2026-08-19
DZA,Algeria,2002,12088,2374,0,0,0,0,0,,0,unhcr_population,2025-12-31,2026-08-19T14:21:59Z,2026-08-19
DZA,Algeria,2003,11651,1910,0,0,0,14,0,,0,unhcr_population,2025-12-31,2026-08-19T14:21:59Z,2026-08-19
DZA,Algeria,2004,10650,1335,0,0,0,0,0,,0,unhcr_population,2025-12-31,2026-08-19T14:21:59Z,2026-08-19
DZA,Algeria,2005,12024,1381,0,0,0,0,0,,0,unhcr_population,2025-12-31,2026-08-19T14:21:59Z,2026-08-19
DZA,Algeria,2006,8338,1531,0,0,0,0,0,,0,unhcr_population,2025-12-31,2026-08-19T14:21:59Z,2026-08-19
DZA,Algeria,2007,10599,1340,0,0,0,0,0,,0,unhcr_population,2025-12-31,2026-08-19T14:21:59Z,2026-08-19
DZA,Algeria,2008,9044,1522,0,0,0,0,0,,0,unhcr_population,2025-12-31,2026-08-19T14:21:59Z,2026-08-19
DZA,Algeria,2009,8168,1537,0,0,0,0,0,,0,unhcr_population,2025-12-31,2026-08-19T14:21:59Z,2026-08-19
DZA,Algeria,2010,6665,1714,0,0,0,5,0,,0,unhcr_population,2025-12-31,2026-08-19T14:21:59Z,2026-08-19
DZA,Algeria,2011,6093,2183,0,0,0,0,0,,0,unhcr_population,2025-12-31,2026-08-19T14:21:59Z,2026-08-19
DZA,Algeria,2012,5657,2463,0,0,0,7,0,,0,unhcr_population,2025-12-31,2026-08-19T14:21:59Z,2026-08-19
DZA,Algeria,2013,3643,4286,0,0,10,0,0,,0,unhcr_population,2025-12-31,2026-08-19T14:21:59Z,2026-08-19
DZA,Algeria,2014,3509,5127,0,0,12,0,0,,0,unhcr_population,2025-12-31,2026-08-19T14:21:59Z,2026-08-19
DZA,Algeria,2015,3470,7622,0,0,12,0,0,,0,unhcr_population,2025-12-31,2026-08-19T14:21:59Z,2026-08-19
DZA,Algeria,2016,3705,7177,0,0,7,5,0,,0,unhcr_population,2025-12-31,2026-08-19T14:21:59Z,2026-08-19
DZA,Algeria,2017,4021,6432,0,0,7,0,0,,0,unhcr_population,2025-12-31,2026-08-19T14:21:59Z,2026-08-19
DZA,Algeria,2018,4181,7447,0,0,11,0,0,,0,unhcr_population,2025-12-31,2026-08-19T14:21:59Z,2026-08-19
DZA,Algeria,2019,4514,7703,0,0,107,0,0,,0,unhcr_population,2025-12-31,2026-08-19T14:21:59Z,2026-08-19
DZA,Algeria,2020,4571,7779,0,0,96,0,0,,0,unhcr_population,2025-12-31,2026-08-19T14:21:59Z,2026-08-19
DZA,Algeria,2021,6003,6871,0,0,33,0,0,,0,unhcr_population,2025-12-31,2026-08-19T14:21:59Z,2026-08-19
DZA,Algeria,2022,7734,8923,0,0,107,0,0,,0,unhcr_population,2025-12-31,2026-08-19T14:21:59Z,2026-08-19
DZA,Algeria,2023,7629,11330,0,0,48,0,0,,0,unhcr_population,2025-12-31,2026-08-19T14:21:59Z,2026-08-19
DZA,Algeria,2024,8800,13598,0,0,53,317,0,,0,unhcr_population,2025-12-31,2026-08-19T14:21:59Z,2026-08-19
DZA,Algeria,2025,9174,12949,0,0,629,0,0,,0,unhcr_population,2025-12-31,2026-08-19T14:21:59Z,2026-08-19
ECU,Ecuador,1990,5,0,0,0,0,0,0,,0,unhcr_population,2025-12-31,2026-08-19T14:21:59Z,2026-08-19
ECU,Ecuador,1991,27,0,0,0,0,0,0,,0,unhcr_population,2025-12-31,2026-08-19T14:21:59Z,2026-08-19
ECU,Ecuador,1992,38,0,0,0,0,0,0,,0,unhcr_population,2025-12-31,2026-08-19T14:21:59Z,2026-08-19
ECU,Ecuador,1993,48,0,0,0,0,0,0,,0,unhcr_population,2025-12-31,2026-08-19T14:21:59Z,2026-08-19
ECU,Ecuador,1994,174,0,0,0,0,0,0,,0,unhcr_population,2025-12-31,2026-08-19T14:21:59Z,2026-08-19
ECU,Ecuador,1995,203,0,0,0,0,0,0,,0,unhcr_population,2025-12-31,2026-08-19T14:21:59Z,2026-08-19
ECU,Ecuador,1996,216,0,0,0,0,0,0,,0,unhcr_population,2025-12-31,2026-08-19T14:21:59Z,2026-08-19
ECU,Ecuador,1997,215,0,0,0,0,0,0,,0,unhcr_population,2025-12-31,2026-08-19T14:21:59Z,2026-08-19
ECU,Ecuador,1998,507,0,0,0,0,0,0,,0,unhcr_population,2025-12-31,2026-08-19T14:21:59Z,2026-08-19
ECU,Ecuador,1999,492,0,0,0,0,0,0,,0,unhcr_population,2025-12-31,2026-08-19T14:21:59Z,2026-08-19
ECU,Ecuador,2000,669,270,0,0,0,0,0,,0,unhcr_population,2025-12-31,2026-08-19T14:21:59Z,2026-08-19
ECU,Ecuador,2001,649,435,0,0,0,0,0,,0,unhcr_population,2025-12-31,2026-08-19T14:21:59Z,2026-08-19
ECU,Ecuador,2002,815,834,0,0,0,0,0,,0,unhcr_population,2025-12-31,2026-08-19T14:21:59Z,2026-08-19
ECU,Ecuador,2003,720,689,0,0,0,0,0,,0,unhcr_population,2025-12-31,2026-08-19T14:21:59Z,2026-08-19
ECU,Ecuador,2004,718,492,0,0,0,0,0,,0,unhcr_population,2025-12-31,2026-08-19T14:21:59Z,2026-08-19
ECU,Ecuador,2005,772,274,0,0,0,0,0,,0,unhcr_population,2025-12-31,2026-08-19T14:21:59Z,2026-08-19
ECU,Ecuador,2006,878,264,0,0,0,0,0,,0,unhcr_population,2025-12-31,2026-08-19T14:21:59Z,2026-08-19
ECU,Ecuador,2007,1329,278,0,0,0,0,0,,0,unhcr_population,2025-12-31,2026-08-19T14:21:59Z,2026-08-19
ECU,Ecuador,2008,1063,244,0,0,0,0,0,,0,unhcr_population,2025-12-31,2026-08-19T14:21:59Z,2026-08-19
ECU,Ecuador,2009,1029,279,0,0,0,0,0,,0,unhcr_population,2025-12-31,2026-08-19T14:21:59Z,2026-08-19
ECU,Ecuador,2010,859,201,0,0,0,0,0,,0,unhcr_population,2025-12-31,2026-08-19T14:21:59Z,2026-08-19
ECU,Ecuador,2011,912,254,0,0,0,0,0,,0,unhcr_population,2025-12-31,2026-08-19T14:21:59Z,2026-08-19
ECU,Ecuador,2012,848,519,0,0,0,0,0,,0,unhcr_population,2025-12-31,2026-08-19T14:21:59Z,2026-08-19
ECU,Ecuador,2013,711,2340,0,0,0,0,0,,0,unhcr_population,2025-12-31,2026-08-19T14:21:59Z,2026-08-19
ECU,Ecuador,2014,807,6966,0,0,0,0,0,,0,unhcr_population,2025-12-31,2026-08-19T14:21:59Z,2026-08-19
ECU,Ecuador,2015,1006,10415,0,0,0,0,0,,0,unhcr_population,2025-12-31,2026-08-19T14:21:59Z,2026-08-19
ECU,Ecuador,2016,1041,13682,0,0,0,0,0,,0,unhcr_population,2025-12-31,2026-08-19T14:21:59Z,2026-08-19
ECU,Ecuador,2017,1251,17341,0,0,0,0,0,,0,unhcr_population,2025-12-31,2026-08-19T14:21:59Z,2026-08-19
ECU,Ecuador,2018,1424,17727,0,0,0,0,0,,0,unhcr_population,2025-12-31,2026-08-19T14:21:59Z,2026-08-19
ECU,Ecuador,2019,1644,19340,0,0,0,0,0,,0,unhcr_population,2025-12-31,2026-08-19T14:21:59Z,2026-08-19
ECU,Ecuador,2020,1689,22090,0,0,0,0,0,,0,unhcr_population,2025-12-31,2026-08-19T14:21:59Z,2026-08-19
ECU,Ecuador,2021,1825,27286,0,0,0,0,0,,0,unhcr_population,2025-12-31,2026-08-19T14:21:59Z,2026-08-19
ECU,Ecuador,2022,3205,40358,0,0,25335,0,0,,0,unhcr_population,2025-12-31,2026-08-19T14:21:59Z,2026-08-19
ECU,Ecuador,2023,4244,66416,0,0,25692,0,0,,0,unhcr_population,2025-12-31,2026-08-19T14:21:59Z,2026-08-19
ECU,Ecuador,2024,5015,105087,0,0,20232,8,0,,0,unhcr_population,2025-12-31,2026-08-19T14:21:59Z,2026-08-19
ECU,Ecuador,2025,5723,122060,0,0,3561,0,0,,0,unhcr_population,2025-12-31,2026-08-19T14:21:59Z,2026-08-19
EGY,Egypt,1978,50,0,0,0,0,0,0,,0,unhcr_population,2025-12-31,2026-08-19T14:21:59Z,2026-08-19
EGY,Egypt,1981,5,0,0,0,0,0,0,,0,unhcr_population,2025-12-31,2026-08-19T14:21:59Z,2026-08-19
EGY,Egypt,1982,5,0,0,0,0,0,0,,0,unhcr_population,2025-12-31,2026-08-19T14:21:59Z,2026-08-19
EGY,Egypt,1983,6,0,0,0,0,0,0,,0,unhcr_population,2025-12-31,2026-08-19T14:21:59Z,2026-08-19
EGY,Egypt,1984,6,0,0,0,0,0,0,,0,unhcr_population,2025-12-31,2026-08-19T14:21:59Z,2026-08-19
EGY,Egypt,1985,7,0,0,0,0,0,0,,0,unhcr_population,2025-12-31,2026-08-19T14:21:59Z,2026-08-19
EGY,Egypt,1986,8,0,0,0,0,0,0,,0,unhcr_population,2025-12-31,2026-08-19T14:21:59Z,2026-08-19
EGY,Egypt,1987,8,0,0,0,0,0,0,,0,unhcr_population,2025-12-31,2026-08-19T14:21:59Z,2026-08-19
EGY,Egypt,1988,14,0,0,0,0,0,0,,0,unhcr_population,2025-12-31,2026-08-19T14:21:59Z,2026-08-19
EGY,Egypt,1989,13,0,0,0,0,0,0,,0,unhcr_population,2025-12-31,2026-08-19T14:21:59Z,2026-08-19
EGY,Egypt,1990,50,0,0,0,0,0,0,,0,unhcr_population,2025-12-31,2026-08-19T14:21:59Z,2026-08-19
EGY,Egypt,1991,98,0,0,0,0,0,0,,0,unhcr_population,2025-12-31,2026-08-19T14:21:59Z,2026-08-19
EGY,Egypt,1992,210,0,0,0,0,0,0,,0,unhcr_population,2025-12-31,2026-08-19T14:21:59Z,2026-08-19
EGY,Egypt,1993,257,0,0,0,0,0,0,,0,unhcr_population,2025-12-31,2026-08-19T14:21:59Z,2026-08-19
EGY,Egypt,1994,501,0,0,0,0,0,0,,0,unhcr_population,2025-12-31,2026-08-19T14:21:59Z,2026-08-19
EGY,Egypt,1995,870,0,0,0,0,0,0,,0,unhcr_population,2025-12-31,2026-08-19T14:21:59Z,2026-08-19
EGY,Egypt,1996,1198,0,0,0,0,5,0,,0,unhcr_population,2025-12-31,2026-08-19T14:21:59Z,2026-08-19
EGY,Egypt,1997,1720,0,0,0,0,0,0,,0,unhcr_population,2025-12-31,2026-08-19T14:21:59Z,2026-08-19
EGY,Egypt,1998,2606,0,0,0,0,0,0,,0,unhcr_population,2025-12-31,2026-08-19T14:21:59Z,2026-08-19
EGY,Egypt,1999,3486,0,0,0,0,0,0,,0,unhcr_population,2025-12-31,2026-08-19T14:21:59Z,2026-08-19
EGY,Egypt,2000,3954,1151,0,0,0,5,0,,0,unhcr_population,2025-12-31,2026-08-19T14:21:59Z,2026-08-19
EGY,Egypt,2001,4677,1442,0,0,0,0,0,,0,unhcr_population,2025-12-31,2026-08-19T14:21:59Z,2026-08-19
EGY,Egypt,2002,6442,1825,0,0,0,0,0,,0,unhcr_population,2025-12-31,2026-08-19T14:21:59Z,2026-08-19
EGY,Egypt,2003,5734,2019,0,0,0,0,0,,0,unhcr_population,2025-12-31,2026-08-19T14:21:59Z,2026-08-19
EGY,Egypt,2004,5361,2242,0,0,0,0,0,,0,unhcr_population,2025-12-31,2026-08-19T14:21:59Z,2026-08-19
EGY,Egypt,2005,6288,2327,0,0,0,0,0,,0,unhcr_population,2025-12-31,2026-08-19T14:21:59Z,2026-08-19
EGY,Egypt,2006,7608,1675,0,0,0,0,0,,0,unhcr_population,2025-12-31,2026-08-19T14:21:59Z,2026-08-19
EGY,Egypt,2007,6789,1614,0,0,0,0,0,,0,unhcr_population,2025-12-31,2026-08-19T14:21:59Z,2026-08-19
EGY,Egypt,2008,6777,1803,0,0,0,0,0,,0,unhcr_population,2025-12-31,2026-08-19T14:21:59Z,2026-08-19
EGY,Egypt,2009,6983,1626,0,0,0,0,0,,0,unhcr_population,2025-12-31,2026-08-19T14:21:59Z,2026-08-19
EGY,Egypt,2010,6903,1571,0,0,0,0,0,,0,unhcr_population,2025-12-31,2026-08-19T14:21:59Z,2026-08-19
EGY,Egypt,2011,7922,2613,0,0,0,0,0,,0,unhcr_population,2025-12-31,2026-08-19T14:21:59Z,2026-08-19
EGY,Egypt,2012,10014,4118,0,0,0,5,0,,0,unhcr_population,2025-12-31,2026-08-19T14:21:59Z,2026-08-19
EGY,Egypt,2013,12804,9478,0,0,0,0,0,,0,unhcr_population,2025-12-31,2026-08-19T14:21:59Z,2026-08-19
EGY,Egypt,2014,15899,10816,0,0,42,0,0,,0,unhcr_population,2025-12-31,2026-08-19T14:21:59Z,2026-08-19
EGY,Egypt,2015,17929,12142,0,0,78,5,0,,0,unhcr_population,2025-12-31,2026-08-19T14:21:59Z,2026-08-19
EGY,Egypt,2016,19792,13026,0,0,111,0,0,,0,unhcr_population,2025-12-31,2026-08-19T14:21:59Z,2026-08-19
EGY,Egypt,2017,22106,14588,0,0,41,0,0,,0,unhcr_population,2025-12-31,2026-08-19T14:21:59Z,2026-08-19
EGY,Egypt,2018,24850,16760,0,0,47,0,0,,0,unhcr_population,2025-12-31,2026-08-19T14:21:59Z,2026-08-19
EGY,Egypt,2019,27416,16627,0,0,349,0,0,,0,unhcr_population,2025-12-31,2026-08-19T14:21:59Z,2026-08-19
EGY,Egypt,2020,26553,16313,0,0,88,0,0,,0,unhcr_population,2025-12-31,2026-08-19T14:21:59Z,2026-08-19
EGY,Egypt,2021,27498,21016,0,0,82,0,0,,0,unhcr_population,2025-12-31,2026-08-19T14:21:59Z,2026-08-19
EGY,Egypt,2022,24390,27834,0,0,162,0,0,,0,unhcr_population,2025-12-31,2026-08-19T14:21:59Z,2026-08-19
EGY,Egypt,2023,23160,46356,0,0,273,0,0,,0,unhcr_population,2025-12-31,2026-08-19T14:21:59Z,2026-08-19
EGY,Egypt,2024,23736,55917,0,0,329,0,0,,0,unhcr_population,2025-12-31,2026-08-19T14:21:59Z,2026-08-19
EGY,Egypt,2025,23763,46292,0,0,7587,0,0,,0,unhcr_population,2025-12-31,2026-08-19T14:21:59Z,2026-08-19
ERI,Eritrea,1979,400,0,0,0,0,0,0,,0,unhcr_population,2025-12-31,2026-08-19T14:21:59Z,2026-08-19
ERI,Eritrea,1980,542,0,0,0,0,0,0,,0,unhcr_population,2025-12-31,2026-08-19T14:21:59Z,2026-08-19
ERI,Eritrea,1981,1542,0,0,0,0,300,0,,0,unhcr_population,2025-12-31,2026-08-19T14:21:59Z,2026-08-19
ERI,Eritrea,1982,1585,0,0,0,0,0,0,,0,unhcr_population,2025-12-31,2026-08-19T14:21:59Z,2026-08-19
ERI,Eritrea,1983,1385,0,0,0,0,0,0,,0,unhcr_population,2025-12-31,2026-08-19T14:21:59Z,2026-08-19
ERI,Eritrea,1984,1385,0,0,0,0,0,0,,0,unhcr_population,2025-12-31,2026-08-19T14:21:59Z,2026-08-19
ERI,Eritrea,1985,1385,0,0,0,0,0,0,,0,unhcr_population,2025-12-31,2026-08-19T14:21:59Z,2026-08-19
ERI,Eritrea,1986,177,0,0,0,0,0,0,,0,unhcr_population,2025-12-31,2026-08-19T14:21:59Z,2026-08-19
ERI,Eritrea,1987,167,0,0,0,0,0,0,,0,unhcr_population,2025-12-31,2026-08-19T14:21:59Z,2026-08-19
ERI,Eritrea,1988,133,0,0,0,0,0,0,,0,unhcr_population,2025-12-31,2026-08-19T14:21:59Z,2026-08-19
ERI,Eritrea,1989,43,0,0,0,0,0,0,,0,unhcr_population,2025-12-31,2026-08-19T14:21:59Z,2026-08-19
ERI,Eritrea,1990,43,0,0,0,0,0,0,,0,unhcr_population,2025-12-31,2026-08-19T14:21:59Z,2026-08-19
ERI,Eritrea,1991,500633,0,0,0,0,0,0,,0,unhcr_population,2025-12-31,2026-08-19T14:21:59Z,2026-08-19
ERI,Eritrea,1992,503200,0,0,0,0,70000,0,,0,unhcr_population,2025-12-31,2026-08-19T14:21:59Z,2026-08-19
ERI,Eritrea,1993,427208,0,0,0,0,0,0,,0,unhcr_population,2025-12-31,2026-08-19T14:21:59Z,2026-08-19
ERI,Eritrea,1994,422432,0,0,0,0,8774,0,,0,unhcr_population,2025-12-31,2026-08-19T14:21:59Z,2026-08-19
ERI,Eritrea,1995,286711,0,0,0,0,21487,0,,0,unhcr_population,2025-12-31,2026-08-19T14:21:59Z,2026-08-19
ERI,Eritrea,1996,332222,0,0,0,0,1356,0,,0,unhcr_population,2025-12-31,2026-08-19T14:21:59Z,2026-08-19
ERI,Eritrea,1997,319076,0,0,0,2500,1600,0,,0,unhcr_population,2025-12-31,2026-08-19T14:21:59Z,2026-08-19
ERI,Eritrea,1998,346779,0,0,0,0,6360,0,,0,unhcr_population,2025-12-31,2026-08-19T14:21:59Z,2026-08-19
ERI,Eritrea,1999,347134,0,0,0,0,1513,0,,0,unhcr_population,2025-12-31,2026-08-19T14:21:59Z,2026-08-19
ERI,Eritrea,2000,376847,2559,1100000,0,0,51005,0,,0,unhcr_population,2025-12-31,2026-08-19T14:21:59Z,2026-08-19
ERI,Eritrea,2001,333222,2849,0,0,0,32749,0,,0,unhcr_population,2025-12-31,2026-08-19T14:21:59Z,2026-08-19
ERI,Eritrea,2002,318167,25826,0,0,0,19675,0,,0,unhcr_population,2025-12-31,2026-08-19T14:21:59Z,2026-08-19
ERI,Eritrea,2003,124111,2828,0,0,22024,10146,0,,0,unhcr_population,2025-12-31,2026-08-19T14:21:59Z,2026-08-19
ERI,Eritrea,2004,131108,2811,0,0,37416,9892,0,,0,unhcr_population,2025-12-31,2026-08-19T14:21:59Z,2026-08-19
ERI,Eritrea,2005,144062,4016,0,0,36110,0,0,,0,unhcr_population,2025-12-31,2026-08-19T14:21:59Z,2026-08-19
ERI,Eritrea,2006,193738,5023,0,0,32,0,0,,0,unhcr_population,2025-12-31,2026-08-19T14:21:59Z,2026-08-19
ERI,Eritrea,2007,208747,12177,0,0,0,0,0,,0,unhcr_population,2025-12-31,2026-08-19T14:21:59Z,2026-08-19
ERI,Eritrea,2008,186392,14603,0,0,650,92,0,,0,unhcr_population,2025-12-31,2026-08-19T14:21:59Z,2026-08-19
ERI,Eritrea,2009,209164,14379,0,0,0,10,0,,0,unhcr_population,2025-12-31,2026-08-19T14:21:59Z,2026-08-19
ERI,Eritrea,2010,222457,13569,0,0,0,0,0,,0,unhcr_population,2025-12-31,2026-08-19T14:21:59Z,2026-08-19
ERI,Eritrea,2011,251941,14598,0,0,0,0,0,,0,unhcr_population,2025-12-31,2026-08-19T14:21:59Z,2026-08-19
ERI,Eritrea,2012,285356,20544,0,0,64,5,0,,0,unhcr_population,2025-12-31,2026-08-19T14:21:59Z,2026-08-19
ERI,Eritrea,2013,308210,28924,0,0,69,0,0,,0,unhcr_population,2025-12-31,2026-08-19T14:21:59Z,2026-08-19
ERI,Eritrea,2014,363081,53650,0,0,116,0,0,,0,unhcr_population,2025-12-31,2026-08-19T14:21:59Z,2026-08-19
ERI,Eritrea,2015,407428,62088,0,0,235,0,0,,0,unhcr_population,2025-12-31,2026-08-19T14:21:59Z,2026-08-19
ERI,Eritrea,2016,457247,67694,0,0,73,0,0,,0,unhcr_population,2025-12-31,2026-08-19T14:21:59Z,2026-08-19
ERI,Eritrea,2017,486209,78308,0,0,145,468,0,,0,unhcr_population,2025-12-31,2026-08-19T14:21:59Z,2026-08-19
ERI,Eritrea,2018,507260,78584,0,0,86,297,0,,0,unhcr_population,2025-12-31,2026-08-19T14:21:59Z,2026-08-19
ERI,Eritrea,2019,504300,72164,0,0,134,434,0,,0,unhcr_population,2025-12-31,2026-08-19T14:21:59Z,2026-08-19
ERI,Eritrea,2020,524738,72942,0,0,9703,0,0,,0,unhcr_population,2025-12-31,2026-08-19T14:21:59Z,2026-08-19
ERI,Eritrea,2021,511911,77188,0,0,10538,0,0,,0,unhcr_population,2025-12-31,2026-08-19T14:21:59Z,2026-08-19
ERI,Eritrea,2022,512674,79010,0,0,9399,0,0,,0,unhcr_population,2025-12-31,2026-08-19T14:21:59Z,2026-08-19
ERI,Eritrea,2023,559853,104892,0,0,8470,0,0,,0,unhcr_population,2025-12-31,2026-08-19T14:21:59Z,2026-08-19
ERI,Eritrea,2024,551296,111762,0,0,6354,31,0,,0,unhcr_population,2025-12-31,2026-08-19T14:21:59Z,2026-08-19
ERI,Eritrea,2025,554891,118444,0,0,3764,0,0,,0,unhcr_population,2025-12-31,2026-08-19T14:21:59Z,2026-08-19
ESH,Western Sahara,1975,20000,0,0,0,0,0,0,,0,unhcr_population,2025-12-31,2026-08-19T14:21:59Z,2026-08-19
ESH,Western Sahara,1976,35000,0,0,0,0,0,0,,0,unhcr_population,2025-12-31,2026-08-19T14:21:59Z,2026-08-19
ESH,Western Sahara,1977,50000,0,0,0,0,0,0,,0,unhcr_population,2025-12-31,2026-08-19T14:21:59Z,2026-08-19
ESH,Western Sahara,1978,50000,0,0,0,0,0,0,,0,unhcr_population,2025-12-31,2026-08-19T14:21:59Z,2026-08-19
ESH,Western Sahara,1979,50000,0,0,0,0,0,0,,0,unhcr_population,2025-12-31,2026-08-19T14:21:59Z,2026-08-19
ESH,Western Sahara,1980,50000,0,0,0,0,0,0,,0,unhcr_population,2025-12-31,2026-08-19T14:21:59Z,2026-08-19
ESH,Western Sahara,1981,165000,0,0,0,0,0,0,,0,unhcr_population,2025-12-31,2026-08-19T14:21:59Z,2026-08-19
ESH,Western Sahara,1982,165000,0,0,0,0,0,0,,0,unhcr_population,2025-12-31,2026-08-19T14:21:59Z,2026-08-19
ESH,Western Sahara,1983,165000,0,0,0,0,0,0,,0,unhcr_population,2025-12-31,2026-08-19T14:21:59Z,2026-08-19
ESH,Western Sahara,1984,165000,0,0,0,0,0,0,,0,unhcr_population,2025-12-31,2026-08-19T14:21:59Z,2026-08-19
ESH,Western Sahara,1985,165000,0,0,0,0,0,0,,0,unhcr_population,2025-12-31,2026-08-19T14:21:59Z,2026-08-19
ESH,Western Sahara,1986,165000,0,0,0,0,0,0,,0,unhcr_population,2025-12-31,2026-08-19T14:21:59Z,2026-08-19
ESH,Western Sahara,1987,165000,0,0,0,0,0,0,,0,unhcr_population,2025-12-31,2026-08-19T14:21:59Z,2026-08-19
ESH,Western Sahara,1988,165000,0,0,0,0,0,0,,0,unhcr_population,2025-12-31,2026-08-19T14:21:59Z,2026-08-19
ESH,Western Sahara,1989,167190,0,0,0,0,0,0,,0,unhcr_population,2025-12-31,2026-08-19T14:21:59Z,2026-08-19
ESH,Western Sahara,1990,165000,0,0,0,0,0,0,,0,unhcr_population,2025-12-31,2026-08-19T14:21:59Z,2026-08-19
ESH,Western Sahara,1991,165000,0,0,0,0,0,0,,0,unhcr_population,2025-12-31,2026-08-19T14:21:59Z,2026-08-19
ESH,Western Sahara,1992,165000,0,0,0,0,0,0,,0,unhcr_population,2025-12-31,2026-08-19T14:21:59Z,2026-08-19
ESH,Western Sahara,1993,165000,0,0,0,0,0,0,,0,unhcr_population,2025-12-31,2026-08-19T14:21:59Z,2026-08-19
ESH,Western Sahara,1994,166493,0,0,0,0,0,0,,0,unhcr_population,2025-12-31,2026-08-19T14:21:59Z,2026-08-19
ESH,Western Sahara,1995,165000,0,0,0,0,0,0,,0,unhcr_population,2025-12-31,2026-08-19T14:21:59Z,2026-08-19
ESH,Western Sahara,1996,166328,0,0,0,0,0,0,,0,unhcr_population,2025-12-31,2026-08-19T14:21:59Z,2026-08-19
ESH,Western Sahara,1997,166099,0,0,0,0,0,0,,0,unhcr_population,2025-12-31,2026-08-19T14:21:59Z,2026-08-19
ESH,Western Sahara,1998,165968,0,0,0,0,0,0,,0,unhcr_population,2025-12-31,2026-08-19T14:21:59Z,2026-08-19
ESH,Western Sahara,1999,165868,0,0,0,26416,0,0,,0,unhcr_population,2025-12-31,2026-08-19T14:21:59Z,2026-08-19
ESH,Western Sahara,2000,165808,0,0,0,26000,0,0,,0,unhcr_population,2025-12-31,2026-08-19T14:21:59Z,2026-08-19
ESH,Western Sahara,2001,165908,5,0,0,26000,0,0,,0,unhcr_population,2025-12-31,2026-08-19T14:21:59Z,2026-08-19
ESH,Western Sahara,2002,165884,5,0,0,26000,0,0,,0,unhcr_population,2025-12-31,2026-08-19T14:21:59Z,2026-08-19
ESH,Western Sahara,2003,165729,19,0,0,26000,0,0,,0,unhcr_population,2025-12-31,2026-08-19T14:21:59Z,2026-08-19
ESH,Western Sahara,2004,165728,13,0,0,26000,0,0,,0,unhcr_population,2025-12-31,2026-08-19T14:21:59Z,2026-08-19
ESH,Western Sahara,2005,90650,20,0,0,26000,0,0,,0,unhcr_population,2025-12-31,2026-08-19T14:21:59Z,2026-08-19
ESH,Western Sahara,2006,90611,24,0,0,26000,0,0,,0,unhcr_population,2025-12-31,2026-08-19T14:21:59Z,2026-08-19
ESH,Western Sahara,2007,116594,23,0,0,0,0,0,,0,unhcr_population,2025-12-31,2026-08-19T14:21:59Z,2026-08-19
ESH,Western Sahara,2008,116528,28,0,0,0,0,0,,0,unhcr_population,2025-12-31,2026-08-19T14:21:59Z,2026-08-19
ESH,Western Sahara,2009,116469,20,0,0,0,0,0,,0,unhcr_population,2025-12-31,2026-08-19T14:21:59Z,2026-08-19
ESH,Western Sahara,2010,116411,24,0,0,0,0,0,,0,unhcr_population,2025-12-31,2026-08-19T14:21:59Z,2026-08-19
ESH,Western Sahara,2011,116414,5,0,0,0,0,0,,0,unhcr_population,2025-12-31,2026-08-19T14:21:59Z,2026-08-19
ESH,Western Sahara,2012,116451,128,0,0,0,0,0,,0,unhcr_population,2025-12-31,2026-08-19T14:21:59Z,2026-08-19
ESH,Western Sahara,2013,116500,404,0,0,0,0,0,,0,unhcr_population,2025-12-31,2026-08-19T14:21:59Z,2026-08-19
ESH,Western Sahara,2014,116478,1176,0,0,0,0,0,,0,unhcr_population,2025-12-31,2026-08-19T14:21:59Z,2026-08-19
ESH,Western Sahara,2015,116542,1438,0,0,0,0,0,,0,unhcr_population,2025-12-31,2026-08-19T14:21:59Z,2026-08-19
ESH,Western Sahara,2016,116648,1993,0,0,0,6,0,,0,unhcr_population,2025-12-31,2026-08-19T14:21:59Z,2026-08-19
ESH,Western Sahara,2017,116762,1843,0,0,0,0,0,,0,unhcr_population,2025-12-31,2026-08-19T14:21:59Z,2026-08-19
ESH,Western Sahara,2018,116790,1803,0,0,0,0,0,,0,unhcr_population,2025-12-31,2026-08-19T14:21:59Z,2026-08-19
ESH,Western Sahara,2019,116908,955,0,0,5,0,0,,0,unhcr_population,2025-12-31,2026-08-19T14:21:59Z,2026-08-19
ESH,Western Sahara,2020,116925,1038,0,0,5,0,0,,0,unhcr_population,2025-12-31,2026-08-19T14:21:59Z,2026-08-19
ESH,Western Sahara,2021,117041,689,0,0,5,0,0,,0,unhcr_population,2025-12-31,2026-08-19T14:21:59Z,2026-08-19
ESH,Western Sahara,2022,91026,750,0,0,0,5,0,,0,unhcr_population,2025-12-31,2026-08-19T14:21:59Z,2026-08-19
ESH,Western Sahara,2023,90974,827,0,0,0,6,0,,0,unhcr_population,2025-12-31,2026-08-19T14:21:59Z,2026-08-19
ESH,Western Sahara,2024,174578,867,0,0,0,0,0,,0,unhcr_population,2025-12-31,2026-08-19T14:21:59Z,2026-08-19
ESH,Western Sahara,2025,174607,943,0,0,0,0,0,,0,unhcr_population,2025-12-31,2026-08-19T14:21:59Z,2026-08-19
ESP,Spain,1970,680,0,0,0,0,0,0,,0,unhcr_population,2025-12-31,2026-08-19T14:21:59Z,2026-08-19
ESP,Spain,1971,670,0,0,0,0,0,0,,0,unhcr_population,2025-12-31,2026-08-19T14:21:59Z,2026-08-19
ESP,Spain,1972,650,0,0,0,0,0,0,,0,unhcr_population,2025-12-31,2026-08-19T14:21:59Z,2026-08-19
ESP,Spain,1973,390,0,0,0,0,0,0,,0,unhcr_population,2025-12-31,2026-08-19T14:21:59Z,2026-08-19
ESP,Spain,1974,210,0,0,0,0,0,0,,0,unhcr_population,2025-12-31,2026-08-19T14:21:59Z,2026-08-19
ESP,Spain,1975,140,0,0,0,0,0,0,,0,unhcr_population,2025-12-31,2026-08-19T14:21:59Z,2026-08-19
ESP,Spain,1976,510,0,0,0,0,0,0,,0,unhcr_population,2025-12-31,2026-08-19T14:21:59Z,2026-08-19
ESP,Spain,1980,5,0,0,0,0,0,0,,0,unhcr_population,2025-12-31,2026-08-19T14:21:59Z,2026-08-19
ESP,Spain,1981,5,0,0,0,0,0,0,,0,unhcr_population,2025-12-31,2026-08-19T14:21:59Z,2026-08-19
ESP,Spain,1982,50,0,0,0,0,0,0,,0,unhcr_population,2025-12-31,2026-08-19T14:21:59Z,2026-08-19
ESP,Spain,1983,600,0,0,0,0,0,0,,0,unhcr_population,2025-12-31,2026-08-19T14:21:59Z,2026-08-19
ESP,Spain,1984,60,0,0,0,0,0,0,,0,unhcr_population,2025-12-31,2026-08-19T14:21:59Z,2026-08-19
ESP,Spain,1985,60,0,0,0,0,0,0,,0,unhcr_population,2025-12-31,2026-08-19T14:21:59Z,2026-08-19
ESP,Spain,1987,60,0,0,0,0,0,0,,0,unhcr_population,2025-12-31,2026-08-19T14:21:59Z,2026-08-19
ESP,Spain,1994,42,0,0,0,0,0,0,,0,unhcr_population,2025-12-31,2026-08-19T14:21:59Z,2026-08-19
ESP,Spain,1995,36,0,0,0,0,0,0,,0,unhcr_population,2025-12-31,2026-08-19T14:21:59Z,2026-08-19
ESP,Spain,1996,217,0,0,0,0,0,0,,0,unhcr_population,2025-12-31,2026-08-19T14:21:59Z,2026-08-19
ESP,Spain,1997,214,0,0,0,0,0,0,,0,unhcr_population,2025-12-31,2026-08-19T14:21:59Z,2026-08-19
ESP,Spain,1998,57,0,0,0,0,0,0,,0,unhcr_population,2025-12-31,2026-08-19T14:21:59Z,2026-08-19
ESP,Spain,1999,49,0,0,0,0,0,0,,0,unhcr_population,2025-12-31,2026-08-19T14:21:59Z,2026-08-19
ESP,Spain,2000,75,21,0,0,0,0,0,,0,unhcr_population,2025-12-31,2026-08-19T14:21:59Z,2026-08-19
ESP,Spain,2001,45,18,0,0,0,0,0,,0,unhcr_population,2025-12-31,2026-08-19T14:21:59Z,2026-08-19
ESP,Spain,2002,58,25,0,0,0,0,0,,0,unhcr_population,2025-12-31,2026-08-19T14:21:59Z,2026-08-19
ESP,Spain,2003,51,40,0,0,0,0,0,,0,unhcr_population,2025-12-31,2026-08-19T14:21:59Z,2026-08-19
ESP,Spain,2004,53,28,0,0,0,0,0,,0,unhcr_population,2025-12-31,2026-08-19T14:21:59Z,2026-08-19
ESP,Spain,2005,49,20,0,0,0,0,0,,0,unhcr_population,2025-12-31,2026-08-19T14:21:59Z,2026-08-19
ESP,Spain,2006,2442,14,0,0,0,0,0,,0,unhcr_population,2025-12-31,2026-08-19T14:21:59Z,2026-08-19
ESP,Spain,2007,37,11,0,0,0,0,0,,0,unhcr_population,2025-12-31,2026-08-19T14:21:59Z,2026-08-19
ESP,Spain,2008,26,17,0,0,0,0,0,,0,unhcr_population,2025-12-31,2026-08-19T14:21:59Z,2026-08-19
ESP,Spain,2009,34,51,0,0,0,0,0,,0,unhcr_population,2025-12-31,2026-08-19T14:21:59Z,2026-08-19
ESP,Spain,2010,41,70,0,0,0,0,0,,0,unhcr_population,2025-12-31,2026-08-19T14:21:59Z,2026-08-19
ESP,Spain,2011,42,85,0,0,0,0,0,,0,unhcr_population,2025-12-31,2026-08-19T14:21:59Z,2026-08-19
ESP,Spain,2012,55,81,0,0,0,0,0,,0,unhcr_population,2025-12-31,2026-08-19T14:21:59Z,2026-08-19
ESP,Spain,2013,56,68,0,0,0,0,0,,0,unhcr_population,2025-12-31,2026-08-19T14:21:59Z,2026-08-19
ESP,Spain,2014,60,68,0,0,0,0,0,,0,unhcr_population,2025-12-31,2026-08-19T14:21:59Z,2026-08-19
ESP,Spain,2015,60,85,0,0,0,0,0,,0,unhcr_population,2025-12-31,2026-08-19T14:21:59Z,2026-08-19
ESP,Spain,2016,34,120,0,0,0,0,0,,0,unhcr_population,2025-12-31,2026-08-19T14:21:59Z,2026-08-19
ESP,Spain,2017,39,197,0,0,0,0,0,,0,unhcr_population,2025-12-31,2026-08-19T14:21:59Z,2026-08-19
ESP,Spain,2018,46,238,0,0,0,0,0,,0,unhcr_population,2025-12-31,2026-08-19T14:21:59Z,2026-08-19
ESP,Spain,2019,51,276,0,0,0,0,0,,0,unhcr_population,2025-12-31,2026-08-19T14:21:59Z,2026-08-19
ESP,Spain,2020,52,294,0,0,0,0,0,,0,unhcr_population,2025-12-31,2026-08-19T14:21:59Z,2026-08-19
ESP,Spain,2021,55,423,0,0,0,0,0,,0,unhcr_population,2025-12-31,2026-08-19T14:21:59Z,2026-08-19
ESP,Spain,2022,62,452,0,0,0,0,0,,0,unhcr_population,2025-12-31,2026-08-19T14:21:59Z,2026-08-19
ESP,Spain,2023,56,1322,0,0,0,0,0,,0,unhcr_population,2025-12-31,2026-08-19T14:21:59Z,2026-08-19
ESP,Spain,2024,174,1979,0,0,0,8,0,,0,unhcr_population,2025-12-31,2026-08-19T14:21:59Z,2026-08-19
ESP,Spain,2025,186,713,0,0,0,0,0,,0,unhcr_population,2025-12-31,2026-08-19T14:21:59Z,2026-08-19
EST,Estonia,1992,59,0,0,0,0,0,0,,0,unhcr_population,2025-12-31,2026-08-19T14:21:59Z,2026-08-19
EST,Estonia,1993,95,0,0,0,0,0,0,,0,unhcr_population,2025-12-31,2026-08-19T14:21:59Z,2026-08-19
EST,Estonia,1994,296,0,0,0,0,0,0,,0,unhcr_population,2025-12-31,2026-08-19T14:21:59Z,2026-08-19
EST,Estonia,1995,350,0,0,0,0,0,0,,0,unhcr_population,2025-12-31,2026-08-19T14:21:59Z,2026-08-19
EST,Estonia,1996,1309,0,0,0,0,6,0,,0,unhcr_population,2025-12-31,2026-08-19T14:21:59Z,2026-08-19
EST,Estonia,1997,1265,0,0,0,0,0,0,,0,unhcr_population,2025-12-31,2026-08-19T14:21:59Z,2026-08-19
EST,Estonia,1998,792,0,0,0,537,0,0,,0,unhcr_population,2025-12-31,2026-08-19T14:21:59Z,2026-08-19
EST,Estonia,1999,634,0,0,0,0,0,0,,0,unhcr_population,2025-12-31,2026-08-19T14:21:59Z,2026-08-19
EST,Estonia,2000,460,74,0,0,0,0,0,,0,unhcr_population,2025-12-31,2026-08-19T14:21:59Z,2026-08-19
EST,Estonia,2001,483,98,0,0,0,0,0,,0,unhcr_population,2025-12-31,2026-08-19T14:21:59Z,2026-08-19
EST,Estonia,2002,1058,157,0,0,0,0,0,,0,unhcr_population,2025-12-31,2026-08-19T14:21:59Z,2026-08-19
EST,Estonia,2003,1021,177,0,0,0,0,0,,0,unhcr_population,2025-12-31,2026-08-19T14:21:59Z,2026-08-19
EST,Estonia,2004,849,143,0,0,0,0,0,,0,unhcr_population,2025-12-31,2026-08-19T14:21:59Z,2026-08-19
EST,Estonia,2005,738,132,0,0,0,0,0,,0,unhcr_population,2025-12-31,2026-08-19T14:21:59Z,2026-08-19
EST,Estonia,2006,622,123,0,0,0,0,0,,0,unhcr_population,2025-12-31,2026-08-19T14:21:59Z,2026-08-19
EST,Estonia,2007,258,55,0,0,0,0,0,,0,unhcr_population,2025-12-31,2026-08-19T14:21:59Z,2026-08-19
EST,Estonia,2008,248,33,0,0,0,0,0,,0,unhcr_population,2025-12-31,2026-08-19T14:21:59Z,2026-08-19
EST,Estonia,2009,249,34,0,0,0,0,0,,0,unhcr_population,2025-12-31,2026-08-19T14:21:59Z,2026-08-19
EST,Estonia,2010,242,15,0,0,0,0,0,,0,unhcr_population,2025-12-31,2026-08-19T14:21:59Z,2026-08-19
EST,Estonia,2011,225,34,0,0,0,0,0,,0,unhcr_population,2025-12-31,2026-08-19T14:21:59Z,2026-08-19
EST,Estonia,2012,455,28,0,0,0,0,0,,0,unhcr_population,2025-12-31,2026-08-19T14:21:59Z,2026-08-19
EST,Estonia,2013,349,22,0,0,0,0,0,,0,unhcr_population,2025-12-31,2026-08-19T14:21:59Z,2026-08-19
EST,Estonia,2014,340,31,0,0,0,0,0,,0,unhcr_population,2025-12-31,2026-08-19T14:21:59Z,2026-08-19
EST,Estonia,2015,315,39,0,0,0,0,0,,0,unhcr_population,2025-12-31,2026-08-19T14:21:59Z,2026-08-19
EST,Estonia,2016,303,42,0,0,0,0,0,,0,unhcr_population,2025-12-31,2026-08-19T14:21:59Z,2026-08-19
EST,Estonia,2017,288,42,0,0,0,0,0,,0,unhcr_population,2025-12-31,2026-08-19T14:21:59Z,2026-08-19
EST,Estonia,2018,281,37,0,0,0,0,0,,0,unhcr_population,2025-12-31,2026-08-19T14:21:59Z,2026-08-19
EST,Estonia,2019,274,55,0,0,0,0,0,,0,unhcr_population,2025-12-31,2026-08-19T14:21:59Z,2026-08-19
EST,Estonia,2020,277,43,0,0,0,0,0,,0,unhcr_population,2025-12-31,2026-08-19T14:21:59Z,2026-08-19
EST,Estonia,2021,271,48,0,0,0,0,0,,0,unhcr_population,2025-12-31,2026-08-19T14:21:59Z,2026-08-19
EST,Estonia,2022,45,61,0,0,0,0,0,,0,unhcr_population,2025-12-31,2026-08-19T14:21:59Z,2026-08-19
EST,Estonia,2023,60,58,0,0,0,0,0,,0,unhcr_population,2025-12-31,2026-08-19T14:21:59Z,2026-08-19
EST,Estonia,2024,126,62,0,0,0,0,0,,0,unhcr_population,2025-12-31,2026-08-19T14:21:59Z,2026-08-19
EST,Estonia,2025,86,52,0,0,0,0,0,,0,unhcr_population,2025-12-31,2026-08-19T14:21:59Z,2026-08-19
ETH,Ethiopia,1967,28600,0,0,0,0,0,0,,0,unhcr_population,2025-12-31,2026-08-19T14:21:59Z,2026-08-19
ETH,Ethiopia,1968,31000,0,0,0,0,0,0,,0,unhcr_population,2025-12-31,2026-08-19T14:21:59Z,2026-08-19
ETH,Ethiopia,1969,31000,0,0,0,0,0,0,,0,unhcr_population,2025-12-31,2026-08-19T14:21:59Z,2026-08-19
ETH,Ethiopia,1970,54350,0,0,0,0,0,0,,0,unhcr_population,2025-12-31,2026-08-19T14:21:59Z,2026-08-19
ETH,Ethiopia,1971,55200,0,0,0,0,0,0,,0,unhcr_population,2025-12-31,2026-08-19T14:21:59Z,2026-08-19
ETH,Ethiopia,1972,44640,0,0,0,0,8090,0,,0,unhcr_population,2025-12-31,2026-08-19T14:21:59Z,2026-08-19
ETH,Ethiopia,1973,46300,0,0,0,0,0,0,,0,unhcr_population,2025-12-31,2026-08-19T14:21:59Z,2026-08-19
ETH,Ethiopia,1974,49200,0,0,0,0,0,0,,0,unhcr_population,2025-12-31,2026-08-19T14:21:59Z,2026-08-19
ETH,Ethiopia,1975,91410,0,0,0,0,0,0,,0,unhcr_population,2025-12-31,2026-08-19T14:21:59Z,2026-08-19
ETH,Ethiopia,1976,105700,0,0,0,0,0,0,,0,unhcr_population,2025-12-31,2026-08-19T14:21:59Z,2026-08-19
ETH,Ethiopia,1977,655350,0,0,0,0,1150,0,,0,unhcr_population,2025-12-31,2026-08-19T14:21:59Z,2026-08-19
ETH,Ethiopia,1978,887670,0,0,0,0,8970,0,,0,unhcr_population,2025-12-31,2026-08-19T14:21:59Z,2026-08-19
ETH,Ethiopia,1979,1623870,0,0,0,0,20900,0,,0,unhcr_population,2025-12-31,2026-08-19T14:21:59Z,2026-08-19
ETH,Ethiopia,1980,2567998,0,0,0,0,10000,0,,0,unhcr_population,2025-12-31,2026-08-19T14:21:59Z,2026-08-19
ETH,Ethiopia,1981,1363266,0,0,0,0,26420,0,,0,unhcr_population,2025-12-31,2026-08-19T14:21:59Z,2026-08-19
ETH,Ethiopia,1982,1334915,0,0,0,0,80000,0,,0,unhcr_population,2025-12-31,2026-08-19T14:21:59Z,2026-08-19
ETH,Ethiopia,1983,1351917,0,0,0,0,82460,0,,0,unhcr_population,2025-12-31,2026-08-19T14:21:59Z,2026-08-19
ETH,Ethiopia,1984,1546134,0,0,0,0,286600,0,,0,unhcr_population,2025-12-31,2026-08-19T14:21:59Z,2026-08-19
ETH,Ethiopia,1985,1749309,0,0,0,0,116320,0,,0,unhcr_population,2025-12-31,2026-08-19T14:21:59Z,2026-08-19
ETH,Ethiopia,1986,1534548,0,0,0,0,213860,0,,0,unhcr_population,2025-12-31,2026-08-19T14:21:59Z,2026-08-19
ETH,Ethiopia,1987,1487663,0,0,0,0,59570,0,,0,unhcr_population,2025-12-31,2026-08-19T14:21:59Z,2026-08-19
ETH,Ethiopia,1988,1513307,0,0,0,0,7080,0,,0,unhcr_population,2025-12-31,2026-08-19T14:21:59Z,2026-08-19
ETH,Ethiopia,1989,1474919,0,0,0,0,6300,0,,0,unhcr_population,2025-12-31,2026-08-19T14:21:59Z,2026-08-19
ETH,Ethiopia,1990,1345928,0,0,0,0,0,0,,0,unhcr_population,2025-12-31,2026-08-19T14:21:59Z,2026-08-19
ETH,Ethiopia,1991,251243,0,0,0,0,53840,0,,0,unhcr_population,2025-12-31,2026-08-19T14:21:59Z,2026-08-19
ETH,Ethiopia,1992,313131,0,0,0,0,11995,0,,0,unhcr_population,2025-12-31,2026-08-19T14:21:59Z,2026-08-19
ETH,Ethiopia,1993,251828,0,0,0,0,56613,0,,0,unhcr_population,2025-12-31,2026-08-19T14:21:59Z,2026-08-19
ETH,Ethiopia,1994,226429,0,0,0,0,39657,0,,0,unhcr_population,2025-12-31,2026-08-19T14:21:59Z,2026-08-19
ETH,Ethiopia,1995,100986,0,0,0,0,35146,0,,0,unhcr_population,2025-12-31,2026-08-19T14:21:59Z,2026-08-19
ETH,Ethiopia,1996,96264,0,0,0,0,27994,0,,0,unhcr_population,2025-12-31,2026-08-19T14:21:59Z,2026-08-19
ETH,Ethiopia,1997,84386,0,0,0,0,10034,0,,0,unhcr_population,2025-12-31,2026-08-19T14:21:59Z,2026-08-19
ETH,Ethiopia,1998,70663,0,0,0,1393,12759,0,,0,unhcr_population,2025-12-31,2026-08-19T14:21:59Z,2026-08-19
ETH,Ethiopia,1999,71040,0,0,0,0,1867,0,,0,unhcr_population,2025-12-31,2026-08-19T14:21:59Z,2026-08-19
ETH,Ethiopia,2000,66396,14551,0,0,244,2933,0,,0,unhcr_population,2025-12-31,2026-08-19T14:21:59Z,2026-08-19
ETH,Ethiopia,2001,58980,12305,0,0,1420,9364,0,,0,unhcr_population,2025-12-31,2026-08-19T14:21:59Z,2026-08-19
ETH,Ethiopia,2002,61235,8956,0,0,100,208,0,,0,unhcr_population,2025-12-31,2026-08-19T14:21:59Z,2026-08-19
ETH,Ethiopia,2003,62674,10805,0,0,0,19,0,,0,unhcr_population,2025-12-31,2026-08-19T14:21:59Z,2026-08-19
ETH,Ethiopia,2004,63153,13098,0,0,0,5,0,,0,unhcr_population,2025-12-31,2026-08-19T14:21:59Z,2026-08-19
ETH,Ethiopia,2005,65447,16216,0,0,5,146,0,,0,unhcr_population,2025-12-31,2026-08-19T14:21:59Z,2026-08-19
ETH,Ethiopia,2006,74007,16670,0,0,0,23,0,,0,unhcr_population,2025-12-31,2026-08-19T14:21:59Z,2026-08-19
ETH,Ethiopia,2007,59845,29469,0,0,0,21,0,,0,unhcr_population,2025-12-31,2026-08-19T14:21:59Z,2026-08-19
ETH,Ethiopia,2008,63863,31506,0,0,0,164,0,,0,unhcr_population,2025-12-31,2026-08-19T14:21:59Z,2026-08-19
ETH,Ethiopia,2009,62877,48733,0,0,0,14,0,,0,unhcr_population,2025-12-31,2026-08-19T14:21:59Z,2026-08-19
ETH,Ethiopia,2010,68838,48883,0,0,7,5,0,,0,unhcr_population,2025-12-31,2026-08-19T14:21:59Z,2026-08-19
ETH,Ethiopia,2011,70601,38827,0,0,0,21,0,,0,unhcr_population,2025-12-31,2026-08-19T14:21:59Z,2026-08-19
ETH,Ethiopia,2012,74964,41902,0,0,4760,29,0,,0,unhcr_population,2025-12-31,2026-08-19T14:21:59Z,2026-08-19
ETH,Ethiopia,2013,77109,49315,0,0,3241,30,0,,0,unhcr_population,2025-12-31,2026-08-19T14:21:59Z,2026-08-19
ETH,Ethiopia,2014,86857,61368,0,0,407,463,0,,0,unhcr_population,2025-12-31,2026-08-19T14:21:59Z,2026-08-19
ETH,Ethiopia,2015,85839,76680,0,0,221,5,0,,0,unhcr_population,2025-12-31,2026-08-19T14:21:59Z,2026-08-19
ETH,Ethiopia,2016,83958,78854,0,0,690,0,0,,0,unhcr_population,2025-12-31,2026-08-19T14:21:59Z,2026-08-19
ETH,Ethiopia,2017,87448,133659,1078429,0,4258,0,0,,0,unhcr_population,2025-12-31,2026-08-19T14:21:59Z,2026-08-19
ETH,Ethiopia,2018,92232,133254,2615800,0,4228,16,0,,0,unhcr_population,2025-12-31,2026-08-19T14:21:59Z,2026-08-19
ETH,Ethiopia,2019,93467,135267,1733628,0,3881,139,1303736,,0,unhcr_population,2025-12-31,2026-08-19T14:21:59Z,2026-08-19
ETH,Ethiopia,2020,151426,125072,2733628,0,3925,89,0,,0,unhcr_population,2025-12-31,2026-08-19T14:21:59Z,2026-08-19
ETH,Ethiopia,2021,149130,139211,3646267,0,3918,1082,1548421,,84953,unhcr_population,2025-12-31,2026-08-19T14:21:59Z,2026-08-19
ETH,Ethiopia,2022,149603,121362,2730000,0,4902,288,1880000,,596148,unhcr_population,2025-12-31,2026-08-19T14:21:59Z,2026-08-19
ETH,Ethiopia,2023,158344,139424,2561497,0,4791,6187,534293,,1115201,unhcr_population,2025-12-31,2026-08-19T14:21:59Z,2026-08-19
ETH,Ethiopia,2024,164423,158142,2272533,0,4059,11672,2438438,,1876986,unhcr_population,2025-12-31,2026-08-19T14:21:59Z,2026-08-19
ETH,Ethiopia,2025,164215,148616,2378000,0,3776,5362,0,,884231,unhcr_population,2025-12-31,2026-08-19T14:21:59Z,2026-08-19
FIN,Finland,1998,5,0,0,0,0,0,0,,0,unhcr_population,2025-12-31,2026-08-19T14:21:59Z,2026-08-19
FIN,Finland,1999,5,0,0,0,0,0,0,,0,unhcr_population,2025-12-31,2026-08-19T14:21:59Z,2026-08-19
FIN,Finland,2000,5,5,0,0,0,0,0,,0,unhcr_population,2025-12-31,2026-08-19T14:21:59Z,2026-08-19
FIN,Finland,2001,0,5,0,0,0,0,0,,0,unhcr_population,2025-12-31,2026-08-19T14:21:59Z,2026-08-19
FIN,Finland,2002,8,5,0,0,0,0,0,,0,unhcr_population,2025-12-31,2026-08-19T14:21:59Z,2026-08-19
FIN,Finland,2003,6,5,0,0,0,0,0,,0,unhcr_population,2025-12-31,2026-08-19T14:21:59Z,2026-08-19
FIN,Finland,2004,0,5,0,0,0,0,0,,0,unhcr_population,2025-12-31,2026-08-19T14:21:59Z,2026-08-19
FIN,Finland,2005,5,5,0,0,0,0,0,,0,unhcr_population,2025-12-31,2026-08-19T14:21:59Z,2026-08-19
FIN,Finland,2006,10,0,0,0,0,0,0,,0,unhcr_population,2025-12-31,2026-08-19T14:21:59Z,2026-08-19
FIN,Finland,2007,5,0,0,0,0,0,0,,0,unhcr_population,2025-12-31,2026-08-19T14:21:59Z,2026-08-19
FIN,Finland,2009,6,0,0,0,0,0,0,,0,unhcr_population,2025-12-31,2026-08-19T14:21:59Z,2026-08-19
FIN,Finland,2010,6,0,0,0,0,0,0,,0,unhcr_population,2025-12-31,2026-08-19T14:21:59Z,2026-08-19
FIN,Finland,2011,6,5,0,0,0,0,0,,0,unhcr_population,2025-12-31,2026-08-19T14:21:59Z,2026-08-19
FIN,Finland,2012,5,6,0,0,0,0,0,,0,unhcr_population,2025-12-31,2026-08-19T14:21:59Z,2026-08-19
FIN,Finland,2013,5,5,0,0,0,0,0,,0,unhcr_population,2025-12-31,2026-08-19T14:21:59Z,2026-08-19
FIN,Finland,2014,5,0,0,0,0,0,0,,0,unhcr_population,2025-12-31,2026-08-19T14:21:59Z,2026-08-19
FIN,Finland,2015,10,0,0,0,0,0,0,,0,unhcr_population,2025-12-31,2026-08-19T14:21:59Z,2026-08-19
FIN,Finland,2016,5,5,0,0,0,0,0,,0,unhcr_population,2025-12-31,2026-08-19T14:21:59Z,2026-08-19
FIN,Finland,2017,5,10,0,0,0,0,0,,0,unhcr_population,2025-12-31,2026-08-19T14:21:59Z,2026-08-19
FIN,Finland,2018,5,5,0,0,0,0,0,,0,unhcr_population,2025-12-31,2026-08-19T14:21:59Z,2026-08-19
FIN,Finland,2019,0,10,0,0,0,0,0,,0,unhcr_population,2025-12-31,2026-08-19T14:21:59Z,2026-08-19
FIN,Finland,2021,5,0,0,0,0,0,0,,0,unhcr_population,2025-12-31,2026-08-19T14:21:59Z,2026-08-19
FIN,Finland,2022,0,15,0,0,0,0,0,,0,unhcr_population,2025-12-31,2026-08-19T14:21:59Z,2026-08-19
FIN,Finland,2023,0,46,0,0,0,0,0,,0,unhcr_population,2025-12-31,2026-08-19T14:21:59Z,2026-08-19
FIN,Finland,2024,5,43,0,0,0,0,0,,0,unhcr_population,2025-12-31,2026-08-19T14:21:59Z,2026-08-19
FIN,Finland,2025,5,15,0,0,0,0,0,,0,unhcr_population,2025-12-31,2026-08-19T14:21:59Z,2026-08-19
FJI,Fiji,1992,19,0,0,0,0,0,0,,0,unhcr_population,2025-12-31,2026-08-19T14:21:59Z,2026-08-19
FJI,Fiji,1993,89,0,0,0,0,0,0,,0,unhcr_population,2025-12-31,2026-08-19T14:21:59Z,2026-08-19
FJI,Fiji,1994,156,0,0,0,0,0,0,,0,unhcr_population,2025-12-31,2026-08-19T14:21:59Z,2026-08-19
FJI,Fiji,1995,222,0,0,0,0,0,0,,0,unhcr_population,2025-12-31,2026-08-19T14:21:59Z,2026-08-19
FJI,Fiji,1996,305,0,0,0,0,0,0,,0,unhcr_population,2025-12-31,2026-08-19T14:21:59Z,2026-08-19
FJI,Fiji,1997,326,0,0,0,0,0,0,,0,unhcr_population,2025-12-31,2026-08-19T14:21:59Z,2026-08-19
FJI,Fiji,1998,301,0,0,0,0,0,0,,0,unhcr_population,2025-12-31,2026-08-19T14:21:59Z,2026-08-19
FJI,Fiji,1999,328,0,0,0,0,0,0,,0,unhcr_population,2025-12-31,2026-08-19T14:21:59Z,2026-08-19
FJI,Fiji,2000,401,1661,0,0,0,0,0,,0,unhcr_population,2025-12-31,2026-08-19T14:21:59Z,2026-08-19
FJI,Fiji,2001,731,1918,0,0,0,0,0,,0,unhcr_population,2025-12-31,2026-08-19T14:21:59Z,2026-08-19
FJI,Fiji,2002,1071,1502,0,0,0,0,0,,0,unhcr_population,2025-12-31,2026-08-19T14:21:59Z,2026-08-19
FJI,Fiji,2003,1088,1018,0,0,0,0,0,,0,unhcr_population,2025-12-31,2026-08-19T14:21:59Z,2026-08-19
FJI,Fiji,2004,1280,520,0,0,0,0,0,,0,unhcr_population,2025-12-31,2026-08-19T14:21:59Z,2026-08-19
FJI,Fiji,2005,1376,370,0,0,0,0,0,,0,unhcr_population,2025-12-31,2026-08-19T14:21:59Z,2026-08-19
FJI,Fiji,2006,1681,253,0,0,0,0,0,,0,unhcr_population,2025-12-31,2026-08-19T14:21:59Z,2026-08-19
FJI,Fiji,2007,1824,193,0,0,0,0,0,,0,unhcr_population,2025-12-31,2026-08-19T14:21:59Z,2026-08-19
FJI,Fiji,2008,1862,200,0,0,0,0,0,,0,unhcr_population,2025-12-31,2026-08-19T14:21:59Z,2026-08-19
FJI,Fiji,2009,1888,360,0,0,0,0,0,,0,unhcr_population,2025-12-31,2026-08-19T14:21:59Z,2026-08-19
FJI,Fiji,2010,1849,298,0,0,0,0,0,,0,unhcr_population,2025-12-31,2026-08-19T14:21:59Z,2026-08-19
FJI,Fiji,2011,1576,256,0,0,0,0,0,,0,unhcr_population,2025-12-31,2026-08-19T14:21:59Z,2026-08-19
FJI,Fiji,2012,1314,269,0,0,0,0,0,,0,unhcr_population,2025-12-31,2026-08-19T14:21:59Z,2026-08-19
FJI,Fiji,2013,1109,463,0,0,0,0,0,,0,unhcr_population,2025-12-31,2026-08-19T14:21:59Z,2026-08-19
FJI,Fiji,2014,927,769,0,0,0,0,0,,0,unhcr_population,2025-12-31,2026-08-19T14:21:59Z,2026-08-19
FJI,Fiji,2015,887,429,0,0,0,0,0,,0,unhcr_population,2025-12-31,2026-08-19T14:21:59Z,2026-08-19
FJI,Fiji,2016,791,510,0,0,0,0,0,,0,unhcr_population,2025-12-31,2026-08-19T14:21:59Z,2026-08-19
FJI,Fiji,2017,734,678,0,0,0,0,0,,0,unhcr_population,2025-12-31,2026-08-19T14:21:59Z,2026-08-19
FJI,Fiji,2018,675,1297,0,0,0,0,0,,0,unhcr_population,2025-12-31,2026-08-19T14:21:59Z,2026-08-19
FJI,Fiji,2019,591,2343,0,0,0,0,0,,0,unhcr_population,2025-12-31,2026-08-19T14:21:59Z,2026-08-19
FJI,Fiji,2020,516,2683,0,0,0,0,0,,0,unhcr_population,2025-12-31,2026-08-19T14:21:59Z,2026-08-19
FJI,Fiji,2021,414,2997,0,0,0,0,0,,0,unhcr_population,2025-12-31,2026-08-19T14:21:59Z,2026-08-19
FJI,Fiji,2022,336,3317,0,0,0,0,0,,0,unhcr_population,2025-12-31,2026-08-19T14:21:59Z,2026-08-19
FJI,Fiji,2023,207,3017,0,0,0,0,0,,0,unhcr_population,2025-12-31,2026-08-19T14:21:59Z,2026-08-19
FJI,Fiji,2024,248,3168,0,0,0,0,0,,0,unhcr_population,2025-12-31,2026-08-19T14:21:59Z,2026-08-19
FJI,Fiji,2025,343,2058,0,0,0,0,0,,0,unhcr_population,2025-12-31,2026-08-19T14:21:59Z,2026-08-19
FRA,France,1994,20,0,0,0,0,0,0,,0,unhcr_population,2025-12-31,2026-08-19T14:21:59Z,2026-08-19
FRA,France,1995,14,0,0,0,0,0,0,,0,unhcr_population,2025-12-31,2026-08-19T14:21:59Z,2026-08-19
FRA,France,1996,46,0,0,0,0,0,0,,0,unhcr_population,2025-12-31,2026-08-19T14:21:59Z,2026-08-19
FRA,France,1997,60,0,0,0,0,0,0,,0,unhcr_population,2025-12-31,2026-08-19T14:21:59Z,2026-08-19
FRA,France,1998,62,0,0,0,0,0,0,,0,unhcr_population,2025-12-31,2026-08-19T14:21:59Z,2026-08-19
FRA,France,1999,60,0,0,0,0,0,0,,0,unhcr_population,2025-12-31,2026-08-19T14:21:59Z,2026-08-19
FRA,France,2000,74,45,0,0,0,0,0,,0,unhcr_population,2025-12-31,2026-08-19T14:21:59Z,2026-08-19
FRA,France,2001,41,59,0,0,0,0,0,,0,unhcr_population,2025-12-31,2026-08-19T14:21:59Z,2026-08-19
FRA,France,2002,92,73,0,0,0,0,0,,0,unhcr_population,2025-12-31,2026-08-19T14:21:59Z,2026-08-19
FRA,France,2003,110,66,0,0,0,0,0,,0,unhcr_population,2025-12-31,2026-08-19T14:21:59Z,2026-08-19
FRA,France,2004,112,55,0,0,0,0,0,,0,unhcr_population,2025-12-31,2026-08-19T14:21:59Z,2026-08-19
FRA,France,2005,286,54,0,0,0,0,0,,0,unhcr_population,2025-12-31,2026-08-19T14:21:59Z,2026-08-19
FRA,France,2006,79,35,0,0,0,0,0,,0,unhcr_population,2025-12-31,2026-08-19T14:21:59Z,2026-08-19
FRA,France,2007,99,48,0,0,0,0,0,,0,unhcr_population,2025-12-31,2026-08-19T14:21:59Z,2026-08-19
FRA,France,2008,97,55,0,0,0,0,0,,0,unhcr_population,2025-12-31,2026-08-19T14:21:59Z,2026-08-19
FRA,France,2009,80,69,0,0,0,0,0,,0,unhcr_population,2025-12-31,2026-08-19T14:21:59Z,2026-08-19
FRA,France,2010,90,33,0,0,0,0,0,,0,unhcr_population,2025-12-31,2026-08-19T14:21:59Z,2026-08-19
FRA,France,2011,92,51,0,0,0,0,0,,0,unhcr_population,2025-12-31,2026-08-19T14:21:59Z,2026-08-19
FRA,France,2012,94,38,0,0,0,0,0,,0,unhcr_population,2025-12-31,2026-08-19T14:21:59Z,2026-08-19
FRA,France,2013,92,42,0,0,0,0,0,,0,unhcr_population,2025-12-31,2026-08-19T14:21:59Z,2026-08-19
FRA,France,2014,84,40,0,0,0,0,0,,0,unhcr_population,2025-12-31,2026-08-19T14:21:59Z,2026-08-19
FRA,France,2015,90,77,0,0,0,0,0,,0,unhcr_population,2025-12-31,2026-08-19T14:21:59Z,2026-08-19
FRA,France,2016,50,116,0,0,0,0,0,,0,unhcr_population,2025-12-31,2026-08-19T14:21:59Z,2026-08-19
FRA,France,2017,54,140,0,0,0,0,0,,0,unhcr_population,2025-12-31,2026-08-19T14:21:59Z,2026-08-19
FRA,France,2018,59,219,0,0,0,0,0,,0,unhcr_population,2025-12-31,2026-08-19T14:21:59Z,2026-08-19
FRA,France,2019,50,268,0,0,0,0,0,,0,unhcr_population,2025-12-31,2026-08-19T14:21:59Z,2026-08-19
FRA,France,2020,49,175,0,0,0,0,0,,0,unhcr_population,2025-12-31,2026-08-19T14:21:59Z,2026-08-19
FRA,France,2021,38,280,0,0,0,0,0,,0,unhcr_population,2025-12-31,2026-08-19T14:21:59Z,2026-08-19
FRA,France,2022,65,405,0,0,0,0,0,,0,unhcr_population,2025-12-31,2026-08-19T14:21:59Z,2026-08-19
FRA,France,2023,50,475,0,0,0,0,0,,0,unhcr_population,2025-12-31,2026-08-19T14:21:59Z,2026-08-19
FRA,France,2024,139,608,0,0,0,0,0,,0,unhcr_population,2025-12-31,2026-08-19T14:21:59Z,2026-08-19
FRA,France,2025,166,455,0,0,0,0,0,,0,unhcr_population,2025-12-31,2026-08-19T14:21:59Z,2026-08-19
FSM,Micronesia (Federated States of),2002,0,5,0,0,0,0,0,,0,unhcr_population,2025-12-31,2026-08-19T14:21:59Z,2026-08-19
FSM,Micronesia (Federated States of),2003,0,5,0,0,0,0,0,,0,unhcr_population,2025-12-31,2026-08-19T14:21:59Z,2026-08-19
FSM,Micronesia (Federated States of),2004,0,5,0,0,0,0,0,,0,unhcr_population,2025-12-31,2026-08-19T14:21:59Z,2026-08-19
FSM,Micronesia (Federated States of),2015,0,6,0,0,0,0,0,,0,unhcr_population,2025-12-31,2026-08-19T14:21:59Z,2026-08-19
FSM,Micronesia (Federated States of),2022,0,5,0,0,0,0,0,,0,unhcr_population,2025-12-31,2026-08-19T14:21:59Z,2026-08-19
FSM,Micronesia (Federated States of),2024,0,5,0,0,0,0,0,,0,unhcr_population,2025-12-31,2026-08-19T14:21:59Z,2026-08-19
FSM,Micronesia (Federated States of),2025,0,5,0,0,0,0,0,,0,unhcr_population,2025-12-31,2026-08-19T14:21:59Z,2026-08-19
GAB,Gabon,1992,17,0,0,0,0,0,0,,0,unhcr_population,2025-12-31,2026-08-19T14:21:59Z,2026-08-19
GAB,Gabon,1993,17,0,0,0,0,0,0,,0,unhcr_population,2025-12-31,2026-08-19T14:21:59Z,2026-08-19
GAB,Gabon,1994,22,0,0,0,0,0,0,,0,unhcr_population,2025-12-31,2026-08-19T14:21:59Z,2026-08-19
GAB,Gabon,1995,27,0,0,0,0,0,0,,0,unhcr_population,2025-12-31,2026-08-19T14:21:59Z,2026-08-19
GAB,Gabon,1996,22,0,0,0,0,0,0,,0,unhcr_population,2025-12-31,2026-08-19T14:21:59Z,2026-08-19
GAB,Gabon,1997,17,0,0,0,0,0,0,,0,unhcr_population,2025-12-31,2026-08-19T14:21:59Z,2026-08-19
GAB,Gabon,1998,27,0,0,0,0,0,0,,0,unhcr_population,2025-12-31,2026-08-19T14:21:59Z,2026-08-19
GAB,Gabon,1999,27,0,0,0,0,0,0,,0,unhcr_population,2025-12-31,2026-08-19T14:21:59Z,2026-08-19
GAB,Gabon,2000,27,13,0,0,0,6,0,,0,unhcr_population,2025-12-31,2026-08-19T14:21:59Z,2026-08-19
GAB,Gabon,2001,24,45,0,0,0,0,0,,0,unhcr_population,2025-12-31,2026-08-19T14:21:59Z,2026-08-19
GAB,Gabon,2002,34,52,0,0,0,0,0,,0,unhcr_population,2025-12-31,2026-08-19T14:21:59Z,2026-08-19
GAB,Gabon,2003,37,34,0,0,0,0,0,,0,unhcr_population,2025-12-31,2026-08-19T14:21:59Z,2026-08-19
GAB,Gabon,2004,50,26,0,0,0,0,0,,0,unhcr_population,2025-12-31,2026-08-19T14:21:59Z,2026-08-19
GAB,Gabon,2005,78,55,0,0,0,0,0,,0,unhcr_population,2025-12-31,2026-08-19T14:21:59Z,2026-08-19
GAB,Gabon,2006,96,40,0,0,0,0,0,,0,unhcr_population,2025-12-31,2026-08-19T14:21:59Z,2026-08-19
GAB,Gabon,2007,116,21,0,0,0,0,0,,0,unhcr_population,2025-12-31,2026-08-19T14:21:59Z,2026-08-19
GAB,Gabon,2008,132,23,0,0,0,0,0,,0,unhcr_population,2025-12-31,2026-08-19T14:21:59Z,2026-08-19
GAB,Gabon,2009,145,33,0,0,0,0,0,,0,unhcr_population,2025-12-31,2026-08-19T14:21:59Z,2026-08-19
GAB,Gabon,2010,167,37,0,0,0,0,0,,0,unhcr_population,2025-12-31,2026-08-19T14:21:59Z,2026-08-19
GAB,Gabon,2011,180,35,0,0,0,0,0,,0,unhcr_population,2025-12-31,2026-08-19T14:21:59Z,2026-08-19
GAB,Gabon,2012,189,56,0,0,0,0,0,,0,unhcr_population,2025-12-31,2026-08-19T14:21:59Z,2026-08-19
GAB,Gabon,2013,180,104,0,0,0,0,0,,0,unhcr_population,2025-12-31,2026-08-19T14:21:59Z,2026-08-19
GAB,Gabon,2014,179,116,0,0,0,0,0,,0,unhcr_population,2025-12-31,2026-08-19T14:21:59Z,2026-08-19
GAB,Gabon,2015,174,224,0,0,0,0,0,,0,unhcr_population,2025-12-31,2026-08-19T14:21:59Z,2026-08-19
GAB,Gabon,2016,167,431,0,0,0,0,0,,0,unhcr_population,2025-12-31,2026-08-19T14:21:59Z,2026-08-19
GAB,Gabon,2017,216,696,0,0,0,5,0,,0,unhcr_population,2025-12-31,2026-08-19T14:21:59Z,2026-08-19
GAB,Gabon,2018,342,739,0,0,0,0,0,,0,unhcr_population,2025-12-31,2026-08-19T14:21:59Z,2026-08-19
GAB,Gabon,2019,440,893,0,0,0,0,0,,0,unhcr_population,2025-12-31,2026-08-19T14:21:59Z,2026-08-19
GAB,Gabon,2020,454,1115,0,0,0,0,0,,0,unhcr_population,2025-12-31,2026-08-19T14:21:59Z,2026-08-19
GAB,Gabon,2021,620,902,0,0,0,0,0,,0,unhcr_population,2025-12-31,2026-08-19T14:21:59Z,2026-08-19
GAB,Gabon,2022,772,717,0,0,0,0,0,,0,unhcr_population,2025-12-31,2026-08-19T14:21:59Z,2026-08-19
GAB,Gabon,2023,866,834,0,0,9,0,0,,0,unhcr_population,2025-12-31,2026-08-19T14:21:59Z,2026-08-19
GAB,Gabon,2024,948,909,0,0,9,0,0,,0,unhcr_population,2025-12-31,2026-08-19T14:21:59Z,2026-08-19
GAB,Gabon,2025,984,402,0,0,9,0,0,,0,unhcr_population,2025-12-31,2026-08-19T14:21:59Z,2026-08-19
GBR,United Kingdom of Great Britain and Northern Ireland,1994,106,0,0,0,0,0,0,,0,unhcr_population,2025-12-31,2026-08-19T14:21:59Z,2026-08-19
GBR,United Kingdom of Great Britain and Northern Ireland,1995,75,0,0,0,0,0,0,,0,unhcr_population,2025-12-31,2026-08-19T14:21:59Z,2026-08-19
GBR,United Kingdom of Great Britain and Northern Ireland,1996,69,0,0,0,0,0,0,,0,unhcr_population,2025-12-31,2026-08-19T14:21:59Z,2026-08-19
GBR,United Kingdom of Great Britain and Northern Ireland,1997,75,0,0,0,0,0,0,,0,unhcr_population,2025-12-31,2026-08-19T14:21:59Z,2026-08-19
GBR,United Kingdom of Great Britain and Northern Ireland,1998,88,0,0,0,0,0,0,,0,unhcr_population,2025-12-31,2026-08-19T14:21:59Z,2026-08-19
GBR,United Kingdom of Great Britain and Northern Ireland,1999,102,0,0,0,0,0,0,,0,unhcr_population,2025-12-31,2026-08-19T14:21:59Z,2026-08-19
GBR,United Kingdom of Great Britain and Northern Ireland,2000,109,69,0,0,0,0,0,,0,unhcr_population,2025-12-31,2026-08-19T14:21:59Z,2026-08-19
GBR,United Kingdom of Great Britain and Northern Ireland,2001,104,77,0,0,0,0,0,,0,unhcr_population,2025-12-31,2026-08-19T14:21:59Z,2026-08-19
GBR,United Kingdom of Great Britain and Northern Ireland,2002,158,74,0,0,0,0,0,,0,unhcr_population,2025-12-31,2026-08-19T14:21:59Z,2026-08-19
GBR,United Kingdom of Great Britain and Northern Ireland,2003,146,64,0,0,0,0,0,,0,unhcr_population,2025-12-31,2026-08-19T14:21:59Z,2026-08-19
GBR,United Kingdom of Great Britain and Northern Ireland,2004,141,46,0,0,0,0,0,,0,unhcr_population,2025-12-31,2026-08-19T14:21:59Z,2026-08-19
GBR,United Kingdom of Great Britain and Northern Ireland,2005,134,57,0,0,0,0,0,,0,unhcr_population,2025-12-31,2026-08-19T14:21:59Z,2026-08-19
GBR,United Kingdom of Great Britain and Northern Ireland,2006,170,43,0,0,0,0,0,,0,unhcr_population,2025-12-31,2026-08-19T14:21:59Z,2026-08-19
GBR,United Kingdom of Great Britain and Northern Ireland,2007,198,36,0,0,0,0,0,,0,unhcr_population,2025-12-31,2026-08-19T14:21:59Z,2026-08-19
GBR,United Kingdom of Great Britain and Northern Ireland,2008,182,24,0,0,0,0,0,,0,unhcr_population,2025-12-31,2026-08-19T14:21:59Z,2026-08-19
GBR,United Kingdom of Great Britain and Northern Ireland,2009,155,44,0,0,0,0,0,,0,unhcr_population,2025-12-31,2026-08-19T14:21:59Z,2026-08-19
GBR,United Kingdom of Great Britain and Northern Ireland,2010,152,43,0,0,0,0,0,,0,unhcr_population,2025-12-31,2026-08-19T14:21:59Z,2026-08-19
GBR,United Kingdom of Great Britain and Northern Ireland,2011,150,40,0,0,0,0,0,,0,unhcr_population,2025-12-31,2026-08-19T14:21:59Z,2026-08-19
GBR,United Kingdom of Great Britain and Northern Ireland,2012,150,45,0,0,0,0,0,,0,unhcr_population,2025-12-31,2026-08-19T14:21:59Z,2026-08-19
GBR,United Kingdom of Great Britain and Northern Ireland,2013,140,66,0,0,0,0,0,,0,unhcr_population,2025-12-31,2026-08-19T14:21:59Z,2026-08-19
GBR,United Kingdom of Great Britain and Northern Ireland,2014,137,77,0,0,0,0,0,,0,unhcr_population,2025-12-31,2026-08-19T14:21:59Z,2026-08-19
GBR,United Kingdom of Great Britain and Northern Ireland,2015,128,109,0,0,0,0,0,,0,unhcr_population,2025-12-31,2026-08-19T14:21:59Z,2026-08-19
GBR,United Kingdom of Great Britain and Northern Ireland,2016,78,100,0,0,0,0,0,,0,unhcr_population,2025-12-31,2026-08-19T14:21:59Z,2026-08-19
GBR,United Kingdom of Great Britain and Northern Ireland,2017,85,158,0,0,0,0,0,,0,unhcr_population,2025-12-31,2026-08-19T14:21:59Z,2026-08-19
GBR,United Kingdom of Great Britain and Northern Ireland,2018,84,184,0,0,0,0,0,,0,unhcr_population,2025-12-31,2026-08-19T14:21:59Z,2026-08-19
GBR,United Kingdom of Great Britain and Northern Ireland,2019,69,227,0,0,0,0,0,,0,unhcr_population,2025-12-31,2026-08-19T14:21:59Z,2026-08-19
GBR,United Kingdom of Great Britain and Northern Ireland,2020,62,200,0,0,0,0,0,,0,unhcr_population,2025-12-31,2026-08-19T14:21:59Z,2026-08-19
GBR,United Kingdom of Great Britain and Northern Ireland,2021,81,277,0,0,0,0,0,,0,unhcr_population,2025-12-31,2026-08-19T14:21:59Z,2026-08-19
GBR,United Kingdom of Great Britain and Northern Ireland,2022,217,406,0,0,0,0,0,,0,unhcr_population,2025-12-31,2026-08-19T14:21:59Z,2026-08-19
GBR,United Kingdom of Great Britain and Northern Ireland,2023,210,390,0,0,0,0,0,,0,unhcr_population,2025-12-31,2026-08-19T14:21:59Z,2026-08-19
GBR,United Kingdom of Great Britain and Northern Ireland,2024,417,701,0,0,0,6,0,,0,unhcr_population,2025-12-31,2026-08-19T14:21:59Z,2026-08-19
GBR,United Kingdom of Great Britain and Northern Ireland,2025,517,496,0,0,0,0,0,,0,unhcr_population,2025-12-31,2026-08-19T14:21:59Z,2026-08-19
GEO,Georgia,1993,6010,0,260000,0,0,0,0,,0,unhcr_population,2025-12-31,2026-08-19T14:21:59Z,2026-08-19
GEO,Georgia,1994,5114,0,280000,0,0,1000,0,,0,unhcr_population,2025-12-31,2026-08-19T14:21:59Z,2026-08-19
GEO,Georgia,1995,305,0,272400,0,0,4500,0,,0,unhcr_population,2025-12-31,2026-08-19T14:21:59Z,2026-08-19
GEO,Georgia,1996,48485,0,272359,0,0,0,0,,0,unhcr_population,2025-12-31,2026-08-19T14:21:59Z,2026-08-19
GEO,Georgia,1997,47159,0,273386,0,0,0,0,,0,unhcr_population,2025-12-31,2026-08-19T14:21:59Z,2026-08-19
GEO,Georgia,1998,35665,0,277006,0,1309,1495,0,,0,unhcr_population,2025-12-31,2026-08-19T14:21:59Z,2026-08-19
GEO,Georgia,1999,29873,0,278533,0,0,269,588,,0,unhcr_population,2025-12-31,2026-08-19T14:21:59Z,2026-08-19
GEO,Georgia,2000,21818,1469,272101,0,2202,81,284,,0,unhcr_population,2025-12-31,2026-08-19T14:21:59Z,2026-08-19
GEO,Georgia,2001,17490,2525,264221,0,2793,60,0,,0,unhcr_population,2025-12-31,2026-08-19T14:21:59Z,2026-08-19
GEO,Georgia,2002,16970,2762,261583,0,3021,70,0,,0,unhcr_population,2025-12-31,2026-08-19T14:21:59Z,2026-08-19
GEO,Georgia,2003,12488,2988,260215,0,2926,117,377,,0,unhcr_population,2025-12-31,2026-08-19T14:21:59Z,2026-08-19
GEO,Georgia,2004,6620,2783,237069,0,2809,117,406,,0,unhcr_population,2025-12-31,2026-08-19T14:21:59Z,2026-08-19
GEO,Georgia,2005,7289,3005,234249,0,2809,41,398,,0,unhcr_population,2025-12-31,2026-08-19T14:21:59Z,2026-08-19
GEO,Georgia,2006,6337,4375,245980,0,66067,0,0,,0,unhcr_population,2025-12-31,2026-08-19T14:21:59Z,2026-08-19
GEO,Georgia,2007,11805,4061,273193,0,0,0,0,,0,unhcr_population,2025-12-31,2026-08-19T14:21:59Z,2026-08-19
GEO,Georgia,2008,12597,5089,329870,0,0,0,102800,,0,unhcr_population,2025-12-31,2026-08-19T14:21:59Z,2026-08-19
GEO,Georgia,2009,15015,4759,352640,0,0,0,5273,,0,unhcr_population,2025-12-31,2026-08-19T14:21:59Z,2026-08-19
GEO,Georgia,2010,10636,7185,359716,0,0,5,0,,0,unhcr_population,2025-12-31,2026-08-19T14:21:59Z,2026-08-19
GEO,Georgia,2011,10115,2957,273997,0,0,0,0,,0,unhcr_population,2025-12-31,2026-08-19T14:21:59Z,2026-08-19
GEO,Georgia,2012,9266,4575,279778,0,0,0,0,,0,unhcr_population,2025-12-31,2026-08-19T14:21:59Z,2026-08-19
GEO,Georgia,2013,6787,11558,257611,0,0,0,0,,0,unhcr_population,2025-12-31,2026-08-19T14:21:59Z,2026-08-19
GEO,Georgia,2014,6687,7803,262704,0,0,0,0,,0,unhcr_population,2025-12-31,2026-08-19T14:21:59Z,2026-08-19
GEO,Georgia,2015,6505,9245,268416,0,0,0,0,,0,unhcr_population,2025-12-31,2026-08-19T14:21:59Z,2026-08-19
GEO,Georgia,2016,6405,14147,273765,0,0,0,0,,0,unhcr_population,2025-12-31,2026-08-19T14:21:59Z,2026-08-19
GEO,Georgia,2017,6535,16466,278103,0,0,0,0,,0,unhcr_population,2025-12-31,2026-08-19T14:21:59Z,2026-08-19
GEO,Georgia,2018,6983,21006,282382,0,0,0,0,,0,unhcr_population,2025-12-31,2026-08-19T14:21:59Z,2026-08-19
GEO,Georgia,2019,7519,19734,286216,0,0,0,0,,0,unhcr_population,2025-12-31,2026-08-19T14:21:59Z,2026-08-19
GEO,Georgia,2020,7346,15408,288538,0,0,0,0,,0,unhcr_population,2025-12-31,2026-08-19T14:21:59Z,2026-08-19
GEO,Georgia,2021,9754,16648,290156,0,0,0,0,,0,unhcr_population,2025-12-31,2026-08-19T14:21:59Z,2026-08-19
GEO,Georgia,2022,13389,29166,292856,0,0,0,0,,0,unhcr_population,2025-12-31,2026-08-19T14:21:59Z,2026-08-19
GEO,Georgia,2023,14695,38556,295831,0,0,0,0,,0,unhcr_population,2025-12-31,2026-08-19T14:21:59Z,2026-08-19
GEO,Georgia,2024,16554,35010,299172,0,0,250,0,,0,unhcr_population,2025-12-31,2026-08-19T14:21:59Z,2026-08-19
GEO,Georgia,2025,17302,28902,300439,0,6,5,0,,0,unhcr_population,2025-12-31,2026-08-19T14:21:59Z,2026-08-19
GHA,Ghana,1961,5000,0,0,0,0,0,0,,0,unhcr_population,2025-12-31,2026-08-19T14:21:59Z,2026-08-19
GHA,Ghana,1962,5000,0,0,0,0,0,0,,0,unhcr_population,2025-12-31,2026-08-19T14:21:59Z,2026-08-19
GHA,Ghana,1963,5000,0,0,0,0,0,0,,0,unhcr_population,2025-12-31,2026-08-19T14:21:59Z,2026-08-19
GHA,Ghana,1964,5000,0,0,0,0,0,0,,0,unhcr_population,2025-12-31,2026-08-19T14:21:59Z,2026-08-19
GHA,Ghana,1965,5000,0,0,0,0,0,0,,0,unhcr_population,2025-12-31,2026-08-19T14:21:59Z,2026-08-19
GHA,Ghana,1966,0,0,0,0,0,5000,0,,0,unhcr_population,2025-12-31,2026-08-19T14:21:59Z,2026-08-19
GHA,Ghana,1982,310,0,0,0,0,0,0,,0,unhcr_population,2025-12-31,2026-08-19T14:21:59Z,2026-08-19
GHA,Ghana,1983,1958,0,0,0,0,0,0,,0,unhcr_population,2025-12-31,2026-08-19T14:21:59Z,2026-08-19
GHA,Ghana,1984,2202,0,0,0,0,0,0,,0,unhcr_population,2025-12-31,2026-08-19T14:21:59Z,2026-08-19
GHA,Ghana,1985,3195,0,0,0,0,0,0,,0,unhcr_population,2025-12-31,2026-08-19T14:21:59Z,2026-08-19
GHA,Ghana,1986,2699,0,0,0,0,120,0,,0,unhcr_population,2025-12-31,2026-08-19T14:21:59Z,2026-08-19
GHA,Ghana,1987,3916,0,0,0,0,0,0,,0,unhcr_population,2025-12-31,2026-08-19T14:21:59Z,2026-08-19
GHA,Ghana,1988,4769,0,0,0,0,0,0,,0,unhcr_population,2025-12-31,2026-08-19T14:21:59Z,2026-08-19
GHA,Ghana,1989,4716,0,0,0,0,0,0,,0,unhcr_population,2025-12-31,2026-08-19T14:21:59Z,2026-08-19
GHA,Ghana,1990,4690,0,0,0,0,0,0,,0,unhcr_population,2025-12-31,2026-08-19T14:21:59Z,2026-08-19
GHA,Ghana,1991,4702,0,0,0,0,0,0,,0,unhcr_population,2025-12-31,2026-08-19T14:21:59Z,2026-08-19
GHA,Ghana,1992,4776,0,0,0,0,5,0,,0,unhcr_population,2025-12-31,2026-08-19T14:21:59Z,2026-08-19
GHA,Ghana,1993,4471,0,0,0,0,17,0,,0,unhcr_population,2025-12-31,2026-08-19T14:21:59Z,2026-08-19
GHA,Ghana,1994,14284,0,174400,0,0,11,0,,0,unhcr_population,2025-12-31,2026-08-19T14:21:59Z,2026-08-19
GHA,Ghana,1995,13594,0,0,0,0,0,0,,0,unhcr_population,2025-12-31,2026-08-19T14:21:59Z,2026-08-19
GHA,Ghana,1996,15100,0,0,0,0,0,0,,0,unhcr_population,2025-12-31,2026-08-19T14:21:59Z,2026-08-19
GHA,Ghana,1997,14772,0,0,0,0,0,0,,0,unhcr_population,2025-12-31,2026-08-19T14:21:59Z,2026-08-19
GHA,Ghana,1998,13625,0,0,0,0,1077,0,,0,unhcr_population,2025-12-31,2026-08-19T14:21:59Z,2026-08-19
GHA,Ghana,1999,13288,0,0,0,0,0,0,,0,unhcr_population,2025-12-31,2026-08-19T14:21:59Z,2026-08-19
GHA,Ghana,2000,14760,989,0,0,0,0,0,,0,unhcr_population,2025-12-31,2026-08-19T14:21:59Z,2026-08-19
GHA,Ghana,2001,14547,1095,0,0,0,42,0,,0,unhcr_population,2025-12-31,2026-08-19T14:21:59Z,2026-08-19
GHA,Ghana,2002,15675,1149,0,0,0,0,0,,0,unhcr_population,2025-12-31,2026-08-19T14:21:59Z,2026-08-19
GHA,Ghana,2003,15866,1662,0,0,0,0,0,,0,unhcr_population,2025-12-31,2026-08-19T14:21:59Z,2026-08-19
GHA,Ghana,2004,14759,1650,0,0,0,0,0,,0,unhcr_population,2025-12-31,2026-08-19T14:21:59Z,2026-08-19
GHA,Ghana,2005,18421,2327,0,0,0,0,0,,0,unhcr_population,2025-12-31,2026-08-19T14:21:59Z,2026-08-19
GHA,Ghana,2006,9949,1132,0,0,0,7,0,,0,unhcr_population,2025-12-31,2026-08-19T14:21:59Z,2026-08-19
GHA,Ghana,2007,5042,1636,0,0,0,0,0,,0,unhcr_population,2025-12-31,2026-08-19T14:21:59Z,2026-08-19
GHA,Ghana,2008,13225,1996,0,0,0,0,0,,0,unhcr_population,2025-12-31,2026-08-19T14:21:59Z,2026-08-19
GHA,Ghana,2009,14876,1319,0,0,0,0,0,,0,unhcr_population,2025-12-31,2026-08-19T14:21:59Z,2026-08-19
GHA,Ghana,2010,20175,1996,0,0,0,0,0,,0,unhcr_population,2025-12-31,2026-08-19T14:21:59Z,2026-08-19
GHA,Ghana,2011,20333,2493,0,0,0,0,0,,0,unhcr_population,2025-12-31,2026-08-19T14:21:59Z,2026-08-19
GHA,Ghana,2012,24269,3469,0,0,0,0,0,,0,unhcr_population,2025-12-31,2026-08-19T14:21:59Z,2026-08-19
GHA,Ghana,2013,21048,4977,0,0,0,0,0,,0,unhcr_population,2025-12-31,2026-08-19T14:21:59Z,2026-08-19
GHA,Ghana,2014,22116,7619,0,0,0,0,0,,0,unhcr_population,2025-12-31,2026-08-19T14:21:59Z,2026-08-19
GHA,Ghana,2015,22962,10705,0,0,0,0,0,,0,unhcr_population,2025-12-31,2026-08-19T14:21:59Z,2026-08-19
GHA,Ghana,2016,15527,11846,0,0,0,0,0,,0,unhcr_population,2025-12-31,2026-08-19T14:21:59Z,2026-08-19
GHA,Ghana,2017,16959,17504,0,0,0,0,0,,0,unhcr_population,2025-12-31,2026-08-19T14:21:59Z,2026-08-19
GHA,Ghana,2018,18071,12542,0,0,0,0,0,,0,unhcr_population,2025-12-31,2026-08-19T14:21:59Z,2026-08-19
GHA,Ghana,2019,18432,10551,0,0,0,0,0,,0,unhcr_population,2025-12-31,2026-08-19T14:21:59Z,2026-08-19
GHA,Ghana,2020,13844,10092,0,0,5,0,0,,0,unhcr_population,2025-12-31,2026-08-19T14:21:59Z,2026-08-19
GHA,Ghana,2021,14251,9177,0,0,17,0,0,,0,unhcr_population,2025-12-31,2026-08-19T14:21:59Z,2026-08-19
GHA,Ghana,2022,14949,8783,0,0,0,0,0,,0,unhcr_population,2025-12-31,2026-08-19T14:21:59Z,2026-08-19
GHA,Ghana,2023,13870,11066,0,0,25,0,0,,0,unhcr_population,2025-12-31,2026-08-19T14:21:59Z,2026-08-19
GHA,Ghana,2024,15078,19345,0,0,16,0,0,,0,unhcr_population,2025-12-31,2026-08-19T14:21:59Z,2026-08-19
GHA,Ghana,2025,16030,22470,0,0,486,0,0,,0,unhcr_population,2025-12-31,2026-08-19T14:21:59Z,2026-08-19
GIB,Gibraltar,2002,0,5,0,0,0,0,0,,0,unhcr_population,2025-12-31,2026-08-19T14:21:59Z,2026-08-19
GIN,Guinea,1971,300,0,0,0,0,0,0,,0,unhcr_population,2025-12-31,2026-08-19T14:21:59Z,2026-08-19
GIN,Guinea,1975,300000,0,0,0,0,0,0,,0,unhcr_population,2025-12-31,2026-08-19T14:21:59Z,2026-08-19
GIN,Guinea,1976,500000,0,0,0,0,0,0,,0,unhcr_population,2025-12-31,2026-08-19T14:21:59Z,2026-08-19
GIN,Guinea,1977,3000,0,0,0,0,0,0,,0,unhcr_population,2025-12-31,2026-08-19T14:21:59Z,2026-08-19
GIN,Guinea,1982,50,0,0,0,0,0,0,,0,unhcr_population,2025-12-31,2026-08-19T14:21:59Z,2026-08-19
GIN,Guinea,1984,70,0,0,0,0,0,0,,0,unhcr_population,2025-12-31,2026-08-19T14:21:59Z,2026-08-19
GIN,Guinea,1986,50,0,0,0,0,0,0,,0,unhcr_population,2025-12-31,2026-08-19T14:21:59Z,2026-08-19
GIN,Guinea,1987,50,0,0,0,0,0,0,,0,unhcr_population,2025-12-31,2026-08-19T14:21:59Z,2026-08-19
GIN,Guinea,1988,50,0,0,0,0,0,0,,0,unhcr_population,2025-12-31,2026-08-19T14:21:59Z,2026-08-19
GIN,Guinea,1989,50,0,0,0,0,0,0,,0,unhcr_population,2025-12-31,2026-08-19T14:21:59Z,2026-08-19
GIN,Guinea,1990,0,0,0,0,0,50,0,,0,unhcr_population,2025-12-31,2026-08-19T14:21:59Z,2026-08-19
GIN,Guinea,1992,16,0,0,0,0,0,0,,0,unhcr_population,2025-12-31,2026-08-19T14:21:59Z,2026-08-19
GIN,Guinea,1993,27,0,0,0,0,0,0,,0,unhcr_population,2025-12-31,2026-08-19T14:21:59Z,2026-08-19
GIN,Guinea,1994,101,0,0,0,0,0,0,,0,unhcr_population,2025-12-31,2026-08-19T14:21:59Z,2026-08-19
GIN,Guinea,1995,441,0,0,0,0,0,0,,0,unhcr_population,2025-12-31,2026-08-19T14:21:59Z,2026-08-19
GIN,Guinea,1996,520,0,0,0,0,0,0,,0,unhcr_population,2025-12-31,2026-08-19T14:21:59Z,2026-08-19
GIN,Guinea,1997,641,0,0,0,0,0,0,,0,unhcr_population,2025-12-31,2026-08-19T14:21:59Z,2026-08-19
GIN,Guinea,1998,911,0,0,0,0,0,0,,0,unhcr_population,2025-12-31,2026-08-19T14:21:59Z,2026-08-19
GIN,Guinea,1999,1148,0,0,0,0,0,0,,0,unhcr_population,2025-12-31,2026-08-19T14:21:59Z,2026-08-19
GIN,Guinea,2000,1489,2523,0,0,0,0,0,,0,unhcr_population,2025-12-31,2026-08-19T14:21:59Z,2026-08-19
GIN,Guinea,2001,2009,3857,0,0,0,0,0,,0,unhcr_population,2025-12-31,2026-08-19T14:21:59Z,2026-08-19
GIN,Guinea,2002,3417,3804,0,0,0,0,0,,0,unhcr_population,2025-12-31,2026-08-19T14:21:59Z,2026-08-19
GIN,Guinea,2003,3868,3161,0,0,0,0,0,,0,unhcr_population,2025-12-31,2026-08-19T14:21:59Z,2026-08-19
GIN,Guinea,2004,4777,2479,0,0,0,0,0,,0,unhcr_population,2025-12-31,2026-08-19T14:21:59Z,2026-08-19
GIN,Guinea,2005,5816,3268,0,0,0,5,0,,0,unhcr_population,2025-12-31,2026-08-19T14:21:59Z,2026-08-19
GIN,Guinea,2006,6830,2658,0,0,0,0,0,,0,unhcr_population,2025-12-31,2026-08-19T14:21:59Z,2026-08-19
GIN,Guinea,2007,8269,1924,0,0,0,0,0,,0,unhcr_population,2025-12-31,2026-08-19T14:21:59Z,2026-08-19
GIN,Guinea,2008,9481,2012,0,0,0,5,0,,0,unhcr_population,2025-12-31,2026-08-19T14:21:59Z,2026-08-19
GIN,Guinea,2009,10912,2819,0,0,0,0,0,,0,unhcr_population,2025-12-31,2026-08-19T14:21:59Z,2026-08-19
GIN,Guinea,2010,11978,2769,0,0,0,0,0,,0,unhcr_population,2025-12-31,2026-08-19T14:21:59Z,2026-08-19
GIN,Guinea,2011,13164,4641,0,0,0,0,0,,0,unhcr_population,2025-12-31,2026-08-19T14:21:59Z,2026-08-19
GIN,Guinea,2012,14062,9504,0,0,0,0,0,,0,unhcr_population,2025-12-31,2026-08-19T14:21:59Z,2026-08-19
GIN,Guinea,2013,14559,11604,0,0,0,0,0,,0,unhcr_population,2025-12-31,2026-08-19T14:21:59Z,2026-08-19
GIN,Guinea,2014,15247,17813,0,0,0,0,0,,0,unhcr_population,2025-12-31,2026-08-19T14:21:59Z,2026-08-19
GIN,Guinea,2015,16995,17832,0,0,0,0,0,,0,unhcr_population,2025-12-31,2026-08-19T14:21:59Z,2026-08-19
GIN,Guinea,2016,17536,24389,0,0,0,0,0,,0,unhcr_population,2025-12-31,2026-08-19T14:21:59Z,2026-08-19
GIN,Guinea,2017,20333,34518,0,0,0,5,0,,0,unhcr_population,2025-12-31,2026-08-19T14:21:59Z,2026-08-19
GIN,Guinea,2018,23493,33045,0,0,0,0,0,,0,unhcr_population,2025-12-31,2026-08-19T14:21:59Z,2026-08-19
GIN,Guinea,2019,26857,30409,0,0,0,0,0,,0,unhcr_population,2025-12-31,2026-08-19T14:21:59Z,2026-08-19
GIN,Guinea,2020,26792,31566,0,0,0,0,0,,0,unhcr_population,2025-12-31,2026-08-19T14:21:59Z,2026-08-19
GIN,Guinea,2021,34403,26458,0,0,140,0,0,,0,unhcr_population,2025-12-31,2026-08-19T14:21:59Z,2026-08-19
GIN,Guinea,2022,35244,25242,0,0,0,0,0,,0,unhcr_population,2025-12-31,2026-08-19T14:21:59Z,2026-08-19
GIN,Guinea,2023,38585,34513,0,0,5,0,0,,0,unhcr_population,2025-12-31,2026-08-19T14:21:59Z,2026-08-19
GIN,Guinea,2024,42096,55204,0,0,0,12,0,,0,unhcr_population,2025-12-31,2026-08-19T14:21:59Z,2026-08-19
GIN,Guinea,2025,47692,56626,0,0,134,0,0,,0,unhcr_population,2025-12-31,2026-08-19T14:21:59Z,2026-08-19
GLP,Guadeloupe,2014,0,12,0,0,0,0,0,,0,unhcr_population,2025-12-31,2026-08-19T14:21:59Z,2026-08-19
GLP,Guadeloupe,2015,0,23,0,0,0,0,0,,0,unhcr_population,2025-12-31,2026-08-19T14:21:59Z,2026-08-19
GLP,Guadeloupe,2017,0,37,0,0,0,0,0,,0,unhcr_population,2025-12-31,2026-08-19T14:21:59Z,2026-08-19
GLP,Guadeloupe,2018,0,11,0,0,0,0,0,,0,unhcr_population,2025-12-31,2026-08-19T14:21:59Z,2026-08-19
GLP,Guadeloupe,2020,0,86,0,0,0,0,0,,0,unhcr_population,2025-12-31,2026-08-19T14:21:59Z,2026-08-19
GLP,Guadeloupe,2021,0,88,0,0,0,0,0,,0,unhcr_population,2025-12-31,2026-08-19T14:21:59Z,2026-08-19
GLP,Guadeloupe,2022,17,128,0,0,0,0,0,,0,unhcr_population,2025-12-31,2026-08-19T14:21:59Z,2026-08-19
GLP,Guadeloupe,2023,17,80,0,0,0,0,0,,0,unhcr_population,2025-12-31,2026-08-19T14:21:59Z,2026-08-19
GLP,Guadeloupe,2024,17,81,0,0,0,0,0,,0,unhcr_population,2025-12-31,2026-08-19T14:21:59Z,2026-08-19
GLP,Guadeloupe,2025,17,51,0,0,0,0,0,,0,unhcr_population,2025-12-31,2026-08-19T14:21:59Z,2026-08-19
GMB,Gambia,1990,5,0,0,0,0,0,0,,0,unhcr_population,2025-12-31,2026-08-19T14:21:59Z,2026-08-19
GMB,Gambia,1991,16,0,0,0,0,0,0,,0,unhcr_population,2025-12-31,2026-08-19T14:21:59Z,2026-08-19
GMB,Gambia,1992,25,0,0,0,0,0,0,,0,unhcr_population,2025-12-31,2026-08-19T14:21:59Z,2026-08-19
GMB,Gambia,1993,27,0,0,0,0,0,0,,0,unhcr_population,2025-12-31,2026-08-19T14:21:59Z,2026-08-19
GMB,Gambia,1994,24,0,0,0,0,0,0,,0,unhcr_population,2025-12-31,2026-08-19T14:21:59Z,2026-08-19
GMB,Gambia,1995,156,0,0,0,0,0,0,,0,unhcr_population,2025-12-31,2026-08-19T14:21:59Z,2026-08-19
GMB,Gambia,1996,308,0,0,0,0,5,0,,0,unhcr_population,2025-12-31,2026-08-19T14:21:59Z,2026-08-19
GMB,Gambia,1997,421,0,0,0,0,0,0,,0,unhcr_population,2025-12-31,2026-08-19T14:21:59Z,2026-08-19
GMB,Gambia,1998,574,0,0,0,0,0,0,,0,unhcr_population,2025-12-31,2026-08-19T14:21:59Z,2026-08-19
GMB,Gambia,1999,678,0,0,0,0,0,0,,0,unhcr_population,2025-12-31,2026-08-19T14:21:59Z,2026-08-19
GMB,Gambia,2000,751,280,0,0,0,0,0,,0,unhcr_population,2025-12-31,2026-08-19T14:21:59Z,2026-08-19
GMB,Gambia,2001,732,301,0,0,0,0,0,,0,unhcr_population,2025-12-31,2026-08-19T14:21:59Z,2026-08-19
GMB,Gambia,2002,858,286,0,0,0,0,0,,0,unhcr_population,2025-12-31,2026-08-19T14:21:59Z,2026-08-19
GMB,Gambia,2003,744,341,0,0,0,0,0,,0,unhcr_population,2025-12-31,2026-08-19T14:21:59Z,2026-08-19
GMB,Gambia,2004,684,439,0,0,0,0,0,,0,unhcr_population,2025-12-31,2026-08-19T14:21:59Z,2026-08-19
GMB,Gambia,2005,1680,659,0,0,0,0,0,,0,unhcr_population,2025-12-31,2026-08-19T14:21:59Z,2026-08-19
GMB,Gambia,2006,1249,1006,0,0,0,0,0,,0,unhcr_population,2025-12-31,2026-08-19T14:21:59Z,2026-08-19
GMB,Gambia,2007,1257,996,0,0,0,0,0,,0,unhcr_population,2025-12-31,2026-08-19T14:21:59Z,2026-08-19
GMB,Gambia,2008,1336,1128,0,0,0,0,0,,0,unhcr_population,2025-12-31,2026-08-19T14:21:59Z,2026-08-19
GMB,Gambia,2009,1966,1155,0,0,0,0,0,,0,unhcr_population,2025-12-31,2026-08-19T14:21:59Z,2026-08-19
GMB,Gambia,2010,2233,1044,0,0,0,0,0,,0,unhcr_population,2025-12-31,2026-08-19T14:21:59Z,2026-08-19
GMB,Gambia,2011,2572,1179,0,0,0,0,0,,0,unhcr_population,2025-12-31,2026-08-19T14:21:59Z,2026-08-19
GMB,Gambia,2012,3063,1753,0,0,0,0,0,,0,unhcr_population,2025-12-31,2026-08-19T14:21:59Z,2026-08-19
GMB,Gambia,2013,3382,3817,0,0,0,0,0,,0,unhcr_population,2025-12-31,2026-08-19T14:21:59Z,2026-08-19
GMB,Gambia,2014,5122,10476,0,0,0,0,0,,0,unhcr_population,2025-12-31,2026-08-19T14:21:59Z,2026-08-19
GMB,Gambia,2015,8473,12820,0,0,0,0,0,,0,unhcr_population,2025-12-31,2026-08-19T14:21:59Z,2026-08-19
GMB,Gambia,2016,11589,18888,0,0,0,0,0,,0,unhcr_population,2025-12-31,2026-08-19T14:21:59Z,2026-08-19
GMB,Gambia,2017,14564,22214,0,0,0,37,0,,0,unhcr_population,2025-12-31,2026-08-19T14:21:59Z,2026-08-19
GMB,Gambia,2018,17237,14016,0,0,0,0,0,,0,unhcr_population,2025-12-31,2026-08-19T14:21:59Z,2026-08-19
GMB,Gambia,2019,17813,9161,0,0,0,0,0,,0,unhcr_population,2025-12-31,2026-08-19T14:21:59Z,2026-08-19
GMB,Gambia,2020,10579,7091,0,0,0,0,0,,0,unhcr_population,2025-12-31,2026-08-19T14:21:59Z,2026-08-19
GMB,Gambia,2021,11042,5731,0,0,59,0,0,,0,unhcr_population,2025-12-31,2026-08-19T14:21:59Z,2026-08-19
GMB,Gambia,2022,10698,4854,0,0,0,0,0,,0,unhcr_population,2025-12-31,2026-08-19T14:21:59Z,2026-08-19
GMB,Gambia,2023,8107,5744,0,0,5,0,0,,0,unhcr_population,2025-12-31,2026-08-19T14:21:59Z,2026-08-19
GMB,Gambia,2024,8140,7587,0,0,0,7,0,,0,unhcr_population,2025-12-31,2026-08-19T14:21:59Z,2026-08-19
GMB,Gambia,2025,6728,6712,0,0,27,0,0,,0,unhcr_population,2025-12-31,2026-08-19T14:21:59Z,2026-08-19
GNB,Guinea-Bissau,1963,6000,0,0,0,0,0,0,,0,unhcr_population,2025-12-31,2026-08-19T14:21:59Z,2026-08-19
GNB,Guinea-Bissau,1964,30000,0,0,0,0,0,0,,0,unhcr_population,2025-12-31,2026-08-19T14:21:59Z,2026-08-19
GNB,Guinea-Bissau,1965,50000,0,0,0,0,0,0,,0,unhcr_population,2025-12-31,2026-08-19T14:21:59Z,2026-08-19
GNB,Guinea-Bissau,1966,61050,0,0,0,0,0,0,,0,unhcr_population,2025-12-31,2026-08-19T14:21:59Z,2026-08-19
GNB,Guinea-Bissau,1967,59520,0,0,0,0,2100,0,,0,unhcr_population,2025-12-31,2026-08-19T14:21:59Z,2026-08-19
GNB,Guinea-Bissau,1968,56740,0,0,0,0,4680,0,,0,unhcr_population,2025-12-31,2026-08-19T14:21:59Z,2026-08-19
GNB,Guinea-Bissau,1969,67800,0,0,0,0,0,0,,0,unhcr_population,2025-12-31,2026-08-19T14:21:59Z,2026-08-19
GNB,Guinea-Bissau,1970,66660,0,0,0,0,1140,0,,0,unhcr_population,2025-12-31,2026-08-19T14:21:59Z,2026-08-19
GNB,Guinea-Bissau,1971,80000,0,0,0,0,0,0,,0,unhcr_population,2025-12-31,2026-08-19T14:21:59Z,2026-08-19
GNB,Guinea-Bissau,1972,82000,0,0,0,0,50,0,,0,unhcr_population,2025-12-31,2026-08-19T14:21:59Z,2026-08-19
GNB,Guinea-Bissau,1973,84000,0,0,0,0,0,0,,0,unhcr_population,2025-12-31,2026-08-19T14:21:59Z,2026-08-19
GNB,Guinea-Bissau,1974,90000,0,0,0,0,0,0,,0,unhcr_population,2025-12-31,2026-08-19T14:21:59Z,2026-08-19
GNB,Guinea-Bissau,1975,46000,0,0,0,0,41240,0,,0,unhcr_population,2025-12-31,2026-08-19T14:21:59Z,2026-08-19
GNB,Guinea-Bissau,1976,37000,0,0,0,0,9000,0,,0,unhcr_population,2025-12-31,2026-08-19T14:21:59Z,2026-08-19
GNB,Guinea-Bissau,1977,5000,0,0,0,0,0,0,,0,unhcr_population,2025-12-31,2026-08-19T14:21:59Z,2026-08-19
GNB,Guinea-Bissau,1978,5000,0,0,0,0,0,0,,0,unhcr_population,2025-12-31,2026-08-19T14:21:59Z,2026-08-19
GNB,Guinea-Bissau,1979,5000,0,0,0,0,0,0,,0,unhcr_population,2025-12-31,2026-08-19T14:21:59Z,2026-08-19
GNB,Guinea-Bissau,1980,5000,0,0,0,0,0,0,,0,unhcr_population,2025-12-31,2026-08-19T14:21:59Z,2026-08-19
GNB,Guinea-Bissau,1981,4000,0,0,0,0,0,0,,0,unhcr_population,2025-12-31,2026-08-19T14:21:59Z,2026-08-19
GNB,Guinea-Bissau,1982,5000,0,0,0,0,0,0,,0,unhcr_population,2025-12-31,2026-08-19T14:21:59Z,2026-08-19
GNB,Guinea-Bissau,1983,5000,0,0,0,0,0,0,,0,unhcr_population,2025-12-31,2026-08-19T14:21:59Z,2026-08-19
GNB,Guinea-Bissau,1984,5010,0,0,0,0,0,0,,0,unhcr_population,2025-12-31,2026-08-19T14:21:59Z,2026-08-19
GNB,Guinea-Bissau,1985,5350,0,0,0,0,0,0,,0,unhcr_population,2025-12-31,2026-08-19T14:21:59Z,2026-08-19
GNB,Guinea-Bissau,1986,5355,0,0,0,0,0,0,,0,unhcr_population,2025-12-31,2026-08-19T14:21:59Z,2026-08-19
GNB,Guinea-Bissau,1987,5000,0,0,0,0,0,0,,0,unhcr_population,2025-12-31,2026-08-19T14:21:59Z,2026-08-19
GNB,Guinea-Bissau,1988,4999,0,0,0,0,0,0,,0,unhcr_population,2025-12-31,2026-08-19T14:21:59Z,2026-08-19
GNB,Guinea-Bissau,1989,5001,0,0,0,0,0,0,,0,unhcr_population,2025-12-31,2026-08-19T14:21:59Z,2026-08-19
GNB,Guinea-Bissau,1990,5001,0,0,0,0,0,0,,0,unhcr_population,2025-12-31,2026-08-19T14:21:59Z,2026-08-19
GNB,Guinea-Bissau,1991,5006,0,0,0,0,0,0,,0,unhcr_population,2025-12-31,2026-08-19T14:21:59Z,2026-08-19
GNB,Guinea-Bissau,1992,5006,0,0,0,0,0,0,,0,unhcr_population,2025-12-31,2026-08-19T14:21:59Z,2026-08-19
GNB,Guinea-Bissau,1993,5006,0,0,0,0,0,0,,0,unhcr_population,2025-12-31,2026-08-19T14:21:59Z,2026-08-19
GNB,Guinea-Bissau,1994,5011,0,0,0,0,0,0,,0,unhcr_population,2025-12-31,2026-08-19T14:21:59Z,2026-08-19
GNB,Guinea-Bissau,1995,830,0,0,0,0,0,0,,0,unhcr_population,2025-12-31,2026-08-19T14:21:59Z,2026-08-19
GNB,Guinea-Bissau,1996,854,0,0,0,0,0,0,,0,unhcr_population,2025-12-31,2026-08-19T14:21:59Z,2026-08-19
GNB,Guinea-Bissau,1997,865,0,0,0,0,0,0,,0,unhcr_population,2025-12-31,2026-08-19T14:21:59Z,2026-08-19
GNB,Guinea-Bissau,1998,8885,0,195550,0,0,0,0,,0,unhcr_population,2025-12-31,2026-08-19T14:21:59Z,2026-08-19
GNB,Guinea-Bissau,1999,3187,0,0,0,0,5275,215000,,0,unhcr_population,2025-12-31,2026-08-19T14:21:59Z,2026-08-19
GNB,Guinea-Bissau,2000,880,689,0,0,0,890,0,,0,unhcr_population,2025-12-31,2026-08-19T14:21:59Z,2026-08-19
GNB,Guinea-Bissau,2001,917,748,0,0,0,0,0,,0,unhcr_population,2025-12-31,2026-08-19T14:21:59Z,2026-08-19
GNB,Guinea-Bissau,2002,978,277,0,0,0,0,0,,0,unhcr_population,2025-12-31,2026-08-19T14:21:59Z,2026-08-19
GNB,Guinea-Bissau,2003,969,224,0,0,0,0,0,,0,unhcr_population,2025-12-31,2026-08-19T14:21:59Z,2026-08-19
GNB,Guinea-Bissau,2004,1008,199,0,0,0,0,0,,0,unhcr_population,2025-12-31,2026-08-19T14:21:59Z,2026-08-19
GNB,Guinea-Bissau,2005,1042,243,0,0,0,0,0,,0,unhcr_population,2025-12-31,2026-08-19T14:21:59Z,2026-08-19
GNB,Guinea-Bissau,2006,1000,285,0,0,0,0,0,,0,unhcr_population,2025-12-31,2026-08-19T14:21:59Z,2026-08-19
GNB,Guinea-Bissau,2007,1018,247,0,0,0,0,0,,0,unhcr_population,2025-12-31,2026-08-19T14:21:59Z,2026-08-19
GNB,Guinea-Bissau,2008,1053,256,0,0,0,0,0,,0,unhcr_population,2025-12-31,2026-08-19T14:21:59Z,2026-08-19
GNB,Guinea-Bissau,2009,1100,317,0,0,0,0,0,,0,unhcr_population,2025-12-31,2026-08-19T14:21:59Z,2026-08-19
GNB,Guinea-Bissau,2010,1117,338,0,0,0,0,0,,0,unhcr_population,2025-12-31,2026-08-19T14:21:59Z,2026-08-19
GNB,Guinea-Bissau,2011,1118,486,0,0,0,0,0,,0,unhcr_population,2025-12-31,2026-08-19T14:21:59Z,2026-08-19
GNB,Guinea-Bissau,2012,1173,898,0,0,0,0,0,,0,unhcr_population,2025-12-31,2026-08-19T14:21:59Z,2026-08-19
GNB,Guinea-Bissau,2013,1222,1193,0,0,0,0,0,,0,unhcr_population,2025-12-31,2026-08-19T14:21:59Z,2026-08-19
GNB,Guinea-Bissau,2014,1306,1759,0,0,0,0,0,,0,unhcr_population,2025-12-31,2026-08-19T14:21:59Z,2026-08-19
GNB,Guinea-Bissau,2015,1472,1921,0,0,0,0,0,,0,unhcr_population,2025-12-31,2026-08-19T14:21:59Z,2026-08-19
GNB,Guinea-Bissau,2016,1650,1866,0,0,0,0,0,,0,unhcr_population,2025-12-31,2026-08-19T14:21:59Z,2026-08-19
GNB,Guinea-Bissau,2017,1870,3502,0,0,0,0,0,,0,unhcr_population,2025-12-31,2026-08-19T14:21:59Z,2026-08-19
GNB,Guinea-Bissau,2018,2043,2850,0,0,0,0,0,,0,unhcr_population,2025-12-31,2026-08-19T14:21:59Z,2026-08-19
GNB,Guinea-Bissau,2019,2093,2665,0,0,0,0,0,,0,unhcr_population,2025-12-31,2026-08-19T14:21:59Z,2026-08-19
GNB,Guinea-Bissau,2020,1638,2713,0,0,0,0,0,,0,unhcr_population,2025-12-31,2026-08-19T14:21:59Z,2026-08-19
GNB,Guinea-Bissau,2021,2039,2546,0,0,0,0,0,,0,unhcr_population,2025-12-31,2026-08-19T14:21:59Z,2026-08-19
GNB,Guinea-Bissau,2022,2037,2291,0,0,0,0,0,,0,unhcr_population,2025-12-31,2026-08-19T14:21:59Z,2026-08-19
GNB,Guinea-Bissau,2023,1859,1381,0,0,0,0,0,,0,unhcr_population,2025-12-31,2026-08-19T14:21:59Z,2026-08-19
GNB,Guinea-Bissau,2024,1900,1267,0,0,0,0,0,,0,unhcr_population,2025-12-31,2026-08-19T14:21:59Z,2026-08-19
GNB,Guinea-Bissau,2025,1800,1355,0,0,0,0,0,,0,unhcr_population,2025-12-31,2026-08-19T14:21:59Z,2026-08-19
GNQ,Equatorial Guinea,1974,1000,0,0,0,0,0,0,,0,unhcr_population,2025-12-31,2026-08-19T14:21:59Z,2026-08-19
GNQ,Equatorial Guinea,1975,90000,0,0,0,0,0,0,,0,unhcr_population,2025-12-31,2026-08-19T14:21:59Z,2026-08-19
GNQ,Equatorial Guinea,1976,90000,0,0,0,0,0,0,,0,unhcr_population,2025-12-31,2026-08-19T14:21:59Z,2026-08-19
GNQ,Equatorial Guinea,1977,120000,0,0,0,0,0,0,,0,unhcr_population,2025-12-31,2026-08-19T14:21:59Z,2026-08-19
GNQ,Equatorial Guinea,1978,90000,0,0,0,0,0,0,,0,unhcr_population,2025-12-31,2026-08-19T14:21:59Z,2026-08-19
GNQ,Equatorial Guinea,1979,40000,0,0,0,0,30250,0,,0,unhcr_population,2025-12-31,2026-08-19T14:21:59Z,2026-08-19
GNQ,Equatorial Guinea,1980,38000,0,0,0,0,10000,0,,0,unhcr_population,2025-12-31,2026-08-19T14:21:59Z,2026-08-19
GNQ,Equatorial Guinea,1981,18000,0,0,0,0,0,0,,0,unhcr_population,2025-12-31,2026-08-19T14:21:59Z,2026-08-19
GNQ,Equatorial Guinea,1982,18000,0,0,0,0,0,0,,0,unhcr_population,2025-12-31,2026-08-19T14:21:59Z,2026-08-19
GNQ,Equatorial Guinea,1991,60,0,0,0,0,0,0,,0,unhcr_population,2025-12-31,2026-08-19T14:21:59Z,2026-08-19
GNQ,Equatorial Guinea,1992,115,0,0,0,0,0,0,,0,unhcr_population,2025-12-31,2026-08-19T14:21:59Z,2026-08-19
GNQ,Equatorial Guinea,1993,214,0,0,0,0,7,0,,0,unhcr_population,2025-12-31,2026-08-19T14:21:59Z,2026-08-19
GNQ,Equatorial Guinea,1994,340,0,0,0,0,0,0,,0,unhcr_population,2025-12-31,2026-08-19T14:21:59Z,2026-08-19
GNQ,Equatorial Guinea,1995,342,0,0,0,0,0,0,,0,unhcr_population,2025-12-31,2026-08-19T14:21:59Z,2026-08-19
GNQ,Equatorial Guinea,1996,398,0,0,0,0,0,0,,0,unhcr_population,2025-12-31,2026-08-19T14:21:59Z,2026-08-19
GNQ,Equatorial Guinea,1997,474,0,0,0,0,0,0,,0,unhcr_population,2025-12-31,2026-08-19T14:21:59Z,2026-08-19
GNQ,Equatorial Guinea,1998,419,0,0,0,0,0,0,,0,unhcr_population,2025-12-31,2026-08-19T14:21:59Z,2026-08-19
GNQ,Equatorial Guinea,1999,422,0,0,0,0,0,0,,0,unhcr_population,2025-12-31,2026-08-19T14:21:59Z,2026-08-19
GNQ,Equatorial Guinea,2000,504,41,0,0,0,0,0,,0,unhcr_population,2025-12-31,2026-08-19T14:21:59Z,2026-08-19
GNQ,Equatorial Guinea,2001,526,35,0,0,0,0,0,,0,unhcr_population,2025-12-31,2026-08-19T14:21:59Z,2026-08-19
GNQ,Equatorial Guinea,2002,549,61,0,0,0,0,0,,0,unhcr_population,2025-12-31,2026-08-19T14:21:59Z,2026-08-19
GNQ,Equatorial Guinea,2003,584,52,0,0,0,0,0,,0,unhcr_population,2025-12-31,2026-08-19T14:21:59Z,2026-08-19
GNQ,Equatorial Guinea,2004,540,50,0,0,0,0,0,,0,unhcr_population,2025-12-31,2026-08-19T14:21:59Z,2026-08-19
GNQ,Equatorial Guinea,2005,478,50,0,0,0,0,0,,0,unhcr_population,2025-12-31,2026-08-19T14:21:59Z,2026-08-19
GNQ,Equatorial Guinea,2006,460,27,0,0,0,0,0,,0,unhcr_population,2025-12-31,2026-08-19T14:21:59Z,2026-08-19
GNQ,Equatorial Guinea,2007,402,29,0,0,0,5,0,,0,unhcr_population,2025-12-31,2026-08-19T14:21:59Z,2026-08-19
GNQ,Equatorial Guinea,2008,381,48,0,0,0,0,0,,0,unhcr_population,2025-12-31,2026-08-19T14:21:59Z,2026-08-19
GNQ,Equatorial Guinea,2009,341,32,0,0,0,0,0,,0,unhcr_population,2025-12-31,2026-08-19T14:21:59Z,2026-08-19
GNQ,Equatorial Guinea,2010,306,72,0,0,0,0,0,,0,unhcr_population,2025-12-31,2026-08-19T14:21:59Z,2026-08-19
GNQ,Equatorial Guinea,2011,261,37,0,0,0,0,0,,0,unhcr_population,2025-12-31,2026-08-19T14:21:59Z,2026-08-19
GNQ,Equatorial Guinea,2012,230,78,0,0,0,0,0,,0,unhcr_population,2025-12-31,2026-08-19T14:21:59Z,2026-08-19
GNQ,Equatorial Guinea,2013,196,60,0,0,0,0,0,,0,unhcr_population,2025-12-31,2026-08-19T14:21:59Z,2026-08-19
GNQ,Equatorial Guinea,2014,168,81,0,0,0,0,0,,0,unhcr_population,2025-12-31,2026-08-19T14:21:59Z,2026-08-19
GNQ,Equatorial Guinea,2015,142,85,0,0,0,0,0,,0,unhcr_population,2025-12-31,2026-08-19T14:21:59Z,2026-08-19
GNQ,Equatorial Guinea,2016,131,100,0,0,0,0,0,,0,unhcr_population,2025-12-31,2026-08-19T14:21:59Z,2026-08-19
GNQ,Equatorial Guinea,2017,127,110,0,0,0,0,0,,0,unhcr_population,2025-12-31,2026-08-19T14:21:59Z,2026-08-19
GNQ,Equatorial Guinea,2018,140,176,0,0,0,0,0,,0,unhcr_population,2025-12-31,2026-08-19T14:21:59Z,2026-08-19
GNQ,Equatorial Guinea,2019,156,166,0,0,0,0,0,,0,unhcr_population,2025-12-31,2026-08-19T14:21:59Z,2026-08-19
GNQ,Equatorial Guinea,2020,145,193,0,0,0,0,0,,0,unhcr_population,2025-12-31,2026-08-19T14:21:59Z,2026-08-19
GNQ,Equatorial Guinea,2021,168,235,0,0,0,0,0,,0,unhcr_population,2025-12-31,2026-08-19T14:21:59Z,2026-08-19
GNQ,Equatorial Guinea,2022,361,243,0,0,0,0,0,,0,unhcr_population,2025-12-31,2026-08-19T14:21:59Z,2026-08-19
GNQ,Equatorial Guinea,2023,389,457,0,0,0,0,0,,0,unhcr_population,2025-12-31,2026-08-19T14:21:59Z,2026-08-19
GNQ,Equatorial Guinea,2024,426,688,0,0,0,0,0,,0,unhcr_population,2025-12-31,2026-08-19T14:21:59Z,2026-08-19
GNQ,Equatorial Guinea,2025,424,351,0,0,0,0,0,,0,unhcr_population,2025-12-31,2026-08-19T14:21:59Z,2026-08-19
GRC,Greece,1965,17690,0,0,0,0,0,0,,0,unhcr_population,2025-12-31,2026-08-19T14:21:59Z,2026-08-19
GRC,Greece,1966,7090,0,0,0,0,0,0,,0,unhcr_population,2025-12-31,2026-08-19T14:21:59Z,2026-08-19
GRC,Greece,1967,23420,0,0,0,0,0,0,,0,unhcr_population,2025-12-31,2026-08-19T14:21:59Z,2026-08-19
GRC,Greece,1968,21820,0,0,0,0,0,0,,0,unhcr_population,2025-12-31,2026-08-19T14:21:59Z,2026-08-19
GRC,Greece,1969,21590,0,0,0,0,0,0,,0,unhcr_population,2025-12-31,2026-08-19T14:21:59Z,2026-08-19
GRC,Greece,1970,21290,0,0,0,0,0,0,,0,unhcr_population,2025-12-31,2026-08-19T14:21:59Z,2026-08-19
GRC,Greece,1971,1480,0,0,0,0,0,0,,0,unhcr_population,2025-12-31,2026-08-19T14:21:59Z,2026-08-19
GRC,Greece,1972,6610,0,0,0,0,0,0,,0,unhcr_population,2025-12-31,2026-08-19T14:21:59Z,2026-08-19
GRC,Greece,1973,5900,0,0,0,0,0,0,,0,unhcr_population,2025-12-31,2026-08-19T14:21:59Z,2026-08-19
GRC,Greece,1974,580,0,0,0,0,0,0,,0,unhcr_population,2025-12-31,2026-08-19T14:21:59Z,2026-08-19
GRC,Greece,1975,510,0,0,0,0,0,0,,0,unhcr_population,2025-12-31,2026-08-19T14:21:59Z,2026-08-19
GRC,Greece,1976,450,0,0,0,0,0,0,,0,unhcr_population,2025-12-31,2026-08-19T14:21:59Z,2026-08-19
GRC,Greece,1977,410,0,0,0,0,0,0,,0,unhcr_population,2025-12-31,2026-08-19T14:21:59Z,2026-08-19
GRC,Greece,1978,380,0,0,0,0,0,0,,0,unhcr_population,2025-12-31,2026-08-19T14:21:59Z,2026-08-19
GRC,Greece,1979,360,0,0,0,0,0,0,,0,unhcr_population,2025-12-31,2026-08-19T14:21:59Z,2026-08-19
GRC,Greece,1980,340,0,0,0,0,0,0,,0,unhcr_population,2025-12-31,2026-08-19T14:21:59Z,2026-08-19
GRC,Greece,1981,320,0,0,0,0,0,0,,0,unhcr_population,2025-12-31,2026-08-19T14:21:59Z,2026-08-19
GRC,Greece,1982,300,0,0,0,0,0,0,,0,unhcr_population,2025-12-31,2026-08-19T14:21:59Z,2026-08-19
GRC,Greece,1983,280,0,0,0,0,0,0,,0,unhcr_population,2025-12-31,2026-08-19T14:21:59Z,2026-08-19
GRC,Greece,1984,260,0,0,0,0,0,0,,0,unhcr_population,2025-12-31,2026-08-19T14:21:59Z,2026-08-19
GRC,Greece,1988,6,0,0,0,0,0,0,,0,unhcr_population,2025-12-31,2026-08-19T14:21:59Z,2026-08-19
GRC,Greece,1989,6,0,0,0,0,0,0,,0,unhcr_population,2025-12-31,2026-08-19T14:21:59Z,2026-08-19
GRC,Greece,1990,16,0,0,0,0,0,0,,0,unhcr_population,2025-12-31,2026-08-19T14:21:59Z,2026-08-19
GRC,Greece,1991,6,0,0,0,0,0,0,,0,unhcr_population,2025-12-31,2026-08-19T14:21:59Z,2026-08-19
GRC,Greece,1994,93,0,0,0,0,0,0,,0,unhcr_population,2025-12-31,2026-08-19T14:21:59Z,2026-08-19
GRC,Greece,1995,221,0,0,0,0,0,0,,0,unhcr_population,2025-12-31,2026-08-19T14:21:59Z,2026-08-19
GRC,Greece,1996,247,0,0,0,0,0,0,,0,unhcr_population,2025-12-31,2026-08-19T14:21:59Z,2026-08-19
GRC,Greece,1997,175,0,0,0,0,0,0,,0,unhcr_population,2025-12-31,2026-08-19T14:21:59Z,2026-08-19
GRC,Greece,1998,173,0,0,0,0,0,0,,0,unhcr_population,2025-12-31,2026-08-19T14:21:59Z,2026-08-19
GRC,Greece,1999,163,0,0,0,0,0,0,,0,unhcr_population,2025-12-31,2026-08-19T14:21:59Z,2026-08-19
GRC,Greece,2000,124,25,0,0,0,0,0,,0,unhcr_population,2025-12-31,2026-08-19T14:21:59Z,2026-08-19
GRC,Greece,2001,93,49,0,0,0,0,0,,0,unhcr_population,2025-12-31,2026-08-19T14:21:59Z,2026-08-19
GRC,Greece,2002,296,40,0,0,0,0,0,,0,unhcr_population,2025-12-31,2026-08-19T14:21:59Z,2026-08-19
GRC,Greece,2003,268,37,0,0,0,0,0,,0,unhcr_population,2025-12-31,2026-08-19T14:21:59Z,2026-08-19
GRC,Greece,2004,221,32,0,0,0,0,0,,0,unhcr_population,2025-12-31,2026-08-19T14:21:59Z,2026-08-19
GRC,Greece,2005,333,43,0,0,0,0,0,,0,unhcr_population,2025-12-31,2026-08-19T14:21:59Z,2026-08-19
GRC,Greece,2006,93,23,0,0,0,0,0,,0,unhcr_population,2025-12-31,2026-08-19T14:21:59Z,2026-08-19
GRC,Greece,2007,92,10,0,0,0,0,0,,0,unhcr_population,2025-12-31,2026-08-19T14:21:59Z,2026-08-19
GRC,Greece,2008,67,15,0,0,0,0,0,,0,unhcr_population,2025-12-31,2026-08-19T14:21:59Z,2026-08-19
GRC,Greece,2009,61,21,0,0,0,0,0,,0,unhcr_population,2025-12-31,2026-08-19T14:21:59Z,2026-08-19
GRC,Greece,2010,52,36,0,0,0,0,0,,0,unhcr_population,2025-12-31,2026-08-19T14:21:59Z,2026-08-19
GRC,Greece,2011,54,38,0,0,0,0,0,,0,unhcr_population,2025-12-31,2026-08-19T14:21:59Z,2026-08-19
GRC,Greece,2012,48,127,0,0,0,0,0,,0,unhcr_population,2025-12-31,2026-08-19T14:21:59Z,2026-08-19
GRC,Greece,2013,88,100,0,0,0,0,0,,0,unhcr_population,2025-12-31,2026-08-19T14:21:59Z,2026-08-19
GRC,Greece,2014,108,59,0,0,0,0,0,,0,unhcr_population,2025-12-31,2026-08-19T14:21:59Z,2026-08-19
GRC,Greece,2015,111,65,0,0,0,0,0,,0,unhcr_population,2025-12-31,2026-08-19T14:21:59Z,2026-08-19
GRC,Greece,2016,101,76,0,0,0,0,0,,0,unhcr_population,2025-12-31,2026-08-19T14:21:59Z,2026-08-19
GRC,Greece,2017,106,95,0,0,0,0,0,,0,unhcr_population,2025-12-31,2026-08-19T14:21:59Z,2026-08-19
GRC,Greece,2018,107,128,0,0,0,0,0,,0,unhcr_population,2025-12-31,2026-08-19T14:21:59Z,2026-08-19
GRC,Greece,2019,95,133,0,0,0,0,0,,0,unhcr_population,2025-12-31,2026-08-19T14:21:59Z,2026-08-19
GRC,Greece,2020,90,122,0,0,0,0,0,,0,unhcr_population,2025-12-31,2026-08-19T14:21:59Z,2026-08-19
GRC,Greece,2021,87,171,0,0,0,0,0,,0,unhcr_population,2025-12-31,2026-08-19T14:21:59Z,2026-08-19
GRC,Greece,2022,125,194,0,0,0,0,0,,0,unhcr_population,2025-12-31,2026-08-19T14:21:59Z,2026-08-19
GRC,Greece,2023,102,219,0,0,0,0,0,,0,unhcr_population,2025-12-31,2026-08-19T14:21:59Z,2026-08-19
GRC,Greece,2024,97,233,0,0,0,5,0,,0,unhcr_population,2025-12-31,2026-08-19T14:21:59Z,2026-08-19
GRC,Greece,2025,94,121,0,0,5,0,0,,0,unhcr_population,2025-12-31,2026-08-19T14:21:59Z,2026-08-19
GRD,Grenada,1988,9,0,0,0,0,0,0,,0,unhcr_population,2025-12-31,2026-08-19T14:21:59Z,2026-08-19
GRD,Grenada,1989,5,0,0,0,0,0,0,,0,unhcr_population,2025-12-31,2026-08-19T14:21:59Z,2026-08-19
GRD,Grenada,1990,5,0,0,0,0,0,0,,0,unhcr_population,2025-12-31,2026-08-19T14:21:59Z,2026-08-19
GRD,Grenada,1991,5,0,0,0,0,0,0,,0,unhcr_population,2025-12-31,2026-08-19T14:21:59Z,2026-08-19
GRD,Grenada,1994,5,0,0,0,0,0,0,,0,unhcr_population,2025-12-31,2026-08-19T14:21:59Z,2026-08-19
GRD,Grenada,1995,6,0,0,0,0,0,0,,0,unhcr_population,2025-12-31,2026-08-19T14:21:59Z,2026-08-19
GRD,Grenada,1996,10,0,0,0,0,0,0,,0,unhcr_population,2025-12-31,2026-08-19T14:21:59Z,2026-08-19
GRD,Grenada,1997,11,0,0,0,0,0,0,,0,unhcr_population,2025-12-31,2026-08-19T14:21:59Z,2026-08-19
GRD,Grenada,1998,19,0,0,0,0,0,0,,0,unhcr_population,2025-12-31,2026-08-19T14:21:59Z,2026-08-19
GRD,Grenada,1999,35,0,0,0,0,0,0,,0,unhcr_population,2025-12-31,2026-08-19T14:21:59Z,2026-08-19
GRD,Grenada,2000,23,89,0,0,0,0,0,,0,unhcr_population,2025-12-31,2026-08-19T14:21:59Z,2026-08-19
GRD,Grenada,2001,53,175,0,0,0,0,0,,0,unhcr_population,2025-12-31,2026-08-19T14:21:59Z,2026-08-19
GRD,Grenada,2002,73,374,0,0,0,0,0,,0,unhcr_population,2025-12-31,2026-08-19T14:21:59Z,2026-08-19
GRD,Grenada,2003,76,258,0,0,0,0,0,,0,unhcr_population,2025-12-31,2026-08-19T14:21:59Z,2026-08-19
GRD,Grenada,2004,98,121,0,0,0,0,0,,0,unhcr_population,2025-12-31,2026-08-19T14:21:59Z,2026-08-19
GRD,Grenada,2005,151,101,0,0,0,0,0,,0,unhcr_population,2025-12-31,2026-08-19T14:21:59Z,2026-08-19
GRD,Grenada,2006,199,41,0,0,0,0,0,,0,unhcr_population,2025-12-31,2026-08-19T14:21:59Z,2026-08-19
GRD,Grenada,2007,293,63,0,0,0,0,0,,0,unhcr_population,2025-12-31,2026-08-19T14:21:59Z,2026-08-19
GRD,Grenada,2008,310,65,0,0,0,0,0,,0,unhcr_population,2025-12-31,2026-08-19T14:21:59Z,2026-08-19
GRD,Grenada,2009,332,88,0,0,0,0,0,,0,unhcr_population,2025-12-31,2026-08-19T14:21:59Z,2026-08-19
GRD,Grenada,2010,344,63,0,0,0,0,0,,0,unhcr_population,2025-12-31,2026-08-19T14:21:59Z,2026-08-19
GRD,Grenada,2011,325,45,0,0,0,0,0,,0,unhcr_population,2025-12-31,2026-08-19T14:21:59Z,2026-08-19
GRD,Grenada,2012,316,49,0,0,0,0,0,,0,unhcr_population,2025-12-31,2026-08-19T14:21:59Z,2026-08-19
GRD,Grenada,2013,330,41,0,0,0,0,0,,0,unhcr_population,2025-12-31,2026-08-19T14:21:59Z,2026-08-19
GRD,Grenada,2014,324,52,0,0,0,0,0,,0,unhcr_population,2025-12-31,2026-08-19T14:21:59Z,2026-08-19
GRD,Grenada,2015,270,51,0,0,0,0,0,,0,unhcr_population,2025-12-31,2026-08-19T14:21:59Z,2026-08-19
GRD,Grenada,2016,100,63,0,0,0,0,0,,0,unhcr_population,2025-12-31,2026-08-19T14:21:59Z,2026-08-19
GRD,Grenada,2017,103,62,0,0,0,0,0,,0,unhcr_population,2025-12-31,2026-08-19T14:21:59Z,2026-08-19
GRD,Grenada,2018,96,59,0,0,0,0,0,,0,unhcr_population,2025-12-31,2026-08-19T14:21:59Z,2026-08-19
GRD,Grenada,2019,80,89,0,0,0,0,0,,0,unhcr_population,2025-12-31,2026-08-19T14:21:59Z,2026-08-19
GRD,Grenada,2020,70,81,0,0,0,0,0,,0,unhcr_population,2025-12-31,2026-08-19T14:21:59Z,2026-08-19
GRD,Grenada,2021,52,97,0,0,0,0,0,,0,unhcr_population,2025-12-31,2026-08-19T14:21:59Z,2026-08-19
GRD,Grenada,2022,51,116,0,0,0,0,0,,0,unhcr_population,2025-12-31,2026-08-19T14:21:59Z,2026-08-19
GRD,Grenada,2023,70,123,0,0,0,0,0,,0,unhcr_population,2025-12-31,2026-08-19T14:21:59Z,2026-08-19
GRD,Grenada,2024,100,136,0,0,0,0,0,,0,unhcr_population,2025-12-31,2026-08-19T14:21:59Z,2026-08-19
GRD,Grenada,2025,117,76,0,0,0,0,0,,0,unhcr_population,2025-12-31,2026-08-19T14:21:59Z,2026-08-19
GTM,Guatemala,1980,750,0,0,0,0,0,0,,0,unhcr_population,2025-12-31,2026-08-19T14:21:59Z,2026-08-19
GTM,Guatemala,1981,1910,0,0,0,0,0,0,,0,unhcr_population,2025-12-31,2026-08-19T14:21:59Z,2026-08-19
GTM,Guatemala,1982,36490,0,0,0,0,0,0,,0,unhcr_population,2025-12-31,2026-08-19T14:21:59Z,2026-08-19
GTM,Guatemala,1983,41800,0,0,0,0,0,0,,0,unhcr_population,2025-12-31,2026-08-19T14:21:59Z,2026-08-19
GTM,Guatemala,1984,47880,0,0,0,0,0,0,,0,unhcr_population,2025-12-31,2026-08-19T14:21:59Z,2026-08-19
GTM,Guatemala,1985,52890,0,0,0,0,0,0,,0,unhcr_population,2025-12-31,2026-08-19T14:21:59Z,2026-08-19
GTM,Guatemala,1986,52800,0,0,0,0,0,0,,0,unhcr_population,2025-12-31,2026-08-19T14:21:59Z,2026-08-19
GTM,Guatemala,1987,53700,0,0,0,0,140,0,,0,unhcr_population,2025-12-31,2026-08-19T14:21:59Z,2026-08-19
GTM,Guatemala,1988,53753,0,0,0,0,1900,0,,0,unhcr_population,2025-12-31,2026-08-19T14:21:59Z,2026-08-19
GTM,Guatemala,1989,45413,0,0,0,0,1210,0,,0,unhcr_population,2025-12-31,2026-08-19T14:21:59Z,2026-08-19
GTM,Guatemala,1990,47988,0,0,0,0,920,0,,0,unhcr_population,2025-12-31,2026-08-19T14:21:59Z,2026-08-19
GTM,Guatemala,1991,52584,0,0,0,0,1750,0,,0,unhcr_population,2025-12-31,2026-08-19T14:21:59Z,2026-08-19
GTM,Guatemala,1992,53940,0,0,0,0,2020,0,,0,unhcr_population,2025-12-31,2026-08-19T14:21:59Z,2026-08-19
GTM,Guatemala,1993,50265,0,0,0,0,5093,0,,0,unhcr_population,2025-12-31,2026-08-19T14:21:59Z,2026-08-19
GTM,Guatemala,1994,49606,0,8000,0,0,6150,0,,0,unhcr_population,2025-12-31,2026-08-19T14:21:59Z,2026-08-19
GTM,Guatemala,1995,42901,0,13700,0,0,9538,0,,0,unhcr_population,2025-12-31,2026-08-19T14:21:59Z,2026-08-19
GTM,Guatemala,1996,40341,0,11200,0,0,4458,0,,0,unhcr_population,2025-12-31,2026-08-19T14:21:59Z,2026-08-19
GTM,Guatemala,1997,37506,0,1650,0,0,3572,0,,0,unhcr_population,2025-12-31,2026-08-19T14:21:59Z,2026-08-19
GTM,Guatemala,1998,32745,0,0,0,0,3916,0,,0,unhcr_population,2025-12-31,2026-08-19T14:21:59Z,2026-08-19
GTM,Guatemala,1999,28082,0,0,0,0,2036,0,,0,unhcr_population,2025-12-31,2026-08-19T14:21:59Z,2026-08-19
GTM,Guatemala,2000,20709,101803,0,0,3341,80,0,,0,unhcr_population,2025-12-31,2026-08-19T14:21:59Z,2026-08-19
GTM,Guatemala,2001,16868,99542,0,0,0,0,0,,0,unhcr_population,2025-12-31,2026-08-19T14:21:59Z,2026-08-19
GTM,Guatemala,2002,13892,96112,0,0,0,0,0,,0,unhcr_population,2025-12-31,2026-08-19T14:21:59Z,2026-08-19
GTM,Guatemala,2003,6696,88582,0,0,0,40,0,,0,unhcr_population,2025-12-31,2026-08-19T14:21:59Z,2026-08-19
GTM,Guatemala,2004,4374,58642,0,0,0,8,0,,0,unhcr_population,2025-12-31,2026-08-19T14:21:59Z,2026-08-19
GTM,Guatemala,2005,3376,31848,0,0,0,0,0,,0,unhcr_population,2025-12-31,2026-08-19T14:21:59Z,2026-08-19
GTM,Guatemala,2006,6493,20532,0,0,0,0,0,,0,unhcr_population,2025-12-31,2026-08-19T14:21:59Z,2026-08-19
GTM,Guatemala,2007,6157,14998,0,0,0,0,0,,0,unhcr_population,2025-12-31,2026-08-19T14:21:59Z,2026-08-19
GTM,Guatemala,2008,5927,10243,0,0,0,0,0,,0,unhcr_population,2025-12-31,2026-08-19T14:21:59Z,2026-08-19
GTM,Guatemala,2009,5763,9104,0,0,0,0,0,,0,unhcr_population,2025-12-31,2026-08-19T14:21:59Z,2026-08-19
GTM,Guatemala,2010,5675,1023,0,0,0,0,0,,0,unhcr_population,2025-12-31,2026-08-19T14:21:59Z,2026-08-19
GTM,Guatemala,2011,6087,1105,0,0,0,0,0,,0,unhcr_population,2025-12-31,2026-08-19T14:21:59Z,2026-08-19
GTM,Guatemala,2012,6389,1325,0,0,0,0,0,,0,unhcr_population,2025-12-31,2026-08-19T14:21:59Z,2026-08-19
GTM,Guatemala,2013,6620,8435,0,0,0,0,0,,0,unhcr_population,2025-12-31,2026-08-19T14:21:59Z,2026-08-19
GTM,Guatemala,2014,7487,15800,0,0,0,0,0,,0,unhcr_population,2025-12-31,2026-08-19T14:21:59Z,2026-08-19
GTM,Guatemala,2015,10284,26951,0,0,3500,0,0,,0,unhcr_population,2025-12-31,2026-08-19T14:21:59Z,2026-08-19
GTM,Guatemala,2016,12549,46222,0,0,0,0,0,,0,unhcr_population,2025-12-31,2026-08-19T14:21:59Z,2026-08-19
GTM,Guatemala,2017,16284,72726,0,0,0,0,0,,0,unhcr_population,2025-12-31,2026-08-19T14:21:59Z,2026-08-19
GTM,Guatemala,2018,19128,86875,0,0,24,0,0,,0,unhcr_population,2025-12-31,2026-08-19T14:21:59Z,2026-08-19
GTM,Guatemala,2019,22770,119521,0,0,47836,0,0,,0,unhcr_population,2025-12-31,2026-08-19T14:21:59Z,2026-08-19
GTM,Guatemala,2020,24544,146111,0,0,27264,0,0,,0,unhcr_population,2025-12-31,2026-08-19T14:21:59Z,2026-08-19
GTM,Guatemala,2021,26927,160428,0,0,149455,0,0,,406161,unhcr_population,2025-12-31,2026-08-19T14:21:59Z,2026-08-19
GTM,Guatemala,2022,30259,166901,0,0,133563,0,0,,406161,unhcr_population,2025-12-31,2026-08-19T14:21:59Z,2026-08-19
GTM,Guatemala,2023,34010,176035,0,0,121865,0,0,,406161,unhcr_population,2025-12-31,2026-08-19T14:21:59Z,2026-08-19
GTM,Guatemala,2024,36323,195319,0,0,39367,0,0,,72921,unhcr_population,2025-12-31,2026-08-19T14:21:59Z,2026-08-19
GTM,Guatemala,2025,34994,138420,573000,0,0,0,0,,3244,unhcr_population,2025-12-31,2026-08-19T14:21:59Z,2026-08-19
GUF,French Guiana,1992,5,0,0,0,0,0,0,,0,unhcr_population,2025-12-31,2026-08-19T14:21:59Z,2026-08-19
GUF,French Guiana,1993,5,0,0,0,0,0,0,,0,unhcr_population,2025-12-31,2026-08-19T14:21:59Z,2026-08-19
GUF,French Guiana,1994,5,0,0,0,0,0,0,,0,unhcr_population,2025-12-31,2026-08-19T14:21:59Z,2026-08-19
GUF,French Guiana,1995,5,0,0,0,0,0,0,,0,unhcr_population,2025-12-31,2026-08-19T14:21:59Z,2026-08-19
GUF,French Guiana,1996,5,0,0,0,0,0,0,,0,unhcr_population,2025-12-31,2026-08-19T14:21:59Z,2026-08-19
GUF,French Guiana,1997,5,0,0,0,0,0,0,,0,unhcr_population,2025-12-31,2026-08-19T14:21:59Z,2026-08-19
GUF,French Guiana,1998,5,0,0,0,0,0,0,,0,unhcr_population,2025-12-31,2026-08-19T14:21:59Z,2026-08-19
GUF,French Guiana,1999,5,0,0,0,0,0,0,,0,unhcr_population,2025-12-31,2026-08-19T14:21:59Z,2026-08-19
GUF,French Guiana,2017,0,11,0,0,0,0,0,,0,unhcr_population,2025-12-31,2026-08-19T14:21:59Z,2026-08-19
GUF,French Guiana,2018,0,23,0,0,0,0,0,,0,unhcr_population,2025-12-31,2026-08-19T14:21:59Z,2026-08-19
GUF,French Guiana,2019,0,24,0,0,0,0,0,,0,unhcr_population,2025-12-31,2026-08-19T14:21:59Z,2026-08-19
GUF,French Guiana,2020,0,27,0,0,0,0,0,,0,unhcr_population,2025-12-31,2026-08-19T14:21:59Z,2026-08-19
GUF,French Guiana,2021,0,96,0,0,0,0,0,,0,unhcr_population,2025-12-31,2026-08-19T14:21:59Z,2026-08-19
GUF,French Guiana,2022,11,155,0,0,0,0,0,,0,unhcr_population,2025-12-31,2026-08-19T14:21:59Z,2026-08-19
GUF,French Guiana,2023,28,396,0,0,0,0,0,,0,unhcr_population,2025-12-31,2026-08-19T14:21:59Z,2026-08-19
GUF,French Guiana,2024,33,505,0,0,0,0,0,,0,unhcr_population,2025-12-31,2026-08-19T14:21:59Z,2026-08-19
GUF,French Guiana,2025,42,382,0,0,0,0,0,,0,unhcr_population,2025-12-31,2026-08-19T14:21:59Z,2026-08-19
GUY,Guyana,1994,69,0,0,0,0,0,0,,0,unhcr_population,2025-12-31,2026-08-19T14:21:59Z,2026-08-19
GUY,Guyana,1995,59,0,0,0,0,0,0,,0,unhcr_population,2025-12-31,2026-08-19T14:21:59Z,2026-08-19
GUY,Guyana,1996,54,0,0,0,0,0,0,,0,unhcr_population,2025-12-31,2026-08-19T14:21:59Z,2026-08-19
GUY,Guyana,1997,37,0,0,0,0,0,0,,0,unhcr_population,2025-12-31,2026-08-19T14:21:59Z,2026-08-19
GUY,Guyana,1998,38,0,0,0,0,0,0,,0,unhcr_population,2025-12-31,2026-08-19T14:21:59Z,2026-08-19
GUY,Guyana,1999,47,0,0,0,0,0,0,,0,unhcr_population,2025-12-31,2026-08-19T14:21:59Z,2026-08-19
GUY,Guyana,2000,35,201,0,0,0,0,0,,0,unhcr_population,2025-12-31,2026-08-19T14:21:59Z,2026-08-19
GUY,Guyana,2001,36,378,0,0,0,0,0,,0,unhcr_population,2025-12-31,2026-08-19T14:21:59Z,2026-08-19
GUY,Guyana,2002,50,1074,0,0,0,0,0,,0,unhcr_population,2025-12-31,2026-08-19T14:21:59Z,2026-08-19
GUY,Guyana,2003,75,1296,0,0,0,0,0,,0,unhcr_population,2025-12-31,2026-08-19T14:21:59Z,2026-08-19
GUY,Guyana,2004,191,668,0,0,0,0,0,,0,unhcr_population,2025-12-31,2026-08-19T14:21:59Z,2026-08-19
GUY,Guyana,2005,405,385,0,0,0,0,0,,0,unhcr_population,2025-12-31,2026-08-19T14:21:59Z,2026-08-19
GUY,Guyana,2006,535,300,0,0,0,0,0,,0,unhcr_population,2025-12-31,2026-08-19T14:21:59Z,2026-08-19
GUY,Guyana,2007,676,243,0,0,0,0,0,,0,unhcr_population,2025-12-31,2026-08-19T14:21:59Z,2026-08-19
GUY,Guyana,2008,707,276,0,0,0,0,0,,0,unhcr_population,2025-12-31,2026-08-19T14:21:59Z,2026-08-19
GUY,Guyana,2009,724,323,0,0,0,0,0,,0,unhcr_population,2025-12-31,2026-08-19T14:21:59Z,2026-08-19
GUY,Guyana,2010,746,170,0,0,0,0,0,,0,unhcr_population,2025-12-31,2026-08-19T14:21:59Z,2026-08-19
GUY,Guyana,2011,768,102,0,0,0,0,0,,0,unhcr_population,2025-12-31,2026-08-19T14:21:59Z,2026-08-19
GUY,Guyana,2012,800,73,0,0,0,0,0,,0,unhcr_population,2025-12-31,2026-08-19T14:21:59Z,2026-08-19
GUY,Guyana,2013,800,136,0,0,0,0,0,,0,unhcr_population,2025-12-31,2026-08-19T14:21:59Z,2026-08-19
GUY,Guyana,2014,700,148,0,0,0,0,0,,0,unhcr_population,2025-12-31,2026-08-19T14:21:59Z,2026-08-19
GUY,Guyana,2015,508,223,0,0,0,0,0,,0,unhcr_population,2025-12-31,2026-08-19T14:21:59Z,2026-08-19
GUY,Guyana,2016,269,296,0,0,0,0,0,,0,unhcr_population,2025-12-31,2026-08-19T14:21:59Z,2026-08-19
GUY,Guyana,2017,260,482,0,0,0,0,0,,0,unhcr_population,2025-12-31,2026-08-19T14:21:59Z,2026-08-19
GUY,Guyana,2018,283,551,0,0,0,0,0,,0,unhcr_population,2025-12-31,2026-08-19T14:21:59Z,2026-08-19
GUY,Guyana,2019,284,676,0,0,0,0,0,,0,unhcr_population,2025-12-31,2026-08-19T14:21:59Z,2026-08-19
GUY,Guyana,2020,267,708,0,0,0,0,0,,0,unhcr_population,2025-12-31,2026-08-19T14:21:59Z,2026-08-19
GUY,Guyana,2021,285,856,0,0,0,0,0,,5892,unhcr_population,2025-12-31,2026-08-19T14:21:59Z,2026-08-19
GUY,Guyana,2022,250,929,0,0,0,0,0,,4200,unhcr_population,2025-12-31,2026-08-19T14:21:59Z,2026-08-19
GUY,Guyana,2023,248,1265,0,0,0,0,0,,0,unhcr_population,2025-12-31,2026-08-19T14:21:59Z,2026-08-19
GUY,Guyana,2024,313,1591,0,0,0,0,0,,0,unhcr_population,2025-12-31,2026-08-19T14:21:59Z,2026-08-19
GUY,Guyana,2025,342,1092,0,0,0,0,0,,0,unhcr_population,2025-12-31,2026-08-19T14:21:59Z,2026-08-19
HKG,"China, Hong Kong SAR",1994,257,0,0,0,0,0,0,,0,unhcr_population,2025-12-31,2026-08-19T14:21:59Z,2026-08-19
HKG,"China, Hong Kong SAR",1995,202,0,0,0,0,0,0,,0,unhcr_population,2025-12-31,2026-08-19T14:21:59Z,2026-08-19
HKG,"China, Hong Kong SAR",1996,102,0,0,0,0,0,0,,0,unhcr_population,2025-12-31,2026-08-19T14:21:59Z,2026-08-19
HKG,"China, Hong Kong SAR",1997,47,0,0,0,0,0,0,,0,unhcr_population,2025-12-31,2026-08-19T14:21:59Z,2026-08-19
HKG,"China, Hong Kong SAR",1998,39,0,0,0,0,0,0,,0,unhcr_population,2025-12-31,2026-08-19T14:21:59Z,2026-08-19
HKG,"China, Hong Kong SAR",1999,17,0,0,0,0,0,0,,0,unhcr_population,2025-12-31,2026-08-19T14:21:59Z,2026-08-19
HKG,"China, Hong Kong SAR",2000,10,8,0,0,0,0,0,,0,unhcr_population,2025-12-31,2026-08-19T14:21:59Z,2026-08-19
HKG,"China, Hong Kong SAR",2001,5,18,0,0,0,0,0,,0,unhcr_population,2025-12-31,2026-08-19T14:21:59Z,2026-08-19
HKG,"China, Hong Kong SAR",2002,0,17,0,0,0,0,0,,0,unhcr_population,2025-12-31,2026-08-19T14:21:59Z,2026-08-19
HKG,"China, Hong Kong SAR",2003,6,21,0,0,0,0,0,,0,unhcr_population,2025-12-31,2026-08-19T14:21:59Z,2026-08-19
HKG,"China, Hong Kong SAR",2004,7,10,0,0,0,0,0,,0,unhcr_population,2025-12-31,2026-08-19T14:21:59Z,2026-08-19
HKG,"China, Hong Kong SAR",2005,0,19,0,0,0,0,0,,0,unhcr_population,2025-12-31,2026-08-19T14:21:59Z,2026-08-19
HKG,"China, Hong Kong SAR",2006,8,18,0,0,0,0,0,,0,unhcr_population,2025-12-31,2026-08-19T14:21:59Z,2026-08-19
HKG,"China, Hong Kong SAR",2007,9,25,0,0,0,0,0,,0,unhcr_population,2025-12-31,2026-08-19T14:21:59Z,2026-08-19
HKG,"China, Hong Kong SAR",2008,9,49,0,0,0,0,0,,0,unhcr_population,2025-12-31,2026-08-19T14:21:59Z,2026-08-19
HKG,"China, Hong Kong SAR",2009,10,66,0,0,0,0,0,,0,unhcr_population,2025-12-31,2026-08-19T14:21:59Z,2026-08-19
HKG,"China, Hong Kong SAR",2010,16,81,0,0,0,0,0,,0,unhcr_population,2025-12-31,2026-08-19T14:21:59Z,2026-08-19
HKG,"China, Hong Kong SAR",2011,14,5,0,0,0,0,0,,0,unhcr_population,2025-12-31,2026-08-19T14:21:59Z,2026-08-19
HKG,"China, Hong Kong SAR",2012,18,64,0,0,0,0,0,,0,unhcr_population,2025-12-31,2026-08-19T14:21:59Z,2026-08-19
HKG,"China, Hong Kong SAR",2013,24,52,0,0,0,0,0,,0,unhcr_population,2025-12-31,2026-08-19T14:21:59Z,2026-08-19
HKG,"China, Hong Kong SAR",2014,25,38,0,0,0,0,0,,0,unhcr_population,2025-12-31,2026-08-19T14:21:59Z,2026-08-19
HKG,"China, Hong Kong SAR",2015,33,80,0,0,0,0,0,,0,unhcr_population,2025-12-31,2026-08-19T14:21:59Z,2026-08-19
HKG,"China, Hong Kong SAR",2016,15,112,0,0,0,0,0,,0,unhcr_population,2025-12-31,2026-08-19T14:21:59Z,2026-08-19
HKG,"China, Hong Kong SAR",2017,11,104,0,0,0,0,0,,0,unhcr_population,2025-12-31,2026-08-19T14:21:59Z,2026-08-19
HKG,"China, Hong Kong SAR",2018,11,22,0,0,0,0,0,,0,unhcr_population,2025-12-31,2026-08-19T14:21:59Z,2026-08-19
HKG,"China, Hong Kong SAR",2019,5,222,0,0,0,0,0,,0,unhcr_population,2025-12-31,2026-08-19T14:21:59Z,2026-08-19
HKG,"China, Hong Kong SAR",2020,15,487,0,0,0,0,0,,0,unhcr_population,2025-12-31,2026-08-19T14:21:59Z,2026-08-19
HKG,"China, Hong Kong SAR",2021,96,816,0,0,0,0,0,,0,unhcr_population,2025-12-31,2026-08-19T14:21:59Z,2026-08-19
HKG,"China, Hong Kong SAR",2022,177,985,0,0,0,0,0,,0,unhcr_population,2025-12-31,2026-08-19T14:21:59Z,2026-08-19
HKG,"China, Hong Kong SAR",2023,350,683,0,0,0,0,0,,0,unhcr_population,2025-12-31,2026-08-19T14:21:59Z,2026-08-19
HKG,"China, Hong Kong SAR",2024,240,855,0,0,0,0,0,,0,unhcr_population,2025-12-31,2026-08-19T14:21:59Z,2026-08-19
HKG,"China, Hong Kong SAR",2025,245,411,0,0,0,0,0,,0,unhcr_population,2025-12-31,2026-08-19T14:21:59Z,2026-08-19
HND,Honduras,1986,100,0,0,0,0,0,0,,0,unhcr_population,2025-12-31,2026-08-19T14:21:59Z,2026-08-19
HND,Honduras,1989,5,0,0,0,0,0,0,,0,unhcr_population,2025-12-31,2026-08-19T14:21:59Z,2026-08-19
HND,Honduras,1990,18,0,0,0,0,0,0,,0,unhcr_population,2025-12-31,2026-08-19T14:21:59Z,2026-08-19
HND,Honduras,1991,21,0,0,0,0,0,0,,0,unhcr_population,2025-12-31,2026-08-19T14:21:59Z,2026-08-19
HND,Honduras,1992,41,0,0,0,0,0,0,,0,unhcr_population,2025-12-31,2026-08-19T14:21:59Z,2026-08-19
HND,Honduras,1993,450,0,0,0,0,11,0,,0,unhcr_population,2025-12-31,2026-08-19T14:21:59Z,2026-08-19
HND,Honduras,1994,1212,0,0,0,0,27,0,,0,unhcr_population,2025-12-31,2026-08-19T14:21:59Z,2026-08-19
HND,Honduras,1995,1218,0,0,0,0,0,0,,0,unhcr_population,2025-12-31,2026-08-19T14:21:59Z,2026-08-19
HND,Honduras,1996,1256,0,0,0,0,29,0,,0,unhcr_population,2025-12-31,2026-08-19T14:21:59Z,2026-08-19
HND,Honduras,1997,1243,0,0,0,0,0,0,,0,unhcr_population,2025-12-31,2026-08-19T14:21:59Z,2026-08-19
HND,Honduras,1998,1097,0,0,0,0,0,0,,0,unhcr_population,2025-12-31,2026-08-19T14:21:59Z,2026-08-19
HND,Honduras,1999,1066,0,0,0,0,0,0,,0,unhcr_population,2025-12-31,2026-08-19T14:21:59Z,2026-08-19
HND,Honduras,2000,904,1187,0,0,4138,0,0,,0,unhcr_population,2025-12-31,2026-08-19T14:21:59Z,2026-08-19
HND,Honduras,2001,783,1158,0,0,0,0,0,,0,unhcr_population,2025-12-31,2026-08-19T14:21:59Z,2026-08-19
HND,Honduras,2002,675,1249,0,0,0,0,0,,0,unhcr_population,2025-12-31,2026-08-19T14:21:59Z,2026-08-19
HND,Honduras,2003,606,1202,0,0,0,0,0,,0,unhcr_population,2025-12-31,2026-08-19T14:21:59Z,2026-08-19
HND,Honduras,2004,485,1265,0,0,0,0,0,,0,unhcr_population,2025-12-31,2026-08-19T14:21:59Z,2026-08-19
HND,Honduras,2005,536,1225,0,0,0,0,0,,0,unhcr_population,2025-12-31,2026-08-19T14:21:59Z,2026-08-19
HND,Honduras,2006,1035,1356,0,0,0,0,0,,0,unhcr_population,2025-12-31,2026-08-19T14:21:59Z,2026-08-19
HND,Honduras,2007,1236,671,0,0,0,0,0,,0,unhcr_population,2025-12-31,2026-08-19T14:21:59Z,2026-08-19
HND,Honduras,2008,1116,941,0,0,0,0,0,,0,unhcr_population,2025-12-31,2026-08-19T14:21:59Z,2026-08-19
HND,Honduras,2009,1165,997,0,0,0,0,0,,0,unhcr_population,2025-12-31,2026-08-19T14:21:59Z,2026-08-19
HND,Honduras,2010,1300,815,0,0,0,0,0,,0,unhcr_population,2025-12-31,2026-08-19T14:21:59Z,2026-08-19
HND,Honduras,2011,1967,847,0,0,0,0,0,,0,unhcr_population,2025-12-31,2026-08-19T14:21:59Z,2026-08-19
HND,Honduras,2012,2612,804,0,0,0,0,0,,0,unhcr_population,2025-12-31,2026-08-19T14:21:59Z,2026-08-19
HND,Honduras,2013,3299,5292,0,0,0,0,0,,0,unhcr_population,2025-12-31,2026-08-19T14:21:59Z,2026-08-19
HND,Honduras,2014,4157,10136,0,0,0,0,0,,0,unhcr_population,2025-12-31,2026-08-19T14:21:59Z,2026-08-19
HND,Honduras,2015,6847,19456,174000,0,5100,0,0,,0,unhcr_population,2025-12-31,2026-08-19T14:21:59Z,2026-08-19
HND,Honduras,2016,10509,35198,174000,0,4800,0,0,,0,unhcr_population,2025-12-31,2026-08-19T14:21:59Z,2026-08-19
HND,Honduras,2017,14424,59782,174000,0,3200,0,0,,0,unhcr_population,2025-12-31,2026-08-19T14:21:59Z,2026-08-19
HND,Honduras,2018,18857,76526,174001,0,46419,0,0,,0,unhcr_population,2025-12-31,2026-08-19T14:21:59Z,2026-08-19
HND,Honduras,2019,26351,122480,247090,0,72837,0,0,,0,unhcr_population,2025-12-31,2026-08-19T14:21:59Z,2026-08-19
HND,Honduras,2020,34456,148935,247090,0,115567,0,0,,0,unhcr_population,2025-12-31,2026-08-19T14:21:59Z,2026-08-19
HND,Honduras,2021,51687,169994,247090,0,48926,0,0,,0,unhcr_population,2025-12-31,2026-08-19T14:21:59Z,2026-08-19
HND,Honduras,2022,64785,195584,247090,0,55349,0,0,,0,unhcr_population,2025-12-31,2026-08-19T14:21:59Z,2026-08-19
HND,Honduras,2023,84363,216873,247090,0,50951,0,0,,0,unhcr_population,2025-12-31,2026-08-19T14:21:59Z,2026-08-19
HND,Honduras,2024,100969,237701,247090,0,84895,0,0,,0,unhcr_population,2025-12-31,2026-08-19T14:21:59Z,2026-08-19
HND,Honduras,2025,94449,168464,423845,0,32153,0,0,,0,unhcr_population,2025-12-31,2026-08-19T14:21:59Z,2026-08-19
HRV,Croatia,1992,168570,0,0,0,0,29360,0,,0,unhcr_population,2025-12-31,2026-08-19T14:21:59Z,2026-08-19
HRV,Croatia,1993,151689,0,344000,0,0,0,0,,0,unhcr_population,2025-12-31,2026-08-19T14:21:59Z,2026-08-19
HRV,Croatia,1994,76256,0,307000,0,0,0,0,,0,unhcr_population,2025-12-31,2026-08-19T14:21:59Z,2026-08-19
HRV,Croatia,1995,245572,0,198200,0,0,9,0,,0,unhcr_population,2025-12-31,2026-08-19T14:21:59Z,2026-08-19
HRV,Croatia,1996,310090,0,144147,0,0,359,0,,0,unhcr_population,2025-12-31,2026-08-19T14:21:59Z,2026-08-19
HRV,Croatia,1997,349307,0,79441,0,0,16155,0,,0,unhcr_population,2025-12-31,2026-08-19T14:21:59Z,2026-08-19
HRV,Croatia,1998,338085,0,71704,0,0,24939,26082,,0,unhcr_population,2025-12-31,2026-08-19T14:21:59Z,2026-08-19
HRV,Croatia,1999,353721,0,52390,0,0,10578,23614,,0,unhcr_population,2025-12-31,2026-08-19T14:21:59Z,2026-08-19
HRV,Croatia,2000,335200,368,34134,0,0,19014,15494,,0,unhcr_population,2025-12-31,2026-08-19T14:21:59Z,2026-08-19
HRV,Croatia,2001,290283,346,23402,0,0,11867,10732,,0,unhcr_population,2025-12-31,2026-08-19T14:21:59Z,2026-08-19
HRV,Croatia,2002,274822,516,17100,0,0,17287,6302,,0,unhcr_population,2025-12-31,2026-08-19T14:21:59Z,2026-08-19
HRV,Croatia,2003,230193,464,12566,0,0,9866,4403,,0,unhcr_population,2025-12-31,2026-08-19T14:21:59Z,2026-08-19
HRV,Croatia,2004,215480,355,7540,0,0,7468,5026,,0,unhcr_population,2025-12-31,2026-08-19T14:21:59Z,2026-08-19
HRV,Croatia,2005,119154,208,4804,0,0,5261,2736,,0,unhcr_population,2025-12-31,2026-08-19T14:21:59Z,2026-08-19
HRV,Croatia,2006,93768,217,3975,0,0,4633,829,,0,unhcr_population,2025-12-31,2026-08-19T14:21:59Z,2026-08-19
HRV,Croatia,2007,100429,117,2873,0,0,2137,1102,,0,unhcr_population,2025-12-31,2026-08-19T14:21:59Z,2026-08-19
HRV,Croatia,2008,97016,129,2497,0,28084,1147,376,,0,unhcr_population,2025-12-31,2026-08-19T14:21:59Z,2026-08-19
HRV,Croatia,2009,76479,132,2285,0,23583,709,212,,0,unhcr_population,2025-12-31,2026-08-19T14:21:59Z,2026-08-19
HRV,Croatia,2010,65863,345,2125,0,20446,469,160,,0,unhcr_population,2025-12-31,2026-08-19T14:21:59Z,2026-08-19
HRV,Croatia,2011,62653,743,0,0,21508,439,67,,0,unhcr_population,2025-12-31,2026-08-19T14:21:59Z,2026-08-19
HRV,Croatia,2012,62606,1293,0,0,20615,98,0,,0,unhcr_population,2025-12-31,2026-08-19T14:21:59Z,2026-08-19
HRV,Croatia,2013,49755,980,0,0,16891,503,0,,0,unhcr_population,2025-12-31,2026-08-19T14:21:59Z,2026-08-19
HRV,Croatia,2014,40121,111,0,0,15794,282,0,,0,unhcr_population,2025-12-31,2026-08-19T14:21:59Z,2026-08-19
HRV,Croatia,2015,33452,89,0,0,14070,111,0,,0,unhcr_population,2025-12-31,2026-08-19T14:21:59Z,2026-08-19
HRV,Croatia,2016,26231,343,0,0,14518,43,0,,0,unhcr_population,2025-12-31,2026-08-19T14:21:59Z,2026-08-19
HRV,Croatia,2017,24869,268,0,0,8019,44,0,,0,unhcr_population,2025-12-31,2026-08-19T14:21:59Z,2026-08-19
HRV,Croatia,2018,24105,79,0,0,4376,10,0,,0,unhcr_population,2025-12-31,2026-08-19T14:21:59Z,2026-08-19
HRV,Croatia,2019,23793,65,0,0,3754,13,0,,0,unhcr_population,2025-12-31,2026-08-19T14:21:59Z,2026-08-19
HRV,Croatia,2020,23451,58,0,0,3301,5,0,,0,unhcr_population,2025-12-31,2026-08-19T14:21:59Z,2026-08-19
HRV,Croatia,2021,18083,51,0,0,214,0,0,,0,unhcr_population,2025-12-31,2026-08-19T14:21:59Z,2026-08-19
HRV,Croatia,2022,17698,74,0,0,18,5,0,,0,unhcr_population,2025-12-31,2026-08-19T14:21:59Z,2026-08-19
HRV,Croatia,2023,17579,85,0,0,12,0,0,,0,unhcr_population,2025-12-31,2026-08-19T14:21:59Z,2026-08-19
HRV,Croatia,2024,17891,99,0,0,11,0,0,,0,unhcr_population,2025-12-31,2026-08-19T14:21:59Z,2026-08-19
HRV,Croatia,2025,17207,43,0,0,5,0,0,,0,unhcr_population,2025-12-31,2026-08-19T14:21:59Z,2026-08-19
HTI,Haiti,1974,1000,0,0,0,0,0,0,,0,unhcr_population,2025-12-31,2026-08-19T14:21:59Z,2026-08-19
HTI,Haiti,1978,300,0,0,0,0,0,0,,0,unhcr_population,2025-12-31,2026-08-19T14:21:59Z,2026-08-19
HTI,Haiti,1979,3300,0,0,0,0,0,0,,0,unhcr_population,2025-12-31,2026-08-19T14:21:59Z,2026-08-19
HTI,Haiti,1980,3800,0,0,0,0,0,0,,0,unhcr_population,2025-12-31,2026-08-19T14:21:59Z,2026-08-19
HTI,Haiti,1981,5000,0,0,0,0,0,0,,0,unhcr_population,2025-12-31,2026-08-19T14:21:59Z,2026-08-19
HTI,Haiti,1982,5000,0,0,0,0,0,0,,0,unhcr_population,2025-12-31,2026-08-19T14:21:59Z,2026-08-19
HTI,Haiti,1983,5230,0,0,0,0,0,0,,0,unhcr_population,2025-12-31,2026-08-19T14:21:59Z,2026-08-19
HTI,Haiti,1984,5440,0,0,0,0,0,0,,0,unhcr_population,2025-12-31,2026-08-19T14:21:59Z,2026-08-19
HTI,Haiti,1985,6100,0,0,0,0,0,0,,0,unhcr_population,2025-12-31,2026-08-19T14:21:59Z,2026-08-19
HTI,Haiti,1986,5120,0,0,0,0,1020,0,,0,unhcr_population,2025-12-31,2026-08-19T14:21:59Z,2026-08-19
HTI,Haiti,1987,5080,0,0,0,0,2070,0,,0,unhcr_population,2025-12-31,2026-08-19T14:21:59Z,2026-08-19
HTI,Haiti,1988,4699,0,0,0,0,670,0,,0,unhcr_population,2025-12-31,2026-08-19T14:21:59Z,2026-08-19
HTI,Haiti,1989,3344,0,0,0,0,490,0,,0,unhcr_population,2025-12-31,2026-08-19T14:21:59Z,2026-08-19
HTI,Haiti,1990,2092,0,0,0,0,150,0,,0,unhcr_population,2025-12-31,2026-08-19T14:21:59Z,2026-08-19
HTI,Haiti,1991,1857,0,0,0,0,500,0,,0,unhcr_population,2025-12-31,2026-08-19T14:21:59Z,2026-08-19
HTI,Haiti,1992,2483,0,0,0,0,5300,0,,0,unhcr_population,2025-12-31,2026-08-19T14:21:59Z,2026-08-19
HTI,Haiti,1993,3861,0,0,0,0,1954,0,,0,unhcr_population,2025-12-31,2026-08-19T14:21:59Z,2026-08-19
HTI,Haiti,1994,9800,0,0,0,0,1271,0,,0,unhcr_population,2025-12-31,2026-08-19T14:21:59Z,2026-08-19
HTI,Haiti,1995,13927,0,0,0,0,651,0,,0,unhcr_population,2025-12-31,2026-08-19T14:21:59Z,2026-08-19
HTI,Haiti,1996,15119,0,0,0,0,369,0,,0,unhcr_population,2025-12-31,2026-08-19T14:21:59Z,2026-08-19
HTI,Haiti,1997,15479,0,0,0,0,0,0,,0,unhcr_population,2025-12-31,2026-08-19T14:21:59Z,2026-08-19
HTI,Haiti,1998,13539,0,0,0,0,0,0,,0,unhcr_population,2025-12-31,2026-08-19T14:21:59Z,2026-08-19
HTI,Haiti,1999,8768,0,0,0,0,5,0,,0,unhcr_population,2025-12-31,2026-08-19T14:21:59Z,2026-08-19
HTI,Haiti,2000,7564,19735,0,0,0,5,0,,0,unhcr_population,2025-12-31,2026-08-19T14:21:59Z,2026-08-19
HTI,Haiti,2001,7246,21958,0,0,0,0,0,,0,unhcr_population,2025-12-31,2026-08-19T14:21:59Z,2026-08-19
HTI,Haiti,2002,7722,22185,0,0,0,0,0,,0,unhcr_population,2025-12-31,2026-08-19T14:21:59Z,2026-08-19
HTI,Haiti,2003,7550,18352,0,0,0,0,0,,0,unhcr_population,2025-12-31,2026-08-19T14:21:59Z,2026-08-19
HTI,Haiti,2004,9209,16266,0,0,0,0,0,,0,unhcr_population,2025-12-31,2026-08-19T14:21:59Z,2026-08-19
HTI,Haiti,2005,13538,13515,0,0,0,0,0,,0,unhcr_population,2025-12-31,2026-08-19T14:21:59Z,2026-08-19
HTI,Haiti,2006,20834,10540,0,0,0,0,0,,0,unhcr_population,2025-12-31,2026-08-19T14:21:59Z,2026-08-19
HTI,Haiti,2007,22275,10262,0,0,0,0,0,,0,unhcr_population,2025-12-31,2026-08-19T14:21:59Z,2026-08-19
HTI,Haiti,2008,23059,12668,0,0,0,0,0,,0,unhcr_population,2025-12-31,2026-08-19T14:21:59Z,2026-08-19
HTI,Haiti,2009,24110,11886,0,0,0,7,0,,0,unhcr_population,2025-12-31,2026-08-19T14:21:59Z,2026-08-19
HTI,Haiti,2010,25886,7190,0,0,0,0,0,,0,unhcr_population,2025-12-31,2026-08-19T14:21:59Z,2026-08-19
HTI,Haiti,2011,33652,7463,0,0,0,0,0,,0,unhcr_population,2025-12-31,2026-08-19T14:21:59Z,2026-08-19
HTI,Haiti,2012,38559,2628,0,0,5580,0,0,,0,unhcr_population,2025-12-31,2026-08-19T14:21:59Z,2026-08-19
HTI,Haiti,2013,38644,5156,0,0,12318,0,0,,0,unhcr_population,2025-12-31,2026-08-19T14:21:59Z,2026-08-19
HTI,Haiti,2014,37147,6721,0,0,29238,0,0,,0,unhcr_population,2025-12-31,2026-08-19T14:21:59Z,2026-08-19
HTI,Haiti,2015,34762,9263,0,0,6264,0,0,,0,unhcr_population,2025-12-31,2026-08-19T14:21:59Z,2026-08-19
HTI,Haiti,2016,29671,22454,0,0,22930,0,0,,0,unhcr_population,2025-12-31,2026-08-19T14:21:59Z,2026-08-19
HTI,Haiti,2017,28424,37018,0,0,43871,0,0,,0,unhcr_population,2025-12-31,2026-08-19T14:21:59Z,2026-08-19
HTI,Haiti,2018,27517,40973,0,0,0,0,0,,0,unhcr_population,2025-12-31,2026-08-19T14:21:59Z,2026-08-19
HTI,Haiti,2019,26734,65684,0,0,0,0,0,,0,unhcr_population,2025-12-31,2026-08-19T14:21:59Z,2026-08-19
HTI,Haiti,2020,25649,80225,0,0,130,0,0,,0,unhcr_population,2025-12-31,2026-08-19T14:21:59Z,2026-08-19
HTI,Haiti,2021,29454,135565,0,0,19385,0,0,,0,unhcr_population,2025-12-31,2026-08-19T14:21:59Z,2026-08-19
HTI,Haiti,2022,30307,177978,0,0,31890,0,0,,0,unhcr_population,2025-12-31,2026-08-19T14:21:59Z,2026-08-19
HTI,Haiti,2023,122139,228443,313901,0,37009,0,0,,0,unhcr_population,2025-12-31,2026-08-19T14:21:59Z,2026-08-19
HTI,Haiti,2024,148252,275050,1037463,0,31352,0,0,,0,unhcr_population,2025-12-31,2026-08-19T14:21:59Z,2026-08-19
HTI,Haiti,2025,180702,236318,1430903,0,2262,0,0,,0,unhcr_population,2025-12-31,2026-08-19T14:21:59Z,2026-08-19
HUN,Hungary,1965,3270,0,0,0,0,0,0,,0,unhcr_population,2025-12-31,2026-08-19T14:21:59Z,2026-08-19
HUN,Hungary,1966,3270,0,0,0,0,0,0,,0,unhcr_population,2025-12-31,2026-08-19T14:21:59Z,2026-08-19
HUN,Hungary,1967,3270,0,0,0,0,0,0,,0,unhcr_population,2025-12-31,2026-08-19T14:21:59Z,2026-08-19
HUN,Hungary,1968,3270,0,0,0,0,0,0,,0,unhcr_population,2025-12-31,2026-08-19T14:21:59Z,2026-08-19
HUN,Hungary,1969,3360,0,0,0,0,0,0,,0,unhcr_population,2025-12-31,2026-08-19T14:21:59Z,2026-08-19
HUN,Hungary,1970,3490,0,0,0,0,0,0,,0,unhcr_population,2025-12-31,2026-08-19T14:21:59Z,2026-08-19
HUN,Hungary,1971,220,0,0,0,0,0,0,,0,unhcr_population,2025-12-31,2026-08-19T14:21:59Z,2026-08-19
HUN,Hungary,1972,210,0,0,0,0,0,0,,0,unhcr_population,2025-12-31,2026-08-19T14:21:59Z,2026-08-19
HUN,Hungary,1973,170,0,0,0,0,0,0,,0,unhcr_population,2025-12-31,2026-08-19T14:21:59Z,2026-08-19
HUN,Hungary,1974,150,0,0,0,0,0,0,,0,unhcr_population,2025-12-31,2026-08-19T14:21:59Z,2026-08-19
HUN,Hungary,1975,140,0,0,0,0,0,0,,0,unhcr_population,2025-12-31,2026-08-19T14:21:59Z,2026-08-19
HUN,Hungary,1976,50,0,0,0,0,0,0,,0,unhcr_population,2025-12-31,2026-08-19T14:21:59Z,2026-08-19
HUN,Hungary,1978,120,0,0,0,0,0,0,,0,unhcr_population,2025-12-31,2026-08-19T14:21:59Z,2026-08-19
HUN,Hungary,1980,763,0,0,0,0,0,0,,0,unhcr_population,2025-12-31,2026-08-19T14:21:59Z,2026-08-19
HUN,Hungary,1981,744,0,0,0,0,0,0,,0,unhcr_population,2025-12-31,2026-08-19T14:21:59Z,2026-08-19
HUN,Hungary,1982,728,0,0,0,0,0,0,,0,unhcr_population,2025-12-31,2026-08-19T14:21:59Z,2026-08-19
HUN,Hungary,1983,607,0,0,0,0,0,0,,0,unhcr_population,2025-12-31,2026-08-19T14:21:59Z,2026-08-19
HUN,Hungary,1984,430,0,0,0,0,0,0,,0,unhcr_population,2025-12-31,2026-08-19T14:21:59Z,2026-08-19
HUN,Hungary,1985,435,0,0,0,0,0,0,,0,unhcr_population,2025-12-31,2026-08-19T14:21:59Z,2026-08-19
HUN,Hungary,1986,381,0,0,0,0,0,0,,0,unhcr_population,2025-12-31,2026-08-19T14:21:59Z,2026-08-19
HUN,Hungary,1987,329,0,0,0,0,0,0,,0,unhcr_population,2025-12-31,2026-08-19T14:21:59Z,2026-08-19
HUN,Hungary,1988,3887,0,0,0,0,0,0,,0,unhcr_population,2025-12-31,2026-08-19T14:21:59Z,2026-08-19
HUN,Hungary,1989,4359,0,0,0,0,0,0,,0,unhcr_population,2025-12-31,2026-08-19T14:21:59Z,2026-08-19
HUN,Hungary,1990,5767,0,0,0,0,0,0,,0,unhcr_population,2025-12-31,2026-08-19T14:21:59Z,2026-08-19
HUN,Hungary,1991,4734,0,0,0,0,0,0,,0,unhcr_population,2025-12-31,2026-08-19T14:21:59Z,2026-08-19
HUN,Hungary,1992,3994,0,0,0,0,0,0,,0,unhcr_population,2025-12-31,2026-08-19T14:21:59Z,2026-08-19
HUN,Hungary,1993,5014,0,0,0,0,0,0,,0,unhcr_population,2025-12-31,2026-08-19T14:21:59Z,2026-08-19
HUN,Hungary,1994,4468,0,0,0,0,0,0,,0,unhcr_population,2025-12-31,2026-08-19T14:21:59Z,2026-08-19
HUN,Hungary,1995,2349,0,0,0,0,0,0,,0,unhcr_population,2025-12-31,2026-08-19T14:21:59Z,2026-08-19
HUN,Hungary,1996,3082,0,0,0,0,5,0,,0,unhcr_population,2025-12-31,2026-08-19T14:21:59Z,2026-08-19
HUN,Hungary,1997,2670,0,0,0,0,0,0,,0,unhcr_population,2025-12-31,2026-08-19T14:21:59Z,2026-08-19
HUN,Hungary,1998,1243,0,0,0,0,0,0,,0,unhcr_population,2025-12-31,2026-08-19T14:21:59Z,2026-08-19
HUN,Hungary,1999,797,0,0,0,0,0,0,,0,unhcr_population,2025-12-31,2026-08-19T14:21:59Z,2026-08-19
HUN,Hungary,2000,512,1959,0,0,0,0,0,,0,unhcr_population,2025-12-31,2026-08-19T14:21:59Z,2026-08-19
HUN,Hungary,2001,949,4152,0,0,0,0,0,,0,unhcr_population,2025-12-31,2026-08-19T14:21:59Z,2026-08-19
HUN,Hungary,2002,3515,3119,0,0,0,5,0,,0,unhcr_population,2025-12-31,2026-08-19T14:21:59Z,2026-08-19
HUN,Hungary,2003,3394,1005,0,0,0,0,0,,0,unhcr_population,2025-12-31,2026-08-19T14:21:59Z,2026-08-19
HUN,Hungary,2004,2747,597,0,0,0,0,0,,0,unhcr_population,2025-12-31,2026-08-19T14:21:59Z,2026-08-19
HUN,Hungary,2005,3516,254,0,0,0,0,0,,0,unhcr_population,2025-12-31,2026-08-19T14:21:59Z,2026-08-19
HUN,Hungary,2006,3117,200,0,0,0,0,0,,0,unhcr_population,2025-12-31,2026-08-19T14:21:59Z,2026-08-19
HUN,Hungary,2007,3384,89,0,0,0,0,0,,0,unhcr_population,2025-12-31,2026-08-19T14:21:59Z,2026-08-19
HUN,Hungary,2008,1612,287,0,0,0,0,0,,0,unhcr_population,2025-12-31,2026-08-19T14:21:59Z,2026-08-19
HUN,Hungary,2009,1535,2452,0,0,0,0,0,,0,unhcr_population,2025-12-31,2026-08-19T14:21:59Z,2026-08-19
HUN,Hungary,2010,1435,3548,0,0,0,0,0,,0,unhcr_population,2025-12-31,2026-08-19T14:21:59Z,2026-08-19
HUN,Hungary,2011,1234,6006,0,0,0,0,0,,0,unhcr_population,2025-12-31,2026-08-19T14:21:59Z,2026-08-19
HUN,Hungary,2012,1085,3731,0,0,0,0,0,,0,unhcr_population,2025-12-31,2026-08-19T14:21:59Z,2026-08-19
HUN,Hungary,2013,1218,1956,0,0,5,0,0,,0,unhcr_population,2025-12-31,2026-08-19T14:21:59Z,2026-08-19
HUN,Hungary,2014,1264,337,0,0,5,0,0,,0,unhcr_population,2025-12-31,2026-08-19T14:21:59Z,2026-08-19
HUN,Hungary,2015,1447,703,0,0,5,0,0,,0,unhcr_population,2025-12-31,2026-08-19T14:21:59Z,2026-08-19
HUN,Hungary,2016,2909,1661,0,0,5,0,0,,0,unhcr_population,2025-12-31,2026-08-19T14:21:59Z,2026-08-19
HUN,Hungary,2017,3336,1656,0,0,5,0,0,,0,unhcr_population,2025-12-31,2026-08-19T14:21:59Z,2026-08-19
HUN,Hungary,2018,3927,804,0,0,0,0,0,,0,unhcr_population,2025-12-31,2026-08-19T14:21:59Z,2026-08-19
HUN,Hungary,2019,4007,671,0,0,5,0,0,,0,unhcr_population,2025-12-31,2026-08-19T14:21:59Z,2026-08-19
HUN,Hungary,2020,4617,602,0,0,0,0,0,,0,unhcr_population,2025-12-31,2026-08-19T14:21:59Z,2026-08-19
HUN,Hungary,2021,4653,608,0,0,0,0,0,,0,unhcr_population,2025-12-31,2026-08-19T14:21:59Z,2026-08-19
HUN,Hungary,2022,1953,1327,0,0,0,0,0,,0,unhcr_population,2025-12-31,2026-08-19T14:21:59Z,2026-08-19
HUN,Hungary,2023,2147,1249,0,0,0,0,0,,0,unhcr_population,2025-12-31,2026-08-19T14:21:59Z,2026-08-19
HUN,Hungary,2024,1984,1586,0,0,0,0,0,,0,unhcr_population,2025-12-31,2026-08-19T14:21:59Z,2026-08-19
HUN,Hungary,2025,2055,899,0,0,0,0,0,,0,unhcr_population,2025-12-31,2026-08-19T14:21:59Z,2026-08-19
IDN,Indonesia,1978,1000,0,0,0,0,0,0,,0,unhcr_population,2025-12-31,2026-08-19T14:21:59Z,2026-08-19
IDN,Indonesia,1979,1000,0,0,0,0,0,0,,0,unhcr_population,2025-12-31,2026-08-19T14:21:59Z,2026-08-19
IDN,Indonesia,1980,1000,0,0,0,0,0,0,,0,unhcr_population,2025-12-31,2026-08-19T14:21:59Z,2026-08-19
IDN,Indonesia,1981,150,0,0,0,0,0,0,,0,unhcr_population,2025-12-31,2026-08-19T14:21:59Z,2026-08-19
IDN,Indonesia,1982,2200,0,0,0,0,0,0,,0,unhcr_population,2025-12-31,2026-08-19T14:21:59Z,2026-08-19
IDN,Indonesia,1983,1230,0,0,0,0,850,0,,0,unhcr_population,2025-12-31,2026-08-19T14:21:59Z,2026-08-19
IDN,Indonesia,1984,11020,0,0,0,0,110,0,,0,unhcr_population,2025-12-31,2026-08-19T14:21:59Z,2026-08-19
IDN,Indonesia,1985,11800,0,0,0,0,70,0,,0,unhcr_population,2025-12-31,2026-08-19T14:21:59Z,2026-08-19
IDN,Indonesia,1986,11340,0,0,0,0,1130,0,,0,unhcr_population,2025-12-31,2026-08-19T14:21:59Z,2026-08-19
IDN,Indonesia,1987,9680,0,0,0,0,1330,0,,0,unhcr_population,2025-12-31,2026-08-19T14:21:59Z,2026-08-19
IDN,Indonesia,1988,9301,0,0,0,0,450,0,,0,unhcr_population,2025-12-31,2026-08-19T14:21:59Z,2026-08-19
IDN,Indonesia,1989,7775,0,0,0,0,80,0,,0,unhcr_population,2025-12-31,2026-08-19T14:21:59Z,2026-08-19
IDN,Indonesia,1990,7168,0,0,0,0,990,0,,0,unhcr_population,2025-12-31,2026-08-19T14:21:59Z,2026-08-19
IDN,Indonesia,1991,6164,0,0,0,0,540,0,,0,unhcr_population,2025-12-31,2026-08-19T14:21:59Z,2026-08-19
IDN,Indonesia,1992,6829,0,0,0,0,0,0,,0,unhcr_population,2025-12-31,2026-08-19T14:21:59Z,2026-08-19
IDN,Indonesia,1993,7925,0,0,0,0,232,0,,0,unhcr_population,2025-12-31,2026-08-19T14:21:59Z,2026-08-19
IDN,Indonesia,1994,8727,0,0,0,0,186,0,,0,unhcr_population,2025-12-31,2026-08-19T14:21:59Z,2026-08-19
IDN,Indonesia,1995,9836,0,0,0,0,0,0,,0,unhcr_population,2025-12-31,2026-08-19T14:21:59Z,2026-08-19
IDN,Indonesia,1996,11365,0,0,0,0,25,0,,0,unhcr_population,2025-12-31,2026-08-19T14:21:59Z,2026-08-19
IDN,Indonesia,1997,8800,0,0,0,0,0,0,,0,unhcr_population,2025-12-31,2026-08-19T14:21:59Z,2026-08-19
IDN,Indonesia,1998,9054,0,0,0,0,0,0,,0,unhcr_population,2025-12-31,2026-08-19T14:21:59Z,2026-08-19
IDN,Indonesia,1999,9023,0,0,0,0,10,0,,0,unhcr_population,2025-12-31,2026-08-19T14:21:59Z,2026-08-19
IDN,Indonesia,2000,9152,3618,0,0,0,802,0,,0,unhcr_population,2025-12-31,2026-08-19T14:21:59Z,2026-08-19
IDN,Indonesia,2001,8972,4600,0,0,0,0,0,,0,unhcr_population,2025-12-31,2026-08-19T14:21:59Z,2026-08-19
IDN,Indonesia,2002,9907,5316,0,0,0,0,0,,0,unhcr_population,2025-12-31,2026-08-19T14:21:59Z,2026-08-19
IDN,Indonesia,2003,16240,7518,0,0,16176,0,0,,0,unhcr_population,2025-12-31,2026-08-19T14:21:59Z,2026-08-19
IDN,Indonesia,2004,27919,5771,0,0,16176,0,0,,0,unhcr_population,2025-12-31,2026-08-19T14:21:59Z,2026-08-19
IDN,Indonesia,2005,34383,4492,0,0,224,135,0,,0,unhcr_population,2025-12-31,2026-08-19T14:21:59Z,2026-08-19
IDN,Indonesia,2006,34722,3267,0,0,0,0,0,,0,unhcr_population,2025-12-31,2026-08-19T14:21:59Z,2026-08-19
IDN,Indonesia,2007,20549,2353,0,0,0,0,0,,0,unhcr_population,2025-12-31,2026-08-19T14:21:59Z,2026-08-19
IDN,Indonesia,2008,19339,2221,0,0,0,0,0,,0,unhcr_population,2025-12-31,2026-08-19T14:21:59Z,2026-08-19
IDN,Indonesia,2009,18207,2002,0,0,0,311,0,,0,unhcr_population,2025-12-31,2026-08-19T14:21:59Z,2026-08-19
IDN,Indonesia,2010,16882,451,0,0,0,0,0,,0,unhcr_population,2025-12-31,2026-08-19T14:21:59Z,2026-08-19
IDN,Indonesia,2011,16069,376,0,0,0,0,0,,0,unhcr_population,2025-12-31,2026-08-19T14:21:59Z,2026-08-19
IDN,Indonesia,2012,15514,498,0,0,0,35,0,,0,unhcr_population,2025-12-31,2026-08-19T14:21:59Z,2026-08-19
IDN,Indonesia,2013,14775,1117,0,0,0,0,0,,0,unhcr_population,2025-12-31,2026-08-19T14:21:59Z,2026-08-19
IDN,Indonesia,2014,14393,1765,0,0,0,0,0,,0,unhcr_population,2025-12-31,2026-08-19T14:21:59Z,2026-08-19
IDN,Indonesia,2015,13947,2637,0,0,0,0,0,,0,unhcr_population,2025-12-31,2026-08-19T14:21:59Z,2026-08-19
IDN,Indonesia,2016,13056,3581,0,0,0,0,0,,0,unhcr_population,2025-12-31,2026-08-19T14:21:59Z,2026-08-19
IDN,Indonesia,2017,12485,5384,0,0,0,0,0,,0,unhcr_population,2025-12-31,2026-08-19T14:21:59Z,2026-08-19
IDN,Indonesia,2018,12148,3395,0,0,0,0,0,,0,unhcr_population,2025-12-31,2026-08-19T14:21:59Z,2026-08-19
IDN,Indonesia,2019,12039,4323,0,0,0,0,0,,0,unhcr_population,2025-12-31,2026-08-19T14:21:59Z,2026-08-19
IDN,Indonesia,2020,13029,4940,0,0,170,0,0,,0,unhcr_population,2025-12-31,2026-08-19T14:21:59Z,2026-08-19
IDN,Indonesia,2021,13962,5872,0,0,276,0,0,,0,unhcr_population,2025-12-31,2026-08-19T14:21:59Z,2026-08-19
IDN,Indonesia,2022,11761,10017,0,0,1143,0,0,,0,unhcr_population,2025-12-31,2026-08-19T14:21:59Z,2026-08-19
IDN,Indonesia,2023,11756,13311,0,0,990,5,0,,0,unhcr_population,2025-12-31,2026-08-19T14:21:59Z,2026-08-19
IDN,Indonesia,2024,9172,18198,0,0,1104,0,0,,0,unhcr_population,2025-12-31,2026-08-19T14:21:59Z,2026-08-19
IDN,Indonesia,2025,9215,8205,0,0,1137,0,0,,0,unhcr_population,2025-12-31,2026-08-19T14:21:59Z,2026-08-19
IND,India,1971,0,0,0,0,0,2034310,0,,0,unhcr_population,2025-12-31,2026-08-19T14:21:59Z,2026-08-19
IND,India,1972,0,0,0,0,0,9799410,0,,0,unhcr_population,2025-12-31,2026-08-19T14:21:59Z,2026-08-19
IND,India,1988,10,0,0,0,0,0,0,,0,unhcr_population,2025-12-31,2026-08-19T14:21:59Z,2026-08-19
IND,India,1989,13,0,0,0,0,0,0,,0,unhcr_population,2025-12-31,2026-08-19T14:21:59Z,2026-08-19
IND,India,1990,197,0,0,0,0,0,0,,0,unhcr_population,2025-12-31,2026-08-19T14:21:59Z,2026-08-19
IND,India,1991,406,0,0,0,0,0,0,,0,unhcr_population,2025-12-31,2026-08-19T14:21:59Z,2026-08-19
IND,India,1992,1021,0,0,0,0,0,0,,0,unhcr_population,2025-12-31,2026-08-19T14:21:59Z,2026-08-19
IND,India,1993,1491,0,0,0,0,0,0,,0,unhcr_population,2025-12-31,2026-08-19T14:21:59Z,2026-08-19
IND,India,1994,3266,0,0,0,0,0,0,,0,unhcr_population,2025-12-31,2026-08-19T14:21:59Z,2026-08-19
IND,India,1995,5011,0,0,0,0,0,0,,0,unhcr_population,2025-12-31,2026-08-19T14:21:59Z,2026-08-19
IND,India,1996,7546,0,0,0,0,0,0,,0,unhcr_population,2025-12-31,2026-08-19T14:21:59Z,2026-08-19
IND,India,1997,8918,0,0,0,0,0,0,,0,unhcr_population,2025-12-31,2026-08-19T14:21:59Z,2026-08-19
IND,India,1998,9663,0,0,0,5,0,0,,0,unhcr_population,2025-12-31,2026-08-19T14:21:59Z,2026-08-19
IND,India,1999,9846,0,0,0,0,0,0,,0,unhcr_population,2025-12-31,2026-08-19T14:21:59Z,2026-08-19
IND,India,2000,11397,9786,0,0,0,19,0,,0,unhcr_population,2025-12-31,2026-08-19T14:21:59Z,2026-08-19
IND,India,2001,11560,9748,0,0,0,0,0,,0,unhcr_population,2025-12-31,2026-08-19T14:21:59Z,2026-08-19
IND,India,2002,14349,11060,0,0,0,0,0,,0,unhcr_population,2025-12-31,2026-08-19T14:21:59Z,2026-08-19
IND,India,2003,13703,11456,0,0,0,0,0,,0,unhcr_population,2025-12-31,2026-08-19T14:21:59Z,2026-08-19
IND,India,2004,13335,11708,0,0,0,0,0,,0,unhcr_population,2025-12-31,2026-08-19T14:21:59Z,2026-08-19
IND,India,2005,16275,12169,0,0,0,0,0,,0,unhcr_population,2025-12-31,2026-08-19T14:21:59Z,2026-08-19
IND,India,2006,17797,6745,0,0,0,0,0,,0,unhcr_population,2025-12-31,2026-08-19T14:21:59Z,2026-08-19
IND,India,2007,20455,7077,0,0,0,0,0,,0,unhcr_population,2025-12-31,2026-08-19T14:21:59Z,2026-08-19
IND,India,2008,19551,6867,0,0,0,0,0,,0,unhcr_population,2025-12-31,2026-08-19T14:21:59Z,2026-08-19
IND,India,2009,19496,4709,0,0,0,0,0,,0,unhcr_population,2025-12-31,2026-08-19T14:21:59Z,2026-08-19
IND,India,2010,17766,3856,0,0,428,0,0,,0,unhcr_population,2025-12-31,2026-08-19T14:21:59Z,2026-08-19
IND,India,2011,16226,4347,0,0,413,0,0,,0,unhcr_population,2025-12-31,2026-08-19T14:21:59Z,2026-08-19
IND,India,2012,14245,6654,0,0,446,0,0,,0,unhcr_population,2025-12-31,2026-08-19T14:21:59Z,2026-08-19
IND,India,2013,11032,12471,0,0,411,0,0,,0,unhcr_population,2025-12-31,2026-08-19T14:21:59Z,2026-08-19
IND,India,2014,10431,16698,0,0,381,0,0,,0,unhcr_population,2025-12-31,2026-08-19T14:21:59Z,2026-08-19
IND,India,2015,9882,24874,0,0,378,0,0,,0,unhcr_population,2025-12-31,2026-08-19T14:21:59Z,2026-08-19
IND,India,2016,7288,27939,0,0,264,0,0,,0,unhcr_population,2025-12-31,2026-08-19T14:21:59Z,2026-08-19
IND,India,2017,7926,40356,0,0,235,0,0,,0,unhcr_population,2025-12-31,2026-08-19T14:21:59Z,2026-08-19
IND,India,2018,9586,51802,0,0,214,0,0,,0,unhcr_population,2025-12-31,2026-08-19T14:21:59Z,2026-08-19
IND,India,2019,11787,65965,0,0,294,0,0,,0,unhcr_population,2025-12-31,2026-08-19T14:21:59Z,2026-08-19
IND,India,2020,12398,69959,0,0,269,0,0,,0,unhcr_population,2025-12-31,2026-08-19T14:21:59Z,2026-08-19
IND,India,2021,14230,78360,0,0,255,0,0,,0,unhcr_population,2025-12-31,2026-08-19T14:21:59Z,2026-08-19
IND,India,2022,20828,100389,0,0,496,0,0,,0,unhcr_population,2025-12-31,2026-08-19T14:21:59Z,2026-08-19
IND,India,2023,25319,142607,0,0,240,0,0,,0,unhcr_population,2025-12-31,2026-08-19T14:21:59Z,2026-08-19
IND,India,2024,39303,202933,0,0,255,8,0,,0,unhcr_population,2025-12-31,2026-08-19T14:21:59Z,2026-08-19
IND,India,2025,42610,181121,0,0,1226,9,0,,0,unhcr_population,2025-12-31,2026-08-19T14:21:59Z,2026-08-19
IRL,Ireland,1994,5,0,0,0,0,0,0,,0,unhcr_population,2025-12-31,2026-08-19T14:21:59Z,2026-08-19
IRL,Ireland,2000,5,0,0,0,0,0,0,,0,unhcr_population,2025-12-31,2026-08-19T14:21:59Z,2026-08-19
IRL,Ireland,2001,5,0,0,0,0,0,0,,0,unhcr_population,2025-12-31,2026-08-19T14:21:59Z,2026-08-19
IRL,Ireland,2002,5,0,0,0,0,0,0,,0,unhcr_population,2025-12-31,2026-08-19T14:21:59Z,2026-08-19
IRL,Ireland,2003,6,10,0,0,0,0,0,,0,unhcr_population,2025-12-31,2026-08-19T14:21:59Z,2026-08-19
IRL,Ireland,2004,5,5,0,0,0,0,0,,0,unhcr_population,2025-12-31,2026-08-19T14:21:59Z,2026-08-19
IRL,Ireland,2005,23,0,0,0,0,0,0,,0,unhcr_population,2025-12-31,2026-08-19T14:21:59Z,2026-08-19
IRL,Ireland,2006,5,0,0,0,0,0,0,,0,unhcr_population,2025-12-31,2026-08-19T14:21:59Z,2026-08-19
IRL,Ireland,2007,9,0,0,0,0,0,0,,0,unhcr_population,2025-12-31,2026-08-19T14:21:59Z,2026-08-19
IRL,Ireland,2008,7,0,0,0,0,0,0,,0,unhcr_population,2025-12-31,2026-08-19T14:21:59Z,2026-08-19
IRL,Ireland,2009,7,5,0,0,0,0,0,,0,unhcr_population,2025-12-31,2026-08-19T14:21:59Z,2026-08-19
IRL,Ireland,2010,7,0,0,0,0,0,0,,0,unhcr_population,2025-12-31,2026-08-19T14:21:59Z,2026-08-19
IRL,Ireland,2011,7,5,0,0,0,0,0,,0,unhcr_population,2025-12-31,2026-08-19T14:21:59Z,2026-08-19
IRL,Ireland,2012,7,10,0,0,0,0,0,,0,unhcr_population,2025-12-31,2026-08-19T14:21:59Z,2026-08-19
IRL,Ireland,2013,7,32,0,0,0,0,0,,0,unhcr_population,2025-12-31,2026-08-19T14:21:59Z,2026-08-19
IRL,Ireland,2014,7,82,0,0,0,0,0,,0,unhcr_population,2025-12-31,2026-08-19T14:21:59Z,2026-08-19
IRL,Ireland,2015,5,36,0,0,0,0,0,,0,unhcr_population,2025-12-31,2026-08-19T14:21:59Z,2026-08-19
IRL,Ireland,2016,0,42,0,0,0,0,0,,0,unhcr_population,2025-12-31,2026-08-19T14:21:59Z,2026-08-19
IRL,Ireland,2017,0,52,0,0,0,0,0,,0,unhcr_population,2025-12-31,2026-08-19T14:21:59Z,2026-08-19
IRL,Ireland,2018,0,59,0,0,0,0,0,,0,unhcr_population,2025-12-31,2026-08-19T14:21:59Z,2026-08-19
IRL,Ireland,2019,0,90,0,0,0,0,0,,0,unhcr_population,2025-12-31,2026-08-19T14:21:59Z,2026-08-19
IRL,Ireland,2020,0,94,0,0,0,0,0,,0,unhcr_population,2025-12-31,2026-08-19T14:21:59Z,2026-08-19
IRL,Ireland,2021,5,141,0,0,0,0,0,,0,unhcr_population,2025-12-31,2026-08-19T14:21:59Z,2026-08-19
IRL,Ireland,2022,13,189,0,0,0,0,0,,0,unhcr_population,2025-12-31,2026-08-19T14:21:59Z,2026-08-19
IRL,Ireland,2023,0,219,0,0,0,0,0,,0,unhcr_population,2025-12-31,2026-08-19T14:21:59Z,2026-08-19
IRL,Ireland,2024,68,405,0,0,0,0,0,,0,unhcr_population,2025-12-31,2026-08-19T14:21:59Z,2026-08-19
IRL,Ireland,2025,69,330,0,0,0,0,0,,0,unhcr_population,2025-12-31,2026-08-19T14:21:59Z,2026-08-19
IRN,Iran (Islamic Rep. of),1980,48,0,0,0,0,0,0,,0,unhcr_population,2025-12-31,2026-08-19T14:21:59Z,2026-08-19
IRN,Iran (Islamic Rep. of),1981,803,0,0,0,0,0,0,,0,unhcr_population,2025-12-31,2026-08-19T14:21:59Z,2026-08-19
IRN,Iran (Islamic Rep. of),1982,2480,0,0,0,0,110,0,,0,unhcr_population,2025-12-31,2026-08-19T14:21:59Z,2026-08-19
IRN,Iran (Islamic Rep. of),1983,5577,0,0,0,0,460,0,,0,unhcr_population,2025-12-31,2026-08-19T14:21:59Z,2026-08-19
IRN,Iran (Islamic Rep. of),1984,5244,0,0,0,0,270,0,,0,unhcr_population,2025-12-31,2026-08-19T14:21:59Z,2026-08-19
IRN,Iran (Islamic Rep. of),1985,88245,0,0,0,0,2800,0,,0,unhcr_population,2025-12-31,2026-08-19T14:21:59Z,2026-08-19
IRN,Iran (Islamic Rep. of),1986,87921,0,0,0,0,280,0,,0,unhcr_population,2025-12-31,2026-08-19T14:21:59Z,2026-08-19
IRN,Iran (Islamic Rep. of),1987,10992,0,0,0,0,100,0,,0,unhcr_population,2025-12-31,2026-08-19T14:21:59Z,2026-08-19
IRN,Iran (Islamic Rep. of),1988,58259,0,0,0,0,1100,0,,0,unhcr_population,2025-12-31,2026-08-19T14:21:59Z,2026-08-19
IRN,Iran (Islamic Rep. of),1989,52798,0,0,0,0,860,0,,0,unhcr_population,2025-12-31,2026-08-19T14:21:59Z,2026-08-19
IRN,Iran (Islamic Rep. of),1990,75889,0,0,0,0,320,0,,0,unhcr_population,2025-12-31,2026-08-19T14:21:59Z,2026-08-19
IRN,Iran (Islamic Rep. of),1991,130366,0,0,0,0,380,0,,0,unhcr_population,2025-12-31,2026-08-19T14:21:59Z,2026-08-19
IRN,Iran (Islamic Rep. of),1992,128781,0,0,0,0,2677,0,,0,unhcr_population,2025-12-31,2026-08-19T14:21:59Z,2026-08-19
IRN,Iran (Islamic Rep. of),1993,115516,0,0,0,0,68,0,,0,unhcr_population,2025-12-31,2026-08-19T14:21:59Z,2026-08-19
IRN,Iran (Islamic Rep. of),1994,121288,0,0,0,0,62,0,,0,unhcr_population,2025-12-31,2026-08-19T14:21:59Z,2026-08-19
IRN,Iran (Islamic Rep. of),1995,112360,0,0,0,0,25,0,,0,unhcr_population,2025-12-31,2026-08-19T14:21:59Z,2026-08-19
IRN,Iran (Islamic Rep. of),1996,104122,0,0,0,0,3498,0,,0,unhcr_population,2025-12-31,2026-08-19T14:21:59Z,2026-08-19
IRN,Iran (Islamic Rep. of),1997,93986,0,0,0,0,0,0,,0,unhcr_population,2025-12-31,2026-08-19T14:21:59Z,2026-08-19
IRN,Iran (Islamic Rep. of),1998,89967,0,0,0,59,0,0,,0,unhcr_population,2025-12-31,2026-08-19T14:21:59Z,2026-08-19
IRN,Iran (Islamic Rep. of),1999,86845,0,0,0,0,5,0,,0,unhcr_population,2025-12-31,2026-08-19T14:21:59Z,2026-08-19
IRN,Iran (Islamic Rep. of),2000,88266,20622,0,0,0,57,0,,0,unhcr_population,2025-12-31,2026-08-19T14:21:59Z,2026-08-19
IRN,Iran (Islamic Rep. of),2001,92490,14138,0,0,0,11,0,,0,unhcr_population,2025-12-31,2026-08-19T14:21:59Z,2026-08-19
IRN,Iran (Islamic Rep. of),2002,138362,13180,0,0,0,1196,0,,0,unhcr_population,2025-12-31,2026-08-19T14:21:59Z,2026-08-19
IRN,Iran (Islamic Rep. of),2003,122530,11359,0,0,0,3850,0,,0,unhcr_population,2025-12-31,2026-08-19T14:21:59Z,2026-08-19
IRN,Iran (Islamic Rep. of),2004,115171,9519,0,0,0,697,0,,0,unhcr_population,2025-12-31,2026-08-19T14:21:59Z,2026-08-19
IRN,Iran (Islamic Rep. of),2005,99430,12879,0,0,0,65,0,,0,unhcr_population,2025-12-31,2026-08-19T14:21:59Z,2026-08-19
IRN,Iran (Islamic Rep. of),2006,102479,13707,0,0,0,103,0,,0,unhcr_population,2025-12-31,2026-08-19T14:21:59Z,2026-08-19
IRN,Iran (Islamic Rep. of),2007,68398,10374,0,0,0,9,0,,0,unhcr_population,2025-12-31,2026-08-19T14:21:59Z,2026-08-19
IRN,Iran (Islamic Rep. of),2008,69051,11148,0,0,0,94,0,,0,unhcr_population,2025-12-31,2026-08-19T14:21:59Z,2026-08-19
IRN,Iran (Islamic Rep. of),2009,72771,13734,0,0,0,0,0,,0,unhcr_population,2025-12-31,2026-08-19T14:21:59Z,2026-08-19
IRN,Iran (Islamic Rep. of),2010,68785,16055,0,0,0,21,0,,0,unhcr_population,2025-12-31,2026-08-19T14:21:59Z,2026-08-19
IRN,Iran (Islamic Rep. of),2011,72366,18450,0,0,0,0,0,,0,unhcr_population,2025-12-31,2026-08-19T14:21:59Z,2026-08-19
IRN,Iran (Islamic Rep. of),2012,75932,24043,0,0,0,5,0,,0,unhcr_population,2025-12-31,2026-08-19T14:21:59Z,2026-08-19
IRN,Iran (Islamic Rep. of),2013,75061,28780,0,0,28,0,0,,0,unhcr_population,2025-12-31,2026-08-19T14:21:59Z,2026-08-19
IRN,Iran (Islamic Rep. of),2014,82202,34884,0,0,25,11,0,,0,unhcr_population,2025-12-31,2026-08-19T14:21:59Z,2026-08-19
IRN,Iran (Islamic Rep. of),2015,84950,57081,0,0,8,10,0,,0,unhcr_population,2025-12-31,2026-08-19T14:21:59Z,2026-08-19
IRN,Iran (Islamic Rep. of),2016,94102,87535,0,0,273,11,0,,0,unhcr_population,2025-12-31,2026-08-19T14:21:59Z,2026-08-19
IRN,Iran (Islamic Rep. of),2017,118639,75079,0,0,2729,5,0,,0,unhcr_population,2025-12-31,2026-08-19T14:21:59Z,2026-08-19
IRN,Iran (Islamic Rep. of),2018,129941,87367,0,0,87,8,0,,0,unhcr_population,2025-12-31,2026-08-19T14:21:59Z,2026-08-19
IRN,Iran (Islamic Rep. of),2019,128998,86093,0,0,405,5,0,,0,unhcr_population,2025-12-31,2026-08-19T14:21:59Z,2026-08-19
IRN,Iran (Islamic Rep. of),2020,135018,77229,0,0,532,5,0,,0,unhcr_population,2025-12-31,2026-08-19T14:21:59Z,2026-08-19
IRN,Iran (Islamic Rep. of),2021,142994,68940,0,0,287,0,0,,0,unhcr_population,2025-12-31,2026-08-19T14:21:59Z,2026-08-19
IRN,Iran (Islamic Rep. of),2022,122764,69237,0,0,58,6,0,,0,unhcr_population,2025-12-31,2026-08-19T14:21:59Z,2026-08-19
IRN,Iran (Islamic Rep. of),2023,151757,63959,0,0,79,24,0,,0,unhcr_population,2025-12-31,2026-08-19T14:21:59Z,2026-08-19
IRN,Iran (Islamic Rep. of),2024,158171,61176,0,0,88,12,0,,0,unhcr_population,2025-12-31,2026-08-19T14:21:59Z,2026-08-19
IRN,Iran (Islamic Rep. of),2025,157912,49263,0,0,1003,60,0,,0,unhcr_population,2025-12-31,2026-08-19T14:21:59Z,2026-08-19
IRQ,Iraq,1968,2700,0,0,0,0,0,0,,0,unhcr_population,2025-12-31,2026-08-19T14:21:59Z,2026-08-19
IRQ,Iraq,1969,2700,0,0,0,0,0,0,,0,unhcr_population,2025-12-31,2026-08-19T14:21:59Z,2026-08-19
IRQ,Iraq,1978,560,0,0,0,0,0,0,,0,unhcr_population,2025-12-31,2026-08-19T14:21:59Z,2026-08-19
IRQ,Iraq,1979,31000,0,0,0,0,0,0,,0,unhcr_population,2025-12-31,2026-08-19T14:21:59Z,2026-08-19
IRQ,Iraq,1980,31098,0,0,0,0,0,0,,0,unhcr_population,2025-12-31,2026-08-19T14:21:59Z,2026-08-19
IRQ,Iraq,1981,66589,0,0,0,0,0,0,,0,unhcr_population,2025-12-31,2026-08-19T14:21:59Z,2026-08-19
IRQ,Iraq,1982,103766,0,0,0,0,0,0,,0,unhcr_population,2025-12-31,2026-08-19T14:21:59Z,2026-08-19
IRQ,Iraq,1983,103721,0,0,0,0,0,0,,0,unhcr_population,2025-12-31,2026-08-19T14:21:59Z,2026-08-19
IRQ,Iraq,1984,101724,0,0,0,0,0,0,,0,unhcr_population,2025-12-31,2026-08-19T14:21:59Z,2026-08-19
IRQ,Iraq,1985,401503,0,0,0,0,90,0,,0,unhcr_population,2025-12-31,2026-08-19T14:21:59Z,2026-08-19
IRQ,Iraq,1986,400745,0,0,0,0,0,0,,0,unhcr_population,2025-12-31,2026-08-19T14:21:59Z,2026-08-19
IRQ,Iraq,1987,410818,0,0,0,0,0,0,,0,unhcr_population,2025-12-31,2026-08-19T14:21:59Z,2026-08-19
IRQ,Iraq,1988,508468,0,0,0,0,44000,0,,0,unhcr_population,2025-12-31,2026-08-19T14:21:59Z,2026-08-19
IRQ,Iraq,1989,507986,0,0,0,0,280,0,,0,unhcr_population,2025-12-31,2026-08-19T14:21:59Z,2026-08-19
IRQ,Iraq,1990,1133805,0,0,0,0,190,0,,0,unhcr_population,2025-12-31,2026-08-19T14:21:59Z,2026-08-19
IRQ,Iraq,1991,1321853,0,0,0,0,1336810,0,,0,unhcr_population,2025-12-31,2026-08-19T14:21:59Z,2026-08-19
IRQ,Iraq,1992,1343824,0,0,0,0,17800,0,,0,unhcr_population,2025-12-31,2026-08-19T14:21:59Z,2026-08-19
IRQ,Iraq,1993,771074,0,0,0,0,11,0,,0,unhcr_population,2025-12-31,2026-08-19T14:21:59Z,2026-08-19
IRQ,Iraq,1994,749833,0,0,0,0,3653,0,,0,unhcr_population,2025-12-31,2026-08-19T14:21:59Z,2026-08-19
IRQ,Iraq,1995,718717,0,0,0,0,18029,0,,0,unhcr_population,2025-12-31,2026-08-19T14:21:59Z,2026-08-19
IRQ,Iraq,1996,714727,0,32000,0,0,81544,0,,0,unhcr_population,2025-12-31,2026-08-19T14:21:59Z,2026-08-19
IRQ,Iraq,1997,707342,0,35055,0,43000,10438,0,,0,unhcr_population,2025-12-31,2026-08-19T14:21:59Z,2026-08-19
IRQ,Iraq,1998,675030,0,0,0,15047,12064,0,,0,unhcr_population,2025-12-31,2026-08-19T14:21:59Z,2026-08-19
IRQ,Iraq,1999,642875,0,0,0,16621,20732,0,,0,unhcr_population,2025-12-31,2026-08-19T14:21:59Z,2026-08-19
IRQ,Iraq,2000,526165,40630,0,0,13000,3713,0,,0,unhcr_population,2025-12-31,2026-08-19T14:21:59Z,2026-08-19
IRQ,Iraq,2001,530508,34826,0,0,13000,1967,0,,0,unhcr_population,2025-12-31,2026-08-19T14:21:59Z,2026-08-19
IRQ,Iraq,2002,422504,29641,0,0,13000,1255,0,,0,unhcr_population,2025-12-31,2026-08-19T14:21:59Z,2026-08-19
IRQ,Iraq,2003,368577,31591,0,0,18476,55431,0,,0,unhcr_population,2025-12-31,2026-08-19T14:21:59Z,2026-08-19
IRQ,Iraq,2004,311889,30619,0,0,16139,193990,0,,0,unhcr_population,2025-12-31,2026-08-19T14:21:59Z,2026-08-19
IRQ,Iraq,2005,262302,34438,1200000,0,16273,56150,196000,,0,unhcr_population,2025-12-31,2026-08-19T14:21:59Z,2026-08-19
IRQ,Iraq,2006,1450908,47294,1834368,0,16123,20226,150000,,0,unhcr_population,2025-12-31,2026-08-19T14:21:59Z,2026-08-19
IRQ,Iraq,2007,2309246,27667,2385865,0,20,45420,36000,,0,unhcr_population,2025-12-31,2026-08-19T14:21:59Z,2026-08-19
IRQ,Iraq,2008,1903516,25654,2647251,0,7768,25644,195890,,0,unhcr_population,2025-12-31,2026-08-19T14:21:59Z,2026-08-19
IRQ,Iraq,2009,1785215,22372,1552003,0,6704,38033,167740,,0,unhcr_population,2025-12-31,2026-08-19T14:21:59Z,2026-08-19
IRQ,Iraq,2010,1683576,29939,1343568,0,6709,28888,294770,,0,unhcr_population,2025-12-31,2026-08-19T14:21:59Z,2026-08-19
IRQ,Iraq,2011,1428306,24485,1332382,0,7213,67086,193610,,0,unhcr_population,2025-12-31,2026-08-19T14:21:59Z,2026-08-19
IRQ,Iraq,2012,746204,24239,1131810,0,0,82271,218800,,0,unhcr_population,2025-12-31,2026-08-19T14:21:59Z,2026-08-19
IRQ,Iraq,2013,401461,43145,954128,0,17,60880,63270,,0,unhcr_population,2025-12-31,2026-08-19T14:21:59Z,2026-08-19
IRQ,Iraq,2014,369960,103724,3596356,0,3307,10908,19967,,0,unhcr_population,2025-12-31,2026-08-19T14:21:59Z,2026-08-19
IRQ,Iraq,2015,264086,237168,4403287,0,3598,5914,1747,,0,unhcr_population,2025-12-31,2026-08-19T14:21:59Z,2026-08-19
IRQ,Iraq,2016,316056,278367,3604285,0,15778,158,1397016,,0,unhcr_population,2025-12-31,2026-08-19T14:21:59Z,2026-08-19
IRQ,Iraq,2017,362536,272627,2615988,0,11227,862,1546586,,0,unhcr_population,2025-12-31,2026-08-19T14:21:59Z,2026-08-19
IRQ,Iraq,2018,372332,256716,1802832,0,7901,62,944958,,0,unhcr_population,2025-12-31,2026-08-19T14:21:59Z,2026-08-19
IRQ,Iraq,2019,336274,302731,1414632,0,31760,100,431130,,0,unhcr_population,2025-12-31,2026-08-19T14:21:59Z,2026-08-19
IRQ,Iraq,2020,333200,272567,1224108,0,31258,1505,278065,,0,unhcr_population,2025-12-31,2026-08-19T14:21:59Z,2026-08-19
IRQ,Iraq,2021,343899,254454,1186556,0,30456,1079,120678,,0,unhcr_population,2025-12-31,2026-08-19T14:21:59Z,2026-08-19
IRQ,Iraq,2022,287446,228961,1168619,0,28805,370,30138,,0,unhcr_population,2025-12-31,2026-08-19T14:21:59Z,2026-08-19
IRQ,Iraq,2023,329032,192202,1123663,0,2032,154,27288,,0,unhcr_population,2025-12-31,2026-08-19T14:21:59Z,2026-08-19
IRQ,Iraq,2024,305504,151623,1031475,0,19944,171,55974,,0,unhcr_population,2025-12-31,2026-08-19T14:21:59Z,2026-08-19
IRQ,Iraq,2025,270671,96887,997334,0,5828,147,28794,,0,unhcr_population,2025-12-31,2026-08-19T14:21:59Z,2026-08-19
ISL,Iceland,1996,5,0,0,0,0,0,0,,0,unhcr_population,2025-12-31,2026-08-19T14:21:59Z,2026-08-19
ISL,Iceland,1997,5,0,0,0,0,0,0,,0,unhcr_population,2025-12-31,2026-08-19T14:21:59Z,2026-08-19
ISL,Iceland,1998,5,0,0,0,0,0,0,,0,unhcr_population,2025-12-31,2026-08-19T14:21:59Z,2026-08-19
ISL,Iceland,1999,5,0,0,0,0,0,0,,0,unhcr_population,2025-12-31,2026-08-19T14:21:59Z,2026-08-19
ISL,Iceland,2000,5,0,0,0,0,0,0,,0,unhcr_population,2025-12-31,2026-08-19T14:21:59Z,2026-08-19
ISL,Iceland,2002,13,0,0,0,0,0,0,,0,unhcr_population,2025-12-31,2026-08-19T14:21:59Z,2026-08-19
ISL,Iceland,2003,11,5,0,0,0,0,0,,0,unhcr_population,2025-12-31,2026-08-19T14:21:59Z,2026-08-19
ISL,Iceland,2004,8,6,0,0,0,0,0,,0,unhcr_population,2025-12-31,2026-08-19T14:21:59Z,2026-08-19
ISL,Iceland,2005,10,0,0,0,0,0,0,,0,unhcr_population,2025-12-31,2026-08-19T14:21:59Z,2026-08-19
ISL,Iceland,2006,32,0,0,0,0,0,0,,0,unhcr_population,2025-12-31,2026-08-19T14:21:59Z,2026-08-19
ISL,Iceland,2007,10,0,0,0,0,0,0,,0,unhcr_population,2025-12-31,2026-08-19T14:21:59Z,2026-08-19
ISL,Iceland,2008,10,0,0,0,0,0,0,,0,unhcr_population,2025-12-31,2026-08-19T14:21:59Z,2026-08-19
ISL,Iceland,2009,5,0,0,0,0,0,0,,0,unhcr_population,2025-12-31,2026-08-19T14:21:59Z,2026-08-19
ISL,Iceland,2010,5,0,0,0,0,0,0,,0,unhcr_population,2025-12-31,2026-08-19T14:21:59Z,2026-08-19
ISL,Iceland,2013,0,5,0,0,0,0,0,,0,unhcr_population,2025-12-31,2026-08-19T14:21:59Z,2026-08-19
ISL,Iceland,2014,0,5,0,0,0,0,0,,0,unhcr_population,2025-12-31,2026-08-19T14:21:59Z,2026-08-19
ISL,Iceland,2015,0,5,0,0,0,0,0,,0,unhcr_population,2025-12-31,2026-08-19T14:21:59Z,2026-08-19
ISL,Iceland,2016,0,5,0,0,0,0,0,,0,unhcr_population,2025-12-31,2026-08-19T14:21:59Z,2026-08-19
ISL,Iceland,2017,5,0,0,0,0,0,0,,0,unhcr_population,2025-12-31,2026-08-19T14:21:59Z,2026-08-19
ISL,Iceland,2018,5,5,0,0,0,0,0,,0,unhcr_population,2025-12-31,2026-08-19T14:21:59Z,2026-08-19
ISL,Iceland,2019,5,5,0,0,0,0,0,,0,unhcr_population,2025-12-31,2026-08-19T14:21:59Z,2026-08-19
ISL,Iceland,2020,5,0,0,0,0,0,0,,0,unhcr_population,2025-12-31,2026-08-19T14:21:59Z,2026-08-19
ISL,Iceland,2021,5,7,0,0,0,0,0,,0,unhcr_population,2025-12-31,2026-08-19T14:21:59Z,2026-08-19
ISL,Iceland,2022,0,13,0,0,0,0,0,,0,unhcr_population,2025-12-31,2026-08-19T14:21:59Z,2026-08-19
ISL,Iceland,2023,0,5,0,0,0,0,0,,0,unhcr_population,2025-12-31,2026-08-19T14:21:59Z,2026-08-19
ISL,Iceland,2024,0,5,0,0,0,0,0,,0,unhcr_population,2025-12-31,2026-08-19T14:21:59Z,2026-08-19
ISL,Iceland,2025,0,5,0,0,0,0,0,,0,unhcr_population,2025-12-31,2026-08-19T14:21:59Z,2026-08-19
ISR,Israel,1988,5,0,0,0,0,0,0,,0,unhcr_population,2025-12-31,2026-08-19T14:21:59Z,2026-08-19
ISR,Israel,1989,5,0,0,0,0,0,0,,0,unhcr_population,2025-12-31,2026-08-19T14:21:59Z,2026-08-19
ISR,Israel,1990,14,0,0,0,0,0,0,,0,unhcr_population,2025-12-31,2026-08-19T14:21:59Z,2026-08-19
ISR,Israel,1991,28,0,0,0,0,0,0,,0,unhcr_population,2025-12-31,2026-08-19T14:21:59Z,2026-08-19
ISR,Israel,1992,37,0,0,0,0,0,0,,0,unhcr_population,2025-12-31,2026-08-19T14:21:59Z,2026-08-19
ISR,Israel,1993,114,0,0,0,0,0,0,,0,unhcr_population,2025-12-31,2026-08-19T14:21:59Z,2026-08-19
ISR,Israel,1994,888,0,0,0,0,0,0,,0,unhcr_population,2025-12-31,2026-08-19T14:21:59Z,2026-08-19
ISR,Israel,1995,937,0,0,0,0,0,0,,0,unhcr_population,2025-12-31,2026-08-19T14:21:59Z,2026-08-19
ISR,Israel,1996,1121,0,0,0,0,5,0,,0,unhcr_population,2025-12-31,2026-08-19T14:21:59Z,2026-08-19
ISR,Israel,1997,988,0,0,0,0,0,0,,0,unhcr_population,2025-12-31,2026-08-19T14:21:59Z,2026-08-19
ISR,Israel,1998,832,0,0,0,0,0,0,,0,unhcr_population,2025-12-31,2026-08-19T14:21:59Z,2026-08-19
ISR,Israel,1999,473,0,0,0,0,0,0,,0,unhcr_population,2025-12-31,2026-08-19T14:21:59Z,2026-08-19
ISR,Israel,2000,414,362,0,0,0,0,0,,0,unhcr_population,2025-12-31,2026-08-19T14:21:59Z,2026-08-19
ISR,Israel,2001,361,609,0,0,0,0,0,,0,unhcr_population,2025-12-31,2026-08-19T14:21:59Z,2026-08-19
ISR,Israel,2002,561,1023,0,0,0,0,0,,0,unhcr_population,2025-12-31,2026-08-19T14:21:59Z,2026-08-19
ISR,Israel,2003,626,944,0,0,0,0,0,,0,unhcr_population,2025-12-31,2026-08-19T14:21:59Z,2026-08-19
ISR,Israel,2004,669,760,0,0,0,0,0,,0,unhcr_population,2025-12-31,2026-08-19T14:21:59Z,2026-08-19
ISR,Israel,2005,624,620,0,0,0,0,0,,0,unhcr_population,2025-12-31,2026-08-19T14:21:59Z,2026-08-19
ISR,Israel,2006,876,939,0,0,0,0,0,,0,unhcr_population,2025-12-31,2026-08-19T14:21:59Z,2026-08-19
ISR,Israel,2007,1539,946,0,0,0,0,0,,0,unhcr_population,2025-12-31,2026-08-19T14:21:59Z,2026-08-19
ISR,Israel,2008,1486,1037,0,0,0,0,0,,0,unhcr_population,2025-12-31,2026-08-19T14:21:59Z,2026-08-19
ISR,Israel,2009,1298,1054,0,0,0,0,0,,0,unhcr_population,2025-12-31,2026-08-19T14:21:59Z,2026-08-19
ISR,Israel,2010,1290,792,0,0,0,0,0,,0,unhcr_population,2025-12-31,2026-08-19T14:21:59Z,2026-08-19
ISR,Israel,2011,1323,507,0,0,0,0,0,,0,unhcr_population,2025-12-31,2026-08-19T14:21:59Z,2026-08-19
ISR,Israel,2012,1326,416,0,0,0,0,0,,0,unhcr_population,2025-12-31,2026-08-19T14:21:59Z,2026-08-19
ISR,Israel,2013,1026,289,0,0,0,0,0,,0,unhcr_population,2025-12-31,2026-08-19T14:21:59Z,2026-08-19
ISR,Israel,2014,967,282,0,0,0,0,0,,0,unhcr_population,2025-12-31,2026-08-19T14:21:59Z,2026-08-19
ISR,Israel,2015,787,379,0,0,0,0,0,,0,unhcr_population,2025-12-31,2026-08-19T14:21:59Z,2026-08-19
ISR,Israel,2016,487,548,0,0,0,0,0,,0,unhcr_population,2025-12-31,2026-08-19T14:21:59Z,2026-08-19
ISR,Israel,2017,469,691,0,0,0,0,0,,0,unhcr_population,2025-12-31,2026-08-19T14:21:59Z,2026-08-19
ISR,Israel,2018,492,683,0,0,0,0,0,,0,unhcr_population,2025-12-31,2026-08-19T14:21:59Z,2026-08-19
ISR,Israel,2019,452,690,0,0,0,0,0,,0,unhcr_population,2025-12-31,2026-08-19T14:21:59Z,2026-08-19
ISR,Israel,2020,373,663,0,0,0,0,0,,0,unhcr_population,2025-12-31,2026-08-19T14:21:59Z,2026-08-19
ISR,Israel,2021,453,807,0,0,0,0,0,,0,unhcr_population,2025-12-31,2026-08-19T14:21:59Z,2026-08-19
ISR,Israel,2022,902,813,0,0,0,0,0,,0,unhcr_population,2025-12-31,2026-08-19T14:21:59Z,2026-08-19
ISR,Israel,2023,855,1232,0,0,0,0,0,,0,unhcr_population,2025-12-31,2026-08-19T14:21:59Z,2026-08-19
ISR,Israel,2024,1307,1659,0,0,0,6,0,,0,unhcr_population,2025-12-31,2026-08-19T14:21:59Z,2026-08-19
ISR,Israel,2025,1265,897,0,0,5,0,0,,0,unhcr_population,2025-12-31,2026-08-19T14:21:59Z,2026-08-19
ITA,Italy,1994,145,0,0,0,0,0,0,,0,unhcr_population,2025-12-31,2026-08-19T14:21:59Z,2026-08-19
ITA,Italy,1995,120,0,0,0,0,0,0,,0,unhcr_population,2025-12-31,2026-08-19T14:21:59Z,2026-08-19
ITA,Italy,1996,109,0,0,0,0,0,0,,0,unhcr_population,2025-12-31,2026-08-19T14:21:59Z,2026-08-19
ITA,Italy,1997,112,0,0,0,0,0,0,,0,unhcr_population,2025-12-31,2026-08-19T14:21:59Z,2026-08-19
ITA,Italy,1998,76,0,0,0,0,0,0,,0,unhcr_population,2025-12-31,2026-08-19T14:21:59Z,2026-08-19
ITA,Italy,1999,49,0,0,0,0,0,0,,0,unhcr_population,2025-12-31,2026-08-19T14:21:59Z,2026-08-19
ITA,Italy,2000,46,33,0,0,0,0,0,,0,unhcr_population,2025-12-31,2026-08-19T14:21:59Z,2026-08-19
ITA,Italy,2001,36,31,0,0,0,0,0,,0,unhcr_population,2025-12-31,2026-08-19T14:21:59Z,2026-08-19
ITA,Italy,2002,223,36,0,0,0,0,0,,0,unhcr_population,2025-12-31,2026-08-19T14:21:59Z,2026-08-19
ITA,Italy,2003,208,30,0,0,0,0,0,,0,unhcr_population,2025-12-31,2026-08-19T14:21:59Z,2026-08-19
ITA,Italy,2004,192,23,0,0,0,0,0,,0,unhcr_population,2025-12-31,2026-08-19T14:21:59Z,2026-08-19
ITA,Italy,2005,219,20,0,0,0,0,0,,0,unhcr_population,2025-12-31,2026-08-19T14:21:59Z,2026-08-19
ITA,Italy,2006,106,13,0,0,0,0,0,,0,unhcr_population,2025-12-31,2026-08-19T14:21:59Z,2026-08-19
ITA,Italy,2007,84,10,0,0,0,0,0,,0,unhcr_population,2025-12-31,2026-08-19T14:21:59Z,2026-08-19
ITA,Italy,2008,57,30,0,0,0,0,0,,0,unhcr_population,2025-12-31,2026-08-19T14:21:59Z,2026-08-19
ITA,Italy,2009,42,31,0,0,0,0,0,,0,unhcr_population,2025-12-31,2026-08-19T14:21:59Z,2026-08-19
ITA,Italy,2010,45,52,0,0,0,0,0,,0,unhcr_population,2025-12-31,2026-08-19T14:21:59Z,2026-08-19
ITA,Italy,2011,57,32,0,0,0,0,0,,0,unhcr_population,2025-12-31,2026-08-19T14:21:59Z,2026-08-19
ITA,Italy,2012,65,54,0,0,0,0,0,,0,unhcr_population,2025-12-31,2026-08-19T14:21:59Z,2026-08-19
ITA,Italy,2013,64,77,0,0,0,0,0,,0,unhcr_population,2025-12-31,2026-08-19T14:21:59Z,2026-08-19
ITA,Italy,2014,63,110,0,0,0,0,0,,0,unhcr_population,2025-12-31,2026-08-19T14:21:59Z,2026-08-19
ITA,Italy,2015,69,139,0,0,0,0,0,,0,unhcr_population,2025-12-31,2026-08-19T14:21:59Z,2026-08-19
ITA,Italy,2016,49,132,0,0,0,0,0,,0,unhcr_population,2025-12-31,2026-08-19T14:21:59Z,2026-08-19
ITA,Italy,2017,52,282,0,0,0,0,0,,0,unhcr_population,2025-12-31,2026-08-19T14:21:59Z,2026-08-19
ITA,Italy,2018,69,381,0,0,0,0,0,,0,unhcr_population,2025-12-31,2026-08-19T14:21:59Z,2026-08-19
ITA,Italy,2019,76,431,0,0,0,0,0,,0,unhcr_population,2025-12-31,2026-08-19T14:21:59Z,2026-08-19
ITA,Italy,2020,62,471,0,0,0,0,0,,0,unhcr_population,2025-12-31,2026-08-19T14:21:59Z,2026-08-19
ITA,Italy,2021,61,639,0,0,0,0,0,,0,unhcr_population,2025-12-31,2026-08-19T14:21:59Z,2026-08-19
ITA,Italy,2022,151,670,0,0,0,0,0,,0,unhcr_population,2025-12-31,2026-08-19T14:21:59Z,2026-08-19
ITA,Italy,2023,124,1487,0,0,0,0,0,,0,unhcr_population,2025-12-31,2026-08-19T14:21:59Z,2026-08-19
ITA,Italy,2024,263,1857,0,0,0,5,0,,0,unhcr_population,2025-12-31,2026-08-19T14:21:59Z,2026-08-19
ITA,Italy,2025,266,575,0,0,0,0,0,,0,unhcr_population,2025-12-31,2026-08-19T14:21:59Z,2026-08-19
JAM,Jamaica,1993,5,0,0,0,0,0,0,,0,unhcr_population,2025-12-31,2026-08-19T14:21:59Z,2026-08-19
JAM,Jamaica,1994,10,0,0,0,0,0,0,,0,unhcr_population,2025-12-31,2026-08-19T14:21:59Z,2026-08-19
JAM,Jamaica,1995,11,0,0,0,0,0,0,,0,unhcr_population,2025-12-31,2026-08-19T14:21:59Z,2026-08-19
JAM,Jamaica,1996,18,0,0,0,0,0,0,,0,unhcr_population,2025-12-31,2026-08-19T14:21:59Z,2026-08-19
JAM,Jamaica,1997,21,0,0,0,0,0,0,,0,unhcr_population,2025-12-31,2026-08-19T14:21:59Z,2026-08-19
JAM,Jamaica,1998,26,0,0,0,0,0,0,,0,unhcr_population,2025-12-31,2026-08-19T14:21:59Z,2026-08-19
JAM,Jamaica,1999,33,0,0,0,0,0,0,,0,unhcr_population,2025-12-31,2026-08-19T14:21:59Z,2026-08-19
JAM,Jamaica,2000,37,173,0,0,0,0,0,,0,unhcr_population,2025-12-31,2026-08-19T14:21:59Z,2026-08-19
JAM,Jamaica,2001,37,281,0,0,0,0,0,,0,unhcr_population,2025-12-31,2026-08-19T14:21:59Z,2026-08-19
JAM,Jamaica,2002,147,479,0,0,0,0,0,,0,unhcr_population,2025-12-31,2026-08-19T14:21:59Z,2026-08-19
JAM,Jamaica,2003,260,410,0,0,0,0,0,,0,unhcr_population,2025-12-31,2026-08-19T14:21:59Z,2026-08-19
JAM,Jamaica,2004,350,285,0,0,0,0,0,,0,unhcr_population,2025-12-31,2026-08-19T14:21:59Z,2026-08-19
JAM,Jamaica,2005,489,288,0,0,0,0,0,,0,unhcr_population,2025-12-31,2026-08-19T14:21:59Z,2026-08-19
JAM,Jamaica,2006,661,270,0,0,0,0,0,,0,unhcr_population,2025-12-31,2026-08-19T14:21:59Z,2026-08-19
JAM,Jamaica,2007,766,236,0,0,0,0,0,,0,unhcr_population,2025-12-31,2026-08-19T14:21:59Z,2026-08-19
JAM,Jamaica,2008,825,401,0,0,0,0,0,,0,unhcr_population,2025-12-31,2026-08-19T14:21:59Z,2026-08-19
JAM,Jamaica,2009,908,574,0,0,0,0,0,,0,unhcr_population,2025-12-31,2026-08-19T14:21:59Z,2026-08-19
JAM,Jamaica,2010,1055,554,0,0,0,0,0,,0,unhcr_population,2025-12-31,2026-08-19T14:21:59Z,2026-08-19
JAM,Jamaica,2011,1248,579,0,0,0,0,0,,0,unhcr_population,2025-12-31,2026-08-19T14:21:59Z,2026-08-19
JAM,Jamaica,2012,1404,497,0,0,0,0,0,,0,unhcr_population,2025-12-31,2026-08-19T14:21:59Z,2026-08-19
JAM,Jamaica,2013,1501,630,0,0,0,0,0,,0,unhcr_population,2025-12-31,2026-08-19T14:21:59Z,2026-08-19
JAM,Jamaica,2014,1682,597,0,0,0,0,0,,0,unhcr_population,2025-12-31,2026-08-19T14:21:59Z,2026-08-19
JAM,Jamaica,2015,1857,839,0,0,0,0,0,,0,unhcr_population,2025-12-31,2026-08-19T14:21:59Z,2026-08-19
JAM,Jamaica,2016,1998,1134,0,0,0,0,0,,0,unhcr_population,2025-12-31,2026-08-19T14:21:59Z,2026-08-19
JAM,Jamaica,2017,2224,1430,0,0,0,0,0,,0,unhcr_population,2025-12-31,2026-08-19T14:21:59Z,2026-08-19
JAM,Jamaica,2018,2448,1495,0,0,0,0,0,,0,unhcr_population,2025-12-31,2026-08-19T14:21:59Z,2026-08-19
JAM,Jamaica,2019,2529,1798,0,0,0,0,0,,0,unhcr_population,2025-12-31,2026-08-19T14:21:59Z,2026-08-19
JAM,Jamaica,2020,2526,1902,0,0,0,0,0,,0,unhcr_population,2025-12-31,2026-08-19T14:21:59Z,2026-08-19
JAM,Jamaica,2021,2419,2305,0,0,0,0,0,,0,unhcr_population,2025-12-31,2026-08-19T14:21:59Z,2026-08-19
JAM,Jamaica,2022,1858,3345,0,0,0,0,0,,0,unhcr_population,2025-12-31,2026-08-19T14:21:59Z,2026-08-19
JAM,Jamaica,2023,2128,7064,0,0,0,0,0,,0,unhcr_population,2025-12-31,2026-08-19T14:21:59Z,2026-08-19
JAM,Jamaica,2024,2552,9460,0,0,0,0,0,,0,unhcr_population,2025-12-31,2026-08-19T14:21:59Z,2026-08-19
JAM,Jamaica,2025,2642,7541,0,0,0,0,0,,0,unhcr_population,2025-12-31,2026-08-19T14:21:59Z,2026-08-19
JOR,Jordan,1984,5,0,0,0,0,0,0,,0,unhcr_population,2025-12-31,2026-08-19T14:21:59Z,2026-08-19
JOR,Jordan,1985,105,0,0,0,0,0,0,,0,unhcr_population,2025-12-31,2026-08-19T14:21:59Z,2026-08-19
JOR,Jordan,1986,5,0,0,0,0,0,0,,0,unhcr_population,2025-12-31,2026-08-19T14:21:59Z,2026-08-19
JOR,Jordan,1987,5,0,0,0,0,0,0,,0,unhcr_population,2025-12-31,2026-08-19T14:21:59Z,2026-08-19
JOR,Jordan,1988,7,0,0,0,0,0,0,,0,unhcr_population,2025-12-31,2026-08-19T14:21:59Z,2026-08-19
JOR,Jordan,1989,14,0,0,0,0,0,0,,0,unhcr_population,2025-12-31,2026-08-19T14:21:59Z,2026-08-19
JOR,Jordan,1990,56,0,0,0,0,0,0,,0,unhcr_population,2025-12-31,2026-08-19T14:21:59Z,2026-08-19
JOR,Jordan,1991,114,0,0,0,0,0,0,,0,unhcr_population,2025-12-31,2026-08-19T14:21:59Z,2026-08-19
JOR,Jordan,1992,183,0,0,0,0,0,0,,0,unhcr_population,2025-12-31,2026-08-19T14:21:59Z,2026-08-19
JOR,Jordan,1993,239,0,0,0,0,0,0,,0,unhcr_population,2025-12-31,2026-08-19T14:21:59Z,2026-08-19
JOR,Jordan,1994,440,0,0,0,0,0,0,,0,unhcr_population,2025-12-31,2026-08-19T14:21:59Z,2026-08-19
JOR,Jordan,1995,511,0,0,0,0,31,0,,0,unhcr_population,2025-12-31,2026-08-19T14:21:59Z,2026-08-19
JOR,Jordan,1996,707,0,0,0,0,0,0,,0,unhcr_population,2025-12-31,2026-08-19T14:21:59Z,2026-08-19
JOR,Jordan,1997,720,0,0,0,0,0,0,,0,unhcr_population,2025-12-31,2026-08-19T14:21:59Z,2026-08-19
JOR,Jordan,1998,897,0,0,0,0,0,0,,0,unhcr_population,2025-12-31,2026-08-19T14:21:59Z,2026-08-19
JOR,Jordan,1999,970,0,0,0,0,0,0,,0,unhcr_population,2025-12-31,2026-08-19T14:21:59Z,2026-08-19
JOR,Jordan,2000,915,551,0,0,0,34,0,,0,unhcr_population,2025-12-31,2026-08-19T14:21:59Z,2026-08-19
JOR,Jordan,2001,773,557,0,0,0,0,0,,0,unhcr_population,2025-12-31,2026-08-19T14:21:59Z,2026-08-19
JOR,Jordan,2002,1280,723,0,0,0,0,0,,0,unhcr_population,2025-12-31,2026-08-19T14:21:59Z,2026-08-19
JOR,Jordan,2003,1149,717,0,0,0,0,0,,0,unhcr_population,2025-12-31,2026-08-19T14:21:59Z,2026-08-19
JOR,Jordan,2004,1158,703,0,0,0,0,0,,0,unhcr_population,2025-12-31,2026-08-19T14:21:59Z,2026-08-19
JOR,Jordan,2005,1778,663,0,0,0,0,0,,0,unhcr_population,2025-12-31,2026-08-19T14:21:59Z,2026-08-19
JOR,Jordan,2006,1592,758,0,0,0,0,0,,0,unhcr_population,2025-12-31,2026-08-19T14:21:59Z,2026-08-19
JOR,Jordan,2007,1777,730,0,0,0,0,0,,0,unhcr_population,2025-12-31,2026-08-19T14:21:59Z,2026-08-19
JOR,Jordan,2008,1882,743,0,0,0,0,0,,0,unhcr_population,2025-12-31,2026-08-19T14:21:59Z,2026-08-19
JOR,Jordan,2009,2109,757,0,0,0,0,0,,0,unhcr_population,2025-12-31,2026-08-19T14:21:59Z,2026-08-19
JOR,Jordan,2010,2248,610,0,0,0,0,0,,0,unhcr_population,2025-12-31,2026-08-19T14:21:59Z,2026-08-19
JOR,Jordan,2011,2242,532,0,0,0,0,0,,0,unhcr_population,2025-12-31,2026-08-19T14:21:59Z,2026-08-19
JOR,Jordan,2012,2363,622,0,0,0,0,0,,0,unhcr_population,2025-12-31,2026-08-19T14:21:59Z,2026-08-19
JOR,Jordan,2013,1622,927,0,0,74,0,0,,0,unhcr_population,2025-12-31,2026-08-19T14:21:59Z,2026-08-19
JOR,Jordan,2014,1711,1293,0,0,102,0,0,,0,unhcr_population,2025-12-31,2026-08-19T14:21:59Z,2026-08-19
JOR,Jordan,2015,1836,1829,0,0,92,0,0,,0,unhcr_population,2025-12-31,2026-08-19T14:21:59Z,2026-08-19
JOR,Jordan,2016,1919,2433,0,0,131,0,0,,0,unhcr_population,2025-12-31,2026-08-19T14:21:59Z,2026-08-19
JOR,Jordan,2017,2119,3467,0,0,60,0,0,,0,unhcr_population,2025-12-31,2026-08-19T14:21:59Z,2026-08-19
JOR,Jordan,2018,2430,4119,0,0,1431,0,0,,0,unhcr_population,2025-12-31,2026-08-19T14:21:59Z,2026-08-19
JOR,Jordan,2019,2308,4722,0,0,1954,0,0,,0,unhcr_population,2025-12-31,2026-08-19T14:21:59Z,2026-08-19
JOR,Jordan,2020,2486,4984,0,0,836,0,0,,0,unhcr_population,2025-12-31,2026-08-19T14:21:59Z,2026-08-19
JOR,Jordan,2021,2981,5795,0,0,873,0,0,,0,unhcr_population,2025-12-31,2026-08-19T14:21:59Z,2026-08-19
JOR,Jordan,2022,3550,5667,0,0,1293,0,0,,0,unhcr_population,2025-12-31,2026-08-19T14:21:59Z,2026-08-19
JOR,Jordan,2023,3978,8207,0,0,1267,0,0,,0,unhcr_population,2025-12-31,2026-08-19T14:21:59Z,2026-08-19
JOR,Jordan,2024,4990,14273,0,0,1219,0,0,,0,unhcr_population,2025-12-31,2026-08-19T14:21:59Z,2026-08-19
JOR,Jordan,2025,5471,10736,0,0,1107,0,0,,0,unhcr_population,2025-12-31,2026-08-19T14:21:59Z,2026-08-19
JPN,Japan,1994,7,0,0,0,0,0,0,,0,unhcr_population,2025-12-31,2026-08-19T14:21:59Z,2026-08-19
JPN,Japan,1995,5,0,0,0,0,0,0,,0,unhcr_population,2025-12-31,2026-08-19T14:21:59Z,2026-08-19
JPN,Japan,2000,5,11,0,0,0,0,0,,0,unhcr_population,2025-12-31,2026-08-19T14:21:59Z,2026-08-19
JPN,Japan,2001,5,23,0,0,0,0,0,,0,unhcr_population,2025-12-31,2026-08-19T14:21:59Z,2026-08-19
JPN,Japan,2002,14,22,0,0,0,0,0,,0,unhcr_population,2025-12-31,2026-08-19T14:21:59Z,2026-08-19
JPN,Japan,2003,17,27,0,0,0,0,0,,0,unhcr_population,2025-12-31,2026-08-19T14:21:59Z,2026-08-19
JPN,Japan,2004,19,70,0,0,0,0,0,,0,unhcr_population,2025-12-31,2026-08-19T14:21:59Z,2026-08-19
JPN,Japan,2005,10,51,0,0,0,0,0,,0,unhcr_population,2025-12-31,2026-08-19T14:21:59Z,2026-08-19
JPN,Japan,2006,166,32,0,0,0,0,0,,0,unhcr_population,2025-12-31,2026-08-19T14:21:59Z,2026-08-19
JPN,Japan,2007,519,19,0,0,0,0,0,,0,unhcr_population,2025-12-31,2026-08-19T14:21:59Z,2026-08-19
JPN,Japan,2008,183,26,0,0,0,0,0,,0,unhcr_population,2025-12-31,2026-08-19T14:21:59Z,2026-08-19
JPN,Japan,2009,148,28,0,0,0,0,0,,0,unhcr_population,2025-12-31,2026-08-19T14:21:59Z,2026-08-19
JPN,Japan,2010,149,10,0,0,0,0,0,,0,unhcr_population,2025-12-31,2026-08-19T14:21:59Z,2026-08-19
JPN,Japan,2011,176,36,0,0,0,0,0,,0,unhcr_population,2025-12-31,2026-08-19T14:21:59Z,2026-08-19
JPN,Japan,2012,173,37,0,0,0,0,0,,0,unhcr_population,2025-12-31,2026-08-19T14:21:59Z,2026-08-19
JPN,Japan,2013,154,48,0,0,0,0,0,,0,unhcr_population,2025-12-31,2026-08-19T14:21:59Z,2026-08-19
JPN,Japan,2014,257,61,0,0,0,0,0,,0,unhcr_population,2025-12-31,2026-08-19T14:21:59Z,2026-08-19
JPN,Japan,2015,140,68,0,0,0,0,0,,0,unhcr_population,2025-12-31,2026-08-19T14:21:59Z,2026-08-19
JPN,Japan,2016,53,83,0,0,0,0,0,,0,unhcr_population,2025-12-31,2026-08-19T14:21:59Z,2026-08-19
JPN,Japan,2017,44,99,0,0,0,0,0,,0,unhcr_population,2025-12-31,2026-08-19T14:21:59Z,2026-08-19
JPN,Japan,2018,42,114,0,0,0,0,0,,0,unhcr_population,2025-12-31,2026-08-19T14:21:59Z,2026-08-19
JPN,Japan,2019,39,111,0,0,0,0,0,,0,unhcr_population,2025-12-31,2026-08-19T14:21:59Z,2026-08-19
JPN,Japan,2020,40,121,0,0,0,0,0,,0,unhcr_population,2025-12-31,2026-08-19T14:21:59Z,2026-08-19
JPN,Japan,2021,39,134,0,0,0,0,0,,0,unhcr_population,2025-12-31,2026-08-19T14:21:59Z,2026-08-19
JPN,Japan,2022,64,152,0,0,0,0,0,,0,unhcr_population,2025-12-31,2026-08-19T14:21:59Z,2026-08-19
JPN,Japan,2023,48,144,0,0,0,0,0,,0,unhcr_population,2025-12-31,2026-08-19T14:21:59Z,2026-08-19
JPN,Japan,2024,55,165,0,0,0,0,0,,0,unhcr_population,2025-12-31,2026-08-19T14:21:59Z,2026-08-19
JPN,Japan,2025,56,91,0,0,0,0,0,,0,unhcr_population,2025-12-31,2026-08-19T14:21:59Z,2026-08-19
KAZ,Kazakhstan,1994,24,0,0,0,0,0,0,,0,unhcr_population,2025-12-31,2026-08-19T14:21:59Z,2026-08-19
KAZ,Kazakhstan,1995,137,0,0,0,0,0,0,,0,unhcr_population,2025-12-31,2026-08-19T14:21:59Z,2026-08-19
KAZ,Kazakhstan,1996,40163,0,0,0,0,0,0,,0,unhcr_population,2025-12-31,2026-08-19T14:21:59Z,2026-08-19
KAZ,Kazakhstan,1997,40772,0,0,0,0,10000,0,,0,unhcr_population,2025-12-31,2026-08-19T14:21:59Z,2026-08-19
KAZ,Kazakhstan,1998,20458,0,0,0,1188,15477,0,,0,unhcr_population,2025-12-31,2026-08-19T14:21:59Z,2026-08-19
KAZ,Kazakhstan,1999,9059,0,0,0,0,9732,0,,0,unhcr_population,2025-12-31,2026-08-19T14:21:59Z,2026-08-19
KAZ,Kazakhstan,2000,2537,739,0,0,0,0,0,,0,unhcr_population,2025-12-31,2026-08-19T14:21:59Z,2026-08-19
KAZ,Kazakhstan,2001,2803,876,0,0,0,0,0,,0,unhcr_population,2025-12-31,2026-08-19T14:21:59Z,2026-08-19
KAZ,Kazakhstan,2002,6317,922,0,0,0,0,0,,0,unhcr_population,2025-12-31,2026-08-19T14:21:59Z,2026-08-19
KAZ,Kazakhstan,2003,6563,888,0,0,0,0,0,,0,unhcr_population,2025-12-31,2026-08-19T14:21:59Z,2026-08-19
KAZ,Kazakhstan,2004,6124,656,0,0,0,0,0,,0,unhcr_population,2025-12-31,2026-08-19T14:21:59Z,2026-08-19
KAZ,Kazakhstan,2005,4321,605,0,0,0,0,0,,0,unhcr_population,2025-12-31,2026-08-19T14:21:59Z,2026-08-19
KAZ,Kazakhstan,2006,7374,656,0,0,0,0,0,,0,unhcr_population,2025-12-31,2026-08-19T14:21:59Z,2026-08-19
KAZ,Kazakhstan,2007,5232,527,0,0,0,0,0,,0,unhcr_population,2025-12-31,2026-08-19T14:21:59Z,2026-08-19
KAZ,Kazakhstan,2008,4825,579,0,0,0,0,0,,0,unhcr_population,2025-12-31,2026-08-19T14:21:59Z,2026-08-19
KAZ,Kazakhstan,2009,3741,603,0,0,0,0,0,,0,unhcr_population,2025-12-31,2026-08-19T14:21:59Z,2026-08-19
KAZ,Kazakhstan,2010,3631,749,0,0,0,0,0,,0,unhcr_population,2025-12-31,2026-08-19T14:21:59Z,2026-08-19
KAZ,Kazakhstan,2011,3497,747,0,0,0,0,0,,0,unhcr_population,2025-12-31,2026-08-19T14:21:59Z,2026-08-19
KAZ,Kazakhstan,2012,3567,926,0,0,0,0,0,,0,unhcr_population,2025-12-31,2026-08-19T14:21:59Z,2026-08-19
KAZ,Kazakhstan,2013,2114,1147,0,0,0,0,0,,0,unhcr_population,2025-12-31,2026-08-19T14:21:59Z,2026-08-19
KAZ,Kazakhstan,2014,2219,1147,0,0,0,0,0,,0,unhcr_population,2025-12-31,2026-08-19T14:21:59Z,2026-08-19
KAZ,Kazakhstan,2015,2263,1565,0,0,0,0,0,,0,unhcr_population,2025-12-31,2026-08-19T14:21:59Z,2026-08-19
KAZ,Kazakhstan,2016,2366,2225,0,0,0,0,0,,0,unhcr_population,2025-12-31,2026-08-19T14:21:59Z,2026-08-19
KAZ,Kazakhstan,2017,2406,3514,0,0,0,0,0,,0,unhcr_population,2025-12-31,2026-08-19T14:21:59Z,2026-08-19
KAZ,Kazakhstan,2018,2520,5833,0,0,0,0,0,,0,unhcr_population,2025-12-31,2026-08-19T14:21:59Z,2026-08-19
KAZ,Kazakhstan,2019,2757,6982,0,0,0,0,0,,0,unhcr_population,2025-12-31,2026-08-19T14:21:59Z,2026-08-19
KAZ,Kazakhstan,2020,2741,5978,0,0,0,0,0,,0,unhcr_population,2025-12-31,2026-08-19T14:21:59Z,2026-08-19
KAZ,Kazakhstan,2021,3198,5925,0,0,0,0,0,,0,unhcr_population,2025-12-31,2026-08-19T14:21:59Z,2026-08-19
KAZ,Kazakhstan,2022,3666,8182,0,0,0,5,0,,0,unhcr_population,2025-12-31,2026-08-19T14:21:59Z,2026-08-19
KAZ,Kazakhstan,2023,3795,11277,0,0,0,0,0,,0,unhcr_population,2025-12-31,2026-08-19T14:21:59Z,2026-08-19
KAZ,Kazakhstan,2024,4119,12388,0,0,0,0,0,,0,unhcr_population,2025-12-31,2026-08-19T14:21:59Z,2026-08-19
KAZ,Kazakhstan,2025,4144,6611,0,0,10,5,0,,0,unhcr_population,2025-12-31,2026-08-19T14:21:59Z,2026-08-19
KEN,Kenya,1975,90,0,0,0,0,0,0,,0,unhcr_population,2025-12-31,2026-08-19T14:21:59Z,2026-08-19
KEN,Kenya,1977,1200,0,0,0,0,0,0,,0,unhcr_population,2025-12-31,2026-08-19T14:21:59Z,2026-08-19
KEN,Kenya,1978,80,0,0,0,0,0,0,,0,unhcr_population,2025-12-31,2026-08-19T14:21:59Z,2026-08-19
KEN,Kenya,1979,80,0,0,0,0,0,0,,0,unhcr_population,2025-12-31,2026-08-19T14:21:59Z,2026-08-19
KEN,Kenya,1990,7,0,0,0,0,0,0,,0,unhcr_population,2025-12-31,2026-08-19T14:21:59Z,2026-08-19
KEN,Kenya,1991,31,0,0,0,0,0,0,,0,unhcr_population,2025-12-31,2026-08-19T14:21:59Z,2026-08-19
KEN,Kenya,1992,61,0,0,0,0,5,0,,0,unhcr_population,2025-12-31,2026-08-19T14:21:59Z,2026-08-19
KEN,Kenya,1993,83,0,0,0,0,0,0,,0,unhcr_population,2025-12-31,2026-08-19T14:21:59Z,2026-08-19
KEN,Kenya,1994,8772,0,0,0,0,0,0,,0,unhcr_population,2025-12-31,2026-08-19T14:21:59Z,2026-08-19
KEN,Kenya,1995,9320,0,0,0,0,5,0,,0,unhcr_population,2025-12-31,2026-08-19T14:21:59Z,2026-08-19
KEN,Kenya,1996,9390,0,0,0,0,0,0,,0,unhcr_population,2025-12-31,2026-08-19T14:21:59Z,2026-08-19
KEN,Kenya,1997,9563,0,0,0,0,13,0,,0,unhcr_population,2025-12-31,2026-08-19T14:21:59Z,2026-08-19
KEN,Kenya,1998,6037,0,0,0,0,10,0,,0,unhcr_population,2025-12-31,2026-08-19T14:21:59Z,2026-08-19
KEN,Kenya,1999,6131,0,0,0,0,0,0,,0,unhcr_population,2025-12-31,2026-08-19T14:21:59Z,2026-08-19
KEN,Kenya,2000,2367,861,0,0,0,4871,0,,0,unhcr_population,2025-12-31,2026-08-19T14:21:59Z,2026-08-19
KEN,Kenya,2001,2551,713,0,0,0,0,0,,0,unhcr_population,2025-12-31,2026-08-19T14:21:59Z,2026-08-19
KEN,Kenya,2002,3089,10177,0,0,0,0,0,,0,unhcr_population,2025-12-31,2026-08-19T14:21:59Z,2026-08-19
KEN,Kenya,2003,3159,10867,0,0,0,104,0,,0,unhcr_population,2025-12-31,2026-08-19T14:21:59Z,2026-08-19
KEN,Kenya,2004,3842,11209,0,0,0,0,0,,0,unhcr_population,2025-12-31,2026-08-19T14:21:59Z,2026-08-19
KEN,Kenya,2005,4638,11431,0,0,0,0,0,,0,unhcr_population,2025-12-31,2026-08-19T14:21:59Z,2026-08-19
KEN,Kenya,2006,5356,1075,0,0,0,0,0,,0,unhcr_population,2025-12-31,2026-08-19T14:21:59Z,2026-08-19
KEN,Kenya,2007,7544,1717,0,0,0,0,0,,0,unhcr_population,2025-12-31,2026-08-19T14:21:59Z,2026-08-19
KEN,Kenya,2008,9682,2197,404000,0,0,725,346000,,0,unhcr_population,2025-12-31,2026-08-19T14:21:59Z,2026-08-19
KEN,Kenya,2009,9609,2975,399000,0,0,454,5000,,0,unhcr_population,2025-12-31,2026-08-19T14:21:59Z,2026-08-19
KEN,Kenya,2010,8585,1649,300000,0,0,324,0,,0,unhcr_population,2025-12-31,2026-08-19T14:21:59Z,2026-08-19
KEN,Kenya,2011,8731,1590,300000,0,0,69,0,,0,unhcr_population,2025-12-31,2026-08-19T14:21:59Z,2026-08-19
KEN,Kenya,2012,8946,1544,412000,0,0,0,0,,0,unhcr_population,2025-12-31,2026-08-19T14:21:59Z,2026-08-19
KEN,Kenya,2013,8580,2192,0,0,0,0,0,,0,unhcr_population,2025-12-31,2026-08-19T14:21:59Z,2026-08-19
KEN,Kenya,2014,8546,2925,0,0,0,0,0,,0,unhcr_population,2025-12-31,2026-08-19T14:21:59Z,2026-08-19
KEN,Kenya,2015,7902,3258,0,0,12,1231,0,,0,unhcr_population,2025-12-31,2026-08-19T14:21:59Z,2026-08-19
KEN,Kenya,2016,7526,3556,0,0,20,0,0,,0,unhcr_population,2025-12-31,2026-08-19T14:21:59Z,2026-08-19
KEN,Kenya,2017,7567,5714,0,0,12,0,0,,0,unhcr_population,2025-12-31,2026-08-19T14:21:59Z,2026-08-19
KEN,Kenya,2018,7480,7287,0,0,0,0,0,,0,unhcr_population,2025-12-31,2026-08-19T14:21:59Z,2026-08-19
KEN,Kenya,2019,7705,7879,0,0,5,0,0,,0,unhcr_population,2025-12-31,2026-08-19T14:21:59Z,2026-08-19
KEN,Kenya,2020,7422,8959,0,0,0,0,0,,44000,unhcr_population,2025-12-31,2026-08-19T14:21:59Z,2026-08-19
KEN,Kenya,2021,7529,9727,0,0,5,5,0,,154150,unhcr_population,2025-12-31,2026-08-19T14:21:59Z,2026-08-19
KEN,Kenya,2022,7595,10209,0,0,5,0,0,,401356,unhcr_population,2025-12-31,2026-08-19T14:21:59Z,2026-08-19
KEN,Kenya,2023,8004,15941,0,0,10,0,0,,401356,unhcr_population,2025-12-31,2026-08-19T14:21:59Z,2026-08-19
KEN,Kenya,2024,11696,19107,0,0,23,5,0,,401356,unhcr_population,2025-12-31,2026-08-19T14:21:59Z,2026-08-19
KEN,Kenya,2025,13325,7773,0,0,0,0,0,,401356,unhcr_population,2025-12-31,2026-08-19T14:21:59Z,2026-08-19
KGZ,Kyrgyzstan,1994,13,0,0,0,0,0,0,,0,unhcr_population,2025-12-31,2026-08-19T14:21:59Z,2026-08-19
KGZ,Kyrgyzstan,1995,20,0,0,0,0,0,0,,0,unhcr_population,2025-12-31,2026-08-19T14:21:59Z,2026-08-19
KGZ,Kyrgyzstan,1996,17118,0,0,0,0,0,0,,0,unhcr_population,2025-12-31,2026-08-19T14:21:59Z,2026-08-19
KGZ,Kyrgyzstan,1997,16321,0,0,0,0,0,0,,0,unhcr_population,2025-12-31,2026-08-19T14:21:59Z,2026-08-19
KGZ,Kyrgyzstan,1998,7450,0,0,0,245,1150,0,,0,unhcr_population,2025-12-31,2026-08-19T14:21:59Z,2026-08-19
KGZ,Kyrgyzstan,1999,4003,0,5569,0,0,0,0,,0,unhcr_population,2025-12-31,2026-08-19T14:21:59Z,2026-08-19
KGZ,Kyrgyzstan,2000,747,322,0,0,0,0,5569,,0,unhcr_population,2025-12-31,2026-08-19T14:21:59Z,2026-08-19
KGZ,Kyrgyzstan,2001,687,393,0,0,0,0,0,,0,unhcr_population,2025-12-31,2026-08-19T14:21:59Z,2026-08-19
KGZ,Kyrgyzstan,2002,2952,538,0,0,0,0,0,,0,unhcr_population,2025-12-31,2026-08-19T14:21:59Z,2026-08-19
KGZ,Kyrgyzstan,2003,3142,616,0,0,0,0,0,,0,unhcr_population,2025-12-31,2026-08-19T14:21:59Z,2026-08-19
KGZ,Kyrgyzstan,2004,3286,474,0,0,0,0,0,,0,unhcr_population,2025-12-31,2026-08-19T14:21:59Z,2026-08-19
KGZ,Kyrgyzstan,2005,3127,362,0,0,0,0,0,,0,unhcr_population,2025-12-31,2026-08-19T14:21:59Z,2026-08-19
KGZ,Kyrgyzstan,2006,2493,583,0,0,0,0,0,,0,unhcr_population,2025-12-31,2026-08-19T14:21:59Z,2026-08-19
KGZ,Kyrgyzstan,2007,2257,444,0,0,0,0,0,,0,unhcr_population,2025-12-31,2026-08-19T14:21:59Z,2026-08-19
KGZ,Kyrgyzstan,2008,2526,407,0,0,0,0,0,,0,unhcr_population,2025-12-31,2026-08-19T14:21:59Z,2026-08-19
KGZ,Kyrgyzstan,2009,2611,427,0,0,0,0,0,,0,unhcr_population,2025-12-31,2026-08-19T14:21:59Z,2026-08-19
KGZ,Kyrgyzstan,2010,2748,1560,80000,0,0,0,200000,,0,unhcr_population,2025-12-31,2026-08-19T14:21:59Z,2026-08-19
KGZ,Kyrgyzstan,2011,3163,1561,163900,0,0,0,8100,,0,unhcr_population,2025-12-31,2026-08-19T14:21:59Z,2026-08-19
KGZ,Kyrgyzstan,2012,3490,1196,168600,0,0,0,3400,,0,unhcr_population,2025-12-31,2026-08-19T14:21:59Z,2026-08-19
KGZ,Kyrgyzstan,2013,2299,1289,0,0,0,0,0,,0,unhcr_population,2025-12-31,2026-08-19T14:21:59Z,2026-08-19
KGZ,Kyrgyzstan,2014,2449,1834,0,0,0,0,0,,0,unhcr_population,2025-12-31,2026-08-19T14:21:59Z,2026-08-19
KGZ,Kyrgyzstan,2015,2498,2263,0,0,0,0,0,,0,unhcr_population,2025-12-31,2026-08-19T14:21:59Z,2026-08-19
KGZ,Kyrgyzstan,2016,2571,2368,0,0,0,0,0,,0,unhcr_population,2025-12-31,2026-08-19T14:21:59Z,2026-08-19
KGZ,Kyrgyzstan,2017,2771,2570,0,0,0,0,0,,0,unhcr_population,2025-12-31,2026-08-19T14:21:59Z,2026-08-19
KGZ,Kyrgyzstan,2018,2934,2721,0,0,0,0,0,,0,unhcr_population,2025-12-31,2026-08-19T14:21:59Z,2026-08-19
KGZ,Kyrgyzstan,2019,2963,2593,0,0,0,0,0,,0,unhcr_population,2025-12-31,2026-08-19T14:21:59Z,2026-08-19
KGZ,Kyrgyzstan,2020,2883,2695,0,0,0,0,0,,0,unhcr_population,2025-12-31,2026-08-19T14:21:59Z,2026-08-19
KGZ,Kyrgyzstan,2021,3035,2785,0,0,0,0,0,,0,unhcr_population,2025-12-31,2026-08-19T14:21:59Z,2026-08-19
KGZ,Kyrgyzstan,2022,3297,4412,0,0,0,0,0,,0,unhcr_population,2025-12-31,2026-08-19T14:21:59Z,2026-08-19
KGZ,Kyrgyzstan,2023,3324,8041,0,0,0,0,0,,0,unhcr_population,2025-12-31,2026-08-19T14:21:59Z,2026-08-19
KGZ,Kyrgyzstan,2024,3400,11350,0,0,0,5,0,,0,unhcr_population,2025-12-31,2026-08-19T14:21:59Z,2026-08-19
KGZ,Kyrgyzstan,2025,3337,8072,0,0,0,5,0,,0,unhcr_population,2025-12-31,2026-08-19T14:21:59Z,2026-08-19
KHM,Cambodia,1971,57000,0,0,0,0,0,0,,0,unhcr_population,2025-12-31,2026-08-19T14:21:59Z,2026-08-19
KHM,Cambodia,1972,55000,0,0,0,0,0,0,,0,unhcr_population,2025-12-31,2026-08-19T14:21:59Z,2026-08-19
KHM,Cambodia,1973,35000,0,0,0,0,0,0,,0,unhcr_population,2025-12-31,2026-08-19T14:21:59Z,2026-08-19
KHM,Cambodia,1975,18830,0,0,0,0,80,0,,0,unhcr_population,2025-12-31,2026-08-19T14:21:59Z,2026-08-19
KHM,Cambodia,1976,17200,0,0,0,0,0,0,,0,unhcr_population,2025-12-31,2026-08-19T14:21:59Z,2026-08-19
KHM,Cambodia,1977,76710,0,0,0,0,0,0,,0,unhcr_population,2025-12-31,2026-08-19T14:21:59Z,2026-08-19
KHM,Cambodia,1978,165120,0,0,0,0,0,0,,0,unhcr_population,2025-12-31,2026-08-19T14:21:59Z,2026-08-19
KHM,Cambodia,1979,51100,0,0,0,0,120000,0,,0,unhcr_population,2025-12-31,2026-08-19T14:21:59Z,2026-08-19
KHM,Cambodia,1980,192843,0,0,0,0,194940,0,,0,unhcr_population,2025-12-31,2026-08-19T14:21:59Z,2026-08-19
KHM,Cambodia,1981,135077,0,0,0,0,10500,0,,0,unhcr_population,2025-12-31,2026-08-19T14:21:59Z,2026-08-19
KHM,Cambodia,1982,123398,0,0,0,0,0,0,,0,unhcr_population,2025-12-31,2026-08-19T14:21:59Z,2026-08-19
KHM,Cambodia,1983,91115,0,0,0,0,2240,0,,0,unhcr_population,2025-12-31,2026-08-19T14:21:59Z,2026-08-19
KHM,Cambodia,1984,72468,0,0,0,0,0,0,,0,unhcr_population,2025-12-31,2026-08-19T14:21:59Z,2026-08-19
KHM,Cambodia,1985,67518,0,0,0,0,75680,0,,0,unhcr_population,2025-12-31,2026-08-19T14:21:59Z,2026-08-19
KHM,Cambodia,1986,54848,0,0,0,0,0,0,,0,unhcr_population,2025-12-31,2026-08-19T14:21:59Z,2026-08-19
KHM,Cambodia,1987,48589,0,0,0,0,8000,0,,0,unhcr_population,2025-12-31,2026-08-19T14:21:59Z,2026-08-19
KHM,Cambodia,1988,97758,0,0,0,0,360,0,,0,unhcr_population,2025-12-31,2026-08-19T14:21:59Z,2026-08-19
KHM,Cambodia,1989,75725,0,0,0,0,670,0,,0,unhcr_population,2025-12-31,2026-08-19T14:21:59Z,2026-08-19
KHM,Cambodia,1990,54364,0,0,0,0,0,0,,0,unhcr_population,2025-12-31,2026-08-19T14:21:59Z,2026-08-19
KHM,Cambodia,1991,43166,0,0,0,0,70,0,,0,unhcr_population,2025-12-31,2026-08-19T14:21:59Z,2026-08-19
KHM,Cambodia,1992,28849,0,0,0,0,8850,0,,0,unhcr_population,2025-12-31,2026-08-19T14:21:59Z,2026-08-19
KHM,Cambodia,1993,9751,0,0,0,0,5217,0,,0,unhcr_population,2025-12-31,2026-08-19T14:21:59Z,2026-08-19
KHM,Cambodia,1994,8536,0,124100,0,0,40,0,,0,unhcr_population,2025-12-31,2026-08-19T14:21:59Z,2026-08-19
KHM,Cambodia,1995,61224,0,49700,0,0,153,0,,0,unhcr_population,2025-12-31,2026-08-19T14:21:59Z,2026-08-19
KHM,Cambodia,1996,62240,0,29406,0,0,366,0,,0,unhcr_population,2025-12-31,2026-08-19T14:21:59Z,2026-08-19
KHM,Cambodia,1997,103239,0,0,0,0,3373,37899,,0,unhcr_population,2025-12-31,2026-08-19T14:21:59Z,2026-08-19
KHM,Cambodia,1998,76575,0,0,0,0,7148,0,,0,unhcr_population,2025-12-31,2026-08-19T14:21:59Z,2026-08-19
KHM,Cambodia,1999,38318,0,0,0,0,36164,0,,0,unhcr_population,2025-12-31,2026-08-19T14:21:59Z,2026-08-19
KHM,Cambodia,2000,36851,301,0,0,0,0,0,,0,unhcr_population,2025-12-31,2026-08-19T14:21:59Z,2026-08-19
KHM,Cambodia,2001,34756,304,0,0,0,0,0,,0,unhcr_population,2025-12-31,2026-08-19T14:21:59Z,2026-08-19
KHM,Cambodia,2002,33451,465,0,0,0,0,0,,0,unhcr_population,2025-12-31,2026-08-19T14:21:59Z,2026-08-19
KHM,Cambodia,2003,31404,461,0,0,0,0,0,,0,unhcr_population,2025-12-31,2026-08-19T14:21:59Z,2026-08-19
KHM,Cambodia,2004,18109,501,0,0,0,0,0,,0,unhcr_population,2025-12-31,2026-08-19T14:21:59Z,2026-08-19
KHM,Cambodia,2005,17804,856,0,0,5,0,0,,0,unhcr_population,2025-12-31,2026-08-19T14:21:59Z,2026-08-19
KHM,Cambodia,2006,17963,668,0,0,0,10,0,,0,unhcr_population,2025-12-31,2026-08-19T14:21:59Z,2026-08-19
KHM,Cambodia,2007,17700,415,0,0,0,0,0,,0,unhcr_population,2025-12-31,2026-08-19T14:21:59Z,2026-08-19
KHM,Cambodia,2008,17250,212,0,0,0,0,0,,0,unhcr_population,2025-12-31,2026-08-19T14:21:59Z,2026-08-19
KHM,Cambodia,2009,17022,220,0,0,0,0,0,,0,unhcr_population,2025-12-31,2026-08-19T14:21:59Z,2026-08-19
KHM,Cambodia,2010,16308,137,0,0,0,0,0,,0,unhcr_population,2025-12-31,2026-08-19T14:21:59Z,2026-08-19
KHM,Cambodia,2011,15201,182,0,0,0,0,0,,0,unhcr_population,2025-12-31,2026-08-19T14:21:59Z,2026-08-19
KHM,Cambodia,2012,14016,214,0,0,0,0,0,,0,unhcr_population,2025-12-31,2026-08-19T14:21:59Z,2026-08-19
KHM,Cambodia,2013,13738,231,0,0,0,0,0,,0,unhcr_population,2025-12-31,2026-08-19T14:21:59Z,2026-08-19
KHM,Cambodia,2014,13066,257,0,0,0,0,0,,0,unhcr_population,2025-12-31,2026-08-19T14:21:59Z,2026-08-19
KHM,Cambodia,2015,12802,372,0,0,0,0,0,,0,unhcr_population,2025-12-31,2026-08-19T14:21:59Z,2026-08-19
KHM,Cambodia,2016,12428,380,0,0,0,0,0,,0,unhcr_population,2025-12-31,2026-08-19T14:21:59Z,2026-08-19
KHM,Cambodia,2017,12238,1578,0,0,0,0,0,,0,unhcr_population,2025-12-31,2026-08-19T14:21:59Z,2026-08-19
KHM,Cambodia,2018,12139,749,0,0,0,0,0,,0,unhcr_population,2025-12-31,2026-08-19T14:21:59Z,2026-08-19
KHM,Cambodia,2019,11986,846,0,0,0,0,0,,0,unhcr_population,2025-12-31,2026-08-19T14:21:59Z,2026-08-19
KHM,Cambodia,2020,11862,916,0,0,0,0,0,,0,unhcr_population,2025-12-31,2026-08-19T14:21:59Z,2026-08-19
KHM,Cambodia,2021,12072,893,0,0,0,0,0,,0,unhcr_population,2025-12-31,2026-08-19T14:21:59Z,2026-08-19
KHM,Cambodia,2022,11700,978,0,0,0,0,0,,0,unhcr_population,2025-12-31,2026-08-19T14:21:59Z,2026-08-19
KHM,Cambodia,2023,11624,959,0,0,0,0,0,,0,unhcr_population,2025-12-31,2026-08-19T14:21:59Z,2026-08-19
KHM,Cambodia,2024,11474,1521,0,0,0,0,0,,0,unhcr_population,2025-12-31,2026-08-19T14:21:59Z,2026-08-19
KHM,Cambodia,2025,11332,1646,517555,0,0,0,131608,,0,unhcr_population,2025-12-31,2026-08-19T14:21:59Z,2026-08-19
KIR,Kiribati,2003,15,0,0,0,0,0,0,,0,unhcr_population,2025-12-31,2026-08-19T14:21:59Z,2026-08-19
KIR,Kiribati,2004,31,0,0,0,0,0,0,,0,unhcr_population,2025-12-31,2026-08-19T14:21:59Z,2026-08-19
KIR,Kiribati,2005,31,5,0,0,0,0,0,,0,unhcr_population,2025-12-31,2026-08-19T14:21:59Z,2026-08-19
KIR,Kiribati,2006,39,5,0,0,0,0,0,,0,unhcr_population,2025-12-31,2026-08-19T14:21:59Z,2026-08-19
KIR,Kiribati,2007,36,0,0,0,0,0,0,,0,unhcr_population,2025-12-31,2026-08-19T14:21:59Z,2026-08-19
KIR,Kiribati,2008,36,0,0,0,0,0,0,,0,unhcr_population,2025-12-31,2026-08-19T14:21:59Z,2026-08-19
KIR,Kiribati,2009,31,0,0,0,0,0,0,,0,unhcr_population,2025-12-31,2026-08-19T14:21:59Z,2026-08-19
KIR,Kiribati,2010,31,0,0,0,0,0,0,,0,unhcr_population,2025-12-31,2026-08-19T14:21:59Z,2026-08-19
KIR,Kiribati,2011,31,5,0,0,0,0,0,,0,unhcr_population,2025-12-31,2026-08-19T14:21:59Z,2026-08-19
KIR,Kiribati,2012,34,10,0,0,0,0,0,,0,unhcr_population,2025-12-31,2026-08-19T14:21:59Z,2026-08-19
KIR,Kiribati,2013,21,0,0,0,0,0,0,,0,unhcr_population,2025-12-31,2026-08-19T14:21:59Z,2026-08-19
KIR,Kiribati,2014,5,0,0,0,0,0,0,,0,unhcr_population,2025-12-31,2026-08-19T14:21:59Z,2026-08-19
KIR,Kiribati,2015,0,5,0,0,0,0,0,,0,unhcr_population,2025-12-31,2026-08-19T14:21:59Z,2026-08-19
KIR,Kiribati,2021,0,5,0,0,0,0,0,,0,unhcr_population,2025-12-31,2026-08-19T14:21:59Z,2026-08-19
KIR,Kiribati,2022,0,30,0,0,0,0,0,,0,unhcr_population,2025-12-31,2026-08-19T14:21:59Z,2026-08-19
KIR,Kiribati,2023,0,27,0,0,0,0,0,,0,unhcr_population,2025-12-31,2026-08-19T14:21:59Z,2026-08-19
KIR,Kiribati,2024,5,53,0,0,0,0,0,,0,unhcr_population,2025-12-31,2026-08-19T14:21:59Z,2026-08-19
KIR,Kiribati,2025,5,52,0,0,0,0,0,,0,unhcr_population,2025-12-31,2026-08-19T14:21:59Z,2026-08-19
KNA,Saint Kitts and Nevis,2000,0,5,0,0,0,0,0,,0,unhcr_population,2025-12-31,2026-08-19T14:21:59Z,2026-08-19
KNA,Saint Kitts and Nevis,2002,0,5,0,0,0,0,0,,0,unhcr_population,2025-12-31,2026-08-19T14:21:59Z,2026-08-19
KNA,Saint Kitts and Nevis,2003,0,5,0,0,0,0,0,,0,unhcr_population,2025-12-31,2026-08-19T14:21:59Z,2026-08-19
KNA,Saint Kitts and Nevis,2005,31,0,0,0,0,0,0,,0,unhcr_population,2025-12-31,2026-08-19T14:21:59Z,2026-08-19
KNA,Saint Kitts and Nevis,2006,0,5,0,0,0,0,0,,0,unhcr_population,2025-12-31,2026-08-19T14:21:59Z,2026-08-19
KNA,Saint Kitts and Nevis,2007,0,8,0,0,0,0,0,,0,unhcr_population,2025-12-31,2026-08-19T14:21:59Z,2026-08-19
KNA,Saint Kitts and Nevis,2008,0,8,0,0,0,0,0,,0,unhcr_population,2025-12-31,2026-08-19T14:21:59Z,2026-08-19
KNA,Saint Kitts and Nevis,2009,0,11,0,0,0,0,0,,0,unhcr_population,2025-12-31,2026-08-19T14:21:59Z,2026-08-19
KNA,Saint Kitts and Nevis,2010,10,12,0,0,0,0,0,,0,unhcr_population,2025-12-31,2026-08-19T14:21:59Z,2026-08-19
KNA,Saint Kitts and Nevis,2011,7,14,0,0,0,0,0,,0,unhcr_population,2025-12-31,2026-08-19T14:21:59Z,2026-08-19
KNA,Saint Kitts and Nevis,2012,10,20,0,0,0,0,0,,0,unhcr_population,2025-12-31,2026-08-19T14:21:59Z,2026-08-19
KNA,Saint Kitts and Nevis,2013,12,21,0,0,0,0,0,,0,unhcr_population,2025-12-31,2026-08-19T14:21:59Z,2026-08-19
KNA,Saint Kitts and Nevis,2014,20,7,0,0,0,0,0,,0,unhcr_population,2025-12-31,2026-08-19T14:21:59Z,2026-08-19
KNA,Saint Kitts and Nevis,2015,25,20,0,0,0,0,0,,0,unhcr_population,2025-12-31,2026-08-19T14:21:59Z,2026-08-19
KNA,Saint Kitts and Nevis,2016,49,22,0,0,0,0,0,,0,unhcr_population,2025-12-31,2026-08-19T14:21:59Z,2026-08-19
KNA,Saint Kitts and Nevis,2017,51,18,0,0,0,0,0,,0,unhcr_population,2025-12-31,2026-08-19T14:21:59Z,2026-08-19
KNA,Saint Kitts and Nevis,2018,58,11,0,0,0,0,0,,0,unhcr_population,2025-12-31,2026-08-19T14:21:59Z,2026-08-19
KNA,Saint Kitts and Nevis,2019,57,17,0,0,0,0,0,,0,unhcr_population,2025-12-31,2026-08-19T14:21:59Z,2026-08-19
KNA,Saint Kitts and Nevis,2020,54,18,0,0,0,0,0,,0,unhcr_population,2025-12-31,2026-08-19T14:21:59Z,2026-08-19
KNA,Saint Kitts and Nevis,2021,47,32,0,0,0,0,0,,0,unhcr_population,2025-12-31,2026-08-19T14:21:59Z,2026-08-19
KNA,Saint Kitts and Nevis,2022,22,32,0,0,0,0,0,,0,unhcr_population,2025-12-31,2026-08-19T14:21:59Z,2026-08-19
KNA,Saint Kitts and Nevis,2023,21,59,0,0,0,0,0,,0,unhcr_population,2025-12-31,2026-08-19T14:21:59Z,2026-08-19
KNA,Saint Kitts and Nevis,2024,27,81,0,0,0,0,0,,0,unhcr_population,2025-12-31,2026-08-19T14:21:59Z,2026-08-19
KNA,Saint Kitts and Nevis,2025,36,64,0,0,0,0,0,,0,unhcr_population,2025-12-31,2026-08-19T14:21:59Z,2026-08-19
KOR,Rep. of Korea,1991,5,0,0,0,0,0,0,,0,unhcr_population,2025-12-31,2026-08-19T14:21:59Z,2026-08-19
KOR,Rep. of Korea,1992,5,0,0,0,0,0,0,,0,unhcr_population,2025-12-31,2026-08-19T14:21:59Z,2026-08-19
KOR,Rep. of Korea,1993,5,0,0,0,0,0,0,,0,unhcr_population,2025-12-31,2026-08-19T14:21:59Z,2026-08-19
KOR,Rep. of Korea,1994,17,0,0,0,0,0,0,,0,unhcr_population,2025-12-31,2026-08-19T14:21:59Z,2026-08-19
KOR,Rep. of Korea,1995,29,0,0,0,0,0,0,,0,unhcr_population,2025-12-31,2026-08-19T14:21:59Z,2026-08-19
KOR,Rep. of Korea,1996,40,0,0,0,0,0,0,,0,unhcr_population,2025-12-31,2026-08-19T14:21:59Z,2026-08-19
KOR,Rep. of Korea,1997,50,0,0,0,0,0,0,,0,unhcr_population,2025-12-31,2026-08-19T14:21:59Z,2026-08-19
KOR,Rep. of Korea,1998,63,0,0,0,0,0,0,,0,unhcr_population,2025-12-31,2026-08-19T14:21:59Z,2026-08-19
KOR,Rep. of Korea,1999,72,0,0,0,0,0,0,,0,unhcr_population,2025-12-31,2026-08-19T14:21:59Z,2026-08-19
KOR,Rep. of Korea,2000,69,359,0,0,0,0,0,,0,unhcr_population,2025-12-31,2026-08-19T14:21:59Z,2026-08-19
KOR,Rep. of Korea,2001,83,471,0,0,0,0,0,,0,unhcr_population,2025-12-31,2026-08-19T14:21:59Z,2026-08-19
KOR,Rep. of Korea,2002,244,604,0,0,0,0,0,,0,unhcr_population,2025-12-31,2026-08-19T14:21:59Z,2026-08-19
KOR,Rep. of Korea,2003,236,499,0,0,0,0,0,,0,unhcr_population,2025-12-31,2026-08-19T14:21:59Z,2026-08-19
KOR,Rep. of Korea,2004,269,307,0,0,0,0,0,,0,unhcr_population,2025-12-31,2026-08-19T14:21:59Z,2026-08-19
KOR,Rep. of Korea,2005,266,321,0,0,0,0,0,,0,unhcr_population,2025-12-31,2026-08-19T14:21:59Z,2026-08-19
KOR,Rep. of Korea,2006,1333,308,0,0,0,0,0,,0,unhcr_population,2025-12-31,2026-08-19T14:21:59Z,2026-08-19
KOR,Rep. of Korea,2007,1183,384,0,0,0,0,0,,0,unhcr_population,2025-12-31,2026-08-19T14:21:59Z,2026-08-19
KOR,Rep. of Korea,2008,1099,509,0,0,0,0,0,,0,unhcr_population,2025-12-31,2026-08-19T14:21:59Z,2026-08-19
KOR,Rep. of Korea,2009,567,318,0,0,0,0,0,,0,unhcr_population,2025-12-31,2026-08-19T14:21:59Z,2026-08-19
KOR,Rep. of Korea,2010,578,233,0,0,0,0,0,,0,unhcr_population,2025-12-31,2026-08-19T14:21:59Z,2026-08-19
KOR,Rep. of Korea,2011,508,173,0,0,0,0,0,,0,unhcr_population,2025-12-31,2026-08-19T14:21:59Z,2026-08-19
KOR,Rep. of Korea,2012,555,183,0,0,0,0,0,,0,unhcr_population,2025-12-31,2026-08-19T14:21:59Z,2026-08-19
KOR,Rep. of Korea,2013,495,212,0,0,0,0,0,,0,unhcr_population,2025-12-31,2026-08-19T14:21:59Z,2026-08-19
KOR,Rep. of Korea,2014,478,282,0,0,0,0,0,,0,unhcr_population,2025-12-31,2026-08-19T14:21:59Z,2026-08-19
KOR,Rep. of Korea,2015,346,252,0,0,0,0,0,,0,unhcr_population,2025-12-31,2026-08-19T14:21:59Z,2026-08-19
KOR,Rep. of Korea,2016,243,266,0,0,0,0,0,,0,unhcr_population,2025-12-31,2026-08-19T14:21:59Z,2026-08-19
KOR,Rep. of Korea,2017,239,381,0,0,0,0,0,,0,unhcr_population,2025-12-31,2026-08-19T14:21:59Z,2026-08-19
KOR,Rep. of Korea,2018,274,536,0,0,0,0,0,,0,unhcr_population,2025-12-31,2026-08-19T14:21:59Z,2026-08-19
KOR,Rep. of Korea,2019,180,643,0,0,0,0,0,,0,unhcr_population,2025-12-31,2026-08-19T14:21:59Z,2026-08-19
KOR,Rep. of Korea,2020,146,723,0,0,0,0,0,,0,unhcr_population,2025-12-31,2026-08-19T14:21:59Z,2026-08-19
KOR,Rep. of Korea,2021,117,893,0,0,0,0,0,,0,unhcr_population,2025-12-31,2026-08-19T14:21:59Z,2026-08-19
KOR,Rep. of Korea,2022,132,880,0,0,0,0,0,,0,unhcr_population,2025-12-31,2026-08-19T14:21:59Z,2026-08-19
KOR,Rep. of Korea,2023,107,939,0,0,0,0,0,,0,unhcr_population,2025-12-31,2026-08-19T14:21:59Z,2026-08-19
KOR,Rep. of Korea,2024,142,1089,0,0,0,0,0,,0,unhcr_population,2025-12-31,2026-08-19T14:21:59Z,2026-08-19
KOR,Rep. of Korea,2025,117,630,0,0,0,0,0,,0,unhcr_population,2025-12-31,2026-08-19T14:21:59Z,2026-08-19
KWT,Kuwait,1990,46,0,0,0,0,0,0,,0,unhcr_population,2025-12-31,2026-08-19T14:21:59Z,2026-08-19
KWT,Kuwait,1991,49,0,0,0,0,0,0,,0,unhcr_population,2025-12-31,2026-08-19T14:21:59Z,2026-08-19
KWT,Kuwait,1992,77,0,0,0,0,0,0,,0,unhcr_population,2025-12-31,2026-08-19T14:21:59Z,2026-08-19
KWT,Kuwait,1993,91,0,0,0,0,0,0,,0,unhcr_population,2025-12-31,2026-08-19T14:21:59Z,2026-08-19
KWT,Kuwait,1994,758,0,0,0,0,0,0,,0,unhcr_population,2025-12-31,2026-08-19T14:21:59Z,2026-08-19
KWT,Kuwait,1995,764,0,0,0,0,0,0,,0,unhcr_population,2025-12-31,2026-08-19T14:21:59Z,2026-08-19
KWT,Kuwait,1996,854,0,0,0,0,0,0,,0,unhcr_population,2025-12-31,2026-08-19T14:21:59Z,2026-08-19
KWT,Kuwait,1997,824,0,0,0,0,0,0,,0,unhcr_population,2025-12-31,2026-08-19T14:21:59Z,2026-08-19
KWT,Kuwait,1998,827,0,0,0,0,0,0,,0,unhcr_population,2025-12-31,2026-08-19T14:21:59Z,2026-08-19
KWT,Kuwait,1999,988,0,0,0,0,0,0,,0,unhcr_population,2025-12-31,2026-08-19T14:21:59Z,2026-08-19
KWT,Kuwait,2000,688,98,0,0,0,0,0,,0,unhcr_population,2025-12-31,2026-08-19T14:21:59Z,2026-08-19
KWT,Kuwait,2001,696,146,0,0,0,0,0,,0,unhcr_population,2025-12-31,2026-08-19T14:21:59Z,2026-08-19
KWT,Kuwait,2002,705,116,0,0,0,0,0,,0,unhcr_population,2025-12-31,2026-08-19T14:21:59Z,2026-08-19
KWT,Kuwait,2003,615,104,0,0,0,0,0,,0,unhcr_population,2025-12-31,2026-08-19T14:21:59Z,2026-08-19
KWT,Kuwait,2004,391,89,0,0,0,0,0,,0,unhcr_population,2025-12-31,2026-08-19T14:21:59Z,2026-08-19
KWT,Kuwait,2005,374,65,0,0,0,0,0,,0,unhcr_population,2025-12-31,2026-08-19T14:21:59Z,2026-08-19
KWT,Kuwait,2006,610,123,0,0,0,0,0,,0,unhcr_population,2025-12-31,2026-08-19T14:21:59Z,2026-08-19
KWT,Kuwait,2007,741,104,0,0,0,0,0,,0,unhcr_population,2025-12-31,2026-08-19T14:21:59Z,2026-08-19
KWT,Kuwait,2008,847,61,0,0,0,0,0,,0,unhcr_population,2025-12-31,2026-08-19T14:21:59Z,2026-08-19
KWT,Kuwait,2009,936,56,0,0,0,0,0,,0,unhcr_population,2025-12-31,2026-08-19T14:21:59Z,2026-08-19
KWT,Kuwait,2010,986,81,0,0,0,0,0,,0,unhcr_population,2025-12-31,2026-08-19T14:21:59Z,2026-08-19
KWT,Kuwait,2011,1112,164,0,0,0,0,0,,0,unhcr_population,2025-12-31,2026-08-19T14:21:59Z,2026-08-19
KWT,Kuwait,2012,1189,135,0,0,0,0,0,,0,unhcr_population,2025-12-31,2026-08-19T14:21:59Z,2026-08-19
KWT,Kuwait,2013,971,173,0,0,0,0,0,,0,unhcr_population,2025-12-31,2026-08-19T14:21:59Z,2026-08-19
KWT,Kuwait,2014,974,260,0,0,0,0,0,,0,unhcr_population,2025-12-31,2026-08-19T14:21:59Z,2026-08-19
KWT,Kuwait,2015,1076,431,0,0,0,0,0,,0,unhcr_population,2025-12-31,2026-08-19T14:21:59Z,2026-08-19
KWT,Kuwait,2016,1013,650,0,0,0,0,0,,0,unhcr_population,2025-12-31,2026-08-19T14:21:59Z,2026-08-19
KWT,Kuwait,2017,1097,951,0,0,5,0,0,,0,unhcr_population,2025-12-31,2026-08-19T14:21:59Z,2026-08-19
KWT,Kuwait,2018,1251,1220,0,0,0,0,0,,0,unhcr_population,2025-12-31,2026-08-19T14:21:59Z,2026-08-19
KWT,Kuwait,2019,1300,1402,0,0,10,0,0,,0,unhcr_population,2025-12-31,2026-08-19T14:21:59Z,2026-08-19
KWT,Kuwait,2020,1422,1415,0,0,15,0,0,,0,unhcr_population,2025-12-31,2026-08-19T14:21:59Z,2026-08-19
KWT,Kuwait,2021,1702,1857,0,0,5,0,0,,0,unhcr_population,2025-12-31,2026-08-19T14:21:59Z,2026-08-19
KWT,Kuwait,2022,1981,2898,0,0,5,0,0,,0,unhcr_population,2025-12-31,2026-08-19T14:21:59Z,2026-08-19
KWT,Kuwait,2023,2276,2458,0,0,10,0,0,,0,unhcr_population,2025-12-31,2026-08-19T14:21:59Z,2026-08-19
KWT,Kuwait,2024,3019,3662,0,0,10,0,0,,0,unhcr_population,2025-12-31,2026-08-19T14:21:59Z,2026-08-19
KWT,Kuwait,2025,3369,2148,0,0,197,0,0,,0,unhcr_population,2025-12-31,2026-08-19T14:21:59Z,2026-08-19
LAO,Lao People's Dem. Rep.,1975,55510,0,0,0,0,0,0,,0,unhcr_population,2025-12-31,2026-08-19T14:21:59Z,2026-08-19
LAO,Lao People's Dem. Rep.,1976,62720,0,0,0,0,0,0,,0,unhcr_population,2025-12-31,2026-08-19T14:21:59Z,2026-08-19
LAO,Lao People's Dem. Rep.,1977,78970,0,0,0,0,0,0,,0,unhcr_population,2025-12-31,2026-08-19T14:21:59Z,2026-08-19
LAO,Lao People's Dem. Rep.,1978,119180,0,0,0,0,0,0,,0,unhcr_population,2025-12-31,2026-08-19T14:21:59Z,2026-08-19
LAO,Lao People's Dem. Rep.,1979,128770,0,0,0,0,0,0,,0,unhcr_population,2025-12-31,2026-08-19T14:21:59Z,2026-08-19
LAO,Lao People's Dem. Rep.,1980,105256,0,0,0,0,9000,0,,0,unhcr_population,2025-12-31,2026-08-19T14:21:59Z,2026-08-19
LAO,Lao People's Dem. Rep.,1981,89990,0,0,0,0,2940,0,,0,unhcr_population,2025-12-31,2026-08-19T14:21:59Z,2026-08-19
LAO,Lao People's Dem. Rep.,1982,80588,0,0,0,0,1070,0,,0,unhcr_population,2025-12-31,2026-08-19T14:21:59Z,2026-08-19
LAO,Lao People's Dem. Rep.,1983,85043,0,0,0,0,595,0,,0,unhcr_population,2025-12-31,2026-08-19T14:21:59Z,2026-08-19
LAO,Lao People's Dem. Rep.,1984,86673,0,0,0,0,203,0,,0,unhcr_population,2025-12-31,2026-08-19T14:21:59Z,2026-08-19
LAO,Lao People's Dem. Rep.,1985,99303,0,0,0,0,235,0,,0,unhcr_population,2025-12-31,2026-08-19T14:21:59Z,2026-08-19
LAO,Lao People's Dem. Rep.,1986,91214,0,0,0,0,2870,0,,0,unhcr_population,2025-12-31,2026-08-19T14:21:59Z,2026-08-19
LAO,Lao People's Dem. Rep.,1987,78894,0,0,0,0,2640,0,,0,unhcr_population,2025-12-31,2026-08-19T14:21:59Z,2026-08-19
LAO,Lao People's Dem. Rep.,1988,135866,0,0,0,0,270,0,,0,unhcr_population,2025-12-31,2026-08-19T14:21:59Z,2026-08-19
LAO,Lao People's Dem. Rep.,1989,133496,0,0,0,0,1925,0,,0,unhcr_population,2025-12-31,2026-08-19T14:21:59Z,2026-08-19
LAO,Lao People's Dem. Rep.,1990,135634,0,0,0,0,3102,0,,0,unhcr_population,2025-12-31,2026-08-19T14:21:59Z,2026-08-19
LAO,Lao People's Dem. Rep.,1991,122328,0,0,0,0,3081,0,,0,unhcr_population,2025-12-31,2026-08-19T14:21:59Z,2026-08-19
LAO,Lao People's Dem. Rep.,1992,96158,0,0,0,0,4657,0,,0,unhcr_population,2025-12-31,2026-08-19T14:21:59Z,2026-08-19
LAO,Lao People's Dem. Rep.,1993,74500,0,0,0,0,4202,0,,0,unhcr_population,2025-12-31,2026-08-19T14:21:59Z,2026-08-19
LAO,Lao People's Dem. Rep.,1994,54895,0,0,0,0,5591,0,,0,unhcr_population,2025-12-31,2026-08-19T14:21:59Z,2026-08-19
LAO,Lao People's Dem. Rep.,1995,58197,0,0,0,0,2526,0,,0,unhcr_population,2025-12-31,2026-08-19T14:21:59Z,2026-08-19
LAO,Lao People's Dem. Rep.,1996,46908,0,0,0,0,244,0,,0,unhcr_population,2025-12-31,2026-08-19T14:21:59Z,2026-08-19
LAO,Lao People's Dem. Rep.,1997,37369,0,0,0,0,350,0,,0,unhcr_population,2025-12-31,2026-08-19T14:21:59Z,2026-08-19
LAO,Lao People's Dem. Rep.,1998,29018,0,0,0,1155,189,0,,0,unhcr_population,2025-12-31,2026-08-19T14:21:59Z,2026-08-19
LAO,Lao People's Dem. Rep.,1999,21393,0,0,0,0,1237,0,,0,unhcr_population,2025-12-31,2026-08-19T14:21:59Z,2026-08-19
LAO,Lao People's Dem. Rep.,2000,16090,201,0,0,5,8,0,,0,unhcr_population,2025-12-31,2026-08-19T14:21:59Z,2026-08-19
LAO,Lao People's Dem. Rep.,2001,12625,963,0,0,5,0,0,,0,unhcr_population,2025-12-31,2026-08-19T14:21:59Z,2026-08-19
LAO,Lao People's Dem. Rep.,2002,11233,911,0,0,5,0,0,,0,unhcr_population,2025-12-31,2026-08-19T14:21:59Z,2026-08-19
LAO,Lao People's Dem. Rep.,2003,10360,474,0,0,5,0,0,,0,unhcr_population,2025-12-31,2026-08-19T14:21:59Z,2026-08-19
LAO,Lao People's Dem. Rep.,2004,16114,471,0,0,5,0,0,,0,unhcr_population,2025-12-31,2026-08-19T14:21:59Z,2026-08-19
LAO,Lao People's Dem. Rep.,2005,24441,346,0,0,5,0,0,,0,unhcr_population,2025-12-31,2026-08-19T14:21:59Z,2026-08-19
LAO,Lao People's Dem. Rep.,2006,26445,283,0,0,5,0,0,,0,unhcr_population,2025-12-31,2026-08-19T14:21:59Z,2026-08-19
LAO,Lao People's Dem. Rep.,2007,10012,164,0,0,0,0,0,,0,unhcr_population,2025-12-31,2026-08-19T14:21:59Z,2026-08-19
LAO,Lao People's Dem. Rep.,2008,8596,178,0,0,0,0,0,,0,unhcr_population,2025-12-31,2026-08-19T14:21:59Z,2026-08-19
LAO,Lao People's Dem. Rep.,2009,8397,190,0,0,0,0,0,,0,unhcr_population,2025-12-31,2026-08-19T14:21:59Z,2026-08-19
LAO,Lao People's Dem. Rep.,2010,8412,68,0,0,0,0,0,,0,unhcr_population,2025-12-31,2026-08-19T14:21:59Z,2026-08-19
LAO,Lao People's Dem. Rep.,2011,8086,24,0,0,0,0,0,,0,unhcr_population,2025-12-31,2026-08-19T14:21:59Z,2026-08-19
LAO,Lao People's Dem. Rep.,2012,7981,10,0,0,0,0,0,,0,unhcr_population,2025-12-31,2026-08-19T14:21:59Z,2026-08-19
LAO,Lao People's Dem. Rep.,2013,7736,41,0,0,0,0,0,,0,unhcr_population,2025-12-31,2026-08-19T14:21:59Z,2026-08-19
LAO,Lao People's Dem. Rep.,2014,7476,113,0,0,0,0,0,,0,unhcr_population,2025-12-31,2026-08-19T14:21:59Z,2026-08-19
LAO,Lao People's Dem. Rep.,2015,7359,165,0,0,0,0,0,,0,unhcr_population,2025-12-31,2026-08-19T14:21:59Z,2026-08-19
LAO,Lao People's Dem. Rep.,2016,7229,167,0,0,0,0,0,,0,unhcr_population,2025-12-31,2026-08-19T14:21:59Z,2026-08-19
LAO,Lao People's Dem. Rep.,2017,7056,223,0,0,0,0,0,,0,unhcr_population,2025-12-31,2026-08-19T14:21:59Z,2026-08-19
LAO,Lao People's Dem. Rep.,2018,6943,294,0,0,0,0,0,,0,unhcr_population,2025-12-31,2026-08-19T14:21:59Z,2026-08-19
LAO,Lao People's Dem. Rep.,2019,6757,390,0,0,0,0,0,,0,unhcr_population,2025-12-31,2026-08-19T14:21:59Z,2026-08-19
LAO,Lao People's Dem. Rep.,2020,6665,463,0,0,0,0,0,,0,unhcr_population,2025-12-31,2026-08-19T14:21:59Z,2026-08-19
LAO,Lao People's Dem. Rep.,2021,6778,474,0,0,0,0,0,,0,unhcr_population,2025-12-31,2026-08-19T14:21:59Z,2026-08-19
LAO,Lao People's Dem. Rep.,2022,6653,476,0,0,0,0,0,,0,unhcr_population,2025-12-31,2026-08-19T14:21:59Z,2026-08-19
LAO,Lao People's Dem. Rep.,2023,6551,560,0,0,0,0,0,,0,unhcr_population,2025-12-31,2026-08-19T14:21:59Z,2026-08-19
LAO,Lao People's Dem. Rep.,2024,6556,760,0,0,0,0,0,,0,unhcr_population,2025-12-31,2026-08-19T14:21:59Z,2026-08-19
LAO,Lao People's Dem. Rep.,2025,6489,466,0,0,0,0,0,,0,unhcr_population,2025-12-31,2026-08-19T14:21:59Z,2026-08-19
LBN,Lebanon,1982,12590,0,0,0,0,9740,0,,0,unhcr_population,2025-12-31,2026-08-19T14:21:59Z,2026-08-19
LBN,Lebanon,1983,27270,0,0,0,0,0,0,,0,unhcr_population,2025-12-31,2026-08-19T14:21:59Z,2026-08-19
LBN,Lebanon,1984,30060,0,0,0,0,0,0,,0,unhcr_population,2025-12-31,2026-08-19T14:21:59Z,2026-08-19
LBN,Lebanon,1985,33140,0,0,0,0,1000,0,,0,unhcr_population,2025-12-31,2026-08-19T14:21:59Z,2026-08-19
LBN,Lebanon,1986,630,0,0,0,0,0,0,,0,unhcr_population,2025-12-31,2026-08-19T14:21:59Z,2026-08-19
LBN,Lebanon,1988,439,0,0,0,0,0,0,,0,unhcr_population,2025-12-31,2026-08-19T14:21:59Z,2026-08-19
LBN,Lebanon,1989,2197,0,0,0,0,0,0,,0,unhcr_population,2025-12-31,2026-08-19T14:21:59Z,2026-08-19
LBN,Lebanon,1990,6993,0,0,0,0,50,0,,0,unhcr_population,2025-12-31,2026-08-19T14:21:59Z,2026-08-19
LBN,Lebanon,1991,8501,0,0,0,0,0,0,,0,unhcr_population,2025-12-31,2026-08-19T14:21:59Z,2026-08-19
LBN,Lebanon,1992,10257,0,0,0,0,0,0,,0,unhcr_population,2025-12-31,2026-08-19T14:21:59Z,2026-08-19
LBN,Lebanon,1993,10629,0,0,0,0,0,0,,0,unhcr_population,2025-12-31,2026-08-19T14:21:59Z,2026-08-19
LBN,Lebanon,1994,15649,0,0,0,0,5,0,,0,unhcr_population,2025-12-31,2026-08-19T14:21:59Z,2026-08-19
LBN,Lebanon,1995,13513,0,0,0,0,8,0,,0,unhcr_population,2025-12-31,2026-08-19T14:21:59Z,2026-08-19
LBN,Lebanon,1996,10888,0,0,0,0,0,0,,0,unhcr_population,2025-12-31,2026-08-19T14:21:59Z,2026-08-19
LBN,Lebanon,1997,10228,0,0,0,0,0,0,,0,unhcr_population,2025-12-31,2026-08-19T14:21:59Z,2026-08-19
LBN,Lebanon,1998,9782,0,0,0,0,0,0,,0,unhcr_population,2025-12-31,2026-08-19T14:21:59Z,2026-08-19
LBN,Lebanon,1999,7677,0,0,0,13,0,0,,0,unhcr_population,2025-12-31,2026-08-19T14:21:59Z,2026-08-19
LBN,Lebanon,2000,10208,1538,0,0,0,1573,0,,0,unhcr_population,2025-12-31,2026-08-19T14:21:59Z,2026-08-19
LBN,Lebanon,2001,8754,1887,0,0,0,0,0,,0,unhcr_population,2025-12-31,2026-08-19T14:21:59Z,2026-08-19
LBN,Lebanon,2002,26313,2364,0,0,0,0,0,,0,unhcr_population,2025-12-31,2026-08-19T14:21:59Z,2026-08-19
LBN,Lebanon,2003,24929,2129,0,0,0,0,0,,0,unhcr_population,2025-12-31,2026-08-19T14:21:59Z,2026-08-19
LBN,Lebanon,2004,19854,1610,0,0,0,0,0,,0,unhcr_population,2025-12-31,2026-08-19T14:21:59Z,2026-08-19
LBN,Lebanon,2005,18325,2004,0,0,11,0,0,,0,unhcr_population,2025-12-31,2026-08-19T14:21:59Z,2026-08-19
LBN,Lebanon,2006,12249,3160,200000,0,0,0,550000,,0,unhcr_population,2025-12-31,2026-08-19T14:21:59Z,2026-08-19
LBN,Lebanon,2007,13089,2560,70000,0,0,0,130000,,0,unhcr_population,2025-12-31,2026-08-19T14:21:59Z,2026-08-19
LBN,Lebanon,2008,12966,2276,0,0,0,0,0,,0,unhcr_population,2025-12-31,2026-08-19T14:21:59Z,2026-08-19
LBN,Lebanon,2009,16250,1755,0,0,0,0,0,,0,unhcr_population,2025-12-31,2026-08-19T14:21:59Z,2026-08-19
LBN,Lebanon,2010,15864,1518,0,0,0,0,0,,0,unhcr_population,2025-12-31,2026-08-19T14:21:59Z,2026-08-19
LBN,Lebanon,2011,15004,1384,0,0,0,0,0,,0,unhcr_population,2025-12-31,2026-08-19T14:21:59Z,2026-08-19
LBN,Lebanon,2012,15100,1976,0,0,0,0,0,,0,unhcr_population,2025-12-31,2026-08-19T14:21:59Z,2026-08-19
LBN,Lebanon,2013,3809,2730,0,0,0,0,0,,0,unhcr_population,2025-12-31,2026-08-19T14:21:59Z,2026-08-19
LBN,Lebanon,2014,4262,3833,0,0,0,0,0,,0,unhcr_population,2025-12-31,2026-08-19T14:21:59Z,2026-08-19
LBN,Lebanon,2015,4353,5985,0,0,0,0,0,,0,unhcr_population,2025-12-31,2026-08-19T14:21:59Z,2026-08-19
LBN,Lebanon,2016,4719,8484,0,0,0,0,0,,0,unhcr_population,2025-12-31,2026-08-19T14:21:59Z,2026-08-19
LBN,Lebanon,2017,5301,9285,0,0,0,0,0,,0,unhcr_population,2025-12-31,2026-08-19T14:21:59Z,2026-08-19
LBN,Lebanon,2018,5620,8058,0,0,14,0,0,,0,unhcr_population,2025-12-31,2026-08-19T14:21:59Z,2026-08-19
LBN,Lebanon,2019,5647,8032,0,0,5030,0,0,,0,unhcr_population,2025-12-31,2026-08-19T14:21:59Z,2026-08-19
LBN,Lebanon,2020,5495,7964,0,0,4746,0,0,,0,unhcr_population,2025-12-31,2026-08-19T14:21:59Z,2026-08-19
LBN,Lebanon,2021,6061,8873,0,0,11663,0,0,,0,unhcr_population,2025-12-31,2026-08-19T14:21:59Z,2026-08-19
LBN,Lebanon,2022,6794,10289,0,0,18671,0,0,,0,unhcr_population,2025-12-31,2026-08-19T14:21:59Z,2026-08-19
LBN,Lebanon,2023,7392,9793,0,0,23915,0,0,,0,unhcr_population,2025-12-31,2026-08-19T14:21:59Z,2026-08-19
LBN,Lebanon,2024,9534,12125,123774,0,25883,7,860740,,0,unhcr_population,2025-12-31,2026-08-19T14:21:59Z,2026-08-19
LBN,Lebanon,2025,9568,8798,64417,0,22319,5,60365,,0,unhcr_population,2025-12-31,2026-08-19T14:21:59Z,2026-08-19
LBR,Liberia,1988,30,0,0,0,0,0,0,,0,unhcr_population,2025-12-31,2026-08-19T14:21:59Z,2026-08-19
LBR,Liberia,1989,50,0,0,0,0,0,0,,0,unhcr_population,2025-12-31,2026-08-19T14:21:59Z,2026-08-19
LBR,Liberia,1990,735687,0,0,0,0,0,0,,0,unhcr_population,2025-12-31,2026-08-19T14:21:59Z,2026-08-19
LBR,Liberia,1991,673433,0,0,0,0,99970,0,,0,unhcr_population,2025-12-31,2026-08-19T14:21:59Z,2026-08-19
LBR,Liberia,1992,520914,0,0,0,0,80920,0,,0,unhcr_population,2025-12-31,2026-08-19T14:21:59Z,2026-08-19
LBR,Liberia,1993,704048,0,0,0,0,16291,0,,0,unhcr_population,2025-12-31,2026-08-19T14:21:59Z,2026-08-19
LBR,Liberia,1994,797834,0,220000,0,0,5468,0,,0,unhcr_population,2025-12-31,2026-08-19T14:21:59Z,2026-08-19
LBR,Liberia,1995,744627,0,320000,0,0,9665,0,,0,unhcr_population,2025-12-31,2026-08-19T14:21:59Z,2026-08-19
LBR,Liberia,1996,783992,0,320000,0,0,729,0,,0,unhcr_population,2025-12-31,2026-08-19T14:21:59Z,2026-08-19
LBR,Liberia,1997,493324,0,166000,0,0,15182,0,,0,unhcr_population,2025-12-31,2026-08-19T14:21:59Z,2026-08-19
LBR,Liberia,1998,365390,0,128292,0,5,240435,0,,0,unhcr_population,2025-12-31,2026-08-19T14:21:59Z,2026-08-19
LBR,Liberia,1999,294685,0,90584,0,0,104265,47361,,0,unhcr_population,2025-12-31,2026-08-19T14:21:59Z,2026-08-19
LBR,Liberia,2000,266926,4196,110686,0,5,42359,13361,,0,unhcr_population,2025-12-31,2026-08-19T14:21:59Z,2026-08-19
LBR,Liberia,2001,244603,6357,196116,0,0,2546,0,,0,unhcr_population,2025-12-31,2026-08-19T14:21:59Z,2026-08-19
LBR,Liberia,2002,275414,10559,304115,0,0,21900,0,,0,unhcr_population,2025-12-31,2026-08-19T14:21:59Z,2026-08-19
LBR,Liberia,2003,353340,6186,531616,0,0,21000,0,,0,unhcr_population,2025-12-31,2026-08-19T14:21:59Z,2026-08-19
LBR,Liberia,2004,335466,7587,498566,0,0,56871,33050,,0,unhcr_population,2025-12-31,2026-08-19T14:21:59Z,2026-08-19
LBR,Liberia,2005,231136,5975,237822,0,0,70287,260744,,0,unhcr_population,2025-12-31,2026-08-19T14:21:59Z,2026-08-19
LBR,Liberia,2006,160543,5000,0,0,0,107948,237822,,0,unhcr_population,2025-12-31,2026-08-19T14:21:59Z,2026-08-19
LBR,Liberia,2007,91542,3518,0,0,0,44353,0,,0,unhcr_population,2025-12-31,2026-08-19T14:21:59Z,2026-08-19
LBR,Liberia,2008,75221,2381,0,0,0,10801,0,,0,unhcr_population,2025-12-31,2026-08-19T14:21:59Z,2026-08-19
LBR,Liberia,2009,71601,2195,0,0,0,1404,0,,0,unhcr_population,2025-12-31,2026-08-19T14:21:59Z,2026-08-19
LBR,Liberia,2010,70133,1909,0,0,0,1301,0,,0,unhcr_population,2025-12-31,2026-08-19T14:21:59Z,2026-08-19
LBR,Liberia,2011,66779,1957,0,0,0,1765,0,,0,unhcr_population,2025-12-31,2026-08-19T14:21:59Z,2026-08-19
LBR,Liberia,2012,23428,2021,0,0,0,29468,0,,0,unhcr_population,2025-12-31,2026-08-19T14:21:59Z,2026-08-19
LBR,Liberia,2013,17548,1982,0,0,212,83,0,,0,unhcr_population,2025-12-31,2026-08-19T14:21:59Z,2026-08-19
LBR,Liberia,2014,13561,2319,0,0,8,0,0,,0,unhcr_population,2025-12-31,2026-08-19T14:21:59Z,2026-08-19
LBR,Liberia,2015,9972,2414,0,0,8,56,0,,0,unhcr_population,2025-12-31,2026-08-19T14:21:59Z,2026-08-19
LBR,Liberia,2016,6558,2601,0,0,109,0,0,,0,unhcr_population,2025-12-31,2026-08-19T14:21:59Z,2026-08-19
LBR,Liberia,2017,6039,3362,0,0,145,0,0,,0,unhcr_population,2025-12-31,2026-08-19T14:21:59Z,2026-08-19
LBR,Liberia,2018,5508,2986,0,0,88,0,0,,0,unhcr_population,2025-12-31,2026-08-19T14:21:59Z,2026-08-19
LBR,Liberia,2019,5365,2953,0,0,33,6,0,,0,unhcr_population,2025-12-31,2026-08-19T14:21:59Z,2026-08-19
LBR,Liberia,2020,5195,3073,0,0,19,0,0,,0,unhcr_population,2025-12-31,2026-08-19T14:21:59Z,2026-08-19
LBR,Liberia,2021,5384,3090,0,0,46,0,0,,0,unhcr_population,2025-12-31,2026-08-19T14:21:59Z,2026-08-19
LBR,Liberia,2022,5156,3093,0,0,341,0,0,,0,unhcr_population,2025-12-31,2026-08-19T14:21:59Z,2026-08-19
LBR,Liberia,2023,4838,3904,0,0,200,0,0,,0,unhcr_population,2025-12-31,2026-08-19T14:21:59Z,2026-08-19
LBR,Liberia,2024,5086,4466,0,0,288,0,0,,0,unhcr_population,2025-12-31,2026-08-19T14:21:59Z,2026-08-19
LBR,Liberia,2025,5117,3725,0,0,369,0,0,,0,unhcr_population,2025-12-31,2026-08-19T14:21:59Z,2026-08-19
LBY,Libya,1980,205,0,0,0,0,0,0,,0,unhcr_population,2025-12-31,2026-08-19T14:21:59Z,2026-08-19
LBY,Libya,1981,226,0,0,0,0,0,0,,0,unhcr_population,2025-12-31,2026-08-19T14:21:59Z,2026-08-19
LBY,Libya,1982,259,0,0,0,0,0,0,,0,unhcr_population,2025-12-31,2026-08-19T14:21:59Z,2026-08-19
LBY,Libya,1983,275,0,0,0,0,0,0,,0,unhcr_population,2025-12-31,2026-08-19T14:21:59Z,2026-08-19
LBY,Libya,1984,291,0,0,0,0,0,0,,0,unhcr_population,2025-12-31,2026-08-19T14:21:59Z,2026-08-19
LBY,Libya,1985,327,0,0,0,0,0,0,,0,unhcr_population,2025-12-31,2026-08-19T14:21:59Z,2026-08-19
LBY,Libya,1986,304,0,0,0,0,0,0,,0,unhcr_population,2025-12-31,2026-08-19T14:21:59Z,2026-08-19
LBY,Libya,1987,250,0,0,0,0,0,0,,0,unhcr_population,2025-12-31,2026-08-19T14:21:59Z,2026-08-19
LBY,Libya,1988,659,0,0,0,0,0,0,,0,unhcr_population,2025-12-31,2026-08-19T14:21:59Z,2026-08-19
LBY,Libya,1989,653,0,0,0,0,0,0,,0,unhcr_population,2025-12-31,2026-08-19T14:21:59Z,2026-08-19
LBY,Libya,1990,579,0,0,0,0,0,0,,0,unhcr_population,2025-12-31,2026-08-19T14:21:59Z,2026-08-19
LBY,Libya,1991,841,0,0,0,0,0,0,,0,unhcr_population,2025-12-31,2026-08-19T14:21:59Z,2026-08-19
LBY,Libya,1992,687,0,0,0,0,0,0,,0,unhcr_population,2025-12-31,2026-08-19T14:21:59Z,2026-08-19
LBY,Libya,1993,595,0,0,0,0,0,0,,0,unhcr_population,2025-12-31,2026-08-19T14:21:59Z,2026-08-19
LBY,Libya,1994,669,0,0,0,0,7,0,,0,unhcr_population,2025-12-31,2026-08-19T14:21:59Z,2026-08-19
LBY,Libya,1995,622,0,0,0,0,0,0,,0,unhcr_population,2025-12-31,2026-08-19T14:21:59Z,2026-08-19
LBY,Libya,1996,271,0,0,0,0,0,0,,0,unhcr_population,2025-12-31,2026-08-19T14:21:59Z,2026-08-19
LBY,Libya,1997,266,0,0,0,0,0,0,,0,unhcr_population,2025-12-31,2026-08-19T14:21:59Z,2026-08-19
LBY,Libya,1998,432,0,0,0,0,0,0,,0,unhcr_population,2025-12-31,2026-08-19T14:21:59Z,2026-08-19
LBY,Libya,1999,563,0,0,0,0,0,0,,0,unhcr_population,2025-12-31,2026-08-19T14:21:59Z,2026-08-19
LBY,Libya,2000,603,531,0,0,0,0,0,,0,unhcr_population,2025-12-31,2026-08-19T14:21:59Z,2026-08-19
LBY,Libya,2001,877,484,0,0,0,0,0,,0,unhcr_population,2025-12-31,2026-08-19T14:21:59Z,2026-08-19
LBY,Libya,2002,1443,922,0,0,0,0,0,,0,unhcr_population,2025-12-31,2026-08-19T14:21:59Z,2026-08-19
LBY,Libya,2003,1553,898,0,0,0,0,0,,0,unhcr_population,2025-12-31,2026-08-19T14:21:59Z,2026-08-19
LBY,Libya,2004,1696,811,0,0,0,0,0,,0,unhcr_population,2025-12-31,2026-08-19T14:21:59Z,2026-08-19
LBY,Libya,2005,1556,763,0,0,0,0,0,,0,unhcr_population,2025-12-31,2026-08-19T14:21:59Z,2026-08-19
LBY,Libya,2006,1557,657,0,0,0,0,0,,0,unhcr_population,2025-12-31,2026-08-19T14:21:59Z,2026-08-19
LBY,Libya,2007,1939,613,0,0,0,0,0,,0,unhcr_population,2025-12-31,2026-08-19T14:21:59Z,2026-08-19
LBY,Libya,2008,2068,753,0,0,0,0,0,,0,unhcr_population,2025-12-31,2026-08-19T14:21:59Z,2026-08-19
LBY,Libya,2009,2189,636,0,0,0,0,0,,0,unhcr_population,2025-12-31,2026-08-19T14:21:59Z,2026-08-19
LBY,Libya,2010,2297,558,0,0,0,0,0,,0,unhcr_population,2025-12-31,2026-08-19T14:21:59Z,2026-08-19
LBY,Libya,2011,4372,1954,93565,0,0,148951,458047,,0,unhcr_population,2025-12-31,2026-08-19T14:21:59Z,2026-08-19
LBY,Libya,2012,5233,1894,59425,0,0,1055,177452,,0,unhcr_population,2025-12-31,2026-08-19T14:21:59Z,2026-08-19
LBY,Libya,2013,3298,2068,53579,0,5,0,5350,,0,unhcr_population,2025-12-31,2026-08-19T14:21:59Z,2026-08-19
LBY,Libya,2014,4187,3886,363067,0,5,0,0,,0,unhcr_population,2025-12-31,2026-08-19T14:21:59Z,2026-08-19
LBY,Libya,2015,6077,6042,434869,0,5,0,0,,0,unhcr_population,2025-12-31,2026-08-19T14:21:59Z,2026-08-19
LBY,Libya,2016,8831,6521,174510,0,10,0,449840,,0,unhcr_population,2025-12-31,2026-08-19T14:21:59Z,2026-08-19
LBY,Libya,2017,11205,6842,180937,0,5,0,149883,,0,unhcr_population,2025-12-31,2026-08-19T14:21:59Z,2026-08-19
LBY,Libya,2018,13868,6786,170491,0,8,0,43681,,0,unhcr_population,2025-12-31,2026-08-19T14:21:59Z,2026-08-19
LBY,Libya,2019,16033,5986,355672,0,42,0,4369,,0,unhcr_population,2025-12-31,2026-08-19T14:21:59Z,2026-08-19
LBY,Libya,2020,17523,5440,278177,0,83,0,105414,,0,unhcr_population,2025-12-31,2026-08-19T14:21:59Z,2026-08-19
LBY,Libya,2021,19090,5717,179047,0,50,0,107834,,0,unhcr_population,2025-12-31,2026-08-19T14:21:59Z,2026-08-19
LBY,Libya,2022,17811,6076,161613,0,28,0,22376,,0,unhcr_population,2025-12-31,2026-08-19T14:21:59Z,2026-08-19
LBY,Libya,2023,17958,6054,125802,0,28,5,37099,,0,unhcr_population,2025-12-31,2026-08-19T14:21:59Z,2026-08-19
LBY,Libya,2024,17235,6358,32791,0,10,10,93011,,0,unhcr_population,2025-12-31,2026-08-19T14:21:59Z,2026-08-19
LBY,Libya,2025,17161,3802,32791,0,75,0,0,,0,unhcr_population,2025-12-31,2026-08-19T14:21:59Z,2026-08-19
LCA,Saint Lucia,1998,5,0,0,0,0,0,0,,0,unhcr_population,2025-12-31,2026-08-19T14:21:59Z,2026-08-19
LCA,Saint Lucia,1999,10,0,0,0,0,0,0,,0,unhcr_population,2025-12-31,2026-08-19T14:21:59Z,2026-08-19
LCA,Saint Lucia,2000,12,28,0,0,0,0,0,,0,unhcr_population,2025-12-31,2026-08-19T14:21:59Z,2026-08-19
LCA,Saint Lucia,2001,9,66,0,0,0,0,0,,0,unhcr_population,2025-12-31,2026-08-19T14:21:59Z,2026-08-19
LCA,Saint Lucia,2002,12,275,0,0,0,0,0,,0,unhcr_population,2025-12-31,2026-08-19T14:21:59Z,2026-08-19
LCA,Saint Lucia,2003,16,272,0,0,0,0,0,,0,unhcr_population,2025-12-31,2026-08-19T14:21:59Z,2026-08-19
LCA,Saint Lucia,2004,32,149,0,0,0,0,0,,0,unhcr_population,2025-12-31,2026-08-19T14:21:59Z,2026-08-19
LCA,Saint Lucia,2005,96,200,0,0,0,0,0,,0,unhcr_population,2025-12-31,2026-08-19T14:21:59Z,2026-08-19
LCA,Saint Lucia,2006,163,144,0,0,0,0,0,,0,unhcr_population,2025-12-31,2026-08-19T14:21:59Z,2026-08-19
LCA,Saint Lucia,2007,227,179,0,0,0,0,0,,0,unhcr_population,2025-12-31,2026-08-19T14:21:59Z,2026-08-19
LCA,Saint Lucia,2008,288,336,0,0,0,0,0,,0,unhcr_population,2025-12-31,2026-08-19T14:21:59Z,2026-08-19
LCA,Saint Lucia,2009,312,597,0,0,0,0,0,,0,unhcr_population,2025-12-31,2026-08-19T14:21:59Z,2026-08-19
LCA,Saint Lucia,2010,334,683,0,0,0,0,0,,0,unhcr_population,2025-12-31,2026-08-19T14:21:59Z,2026-08-19
LCA,Saint Lucia,2011,432,679,0,0,0,0,0,,0,unhcr_population,2025-12-31,2026-08-19T14:21:59Z,2026-08-19
LCA,Saint Lucia,2012,567,517,0,0,0,0,0,,0,unhcr_population,2025-12-31,2026-08-19T14:21:59Z,2026-08-19
LCA,Saint Lucia,2013,711,257,0,0,0,0,0,,0,unhcr_population,2025-12-31,2026-08-19T14:21:59Z,2026-08-19
LCA,Saint Lucia,2014,921,35,0,0,0,0,0,,0,unhcr_population,2025-12-31,2026-08-19T14:21:59Z,2026-08-19
LCA,Saint Lucia,2015,1011,60,0,0,0,0,0,,0,unhcr_population,2025-12-31,2026-08-19T14:21:59Z,2026-08-19
LCA,Saint Lucia,2016,993,196,0,0,0,0,0,,0,unhcr_population,2025-12-31,2026-08-19T14:21:59Z,2026-08-19
LCA,Saint Lucia,2017,995,178,0,0,0,0,0,,0,unhcr_population,2025-12-31,2026-08-19T14:21:59Z,2026-08-19
LCA,Saint Lucia,2018,1025,65,0,0,0,0,0,,0,unhcr_population,2025-12-31,2026-08-19T14:21:59Z,2026-08-19
LCA,Saint Lucia,2019,843,74,0,0,0,0,0,,0,unhcr_population,2025-12-31,2026-08-19T14:21:59Z,2026-08-19
LCA,Saint Lucia,2020,726,83,0,0,0,0,0,,0,unhcr_population,2025-12-31,2026-08-19T14:21:59Z,2026-08-19
LCA,Saint Lucia,2021,457,91,0,0,0,0,0,,0,unhcr_population,2025-12-31,2026-08-19T14:21:59Z,2026-08-19
LCA,Saint Lucia,2022,94,122,0,0,0,0,0,,0,unhcr_population,2025-12-31,2026-08-19T14:21:59Z,2026-08-19
LCA,Saint Lucia,2023,117,231,0,0,0,0,0,,0,unhcr_population,2025-12-31,2026-08-19T14:21:59Z,2026-08-19
LCA,Saint Lucia,2024,160,299,0,0,0,0,0,,0,unhcr_population,2025-12-31,2026-08-19T14:21:59Z,2026-08-19
LCA,Saint Lucia,2025,199,242,0,0,0,0,0,,0,unhcr_population,2025-12-31,2026-08-19T14:21:59Z,2026-08-19
LIE,Liechtenstein,2019,0,14,0,0,0,0,0,,0,unhcr_population,2025-12-31,2026-08-19T14:21:59Z,2026-08-19
LIE,Liechtenstein,2020,0,5,0,0,0,0,0,,0,unhcr_population,2025-12-31,2026-08-19T14:21:59Z,2026-08-19
LIE,Liechtenstein,2021,5,5,0,0,0,0,0,,0,unhcr_population,2025-12-31,2026-08-19T14:21:59Z,2026-08-19
LIE,Liechtenstein,2022,5,5,0,0,0,0,0,,0,unhcr_population,2025-12-31,2026-08-19T14:21:59Z,2026-08-19
LKA,Sri Lanka,1985,160,0,0,0,0,0,0,,0,unhcr_population,2025-12-31,2026-08-19T14:21:59Z,2026-08-19
LKA,Sri Lanka,1986,315,0,0,0,0,0,0,,0,unhcr_population,2025-12-31,2026-08-19T14:21:59Z,2026-08-19
LKA,Sri Lanka,1987,219,0,0,0,0,0,0,,0,unhcr_population,2025-12-31,2026-08-19T14:21:59Z,2026-08-19
LKA,Sri Lanka,1988,3388,0,0,0,0,100,0,,0,unhcr_population,2025-12-31,2026-08-19T14:21:59Z,2026-08-19
LKA,Sri Lanka,1989,7692,0,0,0,0,0,0,,0,unhcr_population,2025-12-31,2026-08-19T14:21:59Z,2026-08-19
LKA,Sri Lanka,1990,208271,0,0,0,0,0,0,,0,unhcr_population,2025-12-31,2026-08-19T14:21:59Z,2026-08-19
LKA,Sri Lanka,1991,209349,0,0,0,0,0,0,,0,unhcr_population,2025-12-31,2026-08-19T14:21:59Z,2026-08-19
LKA,Sri Lanka,1992,128115,0,0,0,0,29100,0,,0,unhcr_population,2025-12-31,2026-08-19T14:21:59Z,2026-08-19
LKA,Sri Lanka,1993,91837,0,29400,0,0,59,0,,0,unhcr_population,2025-12-31,2026-08-19T14:21:59Z,2026-08-19
LKA,Sri Lanka,1994,114454,0,9090,0,0,8175,0,,0,unhcr_population,2025-12-31,2026-08-19T14:21:59Z,2026-08-19
LKA,Sri Lanka,1995,107587,0,200000,0,0,10210,0,,0,unhcr_population,2025-12-31,2026-08-19T14:21:59Z,2026-08-19
LKA,Sri Lanka,1996,109576,0,200000,0,0,43,0,,0,unhcr_population,2025-12-31,2026-08-19T14:21:59Z,2026-08-19
LKA,Sri Lanka,1997,122277,0,200000,0,0,0,0,,0,unhcr_population,2025-12-31,2026-08-19T14:21:59Z,2026-08-19
LKA,Sri Lanka,1998,114971,0,603025,0,16,116,30490,,0,unhcr_population,2025-12-31,2026-08-19T14:21:59Z,2026-08-19
LKA,Sri Lanka,1999,116698,0,612518,0,0,95,0,,0,unhcr_population,2025-12-31,2026-08-19T14:21:59Z,2026-08-19
LKA,Sri Lanka,2000,124156,6499,706514,0,0,15,0,,0,unhcr_population,2025-12-31,2026-08-19T14:21:59Z,2026-08-19
LKA,Sri Lanka,2001,122414,6596,731838,0,0,14,0,,0,unhcr_population,2025-12-31,2026-08-19T14:21:59Z,2026-08-19
LKA,Sri Lanka,2002,133240,4935,462826,0,0,1439,269012,,0,unhcr_population,2025-12-31,2026-08-19T14:21:59Z,2026-08-19
LKA,Sri Lanka,2003,122005,2966,386104,0,0,5025,76722,,0,unhcr_population,2025-12-31,2026-08-19T14:21:59Z,2026-08-19
LKA,Sri Lanka,2004,114050,3114,351884,0,0,10032,34220,,0,unhcr_population,2025-12-31,2026-08-19T14:21:59Z,2026-08-19
LKA,Sri Lanka,2005,108132,4242,324699,0,0,2700,27185,,0,unhcr_population,2025-12-31,2026-08-19T14:21:59Z,2026-08-19
LKA,Sri Lanka,2006,116948,4724,469165,0,0,376,89405,,0,unhcr_population,2025-12-31,2026-08-19T14:21:59Z,2026-08-19
LKA,Sri Lanka,2007,134945,5974,459567,0,0,2000,158600,,0,unhcr_population,2025-12-31,2026-08-19T14:21:59Z,2026-08-19
LKA,Sri Lanka,2008,137742,7037,504800,0,0,1738,20800,,0,unhcr_population,2025-12-31,2026-08-19T14:21:59Z,2026-08-19
LKA,Sri Lanka,2009,145711,7566,434900,0,0,1488,94600,,0,unhcr_population,2025-12-31,2026-08-19T14:21:59Z,2026-08-19
LKA,Sri Lanka,2010,141064,8588,273772,0,0,5061,161128,,0,unhcr_population,2025-12-31,2026-08-19T14:21:59Z,2026-08-19
LKA,Sri Lanka,2011,136602,10239,138401,0,0,2360,144577,,0,unhcr_population,2025-12-31,2026-08-19T14:21:59Z,2026-08-19
LKA,Sri Lanka,2012,132720,14018,93482,0,0,1476,44610,,0,unhcr_population,2025-12-31,2026-08-19T14:21:59Z,2026-08-19
LKA,Sri Lanka,2013,123074,16133,42191,0,7,913,40691,,0,unhcr_population,2025-12-31,2026-08-19T14:21:59Z,2026-08-19
LKA,Sri Lanka,2014,121991,17211,30847,0,15,501,358,,0,unhcr_population,2025-12-31,2026-08-19T14:21:59Z,2026-08-19
LKA,Sri Lanka,2015,121427,14782,44934,0,17,854,8112,,0,unhcr_population,2025-12-31,2026-08-19T14:21:59Z,2026-08-19
LKA,Sri Lanka,2016,117472,15462,39730,0,12,1052,12445,,0,unhcr_population,2025-12-31,2026-08-19T14:21:59Z,2026-08-19
LKA,Sri Lanka,2017,115632,18934,39322,0,6,1586,408,,0,unhcr_population,2025-12-31,2026-08-19T14:21:59Z,2026-08-19
LKA,Sri Lanka,2018,113955,14517,35473,0,0,1421,3849,,0,unhcr_population,2025-12-31,2026-08-19T14:21:59Z,2026-08-19
LKA,Sri Lanka,2019,110341,16062,25110,0,10,1068,10363,,0,unhcr_population,2025-12-31,2026-08-19T14:21:59Z,2026-08-19
LKA,Sri Lanka,2020,142664,15061,25013,0,0,212,97,,0,unhcr_population,2025-12-31,2026-08-19T14:21:59Z,2026-08-19
LKA,Sri Lanka,2021,151112,12209,8767,0,16,112,16519,,0,unhcr_population,2025-12-31,2026-08-19T14:21:59Z,2026-08-19
LKA,Sri Lanka,2022,148144,15169,8540,0,6,369,227,,0,unhcr_population,2025-12-31,2026-08-19T14:21:59Z,2026-08-19
LKA,Sri Lanka,2023,145319,18076,4806,0,23,346,3734,,0,unhcr_population,2025-12-31,2026-08-19T14:21:59Z,2026-08-19
LKA,Sri Lanka,2024,147033,33347,4806,0,10,859,0,,0,unhcr_population,2025-12-31,2026-08-19T14:21:59Z,2026-08-19
LKA,Sri Lanka,2025,148369,33564,4099,0,393,131,0,,0,unhcr_population,2025-12-31,2026-08-19T14:21:59Z,2026-08-19
LSO,Lesotho,1971,60,0,0,0,0,0,0,,0,unhcr_population,2025-12-31,2026-08-19T14:21:59Z,2026-08-19
LSO,Lesotho,1974,110,0,0,0,0,0,0,,0,unhcr_population,2025-12-31,2026-08-19T14:21:59Z,2026-08-19
LSO,Lesotho,1975,310,0,0,0,0,0,0,,0,unhcr_population,2025-12-31,2026-08-19T14:21:59Z,2026-08-19
LSO,Lesotho,1977,90,0,0,0,0,0,0,,0,unhcr_population,2025-12-31,2026-08-19T14:21:59Z,2026-08-19
LSO,Lesotho,1978,160,0,0,0,0,0,0,,0,unhcr_population,2025-12-31,2026-08-19T14:21:59Z,2026-08-19
LSO,Lesotho,1979,160,0,0,0,0,70,0,,0,unhcr_population,2025-12-31,2026-08-19T14:21:59Z,2026-08-19
LSO,Lesotho,1980,70,0,0,0,0,0,0,,0,unhcr_population,2025-12-31,2026-08-19T14:21:59Z,2026-08-19
LSO,Lesotho,1981,80,0,0,0,0,0,0,,0,unhcr_population,2025-12-31,2026-08-19T14:21:59Z,2026-08-19
LSO,Lesotho,1986,0,0,0,0,0,50,0,,0,unhcr_population,2025-12-31,2026-08-19T14:21:59Z,2026-08-19
LSO,Lesotho,1989,5,0,0,0,0,0,0,,0,unhcr_population,2025-12-31,2026-08-19T14:21:59Z,2026-08-19
LSO,Lesotho,1990,5,0,0,0,0,0,0,,0,unhcr_population,2025-12-31,2026-08-19T14:21:59Z,2026-08-19
LSO,Lesotho,1991,5,0,0,0,0,0,0,,0,unhcr_population,2025-12-31,2026-08-19T14:21:59Z,2026-08-19
LSO,Lesotho,1993,55,0,0,0,0,5,0,,0,unhcr_population,2025-12-31,2026-08-19T14:21:59Z,2026-08-19
LSO,Lesotho,2001,0,6,0,0,0,0,0,,0,unhcr_population,2025-12-31,2026-08-19T14:21:59Z,2026-08-19
LSO,Lesotho,2002,5,5,0,0,0,0,0,,0,unhcr_population,2025-12-31,2026-08-19T14:21:59Z,2026-08-19
LSO,Lesotho,2003,5,5,0,0,0,0,0,,0,unhcr_population,2025-12-31,2026-08-19T14:21:59Z,2026-08-19
LSO,Lesotho,2004,5,10,0,0,0,0,0,,0,unhcr_population,2025-12-31,2026-08-19T14:21:59Z,2026-08-19
LSO,Lesotho,2005,0,6,0,0,0,0,0,,0,unhcr_population,2025-12-31,2026-08-19T14:21:59Z,2026-08-19
LSO,Lesotho,2006,5,5,0,0,0,0,0,,0,unhcr_population,2025-12-31,2026-08-19T14:21:59Z,2026-08-19
LSO,Lesotho,2007,5,12,0,0,0,0,0,,0,unhcr_population,2025-12-31,2026-08-19T14:21:59Z,2026-08-19
LSO,Lesotho,2008,5,17,0,0,0,0,0,,0,unhcr_population,2025-12-31,2026-08-19T14:21:59Z,2026-08-19
LSO,Lesotho,2009,5,5,0,0,0,0,0,,0,unhcr_population,2025-12-31,2026-08-19T14:21:59Z,2026-08-19
LSO,Lesotho,2010,5,5,0,0,0,0,0,,0,unhcr_population,2025-12-31,2026-08-19T14:21:59Z,2026-08-19
LSO,Lesotho,2011,5,158,0,0,0,0,0,,0,unhcr_population,2025-12-31,2026-08-19T14:21:59Z,2026-08-19
LSO,Lesotho,2012,5,279,0,0,0,0,0,,0,unhcr_population,2025-12-31,2026-08-19T14:21:59Z,2026-08-19
LSO,Lesotho,2013,10,676,0,0,0,0,0,,0,unhcr_population,2025-12-31,2026-08-19T14:21:59Z,2026-08-19
LSO,Lesotho,2014,16,665,0,0,0,0,0,,0,unhcr_population,2025-12-31,2026-08-19T14:21:59Z,2026-08-19
LSO,Lesotho,2015,16,1091,0,0,0,0,0,,0,unhcr_population,2025-12-31,2026-08-19T14:21:59Z,2026-08-19
LSO,Lesotho,2016,5,698,0,0,0,0,0,,0,unhcr_population,2025-12-31,2026-08-19T14:21:59Z,2026-08-19
LSO,Lesotho,2017,6,20,0,0,0,0,0,,0,unhcr_population,2025-12-31,2026-08-19T14:21:59Z,2026-08-19
LSO,Lesotho,2018,6,38,0,0,0,0,0,,0,unhcr_population,2025-12-31,2026-08-19T14:21:59Z,2026-08-19
LSO,Lesotho,2019,6,49,0,0,0,0,0,,0,unhcr_population,2025-12-31,2026-08-19T14:21:59Z,2026-08-19
LSO,Lesotho,2020,6,38,0,0,0,0,0,,0,unhcr_population,2025-12-31,2026-08-19T14:21:59Z,2026-08-19
LSO,Lesotho,2021,6,41,0,0,0,0,0,,0,unhcr_population,2025-12-31,2026-08-19T14:21:59Z,2026-08-19
LSO,Lesotho,2022,12,24,0,0,6,0,0,,0,unhcr_population,2025-12-31,2026-08-19T14:21:59Z,2026-08-19
LSO,Lesotho,2023,12,41,0,0,6,0,0,,0,unhcr_population,2025-12-31,2026-08-19T14:21:59Z,2026-08-19
LSO,Lesotho,2024,25,49,0,0,0,0,0,,0,unhcr_population,2025-12-31,2026-08-19T14:21:59Z,2026-08-19
LSO,Lesotho,2025,27,31,0,0,0,0,0,,0,unhcr_population,2025-12-31,2026-08-19T14:21:59Z,2026-08-19
LTU,Lithuania,1990,5,0,0,0,0,0,0,,0,unhcr_population,2025-12-31,2026-08-19T14:21:59Z,2026-08-19
LTU,Lithuania,1991,5,0,0,0,0,0,0,,0,unhcr_population,2025-12-31,2026-08-19T14:21:59Z,2026-08-19
LTU,Lithuania,1992,10,0,0,0,0,0,0,,0,unhcr_population,2025-12-31,2026-08-19T14:21:59Z,2026-08-19
LTU,Lithuania,1993,15,0,0,0,0,0,0,,0,unhcr_population,2025-12-31,2026-08-19T14:21:59Z,2026-08-19
LTU,Lithuania,1994,63,0,0,0,0,0,0,,0,unhcr_population,2025-12-31,2026-08-19T14:21:59Z,2026-08-19
LTU,Lithuania,1995,107,0,0,0,0,0,0,,0,unhcr_population,2025-12-31,2026-08-19T14:21:59Z,2026-08-19
LTU,Lithuania,1996,659,0,0,0,0,0,0,,0,unhcr_population,2025-12-31,2026-08-19T14:21:59Z,2026-08-19
LTU,Lithuania,1997,650,0,0,0,0,0,0,,0,unhcr_population,2025-12-31,2026-08-19T14:21:59Z,2026-08-19
LTU,Lithuania,1998,276,0,0,0,1091,0,0,,0,unhcr_population,2025-12-31,2026-08-19T14:21:59Z,2026-08-19
LTU,Lithuania,1999,251,0,0,0,0,0,0,,0,unhcr_population,2025-12-31,2026-08-19T14:21:59Z,2026-08-19
LTU,Lithuania,2000,155,138,0,0,0,0,0,,0,unhcr_population,2025-12-31,2026-08-19T14:21:59Z,2026-08-19
LTU,Lithuania,2001,210,256,0,0,0,0,0,,0,unhcr_population,2025-12-31,2026-08-19T14:21:59Z,2026-08-19
LTU,Lithuania,2002,1365,356,0,0,0,0,0,,0,unhcr_population,2025-12-31,2026-08-19T14:21:59Z,2026-08-19
LTU,Lithuania,2003,1535,358,0,0,0,0,0,,0,unhcr_population,2025-12-31,2026-08-19T14:21:59Z,2026-08-19
LTU,Lithuania,2004,1470,202,0,0,0,0,0,,0,unhcr_population,2025-12-31,2026-08-19T14:21:59Z,2026-08-19
LTU,Lithuania,2005,1440,181,0,0,0,0,0,,0,unhcr_population,2025-12-31,2026-08-19T14:21:59Z,2026-08-19
LTU,Lithuania,2006,936,152,0,0,0,0,0,,0,unhcr_population,2025-12-31,2026-08-19T14:21:59Z,2026-08-19
LTU,Lithuania,2007,461,83,0,0,0,0,0,,0,unhcr_population,2025-12-31,2026-08-19T14:21:59Z,2026-08-19
LTU,Lithuania,2008,486,60,0,0,0,0,0,,0,unhcr_population,2025-12-31,2026-08-19T14:21:59Z,2026-08-19
LTU,Lithuania,2009,496,110,0,0,0,0,0,,0,unhcr_population,2025-12-31,2026-08-19T14:21:59Z,2026-08-19
LTU,Lithuania,2010,508,120,0,0,0,0,0,,0,unhcr_population,2025-12-31,2026-08-19T14:21:59Z,2026-08-19
LTU,Lithuania,2011,523,111,0,0,0,0,0,,0,unhcr_population,2025-12-31,2026-08-19T14:21:59Z,2026-08-19
LTU,Lithuania,2012,487,90,0,0,0,0,0,,0,unhcr_population,2025-12-31,2026-08-19T14:21:59Z,2026-08-19
LTU,Lithuania,2013,217,76,0,0,0,0,0,,0,unhcr_population,2025-12-31,2026-08-19T14:21:59Z,2026-08-19
LTU,Lithuania,2014,182,57,0,0,0,0,0,,0,unhcr_population,2025-12-31,2026-08-19T14:21:59Z,2026-08-19
LTU,Lithuania,2015,143,64,0,0,0,0,0,,0,unhcr_population,2025-12-31,2026-08-19T14:21:59Z,2026-08-19
LTU,Lithuania,2016,74,78,0,0,0,0,0,,0,unhcr_population,2025-12-31,2026-08-19T14:21:59Z,2026-08-19
LTU,Lithuania,2017,73,95,0,0,0,0,0,,0,unhcr_population,2025-12-31,2026-08-19T14:21:59Z,2026-08-19
LTU,Lithuania,2018,66,89,0,0,0,0,0,,0,unhcr_population,2025-12-31,2026-08-19T14:21:59Z,2026-08-19
LTU,Lithuania,2019,61,76,0,0,0,0,0,,0,unhcr_population,2025-12-31,2026-08-19T14:21:59Z,2026-08-19
LTU,Lithuania,2020,58,78,0,0,0,0,0,,0,unhcr_population,2025-12-31,2026-08-19T14:21:59Z,2026-08-19
LTU,Lithuania,2021,54,114,0,0,0,0,0,,0,unhcr_population,2025-12-31,2026-08-19T14:21:59Z,2026-08-19
LTU,Lithuania,2022,77,128,0,0,0,0,0,,0,unhcr_population,2025-12-31,2026-08-19T14:21:59Z,2026-08-19
LTU,Lithuania,2023,63,122,0,0,0,0,0,,0,unhcr_population,2025-12-31,2026-08-19T14:21:59Z,2026-08-19
LTU,Lithuania,2024,111,151,0,0,0,0,0,,0,unhcr_population,2025-12-31,2026-08-19T14:21:59Z,2026-08-19
LTU,Lithuania,2025,101,78,0,0,0,0,0,,0,unhcr_population,2025-12-31,2026-08-19T14:21:59Z,2026-08-19
LUX,Luxembourg,2018,0,5,0,0,0,0,0,,0,unhcr_population,2025-12-31,2026-08-19T14:21:59Z,2026-08-19
LUX,Luxembourg,2019,5,0,0,0,0,0,0,,0,unhcr_population,2025-12-31,2026-08-19T14:21:59Z,2026-08-19
LUX,Luxembourg,2020,5,0,0,0,0,0,0,,0,unhcr_population,2025-12-31,2026-08-19T14:21:59Z,2026-08-19
LUX,Luxembourg,2022,5,0,0,0,0,0,0,,0,unhcr_population,2025-12-31,2026-08-19T14:21:59Z,2026-08-19
LUX,Luxembourg,2023,5,0,0,0,0,0,0,,0,unhcr_population,2025-12-31,2026-08-19T14:21:59Z,2026-08-19
LUX,Luxembourg,2024,5,0,0,0,0,0,0,,0,unhcr_population,2025-12-31,2026-08-19T14:21:59Z,2026-08-19
LUX,Luxembourg,2025,20,0,0,0,0,0,0,,0,unhcr_population,2025-12-31,2026-08-19T14:21:59Z,2026-08-19
LVA,Latvia,1992,5,0,0,0,0,0,0,,0,unhcr_population,2025-12-31,2026-08-19T14:21:59Z,2026-08-19
LVA,Latvia,1993,5,0,0,0,0,0,0,,0,unhcr_population,2025-12-31,2026-08-19T14:21:59Z,2026-08-19
LVA,Latvia,1994,95,0,0,0,0,0,0,,0,unhcr_population,2025-12-31,2026-08-19T14:21:59Z,2026-08-19
LVA,Latvia,1995,158,0,0,0,0,0,0,,0,unhcr_population,2025-12-31,2026-08-19T14:21:59Z,2026-08-19
LVA,Latvia,1996,1956,0,0,0,0,0,0,,0,unhcr_population,2025-12-31,2026-08-19T14:21:59Z,2026-08-19
LVA,Latvia,1997,1916,0,0,0,0,0,0,,0,unhcr_population,2025-12-31,2026-08-19T14:21:59Z,2026-08-19
LVA,Latvia,1998,1014,0,0,0,2942,0,0,,0,unhcr_population,2025-12-31,2026-08-19T14:21:59Z,2026-08-19
LVA,Latvia,1999,903,0,0,0,0,0,0,,0,unhcr_population,2025-12-31,2026-08-19T14:21:59Z,2026-08-19
LVA,Latvia,2000,484,107,0,0,0,0,0,,0,unhcr_population,2025-12-31,2026-08-19T14:21:59Z,2026-08-19
LVA,Latvia,2001,610,178,0,0,0,0,0,,0,unhcr_population,2025-12-31,2026-08-19T14:21:59Z,2026-08-19
LVA,Latvia,2002,3080,189,0,0,0,0,0,,0,unhcr_population,2025-12-31,2026-08-19T14:21:59Z,2026-08-19
LVA,Latvia,2003,3173,198,0,0,0,0,0,,0,unhcr_population,2025-12-31,2026-08-19T14:21:59Z,2026-08-19
LVA,Latvia,2004,2822,148,0,0,0,0,0,,0,unhcr_population,2025-12-31,2026-08-19T14:21:59Z,2026-08-19
LVA,Latvia,2005,2428,118,0,0,0,0,0,,0,unhcr_population,2025-12-31,2026-08-19T14:21:59Z,2026-08-19
LVA,Latvia,2006,1424,100,0,0,0,0,0,,0,unhcr_population,2025-12-31,2026-08-19T14:21:59Z,2026-08-19
LVA,Latvia,2007,660,37,0,0,0,0,0,,0,unhcr_population,2025-12-31,2026-08-19T14:21:59Z,2026-08-19
LVA,Latvia,2008,765,24,0,0,0,0,0,,0,unhcr_population,2025-12-31,2026-08-19T14:21:59Z,2026-08-19
LVA,Latvia,2009,787,76,0,0,0,0,0,,0,unhcr_population,2025-12-31,2026-08-19T14:21:59Z,2026-08-19
LVA,Latvia,2010,712,177,0,0,0,0,0,,0,unhcr_population,2025-12-31,2026-08-19T14:21:59Z,2026-08-19
LVA,Latvia,2011,706,143,0,0,0,0,0,,0,unhcr_population,2025-12-31,2026-08-19T14:21:59Z,2026-08-19
LVA,Latvia,2012,662,94,0,0,0,0,0,,0,unhcr_population,2025-12-31,2026-08-19T14:21:59Z,2026-08-19
LVA,Latvia,2013,228,66,0,0,0,0,0,,0,unhcr_population,2025-12-31,2026-08-19T14:21:59Z,2026-08-19
LVA,Latvia,2014,206,57,0,0,0,0,0,,0,unhcr_population,2025-12-31,2026-08-19T14:21:59Z,2026-08-19
LVA,Latvia,2015,187,77,0,0,0,0,0,,0,unhcr_population,2025-12-31,2026-08-19T14:21:59Z,2026-08-19
LVA,Latvia,2016,165,96,0,0,0,0,0,,0,unhcr_population,2025-12-31,2026-08-19T14:21:59Z,2026-08-19
LVA,Latvia,2017,162,105,0,0,0,0,0,,0,unhcr_population,2025-12-31,2026-08-19T14:21:59Z,2026-08-19
LVA,Latvia,2018,152,103,0,0,0,0,0,,0,unhcr_population,2025-12-31,2026-08-19T14:21:59Z,2026-08-19
LVA,Latvia,2019,144,98,0,0,0,0,0,,0,unhcr_population,2025-12-31,2026-08-19T14:21:59Z,2026-08-19
LVA,Latvia,2020,143,92,0,0,0,0,0,,0,unhcr_population,2025-12-31,2026-08-19T14:21:59Z,2026-08-19
LVA,Latvia,2021,122,120,0,0,0,0,0,,0,unhcr_population,2025-12-31,2026-08-19T14:21:59Z,2026-08-19
LVA,Latvia,2022,112,172,0,0,0,0,0,,0,unhcr_population,2025-12-31,2026-08-19T14:21:59Z,2026-08-19
LVA,Latvia,2023,138,176,0,0,0,0,0,,0,unhcr_population,2025-12-31,2026-08-19T14:21:59Z,2026-08-19
LVA,Latvia,2024,179,166,0,0,0,0,0,,0,unhcr_population,2025-12-31,2026-08-19T14:21:59Z,2026-08-19
LVA,Latvia,2025,189,91,0,0,0,0,0,,0,unhcr_population,2025-12-31,2026-08-19T14:21:59Z,2026-08-19
MAC,"China, Macao SAR",2000,5,0,0,0,0,0,0,,0,unhcr_population,2025-12-31,2026-08-19T14:21:59Z,2026-08-19
MAC,"China, Macao SAR",2001,5,5,0,0,0,0,0,,0,unhcr_population,2025-12-31,2026-08-19T14:21:59Z,2026-08-19
MAC,"China, Macao SAR",2002,13,8,0,0,0,0,0,,0,unhcr_population,2025-12-31,2026-08-19T14:21:59Z,2026-08-19
MAC,"China, Macao SAR",2003,13,5,0,0,0,0,0,,0,unhcr_population,2025-12-31,2026-08-19T14:21:59Z,2026-08-19
MAC,"China, Macao SAR",2004,18,5,0,0,0,0,0,,0,unhcr_population,2025-12-31,2026-08-19T14:21:59Z,2026-08-19
MAC,"China, Macao SAR",2005,8,5,0,0,0,0,0,,0,unhcr_population,2025-12-31,2026-08-19T14:21:59Z,2026-08-19
MAC,"China, Macao SAR",2006,8,5,0,0,0,0,0,,0,unhcr_population,2025-12-31,2026-08-19T14:21:59Z,2026-08-19
MAC,"China, Macao SAR",2007,8,5,0,0,0,0,0,,0,unhcr_population,2025-12-31,2026-08-19T14:21:59Z,2026-08-19
MAC,"China, Macao SAR",2008,8,0,0,0,0,0,0,,0,unhcr_population,2025-12-31,2026-08-19T14:21:59Z,2026-08-19
MAC,"China, Macao SAR",2009,8,0,0,0,0,0,0,,0,unhcr_population,2025-12-31,2026-08-19T14:21:59Z,2026-08-19
MAC,"China, Macao SAR",2010,8,0,0,0,0,0,0,,0,unhcr_population,2025-12-31,2026-08-19T14:21:59Z,2026-08-19
MAC,"China, Macao SAR",2011,8,0,0,0,0,0,0,,0,unhcr_population,2025-12-31,2026-08-19T14:21:59Z,2026-08-19
MAC,"China, Macao SAR",2013,0,5,0,0,0,0,0,,0,unhcr_population,2025-12-31,2026-08-19T14:21:59Z,2026-08-19
MAC,"China, Macao SAR",2014,5,11,0,0,0,0,0,,0,unhcr_population,2025-12-31,2026-08-19T14:21:59Z,2026-08-19
MAC,"China, Macao SAR",2015,5,25,0,0,0,0,0,,0,unhcr_population,2025-12-31,2026-08-19T14:21:59Z,2026-08-19
MAC,"China, Macao SAR",2016,5,0,0,0,0,0,0,,0,unhcr_population,2025-12-31,2026-08-19T14:21:59Z,2026-08-19
MAC,"China, Macao SAR",2017,0,10,0,0,0,0,0,,0,unhcr_population,2025-12-31,2026-08-19T14:21:59Z,2026-08-19
MAC,"China, Macao SAR",2018,0,25,0,0,0,0,0,,0,unhcr_population,2025-12-31,2026-08-19T14:21:59Z,2026-08-19
MAC,"China, Macao SAR",2019,0,33,0,0,0,0,0,,0,unhcr_population,2025-12-31,2026-08-19T14:21:59Z,2026-08-19
MAC,"China, Macao SAR",2020,0,44,0,0,0,0,0,,0,unhcr_population,2025-12-31,2026-08-19T14:21:59Z,2026-08-19
MAC,"China, Macao SAR",2021,0,34,0,0,0,0,0,,0,unhcr_population,2025-12-31,2026-08-19T14:21:59Z,2026-08-19
MAC,"China, Macao SAR",2022,10,48,0,0,0,0,0,,0,unhcr_population,2025-12-31,2026-08-19T14:21:59Z,2026-08-19
MAC,"China, Macao SAR",2023,15,6,0,0,0,0,0,,0,unhcr_population,2025-12-31,2026-08-19T14:21:59Z,2026-08-19
MAC,"China, Macao SAR",2024,15,13,0,0,0,0,0,,0,unhcr_population,2025-12-31,2026-08-19T14:21:59Z,2026-08-19
MAC,"China, Macao SAR",2025,15,15,0,0,0,0,0,,0,unhcr_population,2025-12-31,2026-08-19T14:21:59Z,2026-08-19
MAR,Morocco,1988,5,0,0,0,0,0,0,,0,unhcr_population,2025-12-31,2026-08-19T14:21:59Z,2026-08-19
MAR,Morocco,1989,5,0,0,0,0,0,0,,0,unhcr_population,2025-12-31,2026-08-19T14:21:59Z,2026-08-19
MAR,Morocco,1990,14,0,0,0,0,0,0,,0,unhcr_population,2025-12-31,2026-08-19T14:21:59Z,2026-08-19
MAR,Morocco,1991,46,0,0,0,0,0,0,,0,unhcr_population,2025-12-31,2026-08-19T14:21:59Z,2026-08-19
MAR,Morocco,1992,92,0,0,0,0,0,0,,0,unhcr_population,2025-12-31,2026-08-19T14:21:59Z,2026-08-19
MAR,Morocco,1993,105,0,0,0,0,0,0,,0,unhcr_population,2025-12-31,2026-08-19T14:21:59Z,2026-08-19
MAR,Morocco,1994,179,0,0,0,0,0,0,,0,unhcr_population,2025-12-31,2026-08-19T14:21:59Z,2026-08-19
MAR,Morocco,1995,300,0,0,0,0,0,0,,0,unhcr_population,2025-12-31,2026-08-19T14:21:59Z,2026-08-19
MAR,Morocco,1996,302,0,0,0,0,0,0,,0,unhcr_population,2025-12-31,2026-08-19T14:21:59Z,2026-08-19
MAR,Morocco,1997,309,0,0,0,0,0,0,,0,unhcr_population,2025-12-31,2026-08-19T14:21:59Z,2026-08-19
MAR,Morocco,1998,351,0,0,0,0,0,0,,0,unhcr_population,2025-12-31,2026-08-19T14:21:59Z,2026-08-19
MAR,Morocco,1999,373,0,0,0,0,0,0,,0,unhcr_population,2025-12-31,2026-08-19T14:21:59Z,2026-08-19
MAR,Morocco,2000,394,183,0,0,0,0,0,,0,unhcr_population,2025-12-31,2026-08-19T14:21:59Z,2026-08-19
MAR,Morocco,2001,357,270,0,0,0,0,0,,0,unhcr_population,2025-12-31,2026-08-19T14:21:59Z,2026-08-19
MAR,Morocco,2002,1266,294,0,0,0,0,0,,0,unhcr_population,2025-12-31,2026-08-19T14:21:59Z,2026-08-19
MAR,Morocco,2003,1291,263,0,0,0,0,0,,0,unhcr_population,2025-12-31,2026-08-19T14:21:59Z,2026-08-19
MAR,Morocco,2004,1313,251,0,0,0,0,0,,0,unhcr_population,2025-12-31,2026-08-19T14:21:59Z,2026-08-19
MAR,Morocco,2005,2914,449,0,0,0,0,0,,0,unhcr_population,2025-12-31,2026-08-19T14:21:59Z,2026-08-19
MAR,Morocco,2006,4699,582,0,0,0,0,0,,0,unhcr_population,2025-12-31,2026-08-19T14:21:59Z,2026-08-19
MAR,Morocco,2007,4036,463,0,0,0,0,0,,0,unhcr_population,2025-12-31,2026-08-19T14:21:59Z,2026-08-19
MAR,Morocco,2008,3520,526,0,0,0,0,0,,0,unhcr_population,2025-12-31,2026-08-19T14:21:59Z,2026-08-19
MAR,Morocco,2009,2277,603,0,0,0,0,0,,0,unhcr_population,2025-12-31,2026-08-19T14:21:59Z,2026-08-19
MAR,Morocco,2010,2276,832,0,0,0,0,0,,0,unhcr_population,2025-12-31,2026-08-19T14:21:59Z,2026-08-19
MAR,Morocco,2011,2305,1134,0,0,0,0,0,,0,unhcr_population,2025-12-31,2026-08-19T14:21:59Z,2026-08-19
MAR,Morocco,2012,2394,1759,0,0,0,0,0,,0,unhcr_population,2025-12-31,2026-08-19T14:21:59Z,2026-08-19
MAR,Morocco,2013,1290,2864,0,0,15,0,0,,0,unhcr_population,2025-12-31,2026-08-19T14:21:59Z,2026-08-19
MAR,Morocco,2014,1523,3221,0,0,13,0,0,,0,unhcr_population,2025-12-31,2026-08-19T14:21:59Z,2026-08-19
MAR,Morocco,2015,1760,5575,0,0,11,0,0,,0,unhcr_population,2025-12-31,2026-08-19T14:21:59Z,2026-08-19
MAR,Morocco,2016,2240,7251,0,0,9,0,0,,0,unhcr_population,2025-12-31,2026-08-19T14:21:59Z,2026-08-19
MAR,Morocco,2017,3089,6853,0,0,15,0,0,,0,unhcr_population,2025-12-31,2026-08-19T14:21:59Z,2026-08-19
MAR,Morocco,2018,3873,8163,0,0,20,0,0,,0,unhcr_population,2025-12-31,2026-08-19T14:21:59Z,2026-08-19
MAR,Morocco,2019,4642,8322,0,0,260,0,0,,0,unhcr_population,2025-12-31,2026-08-19T14:21:59Z,2026-08-19
MAR,Morocco,2020,4467,8239,0,0,402,0,0,,0,unhcr_population,2025-12-31,2026-08-19T14:21:59Z,2026-08-19
MAR,Morocco,2021,5385,12632,0,0,99,0,0,,0,unhcr_population,2025-12-31,2026-08-19T14:21:59Z,2026-08-19
MAR,Morocco,2022,10435,18121,0,0,1369,0,0,,0,unhcr_population,2025-12-31,2026-08-19T14:21:59Z,2026-08-19
MAR,Morocco,2023,8827,17328,0,0,880,0,0,,0,unhcr_population,2025-12-31,2026-08-19T14:21:59Z,2026-08-19
MAR,Morocco,2024,10609,20302,0,0,231,23,0,,0,unhcr_population,2025-12-31,2026-08-19T14:21:59Z,2026-08-19
MAR,Morocco,2025,10400,22120,0,0,2832,5,0,,0,unhcr_population,2025-12-31,2026-08-19T14:21:59Z,2026-08-19
MCO,Monaco,2005,0,5,0,0,0,0,0,,0,unhcr_population,2025-12-31,2026-08-19T14:21:59Z,2026-08-19
MCO,Monaco,2006,0,5,0,0,0,0,0,,0,unhcr_population,2025-12-31,2026-08-19T14:21:59Z,2026-08-19
MCO,Monaco,2011,5,0,0,0,0,0,0,,0,unhcr_population,2025-12-31,2026-08-19T14:21:59Z,2026-08-19
MCO,Monaco,2012,5,0,0,0,0,0,0,,0,unhcr_population,2025-12-31,2026-08-19T14:21:59Z,2026-08-19
MCO,Monaco,2013,5,0,0,0,0,0,0,,0,unhcr_population,2025-12-31,2026-08-19T14:21:59Z,2026-08-19
MCO,Monaco,2014,5,6,0,0,0,0,0,,0,unhcr_population,2025-12-31,2026-08-19T14:21:59Z,2026-08-19
MCO,Monaco,2015,5,0,0,0,0,0,0,,0,unhcr_population,2025-12-31,2026-08-19T14:21:59Z,2026-08-19
MCO,Monaco,2016,5,0,0,0,0,0,0,,0,unhcr_population,2025-12-31,2026-08-19T14:21:59Z,2026-08-19
MCO,Monaco,2017,5,0,0,0,0,0,0,,0,unhcr_population,2025-12-31,2026-08-19T14:21:59Z,2026-08-19
MCO,Monaco,2018,5,0,0,0,0,0,0,,0,unhcr_population,2025-12-31,2026-08-19T14:21:59Z,2026-08-19
MCO,Monaco,2019,5,0,0,0,0,0,0,,0,unhcr_population,2025-12-31,2026-08-19T14:21:59Z,2026-08-19
MDA,Rep. of Moldova,1993,5,0,0,0,0,0,0,,0,unhcr_population,2025-12-31,2026-08-19T14:21:59Z,2026-08-19
MDA,Rep. of Moldova,1994,455,0,0,0,0,0,0,,0,unhcr_population,2025-12-31,2026-08-19T14:21:59Z,2026-08-19
MDA,Rep. of Moldova,1995,524,0,0,0,0,0,0,,0,unhcr_population,2025-12-31,2026-08-19T14:21:59Z,2026-08-19
MDA,Rep. of Moldova,1996,5826,0,0,0,0,0,0,,0,unhcr_population,2025-12-31,2026-08-19T14:21:59Z,2026-08-19
MDA,Rep. of Moldova,1997,5137,0,1278,0,0,0,0,,0,unhcr_population,2025-12-31,2026-08-19T14:21:59Z,2026-08-19
MDA,Rep. of Moldova,1998,2750,0,1278,0,417,0,0,,0,unhcr_population,2025-12-31,2026-08-19T14:21:59Z,2026-08-19
MDA,Rep. of Moldova,1999,2405,0,8080,0,0,0,0,,0,unhcr_population,2025-12-31,2026-08-19T14:21:59Z,2026-08-19
MDA,Rep. of Moldova,2000,2650,866,8080,0,0,0,0,,0,unhcr_population,2025-12-31,2026-08-19T14:21:59Z,2026-08-19
MDA,Rep. of Moldova,2001,3731,2151,1000,0,0,0,0,,0,unhcr_population,2025-12-31,2026-08-19T14:21:59Z,2026-08-19
MDA,Rep. of Moldova,2002,10121,1520,1000,0,0,0,0,,0,unhcr_population,2025-12-31,2026-08-19T14:21:59Z,2026-08-19
MDA,Rep. of Moldova,2003,11141,978,0,0,0,0,0,,0,unhcr_population,2025-12-31,2026-08-19T14:21:59Z,2026-08-19
MDA,Rep. of Moldova,2004,11936,615,0,0,0,0,0,,0,unhcr_population,2025-12-31,2026-08-19T14:21:59Z,2026-08-19
MDA,Rep. of Moldova,2005,12065,569,0,0,0,0,0,,0,unhcr_population,2025-12-31,2026-08-19T14:21:59Z,2026-08-19
MDA,Rep. of Moldova,2006,11680,1272,0,0,0,0,0,,0,unhcr_population,2025-12-31,2026-08-19T14:21:59Z,2026-08-19
MDA,Rep. of Moldova,2007,4913,909,0,0,0,0,0,,0,unhcr_population,2025-12-31,2026-08-19T14:21:59Z,2026-08-19
MDA,Rep. of Moldova,2008,5551,879,0,0,0,0,0,,0,unhcr_population,2025-12-31,2026-08-19T14:21:59Z,2026-08-19
MDA,Rep. of Moldova,2009,5928,734,0,0,0,0,0,,0,unhcr_population,2025-12-31,2026-08-19T14:21:59Z,2026-08-19
MDA,Rep. of Moldova,2010,6204,635,0,0,0,0,0,,0,unhcr_population,2025-12-31,2026-08-19T14:21:59Z,2026-08-19
MDA,Rep. of Moldova,2011,6261,457,0,0,0,0,0,,0,unhcr_population,2025-12-31,2026-08-19T14:21:59Z,2026-08-19
MDA,Rep. of Moldova,2012,6148,430,0,0,0,0,0,,0,unhcr_population,2025-12-31,2026-08-19T14:21:59Z,2026-08-19
MDA,Rep. of Moldova,2013,2210,877,0,0,0,0,0,,0,unhcr_population,2025-12-31,2026-08-19T14:21:59Z,2026-08-19
MDA,Rep. of Moldova,2014,2230,1440,0,0,0,0,0,,0,unhcr_population,2025-12-31,2026-08-19T14:21:59Z,2026-08-19
MDA,Rep. of Moldova,2015,2289,3437,0,0,0,0,0,,0,unhcr_population,2025-12-31,2026-08-19T14:21:59Z,2026-08-19
MDA,Rep. of Moldova,2016,2316,4354,0,0,0,0,0,,0,unhcr_population,2025-12-31,2026-08-19T14:21:59Z,2026-08-19
MDA,Rep. of Moldova,2017,2339,3418,0,0,0,0,0,,0,unhcr_population,2025-12-31,2026-08-19T14:21:59Z,2026-08-19
MDA,Rep. of Moldova,2018,2397,4537,0,0,0,0,0,,0,unhcr_population,2025-12-31,2026-08-19T14:21:59Z,2026-08-19
MDA,Rep. of Moldova,2019,2427,5653,0,0,0,0,0,,0,unhcr_population,2025-12-31,2026-08-19T14:21:59Z,2026-08-19
MDA,Rep. of Moldova,2020,2206,5510,0,0,0,0,0,,0,unhcr_population,2025-12-31,2026-08-19T14:21:59Z,2026-08-19
MDA,Rep. of Moldova,2021,2190,6881,0,0,0,0,0,,0,unhcr_population,2025-12-31,2026-08-19T14:21:59Z,2026-08-19
MDA,Rep. of Moldova,2022,4799,7006,0,0,5,0,0,,0,unhcr_population,2025-12-31,2026-08-19T14:21:59Z,2026-08-19
MDA,Rep. of Moldova,2023,5343,6410,0,0,5,0,0,,0,unhcr_population,2025-12-31,2026-08-19T14:21:59Z,2026-08-19
MDA,Rep. of Moldova,2024,6236,5882,0,0,5,18,0,,0,unhcr_population,2025-12-31,2026-08-19T14:21:59Z,2026-08-19
MDA,Rep. of Moldova,2025,5846,3022,0,0,5,5,0,,0,unhcr_population,2025-12-31,2026-08-19T14:21:59Z,2026-08-19
MDG,Madagascar,1995,77,0,0,0,0,0,0,,0,unhcr_population,2025-12-31,2026-08-19T14:21:59Z,2026-08-19
MDG,Madagascar,1996,76,0,0,0,0,0,0,,0,unhcr_population,2025-12-31,2026-08-19T14:21:59Z,2026-08-19
MDG,Madagascar,1997,74,0,0,0,0,0,0,,0,unhcr_population,2025-12-31,2026-08-19T14:21:59Z,2026-08-19
MDG,Madagascar,1998,66,0,0,0,0,0,0,,0,unhcr_population,2025-12-31,2026-08-19T14:21:59Z,2026-08-19
MDG,Madagascar,1999,53,0,0,0,0,0,0,,0,unhcr_population,2025-12-31,2026-08-19T14:21:59Z,2026-08-19
MDG,Madagascar,2000,51,15,0,0,0,0,0,,0,unhcr_population,2025-12-31,2026-08-19T14:21:59Z,2026-08-19
MDG,Madagascar,2001,36,5,0,0,0,0,0,,0,unhcr_population,2025-12-31,2026-08-19T14:21:59Z,2026-08-19
MDG,Madagascar,2002,52,15,0,0,0,0,0,,0,unhcr_population,2025-12-31,2026-08-19T14:21:59Z,2026-08-19
MDG,Madagascar,2003,86,29,0,0,0,0,0,,0,unhcr_population,2025-12-31,2026-08-19T14:21:59Z,2026-08-19
MDG,Madagascar,2004,132,14,0,0,0,0,0,,0,unhcr_population,2025-12-31,2026-08-19T14:21:59Z,2026-08-19
MDG,Madagascar,2005,201,15,0,0,0,0,0,,0,unhcr_population,2025-12-31,2026-08-19T14:21:59Z,2026-08-19
MDG,Madagascar,2006,258,22,0,0,0,0,0,,0,unhcr_population,2025-12-31,2026-08-19T14:21:59Z,2026-08-19
MDG,Madagascar,2007,282,5,0,0,0,0,0,,0,unhcr_population,2025-12-31,2026-08-19T14:21:59Z,2026-08-19
MDG,Madagascar,2008,278,20,0,0,0,0,0,,0,unhcr_population,2025-12-31,2026-08-19T14:21:59Z,2026-08-19
MDG,Madagascar,2009,271,31,0,0,0,0,0,,0,unhcr_population,2025-12-31,2026-08-19T14:21:59Z,2026-08-19
MDG,Madagascar,2010,266,18,0,0,0,0,0,,0,unhcr_population,2025-12-31,2026-08-19T14:21:59Z,2026-08-19
MDG,Madagascar,2011,287,11,0,0,0,0,0,,0,unhcr_population,2025-12-31,2026-08-19T14:21:59Z,2026-08-19
MDG,Madagascar,2012,299,27,0,0,0,0,0,,0,unhcr_population,2025-12-31,2026-08-19T14:21:59Z,2026-08-19
MDG,Madagascar,2013,298,168,0,0,0,0,0,,0,unhcr_population,2025-12-31,2026-08-19T14:21:59Z,2026-08-19
MDG,Madagascar,2014,279,200,0,0,5,0,0,,0,unhcr_population,2025-12-31,2026-08-19T14:21:59Z,2026-08-19
MDG,Madagascar,2015,285,166,0,0,5,0,0,,0,unhcr_population,2025-12-31,2026-08-19T14:21:59Z,2026-08-19
MDG,Madagascar,2016,292,53,0,0,5,0,0,,0,unhcr_population,2025-12-31,2026-08-19T14:21:59Z,2026-08-19
MDG,Madagascar,2017,292,73,0,0,5,0,0,,0,unhcr_population,2025-12-31,2026-08-19T14:21:59Z,2026-08-19
MDG,Madagascar,2018,298,111,0,0,0,0,0,,0,unhcr_population,2025-12-31,2026-08-19T14:21:59Z,2026-08-19
MDG,Madagascar,2019,298,264,0,0,0,0,0,,0,unhcr_population,2025-12-31,2026-08-19T14:21:59Z,2026-08-19
MDG,Madagascar,2020,268,338,0,0,0,0,0,,0,unhcr_population,2025-12-31,2026-08-19T14:21:59Z,2026-08-19
MDG,Madagascar,2021,425,373,0,0,10,0,0,,0,unhcr_population,2025-12-31,2026-08-19T14:21:59Z,2026-08-19
MDG,Madagascar,2022,494,567,0,0,18,0,0,,0,unhcr_population,2025-12-31,2026-08-19T14:21:59Z,2026-08-19
MDG,Madagascar,2023,558,276,0,0,26,0,0,,0,unhcr_population,2025-12-31,2026-08-19T14:21:59Z,2026-08-19
MDG,Madagascar,2024,604,295,0,0,29,0,0,,0,unhcr_population,2025-12-31,2026-08-19T14:21:59Z,2026-08-19
MDG,Madagascar,2025,637,362,0,0,35,0,0,,0,unhcr_population,2025-12-31,2026-08-19T14:21:59Z,2026-08-19
MDV,Maldives,2004,0,5,0,0,0,0,0,,0,unhcr_population,2025-12-31,2026-08-19T14:21:59Z,2026-08-19
MDV,Maldives,2005,10,0,0,0,0,0,0,,0,unhcr_population,2025-12-31,2026-08-19T14:21:59Z,2026-08-19
MDV,Maldives,2006,15,0,0,0,0,0,0,,0,unhcr_population,2025-12-31,2026-08-19T14:21:59Z,2026-08-19
MDV,Maldives,2007,15,0,0,0,0,0,0,,0,unhcr_population,2025-12-31,2026-08-19T14:21:59Z,2026-08-19
MDV,Maldives,2008,15,0,0,0,0,0,0,,0,unhcr_population,2025-12-31,2026-08-19T14:21:59Z,2026-08-19
MDV,Maldives,2009,15,0,0,0,0,0,0,,0,unhcr_population,2025-12-31,2026-08-19T14:21:59Z,2026-08-19
MDV,Maldives,2010,16,0,0,0,0,0,0,,0,unhcr_population,2025-12-31,2026-08-19T14:21:59Z,2026-08-19
MDV,Maldives,2011,21,0,0,0,0,0,0,,0,unhcr_population,2025-12-31,2026-08-19T14:21:59Z,2026-08-19
MDV,Maldives,2012,22,31,0,0,0,0,0,,0,unhcr_population,2025-12-31,2026-08-19T14:21:59Z,2026-08-19
MDV,Maldives,2013,30,24,0,0,0,0,0,,0,unhcr_population,2025-12-31,2026-08-19T14:21:59Z,2026-08-19
MDV,Maldives,2014,32,5,0,0,0,0,0,,0,unhcr_population,2025-12-31,2026-08-19T14:21:59Z,2026-08-19
MDV,Maldives,2015,39,28,0,0,0,0,0,,0,unhcr_population,2025-12-31,2026-08-19T14:21:59Z,2026-08-19
MDV,Maldives,2016,58,35,0,0,0,0,0,,0,unhcr_population,2025-12-31,2026-08-19T14:21:59Z,2026-08-19
MDV,Maldives,2017,64,34,0,0,0,0,0,,0,unhcr_population,2025-12-31,2026-08-19T14:21:59Z,2026-08-19
MDV,Maldives,2018,74,35,0,0,0,0,0,,0,unhcr_population,2025-12-31,2026-08-19T14:21:59Z,2026-08-19
MDV,Maldives,2019,75,11,0,0,0,0,0,,0,unhcr_population,2025-12-31,2026-08-19T14:21:59Z,2026-08-19
MDV,Maldives,2020,78,23,0,0,0,0,0,,0,unhcr_population,2025-12-31,2026-08-19T14:21:59Z,2026-08-19
MDV,Maldives,2021,80,21,0,0,0,0,0,,0,unhcr_population,2025-12-31,2026-08-19T14:21:59Z,2026-08-19
MDV,Maldives,2022,82,22,0,0,0,0,0,,0,unhcr_population,2025-12-31,2026-08-19T14:21:59Z,2026-08-19
MDV,Maldives,2023,70,27,0,0,0,0,0,,0,unhcr_population,2025-12-31,2026-08-19T14:21:59Z,2026-08-19
MDV,Maldives,2024,76,31,0,0,0,0,0,,0,unhcr_population,2025-12-31,2026-08-19T14:21:59Z,2026-08-19
MDV,Maldives,2025,62,19,0,0,0,0,0,,0,unhcr_population,2025-12-31,2026-08-19T14:21:59Z,2026-08-19
MEX,Mexico,1994,248,0,0,0,0,0,0,,0,unhcr_population,2025-12-31,2026-08-19T14:21:59Z,2026-08-19
MEX,Mexico,1995,361,0,0,0,0,0,0,,0,unhcr_population,2025-12-31,2026-08-19T14:21:59Z,2026-08-19
MEX,Mexico,1996,520,0,0,0,0,0,0,,0,unhcr_population,2025-12-31,2026-08-19T14:21:59Z,2026-08-19
MEX,Mexico,1997,663,0,0,0,0,0,0,,0,unhcr_population,2025-12-31,2026-08-19T14:21:59Z,2026-08-19
MEX,Mexico,1998,1011,0,0,0,0,0,0,,0,unhcr_population,2025-12-31,2026-08-19T14:21:59Z,2026-08-19
MEX,Mexico,1999,1358,0,0,0,0,0,0,,0,unhcr_population,2025-12-31,2026-08-19T14:21:59Z,2026-08-19
MEX,Mexico,2000,1288,13058,0,0,0,5,0,,0,unhcr_population,2025-12-31,2026-08-19T14:21:59Z,2026-08-19
MEX,Mexico,2001,1592,22473,0,0,0,0,0,,0,unhcr_population,2025-12-31,2026-08-19T14:21:59Z,2026-08-19
MEX,Mexico,2002,1668,30872,0,0,0,0,0,,0,unhcr_population,2025-12-31,2026-08-19T14:21:59Z,2026-08-19
MEX,Mexico,2003,1650,26460,0,0,0,0,0,,0,unhcr_population,2025-12-31,2026-08-19T14:21:59Z,2026-08-19
MEX,Mexico,2004,1740,18831,0,0,0,0,0,,0,unhcr_population,2025-12-31,2026-08-19T14:21:59Z,2026-08-19
MEX,Mexico,2005,2309,12614,0,0,0,0,0,,0,unhcr_population,2025-12-31,2026-08-19T14:21:59Z,2026-08-19
MEX,Mexico,2006,3301,11816,0,0,0,0,0,,0,unhcr_population,2025-12-31,2026-08-19T14:21:59Z,2026-08-19
MEX,Mexico,2007,5568,14761,0,0,0,0,0,,0,unhcr_population,2025-12-31,2026-08-19T14:21:59Z,2026-08-19
MEX,Mexico,2008,6160,17435,0,0,0,0,0,,0,unhcr_population,2025-12-31,2026-08-19T14:21:59Z,2026-08-19
MEX,Mexico,2009,6433,20402,0,0,0,0,0,,0,unhcr_population,2025-12-31,2026-08-19T14:21:59Z,2026-08-19
MEX,Mexico,2010,6809,9956,0,0,0,0,0,,0,unhcr_population,2025-12-31,2026-08-19T14:21:59Z,2026-08-19
MEX,Mexico,2011,7471,5328,0,0,0,0,0,,0,unhcr_population,2025-12-31,2026-08-19T14:21:59Z,2026-08-19
MEX,Mexico,2012,8438,3605,0,0,0,0,0,,0,unhcr_population,2025-12-31,2026-08-19T14:21:59Z,2026-08-19
MEX,Mexico,2013,9396,12267,0,0,0,0,0,,0,unhcr_population,2025-12-31,2026-08-19T14:21:59Z,2026-08-19
MEX,Mexico,2014,10672,29351,0,0,0,0,0,,0,unhcr_population,2025-12-31,2026-08-19T14:21:59Z,2026-08-19
MEX,Mexico,2015,11340,46250,0,0,0,0,0,,0,unhcr_population,2025-12-31,2026-08-19T14:21:59Z,2026-08-19
MEX,Mexico,2016,10387,64256,0,0,0,0,0,,0,unhcr_population,2025-12-31,2026-08-19T14:21:59Z,2026-08-19
MEX,Mexico,2017,11679,85078,0,0,0,0,0,,0,unhcr_population,2025-12-31,2026-08-19T14:21:59Z,2026-08-19
MEX,Mexico,2018,12870,89794,0,0,0,0,0,,0,unhcr_population,2025-12-31,2026-08-19T14:21:59Z,2026-08-19
MEX,Mexico,2019,14621,101654,0,0,0,0,0,,0,unhcr_population,2025-12-31,2026-08-19T14:21:59Z,2026-08-19
MEX,Mexico,2020,15398,111728,0,0,0,0,0,,0,unhcr_population,2025-12-31,2026-08-19T14:21:59Z,2026-08-19
MEX,Mexico,2021,16403,117936,0,0,0,0,0,,0,unhcr_population,2025-12-31,2026-08-19T14:21:59Z,2026-08-19
MEX,Mexico,2022,17635,126428,262411,0,5,0,0,,0,unhcr_population,2025-12-31,2026-08-19T14:21:59Z,2026-08-19
MEX,Mexico,2023,21869,156309,262411,0,5,0,0,,0,unhcr_population,2025-12-31,2026-08-19T14:21:59Z,2026-08-19
MEX,Mexico,2024,39241,204729,262411,0,0,5,0,,0,unhcr_population,2025-12-31,2026-08-19T14:21:59Z,2026-08-19
MEX,Mexico,2025,41307,236810,262411,0,0,0,0,,0,unhcr_population,2025-12-31,2026-08-19T14:21:59Z,2026-08-19
MHL,Marshall Islands,2013,5,5,0,0,0,0,0,,0,unhcr_population,2025-12-31,2026-08-19T14:21:59Z,2026-08-19
MHL,Marshall Islands,2014,5,6,0,0,0,0,0,,0,unhcr_population,2025-12-31,2026-08-19T14:21:59Z,2026-08-19
MHL,Marshall Islands,2015,5,6,0,0,0,0,0,,0,unhcr_population,2025-12-31,2026-08-19T14:21:59Z,2026-08-19
MHL,Marshall Islands,2016,5,0,0,0,0,0,0,,0,unhcr_population,2025-12-31,2026-08-19T14:21:59Z,2026-08-19
MHL,Marshall Islands,2017,7,0,0,0,0,0,0,,0,unhcr_population,2025-12-31,2026-08-19T14:21:59Z,2026-08-19
MHL,Marshall Islands,2018,7,0,0,0,0,0,0,,0,unhcr_population,2025-12-31,2026-08-19T14:21:59Z,2026-08-19
MHL,Marshall Islands,2019,7,0,0,0,0,0,0,,0,unhcr_population,2025-12-31,2026-08-19T14:21:59Z,2026-08-19
MHL,Marshall Islands,2020,7,50,0,0,0,0,0,,0,unhcr_population,2025-12-31,2026-08-19T14:21:59Z,2026-08-19
MHL,Marshall Islands,2021,7,0,0,0,0,0,0,,0,unhcr_population,2025-12-31,2026-08-19T14:21:59Z,2026-08-19
MHL,Marshall Islands,2023,0,5,0,0,0,0,0,,0,unhcr_population,2025-12-31,2026-08-19T14:21:59Z,2026-08-19
MHL,Marshall Islands,2024,0,10,0,0,0,0,0,,0,unhcr_population,2025-12-31,2026-08-19T14:21:59Z,2026-08-19
MHL,Marshall Islands,2025,0,16,0,0,0,0,0,,0,unhcr_population,2025-12-31,2026-08-19T14:21:59Z,2026-08-19
MKD,North Macedonia,1993,1895,0,0,0,0,0,0,,0,unhcr_population,2025-12-31,2026-08-19T14:21:59Z,2026-08-19
MKD,North Macedonia,1994,346,0,0,0,0,0,0,,0,unhcr_population,2025-12-31,2026-08-19T14:21:59Z,2026-08-19
MKD,North Macedonia,1995,12881,0,0,0,0,0,0,,0,unhcr_population,2025-12-31,2026-08-19T14:21:59Z,2026-08-19
MKD,North Macedonia,1996,13039,0,0,0,0,0,0,,0,unhcr_population,2025-12-31,2026-08-19T14:21:59Z,2026-08-19
MKD,North Macedonia,1997,12742,0,0,0,0,0,0,,0,unhcr_population,2025-12-31,2026-08-19T14:21:59Z,2026-08-19
MKD,North Macedonia,1998,1934,0,0,0,0,0,0,,0,unhcr_population,2025-12-31,2026-08-19T14:21:59Z,2026-08-19
MKD,North Macedonia,1999,2091,0,0,0,0,0,0,,0,unhcr_population,2025-12-31,2026-08-19T14:21:59Z,2026-08-19
MKD,North Macedonia,2000,2175,505,0,0,0,0,0,,0,unhcr_population,2025-12-31,2026-08-19T14:21:59Z,2026-08-19
MKD,North Macedonia,2001,12192,2225,16371,0,0,90012,58153,,0,unhcr_population,2025-12-31,2026-08-19T14:21:59Z,2026-08-19
MKD,North Macedonia,2002,8102,2120,9442,0,0,10767,6929,,0,unhcr_population,2025-12-31,2026-08-19T14:21:59Z,2026-08-19
MKD,North Macedonia,2003,5981,1171,0,0,0,2200,6764,,0,unhcr_population,2025-12-31,2026-08-19T14:21:59Z,2026-08-19
MKD,North Macedonia,2004,5106,695,0,0,0,725,0,,0,unhcr_population,2025-12-31,2026-08-19T14:21:59Z,2026-08-19
MKD,North Macedonia,2005,8603,702,0,0,0,0,0,,0,unhcr_population,2025-12-31,2026-08-19T14:21:59Z,2026-08-19
MKD,North Macedonia,2006,7937,1604,0,0,0,176,0,,0,unhcr_population,2025-12-31,2026-08-19T14:21:59Z,2026-08-19
MKD,North Macedonia,2007,8072,1102,0,0,0,0,0,,0,unhcr_population,2025-12-31,2026-08-19T14:21:59Z,2026-08-19
MKD,North Macedonia,2008,7513,1074,0,0,0,0,0,,0,unhcr_population,2025-12-31,2026-08-19T14:21:59Z,2026-08-19
MKD,North Macedonia,2009,7921,868,0,0,0,0,0,,0,unhcr_population,2025-12-31,2026-08-19T14:21:59Z,2026-08-19
MKD,North Macedonia,2010,7880,2842,0,0,0,0,0,,0,unhcr_population,2025-12-31,2026-08-19T14:21:59Z,2026-08-19
MKD,North Macedonia,2011,7677,2262,0,0,0,0,0,,0,unhcr_population,2025-12-31,2026-08-19T14:21:59Z,2026-08-19
MKD,North Macedonia,2012,7582,4644,0,0,43,0,0,,0,unhcr_population,2025-12-31,2026-08-19T14:21:59Z,2026-08-19
MKD,North Macedonia,2013,1622,6681,0,0,7,0,0,,0,unhcr_population,2025-12-31,2026-08-19T14:21:59Z,2026-08-19
MKD,North Macedonia,2014,1752,7788,0,0,0,0,0,,0,unhcr_population,2025-12-31,2026-08-19T14:21:59Z,2026-08-19
MKD,North Macedonia,2015,1769,14609,0,0,0,0,0,,0,unhcr_population,2025-12-31,2026-08-19T14:21:59Z,2026-08-19
MKD,North Macedonia,2016,1730,7054,0,0,0,0,0,,0,unhcr_population,2025-12-31,2026-08-19T14:21:59Z,2026-08-19
MKD,North Macedonia,2017,1653,4038,0,0,0,0,0,,0,unhcr_population,2025-12-31,2026-08-19T14:21:59Z,2026-08-19
MKD,North Macedonia,2018,1721,3228,0,0,0,0,0,,0,unhcr_population,2025-12-31,2026-08-19T14:21:59Z,2026-08-19
MKD,North Macedonia,2019,1784,2526,0,0,0,0,0,,0,unhcr_population,2025-12-31,2026-08-19T14:21:59Z,2026-08-19
MKD,North Macedonia,2020,1576,1715,0,0,10,0,0,,0,unhcr_population,2025-12-31,2026-08-19T14:21:59Z,2026-08-19
MKD,North Macedonia,2021,1842,3982,116,0,5,0,0,,0,unhcr_population,2025-12-31,2026-08-19T14:21:59Z,2026-08-19
MKD,North Macedonia,2022,1862,5185,0,0,5,0,0,,0,unhcr_population,2025-12-31,2026-08-19T14:21:59Z,2026-08-19
MKD,North Macedonia,2023,1938,4689,0,0,5,0,0,,0,unhcr_population,2025-12-31,2026-08-19T14:21:59Z,2026-08-19
MKD,North Macedonia,2024,2013,2468,0,0,5,47,0,,0,unhcr_population,2025-12-31,2026-08-19T14:21:59Z,2026-08-19
MKD,North Macedonia,2025,1886,1332,0,0,11,0,0,,0,unhcr_population,2025-12-31,2026-08-19T14:21:59Z,2026-08-19
MLI,Mali,1991,14705,0,0,0,0,0,0,,0,unhcr_population,2025-12-31,2026-08-19T14:21:59Z,2026-08-19
MLI,Mali,1992,71190,0,0,0,0,0,0,,0,unhcr_population,2025-12-31,2026-08-19T14:21:59Z,2026-08-19
MLI,Mali,1993,98575,0,0,0,0,0,0,,0,unhcr_population,2025-12-31,2026-08-19T14:21:59Z,2026-08-19
MLI,Mali,1994,172903,0,3000,0,0,0,0,,0,unhcr_population,2025-12-31,2026-08-19T14:21:59Z,2026-08-19
MLI,Mali,1995,77218,0,0,0,0,39022,0,,0,unhcr_population,2025-12-31,2026-08-19T14:21:59Z,2026-08-19
MLI,Mali,1996,55192,0,0,0,0,21978,0,,0,unhcr_population,2025-12-31,2026-08-19T14:21:59Z,2026-08-19
MLI,Mali,1997,18014,0,0,0,0,34496,0,,0,unhcr_population,2025-12-31,2026-08-19T14:21:59Z,2026-08-19
MLI,Mali,1998,3699,0,0,0,3500,26889,0,,0,unhcr_population,2025-12-31,2026-08-19T14:21:59Z,2026-08-19
MLI,Mali,1999,381,0,0,0,3500,5046,0,,0,unhcr_population,2025-12-31,2026-08-19T14:21:59Z,2026-08-19
MLI,Mali,2000,364,185,0,0,3500,5,0,,0,unhcr_population,2025-12-31,2026-08-19T14:21:59Z,2026-08-19
MLI,Mali,2001,311,367,0,0,3500,0,0,,0,unhcr_population,2025-12-31,2026-08-19T14:21:59Z,2026-08-19
MLI,Mali,2002,525,314,0,0,3500,0,0,,0,unhcr_population,2025-12-31,2026-08-19T14:21:59Z,2026-08-19
MLI,Mali,2003,456,222,0,0,3500,0,0,,0,unhcr_population,2025-12-31,2026-08-19T14:21:59Z,2026-08-19
MLI,Mali,2004,476,191,0,0,3500,0,0,,0,unhcr_population,2025-12-31,2026-08-19T14:21:59Z,2026-08-19
MLI,Mali,2005,512,339,0,0,3500,0,0,,0,unhcr_population,2025-12-31,2026-08-19T14:21:59Z,2026-08-19
MLI,Mali,2006,586,411,0,0,3500,0,0,,0,unhcr_population,2025-12-31,2026-08-19T14:21:59Z,2026-08-19
MLI,Mali,2007,4489,625,0,0,0,0,0,,0,unhcr_population,2025-12-31,2026-08-19T14:21:59Z,2026-08-19
MLI,Mali,2008,1751,738,0,0,0,0,0,,0,unhcr_population,2025-12-31,2026-08-19T14:21:59Z,2026-08-19
MLI,Mali,2009,2927,759,0,0,0,0,0,,0,unhcr_population,2025-12-31,2026-08-19T14:21:59Z,2026-08-19
MLI,Mali,2010,3659,385,0,0,0,0,0,,0,unhcr_population,2025-12-31,2026-08-19T14:21:59Z,2026-08-19
MLI,Mali,2011,4289,389,0,0,0,0,0,,0,unhcr_population,2025-12-31,2026-08-19T14:21:59Z,2026-08-19
MLI,Mali,2012,149930,1849,227930,0,0,28,0,,0,unhcr_population,2025-12-31,2026-08-19T14:21:59Z,2026-08-19
MLI,Mali,2013,152812,6529,254822,0,0,14278,42253,,0,unhcr_population,2025-12-31,2026-08-19T14:21:59Z,2026-08-19
MLI,Mali,2014,139249,12230,99816,0,0,20959,155006,,0,unhcr_population,2025-12-31,2026-08-19T14:21:59Z,2026-08-19
MLI,Mali,2015,154202,9874,61920,0,31,4088,53551,,0,unhcr_population,2025-12-31,2026-08-19T14:21:59Z,2026-08-19
MLI,Mali,2016,156415,9702,36690,0,23,9757,35986,,0,unhcr_population,2025-12-31,2026-08-19T14:21:59Z,2026-08-19
MLI,Mali,2017,150305,15086,38172,0,366,5075,23240,,0,unhcr_population,2025-12-31,2026-08-19T14:21:59Z,2026-08-19
MLI,Mali,2018,158267,10891,120298,0,0,6676,0,,0,unhcr_population,2025-12-31,2026-08-19T14:21:59Z,2026-08-19
MLI,Mali,2019,164466,8582,207751,0,5,5249,35101,,0,unhcr_population,2025-12-31,2026-08-19T14:21:59Z,2026-08-19
MLI,Mali,2020,164588,11131,332957,0,5,6232,20473,,0,unhcr_population,2025-12-31,2026-08-19T14:21:59Z,2026-08-19
MLI,Mali,2021,183392,24287,350110,0,26,1731,76926,,0,unhcr_population,2025-12-31,2026-08-19T14:21:59Z,2026-08-19
MLI,Mali,2022,225726,12360,379932,0,10,645,64642,,0,unhcr_population,2025-12-31,2026-08-19T14:21:59Z,2026-08-19
MLI,Mali,2023,249046,14117,354739,0,10,574,79763,,0,unhcr_population,2025-12-31,2026-08-19T14:21:59Z,2026-08-19
MLI,Mali,2024,354075,18463,360591,0,19,3035,51546,,0,unhcr_population,2025-12-31,2026-08-19T14:21:59Z,2026-08-19
MLI,Mali,2025,519738,23629,414524,0,157,1043,153133,,0,unhcr_population,2025-12-31,2026-08-19T14:21:59Z,2026-08-19
MLT,Malta,1994,7,0,0,0,0,0,0,,0,unhcr_population,2025-12-31,2026-08-19T14:21:59Z,2026-08-19
MLT,Malta,1995,13,0,0,0,0,0,0,,0,unhcr_population,2025-12-31,2026-08-19T14:21:59Z,2026-08-19
MLT,Malta,1996,18,0,0,0,0,0,0,,0,unhcr_population,2025-12-31,2026-08-19T14:21:59Z,2026-08-19
MLT,Malta,1997,14,0,0,0,0,0,0,,0,unhcr_population,2025-12-31,2026-08-19T14:21:59Z,2026-08-19
MLT,Malta,1998,15,0,0,0,0,0,0,,0,unhcr_population,2025-12-31,2026-08-19T14:21:59Z,2026-08-19
MLT,Malta,1999,23,0,0,0,0,0,0,,0,unhcr_population,2025-12-31,2026-08-19T14:21:59Z,2026-08-19
MLT,Malta,2000,17,5,0,0,0,0,0,,0,unhcr_population,2025-12-31,2026-08-19T14:21:59Z,2026-08-19
MLT,Malta,2001,7,5,0,0,0,0,0,,0,unhcr_population,2025-12-31,2026-08-19T14:21:59Z,2026-08-19
MLT,Malta,2002,7,5,0,0,0,0,0,,0,unhcr_population,2025-12-31,2026-08-19T14:21:59Z,2026-08-19
MLT,Malta,2003,6,8,0,0,0,0,0,,0,unhcr_population,2025-12-31,2026-08-19T14:21:59Z,2026-08-19
MLT,Malta,2004,0,5,0,0,0,0,0,,0,unhcr_population,2025-12-31,2026-08-19T14:21:59Z,2026-08-19
MLT,Malta,2006,25,5,0,0,0,0,0,,0,unhcr_population,2025-12-31,2026-08-19T14:21:59Z,2026-08-19
MLT,Malta,2007,10,0,0,0,0,0,0,,0,unhcr_population,2025-12-31,2026-08-19T14:21:59Z,2026-08-19
MLT,Malta,2008,10,0,0,0,0,0,0,,0,unhcr_population,2025-12-31,2026-08-19T14:21:59Z,2026-08-19
MLT,Malta,2009,10,0,0,0,0,0,0,,0,unhcr_population,2025-12-31,2026-08-19T14:21:59Z,2026-08-19
MLT,Malta,2010,5,0,0,0,0,0,0,,0,unhcr_population,2025-12-31,2026-08-19T14:21:59Z,2026-08-19
MLT,Malta,2011,5,0,0,0,0,0,0,,0,unhcr_population,2025-12-31,2026-08-19T14:21:59Z,2026-08-19
MLT,Malta,2012,5,0,0,0,0,0,0,,0,unhcr_population,2025-12-31,2026-08-19T14:21:59Z,2026-08-19
MLT,Malta,2013,5,0,0,0,0,0,0,,0,unhcr_population,2025-12-31,2026-08-19T14:21:59Z,2026-08-19
MLT,Malta,2015,0,5,0,0,0,0,0,,0,unhcr_population,2025-12-31,2026-08-19T14:21:59Z,2026-08-19
MLT,Malta,2017,0,5,0,0,0,0,0,,0,unhcr_population,2025-12-31,2026-08-19T14:21:59Z,2026-08-19
MLT,Malta,2018,5,10,0,0,0,0,0,,0,unhcr_population,2025-12-31,2026-08-19T14:21:59Z,2026-08-19
MLT,Malta,2019,5,15,0,0,0,0,0,,0,unhcr_population,2025-12-31,2026-08-19T14:21:59Z,2026-08-19
MLT,Malta,2020,5,10,0,0,0,0,0,,0,unhcr_population,2025-12-31,2026-08-19T14:21:59Z,2026-08-19
MLT,Malta,2021,7,5,0,0,0,0,0,,0,unhcr_population,2025-12-31,2026-08-19T14:21:59Z,2026-08-19
MLT,Malta,2022,0,10,0,0,0,0,0,,0,unhcr_population,2025-12-31,2026-08-19T14:21:59Z,2026-08-19
MLT,Malta,2023,0,6,0,0,0,0,0,,0,unhcr_population,2025-12-31,2026-08-19T14:21:59Z,2026-08-19
MLT,Malta,2024,10,10,0,0,0,0,0,,0,unhcr_population,2025-12-31,2026-08-19T14:21:59Z,2026-08-19
MLT,Malta,2025,11,16,0,0,0,0,0,,0,unhcr_population,2025-12-31,2026-08-19T14:21:59Z,2026-08-19
MMR,Myanmar,1972,5700,0,0,0,0,0,0,,0,unhcr_population,2025-12-31,2026-08-19T14:21:59Z,2026-08-19
MMR,Myanmar,1978,160000,0,0,0,0,36000,0,,0,unhcr_population,2025-12-31,2026-08-19T14:21:59Z,2026-08-19
MMR,Myanmar,1979,0,0,0,0,0,150680,0,,0,unhcr_population,2025-12-31,2026-08-19T14:21:59Z,2026-08-19
MMR,Myanmar,1988,7,0,0,0,0,0,0,,0,unhcr_population,2025-12-31,2026-08-19T14:21:59Z,2026-08-19
MMR,Myanmar,1990,24,0,0,0,0,0,0,,0,unhcr_population,2025-12-31,2026-08-19T14:21:59Z,2026-08-19
MMR,Myanmar,1991,40052,0,0,0,0,0,0,,0,unhcr_population,2025-12-31,2026-08-19T14:21:59Z,2026-08-19
MMR,Myanmar,1992,245127,0,0,0,0,8530,0,,0,unhcr_population,2025-12-31,2026-08-19T14:21:59Z,2026-08-19
MMR,Myanmar,1993,281571,0,0,0,0,46129,0,,0,unhcr_population,2025-12-31,2026-08-19T14:21:59Z,2026-08-19
MMR,Myanmar,1994,204512,0,0,0,0,85300,0,,0,unhcr_population,2025-12-31,2026-08-19T14:21:59Z,2026-08-19
MMR,Myanmar,1995,152301,0,0,0,0,66004,0,,0,unhcr_population,2025-12-31,2026-08-19T14:21:59Z,2026-08-19
MMR,Myanmar,1996,143019,0,0,0,0,23097,0,,0,unhcr_population,2025-12-31,2026-08-19T14:21:59Z,2026-08-19
MMR,Myanmar,1997,135771,0,0,0,0,10070,0,,0,unhcr_population,2025-12-31,2026-08-19T14:21:59Z,2026-08-19
MMR,Myanmar,1998,133408,0,0,0,0,106,0,,0,unhcr_population,2025-12-31,2026-08-19T14:21:59Z,2026-08-19
MMR,Myanmar,1999,131661,0,0,0,0,1128,0,,0,unhcr_population,2025-12-31,2026-08-19T14:21:59Z,2026-08-19
MMR,Myanmar,2000,137121,1013,0,0,0,1323,0,,0,unhcr_population,2025-12-31,2026-08-19T14:21:59Z,2026-08-19
MMR,Myanmar,2001,145849,1128,0,0,0,283,0,,0,unhcr_population,2025-12-31,2026-08-19T14:21:59Z,2026-08-19
MMR,Myanmar,2002,148493,2034,0,0,0,760,0,,0,unhcr_population,2025-12-31,2026-08-19T14:21:59Z,2026-08-19
MMR,Myanmar,2003,151370,10560,0,0,4856,3231,0,,0,unhcr_population,2025-12-31,2026-08-19T14:21:59Z,2026-08-19
MMR,Myanmar,2004,160997,10503,0,0,1005,210,0,,0,unhcr_population,2025-12-31,2026-08-19T14:21:59Z,2026-08-19
MMR,Myanmar,2005,164851,41127,0,0,11,92,0,,0,unhcr_population,2025-12-31,2026-08-19T14:21:59Z,2026-08-19
MMR,Myanmar,2006,202817,26311,58500,0,0,0,0,,0,unhcr_population,2025-12-31,2026-08-19T14:21:59Z,2026-08-19
MMR,Myanmar,2007,191308,19009,67290,0,0,0,0,,0,unhcr_population,2025-12-31,2026-08-19T14:21:59Z,2026-08-19
MMR,Myanmar,2008,184410,22328,67290,0,0,0,0,,0,unhcr_population,2025-12-31,2026-08-19T14:21:59Z,2026-08-19
MMR,Myanmar,2009,406667,22577,67290,0,7,0,0,,0,unhcr_population,2025-12-31,2026-08-19T14:21:59Z,2026-08-19
MMR,Myanmar,2010,415662,22268,62015,0,0,0,0,,0,unhcr_population,2025-12-31,2026-08-19T14:21:59Z,2026-08-19
MMR,Myanmar,2011,414615,24101,339200,0,0,0,0,,0,unhcr_population,2025-12-31,2026-08-19T14:21:59Z,2026-08-19
MMR,Myanmar,2012,415363,25622,430400,0,0,0,0,,0,unhcr_population,2025-12-31,2026-08-19T14:21:59Z,2026-08-19
MMR,Myanmar,2013,479594,44959,372000,0,216,3010,27383,,0,unhcr_population,2025-12-31,2026-08-19T14:21:59Z,2026-08-19
MMR,Myanmar,2014,479006,51339,376500,0,400,0,0,,0,unhcr_population,2025-12-31,2026-08-19T14:21:59Z,2026-08-19
MMR,Myanmar,2015,451804,60632,451089,0,443,0,25265,,0,unhcr_population,2025-12-31,2026-08-19T14:21:59Z,2026-08-19
MMR,Myanmar,2016,490285,56023,375016,0,261,76,1346,,0,unhcr_population,2025-12-31,2026-08-19T14:21:59Z,2026-08-19
MMR,Myanmar,2017,1156742,41088,353108,0,109,0,684,,0,unhcr_population,2025-12-31,2026-08-19T14:21:59Z,2026-08-19
MMR,Myanmar,2018,1145149,30459,370306,0,98,93,379,,0,unhcr_population,2025-12-31,2026-08-19T14:21:59Z,2026-08-19
MMR,Myanmar,2019,1076826,37457,312018,0,119,875,1641,,0,unhcr_population,2025-12-31,2026-08-19T14:21:59Z,2026-08-19
MMR,Myanmar,2020,1103245,40207,370320,0,151,5,2992,,0,unhcr_population,2025-12-31,2026-08-19T14:21:59Z,2026-08-19
MMR,Myanmar,2021,1177327,43878,671011,0,198,0,130432,,0,unhcr_population,2025-12-31,2026-08-19T14:21:59Z,2026-08-19
MMR,Myanmar,2022,1251618,48701,1504848,0,321,0,325206,,0,unhcr_population,2025-12-31,2026-08-19T14:21:59Z,2026-08-19
MMR,Myanmar,2023,1283426,54636,2607645,0,584,10,276612,,0,unhcr_population,2025-12-31,2026-08-19T14:21:59Z,2026-08-19
MMR,Myanmar,2024,1322503,65946,3513867,0,513,0,377566,,0,unhcr_population,2025-12-31,2026-08-19T14:21:59Z,2026-08-19
MMR,Myanmar,2025,1524378,67824,3628840,0,496,64,415089,,0,unhcr_population,2025-12-31,2026-08-19T14:21:59Z,2026-08-19
MNE,Montenegro,2006,136,123,16196,0,0,0,199,,0,unhcr_population,2025-12-31,2026-08-19T14:21:59Z,2026-08-19
MNE,Montenegro,2007,555,295,16155,0,0,0,137,,0,unhcr_population,2025-12-31,2026-08-19T14:21:59Z,2026-08-19
MNE,Montenegro,2008,1280,180,0,0,0,0,0,,0,unhcr_population,2025-12-31,2026-08-19T14:21:59Z,2026-08-19
MNE,Montenegro,2009,2578,173,0,0,0,0,0,,0,unhcr_population,2025-12-31,2026-08-19T14:21:59Z,2026-08-19
MNE,Montenegro,2010,3243,181,0,0,0,0,0,,0,unhcr_population,2025-12-31,2026-08-19T14:21:59Z,2026-08-19
MNE,Montenegro,2011,3699,300,0,0,5,0,0,,0,unhcr_population,2025-12-31,2026-08-19T14:21:59Z,2026-08-19
MNE,Montenegro,2012,4052,371,0,0,5,0,0,,0,unhcr_population,2025-12-31,2026-08-19T14:21:59Z,2026-08-19
MNE,Montenegro,2013,542,577,0,0,10,0,0,,0,unhcr_population,2025-12-31,2026-08-19T14:21:59Z,2026-08-19
MNE,Montenegro,2014,601,1273,0,0,0,0,0,,0,unhcr_population,2025-12-31,2026-08-19T14:21:59Z,2026-08-19
MNE,Montenegro,2015,646,3015,0,0,0,0,0,,0,unhcr_population,2025-12-31,2026-08-19T14:21:59Z,2026-08-19
MNE,Montenegro,2016,713,1132,0,0,0,0,0,,0,unhcr_population,2025-12-31,2026-08-19T14:21:59Z,2026-08-19
MNE,Montenegro,2017,704,770,0,0,0,0,0,,0,unhcr_population,2025-12-31,2026-08-19T14:21:59Z,2026-08-19
MNE,Montenegro,2018,715,633,0,0,0,0,0,,0,unhcr_population,2025-12-31,2026-08-19T14:21:59Z,2026-08-19
MNE,Montenegro,2019,659,606,0,0,0,0,0,,0,unhcr_population,2025-12-31,2026-08-19T14:21:59Z,2026-08-19
MNE,Montenegro,2020,530,634,0,0,0,0,0,,0,unhcr_population,2025-12-31,2026-08-19T14:21:59Z,2026-08-19
MNE,Montenegro,2021,623,809,0,0,0,0,0,,0,unhcr_population,2025-12-31,2026-08-19T14:21:59Z,2026-08-19
MNE,Montenegro,2022,612,955,0,0,0,0,0,,0,unhcr_population,2025-12-31,2026-08-19T14:21:59Z,2026-08-19
MNE,Montenegro,2023,631,1058,0,0,0,0,0,,0,unhcr_population,2025-12-31,2026-08-19T14:21:59Z,2026-08-19
MNE,Montenegro,2024,763,1058,0,0,0,14,0,,0,unhcr_population,2025-12-31,2026-08-19T14:21:59Z,2026-08-19
MNE,Montenegro,2025,696,165,0,0,0,0,0,,0,unhcr_population,2025-12-31,2026-08-19T14:21:59Z,2026-08-19
MNG,Mongolia,1996,5,0,0,0,0,0,0,,0,unhcr_population,2025-12-31,2026-08-19T14:21:59Z,2026-08-19
MNG,Mongolia,1997,10,0,0,0,0,0,0,,0,unhcr_population,2025-12-31,2026-08-19T14:21:59Z,2026-08-19
MNG,Mongolia,1998,17,0,0,0,0,0,0,,0,unhcr_population,2025-12-31,2026-08-19T14:21:59Z,2026-08-19
MNG,Mongolia,1999,25,0,0,0,0,0,0,,0,unhcr_population,2025-12-31,2026-08-19T14:21:59Z,2026-08-19
MNG,Mongolia,2000,25,597,0,0,0,0,0,,0,unhcr_population,2025-12-31,2026-08-19T14:21:59Z,2026-08-19
MNG,Mongolia,2001,57,850,0,0,0,0,0,,0,unhcr_population,2025-12-31,2026-08-19T14:21:59Z,2026-08-19
MNG,Mongolia,2002,277,1029,0,0,0,0,0,,0,unhcr_population,2025-12-31,2026-08-19T14:21:59Z,2026-08-19
MNG,Mongolia,2003,324,693,0,0,0,0,0,,0,unhcr_population,2025-12-31,2026-08-19T14:21:59Z,2026-08-19
MNG,Mongolia,2004,443,561,0,0,0,0,0,,0,unhcr_population,2025-12-31,2026-08-19T14:21:59Z,2026-08-19
MNG,Mongolia,2005,655,645,0,0,0,0,0,,0,unhcr_population,2025-12-31,2026-08-19T14:21:59Z,2026-08-19
MNG,Mongolia,2006,866,1853,0,0,0,0,0,,0,unhcr_population,2025-12-31,2026-08-19T14:21:59Z,2026-08-19
MNG,Mongolia,2007,1103,1958,0,0,0,0,0,,0,unhcr_population,2025-12-31,2026-08-19T14:21:59Z,2026-08-19
MNG,Mongolia,2008,1329,2069,0,0,0,0,0,,0,unhcr_population,2025-12-31,2026-08-19T14:21:59Z,2026-08-19
MNG,Mongolia,2009,1490,2291,0,0,0,0,0,,0,unhcr_population,2025-12-31,2026-08-19T14:21:59Z,2026-08-19
MNG,Mongolia,2010,1720,1788,0,0,0,0,0,,0,unhcr_population,2025-12-31,2026-08-19T14:21:59Z,2026-08-19
MNG,Mongolia,2011,1982,1443,0,0,0,0,0,,0,unhcr_population,2025-12-31,2026-08-19T14:21:59Z,2026-08-19
MNG,Mongolia,2012,2111,941,0,0,0,0,0,,0,unhcr_population,2025-12-31,2026-08-19T14:21:59Z,2026-08-19
MNG,Mongolia,2013,2054,1255,0,0,0,0,0,,0,unhcr_population,2025-12-31,2026-08-19T14:21:59Z,2026-08-19
MNG,Mongolia,2014,2162,2204,0,0,0,0,0,,0,unhcr_population,2025-12-31,2026-08-19T14:21:59Z,2026-08-19
MNG,Mongolia,2015,2198,3529,0,0,0,0,0,,0,unhcr_population,2025-12-31,2026-08-19T14:21:59Z,2026-08-19
MNG,Mongolia,2016,2282,3831,0,0,0,0,0,,0,unhcr_population,2025-12-31,2026-08-19T14:21:59Z,2026-08-19
MNG,Mongolia,2017,2227,4169,0,0,5,0,0,,0,unhcr_population,2025-12-31,2026-08-19T14:21:59Z,2026-08-19
MNG,Mongolia,2018,2249,4389,0,0,5,0,0,,0,unhcr_population,2025-12-31,2026-08-19T14:21:59Z,2026-08-19
MNG,Mongolia,2019,2364,4057,0,0,10,0,0,,0,unhcr_population,2025-12-31,2026-08-19T14:21:59Z,2026-08-19
MNG,Mongolia,2020,2277,4127,0,0,8,0,0,,0,unhcr_population,2025-12-31,2026-08-19T14:21:59Z,2026-08-19
MNG,Mongolia,2021,2508,4673,0,0,5,0,0,,0,unhcr_population,2025-12-31,2026-08-19T14:21:59Z,2026-08-19
MNG,Mongolia,2022,2413,4940,0,0,6,0,0,,0,unhcr_population,2025-12-31,2026-08-19T14:21:59Z,2026-08-19
MNG,Mongolia,2023,2393,6327,0,0,5,0,0,,0,unhcr_population,2025-12-31,2026-08-19T14:21:59Z,2026-08-19
MNG,Mongolia,2024,2501,7517,0,0,16,7,0,,0,unhcr_population,2025-12-31,2026-08-19T14:21:59Z,2026-08-19
MNG,Mongolia,2025,2403,3679,0,0,115,0,0,,0,unhcr_population,2025-12-31,2026-08-19T14:21:59Z,2026-08-19
MOZ,Mozambique,1964,10000,0,0,0,0,0,0,,0,unhcr_population,2025-12-31,2026-08-19T14:21:59Z,2026-08-19
MOZ,Mozambique,1965,17000,0,0,0,0,1000,0,,0,unhcr_population,2025-12-31,2026-08-19T14:21:59Z,2026-08-19
MOZ,Mozambique,1966,20800,0,0,0,0,3900,0,,0,unhcr_population,2025-12-31,2026-08-19T14:21:59Z,2026-08-19
MOZ,Mozambique,1967,27750,0,0,0,0,0,0,,0,unhcr_population,2025-12-31,2026-08-19T14:21:59Z,2026-08-19
MOZ,Mozambique,1968,33750,0,0,0,0,250,0,,0,unhcr_population,2025-12-31,2026-08-19T14:21:59Z,2026-08-19
MOZ,Mozambique,1969,43120,0,0,0,0,100,0,,0,unhcr_population,2025-12-31,2026-08-19T14:21:59Z,2026-08-19
MOZ,Mozambique,1970,60070,0,0,0,0,0,0,,0,unhcr_population,2025-12-31,2026-08-19T14:21:59Z,2026-08-19
MOZ,Mozambique,1971,60410,0,0,0,0,1050,0,,0,unhcr_population,2025-12-31,2026-08-19T14:21:59Z,2026-08-19
MOZ,Mozambique,1972,64400,0,0,0,0,0,0,,0,unhcr_population,2025-12-31,2026-08-19T14:21:59Z,2026-08-19
MOZ,Mozambique,1973,69800,0,0,0,0,0,0,,0,unhcr_population,2025-12-31,2026-08-19T14:21:59Z,2026-08-19
MOZ,Mozambique,1974,80960,0,0,0,0,7240,0,,0,unhcr_population,2025-12-31,2026-08-19T14:21:59Z,2026-08-19
MOZ,Mozambique,1975,34750,0,0,0,0,46740,0,,0,unhcr_population,2025-12-31,2026-08-19T14:21:59Z,2026-08-19
MOZ,Mozambique,1976,580,0,0,0,0,3760,0,,0,unhcr_population,2025-12-31,2026-08-19T14:21:59Z,2026-08-19
MOZ,Mozambique,1977,120,0,0,0,0,0,0,,0,unhcr_population,2025-12-31,2026-08-19T14:21:59Z,2026-08-19
MOZ,Mozambique,1978,130,0,0,0,0,0,0,,0,unhcr_population,2025-12-31,2026-08-19T14:21:59Z,2026-08-19
MOZ,Mozambique,1979,370,0,0,0,0,0,0,,0,unhcr_population,2025-12-31,2026-08-19T14:21:59Z,2026-08-19
MOZ,Mozambique,1980,120,0,0,0,0,0,0,,0,unhcr_population,2025-12-31,2026-08-19T14:21:59Z,2026-08-19
MOZ,Mozambique,1981,5170,0,0,0,0,0,0,,0,unhcr_population,2025-12-31,2026-08-19T14:21:59Z,2026-08-19
MOZ,Mozambique,1982,20200,0,0,0,0,0,0,,0,unhcr_population,2025-12-31,2026-08-19T14:21:59Z,2026-08-19
MOZ,Mozambique,1983,50200,0,0,0,0,0,0,,0,unhcr_population,2025-12-31,2026-08-19T14:21:59Z,2026-08-19
MOZ,Mozambique,1984,51200,0,0,0,0,0,0,,0,unhcr_population,2025-12-31,2026-08-19T14:21:59Z,2026-08-19
MOZ,Mozambique,1985,72250,0,0,0,0,0,0,,0,unhcr_population,2025-12-31,2026-08-19T14:21:59Z,2026-08-19
MOZ,Mozambique,1986,193550,0,0,0,0,0,0,,0,unhcr_population,2025-12-31,2026-08-19T14:21:59Z,2026-08-19
MOZ,Mozambique,1987,635000,0,0,0,0,57460,0,,0,unhcr_population,2025-12-31,2026-08-19T14:21:59Z,2026-08-19
MOZ,Mozambique,1988,921237,0,0,0,0,16340,0,,0,unhcr_population,2025-12-31,2026-08-19T14:21:59Z,2026-08-19
MOZ,Mozambique,1989,1120756,0,0,0,0,72980,0,,0,unhcr_population,2025-12-31,2026-08-19T14:21:59Z,2026-08-19
MOZ,Mozambique,1990,1247991,0,0,0,0,510,0,,0,unhcr_population,2025-12-31,2026-08-19T14:21:59Z,2026-08-19
MOZ,Mozambique,1991,1316635,0,0,0,0,340,0,,0,unhcr_population,2025-12-31,2026-08-19T14:21:59Z,2026-08-19
MOZ,Mozambique,1992,1445474,0,0,0,0,158797,0,,0,unhcr_population,2025-12-31,2026-08-19T14:21:59Z,2026-08-19
MOZ,Mozambique,1993,1172548,0,0,0,0,604386,0,,0,unhcr_population,2025-12-31,2026-08-19T14:21:59Z,2026-08-19
MOZ,Mozambique,1994,234495,0,0,0,0,804373,0,,0,unhcr_population,2025-12-31,2026-08-19T14:21:59Z,2026-08-19
MOZ,Mozambique,1995,125561,0,0,0,0,159134,0,,0,unhcr_population,2025-12-31,2026-08-19T14:21:59Z,2026-08-19
MOZ,Mozambique,1996,34656,0,0,0,0,1605,0,,0,unhcr_population,2025-12-31,2026-08-19T14:21:59Z,2026-08-19
MOZ,Mozambique,1997,33652,0,0,0,0,30,0,,0,unhcr_population,2025-12-31,2026-08-19T14:21:59Z,2026-08-19
MOZ,Mozambique,1998,56,0,0,0,0,39,0,,0,unhcr_population,2025-12-31,2026-08-19T14:21:59Z,2026-08-19
MOZ,Mozambique,1999,26,0,0,0,0,0,0,,0,unhcr_population,2025-12-31,2026-08-19T14:21:59Z,2026-08-19
MOZ,Mozambique,2000,24,0,0,0,0,0,0,,0,unhcr_population,2025-12-31,2026-08-19T14:21:59Z,2026-08-19
MOZ,Mozambique,2001,45,12,0,0,0,0,0,,0,unhcr_population,2025-12-31,2026-08-19T14:21:59Z,2026-08-19
MOZ,Mozambique,2002,129,50,0,0,0,10,0,,0,unhcr_population,2025-12-31,2026-08-19T14:21:59Z,2026-08-19
MOZ,Mozambique,2003,106,168,0,0,0,0,0,,0,unhcr_population,2025-12-31,2026-08-19T14:21:59Z,2026-08-19
MOZ,Mozambique,2004,94,310,0,0,0,0,0,,0,unhcr_population,2025-12-31,2026-08-19T14:21:59Z,2026-08-19
MOZ,Mozambique,2005,93,366,0,0,0,0,0,,0,unhcr_population,2025-12-31,2026-08-19T14:21:59Z,2026-08-19
MOZ,Mozambique,2006,216,6,0,0,0,0,0,,0,unhcr_population,2025-12-31,2026-08-19T14:21:59Z,2026-08-19
MOZ,Mozambique,2007,213,678,0,0,0,0,0,,0,unhcr_population,2025-12-31,2026-08-19T14:21:59Z,2026-08-19
MOZ,Mozambique,2008,198,678,0,0,0,0,0,,0,unhcr_population,2025-12-31,2026-08-19T14:21:59Z,2026-08-19
MOZ,Mozambique,2009,130,5,0,0,0,0,0,,0,unhcr_population,2025-12-31,2026-08-19T14:21:59Z,2026-08-19
MOZ,Mozambique,2010,120,11,0,0,0,5,0,,0,unhcr_population,2025-12-31,2026-08-19T14:21:59Z,2026-08-19
MOZ,Mozambique,2011,147,346,0,0,0,5,0,,0,unhcr_population,2025-12-31,2026-08-19T14:21:59Z,2026-08-19
MOZ,Mozambique,2012,155,865,0,0,0,0,0,,0,unhcr_population,2025-12-31,2026-08-19T14:21:59Z,2026-08-19
MOZ,Mozambique,2013,51,1427,0,0,0,0,0,,0,unhcr_population,2025-12-31,2026-08-19T14:21:59Z,2026-08-19
MOZ,Mozambique,2014,55,1408,0,0,0,0,0,,0,unhcr_population,2025-12-31,2026-08-19T14:21:59Z,2026-08-19
MOZ,Mozambique,2015,55,2193,0,0,0,0,0,,0,unhcr_population,2025-12-31,2026-08-19T14:21:59Z,2026-08-19
MOZ,Mozambique,2016,48,5702,15128,0,0,5755,0,,0,unhcr_population,2025-12-31,2026-08-19T14:21:59Z,2026-08-19
MOZ,Mozambique,2017,48,12581,15128,0,0,6231,0,,0,unhcr_population,2025-12-31,2026-08-19T14:21:59Z,2026-08-19
MOZ,Mozambique,2018,57,8977,0,0,0,8845,8845,,0,unhcr_population,2025-12-31,2026-08-19T14:21:59Z,2026-08-19
MOZ,Mozambique,2019,77,8734,180516,0,0,0,0,,0,unhcr_population,2025-12-31,2026-08-19T14:21:59Z,2026-08-19
MOZ,Mozambique,2020,81,8674,668038,0,0,0,0,,0,unhcr_population,2025-12-31,2026-08-19T14:21:59Z,2026-08-19
MOZ,Mozambique,2021,90,8720,744949,0,9,0,0,,0,unhcr_population,2025-12-31,2026-08-19T14:21:59Z,2026-08-19
MOZ,Mozambique,2022,109,8581,1028743,0,50,0,270502,,0,unhcr_population,2025-12-31,2026-08-19T14:21:59Z,2026-08-19
MOZ,Mozambique,2023,117,8759,582764,0,9,0,280988,,0,unhcr_population,2025-12-31,2026-08-19T14:21:59Z,2026-08-19
MOZ,Mozambique,2024,114,8944,577545,0,9,0,5090,,0,unhcr_population,2025-12-31,2026-08-19T14:21:59Z,2026-08-19
MOZ,Mozambique,2025,119,7207,461745,0,0,0,88509,,0,unhcr_population,2025-12-31,2026-08-19T14:21:59Z,2026-08-19
MRT,Mauritania,1989,48236,0,0,0,0,0,0,,0,unhcr_population,2025-12-31,2026-08-19T14:21:59Z,2026-08-19
MRT,Mauritania,1990,65995,0,0,0,0,0,0,,0,unhcr_population,2025-12-31,2026-08-19T14:21:59Z,2026-08-19
MRT,Mauritania,1991,79874,0,0,0,0,1400,0,,0,unhcr_population,2025-12-31,2026-08-19T14:21:59Z,2026-08-19
MRT,Mauritania,1992,79594,0,0,0,0,490,0,,0,unhcr_population,2025-12-31,2026-08-19T14:21:59Z,2026-08-19
MRT,Mauritania,1993,67887,0,0,0,0,998,0,,0,unhcr_population,2025-12-31,2026-08-19T14:21:59Z,2026-08-19
MRT,Mauritania,1994,68039,0,0,0,0,0,0,,0,unhcr_population,2025-12-31,2026-08-19T14:21:59Z,2026-08-19
MRT,Mauritania,1995,84310,0,0,0,0,858,0,,0,unhcr_population,2025-12-31,2026-08-19T14:21:59Z,2026-08-19
MRT,Mauritania,1996,83231,0,0,0,0,1455,0,,0,unhcr_population,2025-12-31,2026-08-19T14:21:59Z,2026-08-19
MRT,Mauritania,1997,70294,0,0,0,0,10692,0,,0,unhcr_population,2025-12-31,2026-08-19T14:21:59Z,2026-08-19
MRT,Mauritania,1998,70221,0,0,0,0,6950,0,,0,unhcr_population,2025-12-31,2026-08-19T14:21:59Z,2026-08-19
MRT,Mauritania,1999,29942,0,0,0,0,0,0,,0,unhcr_population,2025-12-31,2026-08-19T14:21:59Z,2026-08-19
MRT,Mauritania,2000,29742,1782,0,0,0,0,0,,0,unhcr_population,2025-12-31,2026-08-19T14:21:59Z,2026-08-19
MRT,Mauritania,2001,29850,2557,0,0,0,0,0,,0,unhcr_population,2025-12-31,2026-08-19T14:21:59Z,2026-08-19
MRT,Mauritania,2002,30130,2972,0,0,0,0,0,,0,unhcr_population,2025-12-31,2026-08-19T14:21:59Z,2026-08-19
MRT,Mauritania,2003,30518,2872,0,0,0,0,0,,0,unhcr_population,2025-12-31,2026-08-19T14:21:59Z,2026-08-19
MRT,Mauritania,2004,31104,2573,0,0,0,0,0,,0,unhcr_population,2025-12-31,2026-08-19T14:21:59Z,2026-08-19
MRT,Mauritania,2005,31650,2297,0,0,0,0,0,,0,unhcr_population,2025-12-31,2026-08-19T14:21:59Z,2026-08-19
MRT,Mauritania,2006,33420,1795,0,0,0,0,0,,0,unhcr_population,2025-12-31,2026-08-19T14:21:59Z,2026-08-19
MRT,Mauritania,2007,33095,1001,0,0,0,0,0,,0,unhcr_population,2025-12-31,2026-08-19T14:21:59Z,2026-08-19
MRT,Mauritania,2008,45592,773,0,0,0,7036,0,,0,unhcr_population,2025-12-31,2026-08-19T14:21:59Z,2026-08-19
MRT,Mauritania,2009,39134,891,0,0,0,12012,0,,0,unhcr_population,2025-12-31,2026-08-19T14:21:59Z,2026-08-19
MRT,Mauritania,2010,37721,753,0,0,0,1391,0,,0,unhcr_population,2025-12-31,2026-08-19T14:21:59Z,2026-08-19
MRT,Mauritania,2011,39919,579,0,0,0,1367,0,,0,unhcr_population,2025-12-31,2026-08-19T14:21:59Z,2026-08-19
MRT,Mauritania,2012,33747,3028,0,0,0,6208,0,,0,unhcr_population,2025-12-31,2026-08-19T14:21:59Z,2026-08-19
MRT,Mauritania,2013,34239,3843,0,0,0,0,0,,0,unhcr_population,2025-12-31,2026-08-19T14:21:59Z,2026-08-19
MRT,Mauritania,2014,34103,6997,0,0,5,0,0,,0,unhcr_population,2025-12-31,2026-08-19T14:21:59Z,2026-08-19
MRT,Mauritania,2015,34656,7474,0,0,5,0,0,,0,unhcr_population,2025-12-31,2026-08-19T14:21:59Z,2026-08-19
MRT,Mauritania,2016,36263,7386,0,0,5,0,0,,0,unhcr_population,2025-12-31,2026-08-19T14:21:59Z,2026-08-19
MRT,Mauritania,2017,36525,7543,0,0,5,0,0,,0,unhcr_population,2025-12-31,2026-08-19T14:21:59Z,2026-08-19
MRT,Mauritania,2018,37050,8121,0,0,0,0,0,,0,unhcr_population,2025-12-31,2026-08-19T14:21:59Z,2026-08-19
MRT,Mauritania,2019,37423,8580,0,0,0,0,0,,0,unhcr_population,2025-12-31,2026-08-19T14:21:59Z,2026-08-19
MRT,Mauritania,2020,37931,9252,0,0,0,0,0,,0,unhcr_population,2025-12-31,2026-08-19T14:21:59Z,2026-08-19
MRT,Mauritania,2021,39279,8705,0,0,0,0,0,,0,unhcr_population,2025-12-31,2026-08-19T14:21:59Z,2026-08-19
MRT,Mauritania,2022,36928,8558,0,0,0,0,0,,0,unhcr_population,2025-12-31,2026-08-19T14:21:59Z,2026-08-19
MRT,Mauritania,2023,37532,18772,0,0,0,0,0,,0,unhcr_population,2025-12-31,2026-08-19T14:21:59Z,2026-08-19
MRT,Mauritania,2024,38111,28422,0,0,5,0,0,,0,unhcr_population,2025-12-31,2026-08-19T14:21:59Z,2026-08-19
MRT,Mauritania,2025,43906,28438,0,0,250,0,0,,0,unhcr_population,2025-12-31,2026-08-19T14:21:59Z,2026-08-19
MTQ,Martinique,2020,0,5,0,0,0,0,0,,0,unhcr_population,2025-12-31,2026-08-19T14:21:59Z,2026-08-19
MTQ,Martinique,2023,0,5,0,0,0,0,0,,0,unhcr_population,2025-12-31,2026-08-19T14:21:59Z,2026-08-19
MTQ,Martinique,2024,0,5,0,0,0,0,0,,0,unhcr_population,2025-12-31,2026-08-19T14:21:59Z,2026-08-19
MTQ,Martinique,2025,0,9,0,0,0,0,0,,0,unhcr_population,2025-12-31,2026-08-19T14:21:59Z,2026-08-19
MUS,Mauritius,1995,12,0,0,0,0,0,0,,0,unhcr_population,2025-12-31,2026-08-19T14:21:59Z,2026-08-19
MUS,Mauritius,1996,10,0,0,0,0,0,0,,0,unhcr_population,2025-12-31,2026-08-19T14:21:59Z,2026-08-19
MUS,Mauritius,1998,12,0,0,0,0,0,0,,0,unhcr_population,2025-12-31,2026-08-19T14:21:59Z,2026-08-19
MUS,Mauritius,1999,5,0,0,0,0,0,0,,0,unhcr_population,2025-12-31,2026-08-19T14:21:59Z,2026-08-19
MUS,Mauritius,2000,29,15,0,0,0,0,0,,0,unhcr_population,2025-12-31,2026-08-19T14:21:59Z,2026-08-19
MUS,Mauritius,2001,30,21,0,0,0,0,0,,0,unhcr_population,2025-12-31,2026-08-19T14:21:59Z,2026-08-19
MUS,Mauritius,2002,39,18,0,0,0,0,0,,0,unhcr_population,2025-12-31,2026-08-19T14:21:59Z,2026-08-19
MUS,Mauritius,2003,54,19,0,0,0,0,0,,0,unhcr_population,2025-12-31,2026-08-19T14:21:59Z,2026-08-19
MUS,Mauritius,2004,15,11,0,0,0,0,0,,0,unhcr_population,2025-12-31,2026-08-19T14:21:59Z,2026-08-19
MUS,Mauritius,2005,22,17,0,0,0,0,0,,0,unhcr_population,2025-12-31,2026-08-19T14:21:59Z,2026-08-19
MUS,Mauritius,2006,75,21,0,0,0,0,0,,0,unhcr_population,2025-12-31,2026-08-19T14:21:59Z,2026-08-19
MUS,Mauritius,2007,67,15,0,0,0,0,0,,0,unhcr_population,2025-12-31,2026-08-19T14:21:59Z,2026-08-19
MUS,Mauritius,2008,20,21,0,0,0,0,0,,0,unhcr_population,2025-12-31,2026-08-19T14:21:59Z,2026-08-19
MUS,Mauritius,2009,21,16,0,0,0,0,0,,0,unhcr_population,2025-12-31,2026-08-19T14:21:59Z,2026-08-19
MUS,Mauritius,2010,25,40,0,0,0,0,0,,0,unhcr_population,2025-12-31,2026-08-19T14:21:59Z,2026-08-19
MUS,Mauritius,2011,36,107,0,0,0,0,0,,0,unhcr_population,2025-12-31,2026-08-19T14:21:59Z,2026-08-19
MUS,Mauritius,2012,57,114,0,0,0,0,0,,0,unhcr_population,2025-12-31,2026-08-19T14:21:59Z,2026-08-19
MUS,Mauritius,2013,72,120,0,0,0,0,0,,0,unhcr_population,2025-12-31,2026-08-19T14:21:59Z,2026-08-19
MUS,Mauritius,2014,91,151,0,0,0,0,0,,0,unhcr_population,2025-12-31,2026-08-19T14:21:59Z,2026-08-19
MUS,Mauritius,2015,101,202,0,0,0,0,0,,0,unhcr_population,2025-12-31,2026-08-19T14:21:59Z,2026-08-19
MUS,Mauritius,2016,106,203,0,0,0,0,0,,0,unhcr_population,2025-12-31,2026-08-19T14:21:59Z,2026-08-19
MUS,Mauritius,2017,130,229,0,0,0,0,0,,0,unhcr_population,2025-12-31,2026-08-19T14:21:59Z,2026-08-19
MUS,Mauritius,2018,156,294,0,0,0,0,0,,0,unhcr_population,2025-12-31,2026-08-19T14:21:59Z,2026-08-19
MUS,Mauritius,2019,178,304,0,0,0,0,0,,0,unhcr_population,2025-12-31,2026-08-19T14:21:59Z,2026-08-19
MUS,Mauritius,2020,176,338,0,0,0,0,0,,0,unhcr_population,2025-12-31,2026-08-19T14:21:59Z,2026-08-19
MUS,Mauritius,2021,198,351,0,0,0,0,0,,0,unhcr_population,2025-12-31,2026-08-19T14:21:59Z,2026-08-19
MUS,Mauritius,2022,208,428,0,0,0,0,0,,0,unhcr_population,2025-12-31,2026-08-19T14:21:59Z,2026-08-19
MUS,Mauritius,2023,245,549,0,0,0,0,0,,0,unhcr_population,2025-12-31,2026-08-19T14:21:59Z,2026-08-19
MUS,Mauritius,2024,263,631,0,0,0,8,0,,0,unhcr_population,2025-12-31,2026-08-19T14:21:59Z,2026-08-19
MUS,Mauritius,2025,283,440,0,0,0,0,0,,0,unhcr_population,2025-12-31,2026-08-19T14:21:59Z,2026-08-19
MWI,Malawi,1966,150,0,0,0,0,0,0,,0,unhcr_population,2025-12-31,2026-08-19T14:21:59Z,2026-08-19
MWI,Malawi,1967,300,0,0,0,0,0,0,,0,unhcr_population,2025-12-31,2026-08-19T14:21:59Z,2026-08-19
MWI,Malawi,1968,140,0,0,0,0,0,0,,0,unhcr_population,2025-12-31,2026-08-19T14:21:59Z,2026-08-19
MWI,Malawi,1969,190,0,0,0,0,0,0,,0,unhcr_population,2025-12-31,2026-08-19T14:21:59Z,2026-08-19
MWI,Malawi,1970,250,0,0,0,0,0,0,,0,unhcr_population,2025-12-31,2026-08-19T14:21:59Z,2026-08-19
MWI,Malawi,1971,250,0,0,0,0,0,0,,0,unhcr_population,2025-12-31,2026-08-19T14:21:59Z,2026-08-19
MWI,Malawi,1972,250,0,0,0,0,20000,0,,0,unhcr_population,2025-12-31,2026-08-19T14:21:59Z,2026-08-19
MWI,Malawi,1973,100,0,0,0,0,0,0,,0,unhcr_population,2025-12-31,2026-08-19T14:21:59Z,2026-08-19
MWI,Malawi,1974,80,0,0,0,0,0,0,,0,unhcr_population,2025-12-31,2026-08-19T14:21:59Z,2026-08-19
MWI,Malawi,1975,30350,0,0,0,0,0,0,,0,unhcr_population,2025-12-31,2026-08-19T14:21:59Z,2026-08-19
MWI,Malawi,1976,60,0,0,0,0,0,0,,0,unhcr_population,2025-12-31,2026-08-19T14:21:59Z,2026-08-19
MWI,Malawi,1977,1050,0,0,0,0,0,0,,0,unhcr_population,2025-12-31,2026-08-19T14:21:59Z,2026-08-19
MWI,Malawi,1978,310,0,0,0,0,0,0,,0,unhcr_population,2025-12-31,2026-08-19T14:21:59Z,2026-08-19
MWI,Malawi,1979,460,0,0,0,0,0,0,,0,unhcr_population,2025-12-31,2026-08-19T14:21:59Z,2026-08-19
MWI,Malawi,1980,420,0,0,0,0,0,0,,0,unhcr_population,2025-12-31,2026-08-19T14:21:59Z,2026-08-19
MWI,Malawi,1981,70,0,0,0,0,0,0,,0,unhcr_population,2025-12-31,2026-08-19T14:21:59Z,2026-08-19
MWI,Malawi,1982,240,0,0,0,0,0,0,,0,unhcr_population,2025-12-31,2026-08-19T14:21:59Z,2026-08-19
MWI,Malawi,1983,440,0,0,0,0,0,0,,0,unhcr_population,2025-12-31,2026-08-19T14:21:59Z,2026-08-19
MWI,Malawi,1984,440,0,0,0,0,0,0,,0,unhcr_population,2025-12-31,2026-08-19T14:21:59Z,2026-08-19
MWI,Malawi,1985,450,0,0,0,0,0,0,,0,unhcr_population,2025-12-31,2026-08-19T14:21:59Z,2026-08-19
MWI,Malawi,1986,440,0,0,0,0,0,0,,0,unhcr_population,2025-12-31,2026-08-19T14:21:59Z,2026-08-19
MWI,Malawi,1987,450,0,0,0,0,0,0,,0,unhcr_population,2025-12-31,2026-08-19T14:21:59Z,2026-08-19
MWI,Malawi,1988,5,0,0,0,0,0,0,,0,unhcr_population,2025-12-31,2026-08-19T14:21:59Z,2026-08-19
MWI,Malawi,1989,5,0,0,0,0,0,0,,0,unhcr_population,2025-12-31,2026-08-19T14:21:59Z,2026-08-19
MWI,Malawi,1990,55,0,0,0,0,0,0,,0,unhcr_population,2025-12-31,2026-08-19T14:21:59Z,2026-08-19
MWI,Malawi,1991,50,0,0,0,0,0,0,,0,unhcr_population,2025-12-31,2026-08-19T14:21:59Z,2026-08-19
MWI,Malawi,1992,50,0,0,0,0,0,0,,0,unhcr_population,2025-12-31,2026-08-19T14:21:59Z,2026-08-19
MWI,Malawi,1993,43,0,0,0,0,0,0,,0,unhcr_population,2025-12-31,2026-08-19T14:21:59Z,2026-08-19
MWI,Malawi,1994,60,0,0,0,0,5,0,,0,unhcr_population,2025-12-31,2026-08-19T14:21:59Z,2026-08-19
MWI,Malawi,1995,37,0,0,0,0,52,0,,0,unhcr_population,2025-12-31,2026-08-19T14:21:59Z,2026-08-19
MWI,Malawi,1996,40,0,0,0,0,0,0,,0,unhcr_population,2025-12-31,2026-08-19T14:21:59Z,2026-08-19
MWI,Malawi,1997,37,0,0,0,0,0,0,,0,unhcr_population,2025-12-31,2026-08-19T14:21:59Z,2026-08-19
MWI,Malawi,1998,27,0,0,0,0,0,0,,0,unhcr_population,2025-12-31,2026-08-19T14:21:59Z,2026-08-19
MWI,Malawi,1999,34,0,0,0,0,0,0,,0,unhcr_population,2025-12-31,2026-08-19T14:21:59Z,2026-08-19
MWI,Malawi,2000,34,5,0,0,0,0,0,,0,unhcr_population,2025-12-31,2026-08-19T14:21:59Z,2026-08-19
MWI,Malawi,2001,26,12,0,0,0,0,0,,0,unhcr_population,2025-12-31,2026-08-19T14:21:59Z,2026-08-19
MWI,Malawi,2002,48,147,0,0,0,0,0,,0,unhcr_population,2025-12-31,2026-08-19T14:21:59Z,2026-08-19
MWI,Malawi,2003,60,1450,0,0,0,0,0,,0,unhcr_population,2025-12-31,2026-08-19T14:21:59Z,2026-08-19
MWI,Malawi,2004,95,2937,0,0,0,0,0,,0,unhcr_population,2025-12-31,2026-08-19T14:21:59Z,2026-08-19
MWI,Malawi,2005,98,3846,0,0,0,0,0,,0,unhcr_population,2025-12-31,2026-08-19T14:21:59Z,2026-08-19
MWI,Malawi,2006,112,43,0,0,0,0,0,,0,unhcr_population,2025-12-31,2026-08-19T14:21:59Z,2026-08-19
MWI,Malawi,2007,93,8184,0,0,0,0,0,,0,unhcr_population,2025-12-31,2026-08-19T14:21:59Z,2026-08-19
MWI,Malawi,2008,103,8206,0,0,0,0,0,,0,unhcr_population,2025-12-31,2026-08-19T14:21:59Z,2026-08-19
MWI,Malawi,2009,126,42,0,0,0,0,0,,0,unhcr_population,2025-12-31,2026-08-19T14:21:59Z,2026-08-19
MWI,Malawi,2010,168,60,0,0,0,0,0,,0,unhcr_population,2025-12-31,2026-08-19T14:21:59Z,2026-08-19
MWI,Malawi,2011,216,2963,0,0,0,0,0,,0,unhcr_population,2025-12-31,2026-08-19T14:21:59Z,2026-08-19
MWI,Malawi,2012,273,4543,0,0,0,0,0,,0,unhcr_population,2025-12-31,2026-08-19T14:21:59Z,2026-08-19
MWI,Malawi,2013,323,4265,0,0,0,0,0,,0,unhcr_population,2025-12-31,2026-08-19T14:21:59Z,2026-08-19
MWI,Malawi,2014,356,3891,0,0,0,0,0,,0,unhcr_population,2025-12-31,2026-08-19T14:21:59Z,2026-08-19
MWI,Malawi,2015,429,5672,0,0,0,0,0,,0,unhcr_population,2025-12-31,2026-08-19T14:21:59Z,2026-08-19
MWI,Malawi,2016,427,3752,0,0,0,0,0,,0,unhcr_population,2025-12-31,2026-08-19T14:21:59Z,2026-08-19
MWI,Malawi,2017,434,3154,0,0,0,0,0,,0,unhcr_population,2025-12-31,2026-08-19T14:21:59Z,2026-08-19
MWI,Malawi,2018,472,2800,0,0,0,0,0,,0,unhcr_population,2025-12-31,2026-08-19T14:21:59Z,2026-08-19
MWI,Malawi,2019,514,2570,0,0,0,0,0,,0,unhcr_population,2025-12-31,2026-08-19T14:21:59Z,2026-08-19
MWI,Malawi,2020,514,2168,0,0,0,0,0,,0,unhcr_population,2025-12-31,2026-08-19T14:21:59Z,2026-08-19
MWI,Malawi,2021,513,2018,0,0,0,0,0,,0,unhcr_population,2025-12-31,2026-08-19T14:21:59Z,2026-08-19
MWI,Malawi,2022,499,1169,0,0,0,0,0,,0,unhcr_population,2025-12-31,2026-08-19T14:21:59Z,2026-08-19
MWI,Malawi,2023,531,1656,0,0,0,0,0,,0,unhcr_population,2025-12-31,2026-08-19T14:21:59Z,2026-08-19
MWI,Malawi,2024,570,2784,0,0,0,0,0,,0,unhcr_population,2025-12-31,2026-08-19T14:21:59Z,2026-08-19
MWI,Malawi,2025,551,1779,0,0,0,0,0,,0,unhcr_population,2025-12-31,2026-08-19T14:21:59Z,2026-08-19
MYS,Malaysia,1991,5,0,0,0,0,0,0,,0,unhcr_population,2025-12-31,2026-08-19T14:21:59Z,2026-08-19
MYS,Malaysia,1992,5,0,0,0,0,0,0,,0,unhcr_population,2025-12-31,2026-08-19T14:21:59Z,2026-08-19
MYS,Malaysia,1993,5,0,0,0,0,0,0,,0,unhcr_population,2025-12-31,2026-08-19T14:21:59Z,2026-08-19
MYS,Malaysia,1994,83,0,0,0,0,0,0,,0,unhcr_population,2025-12-31,2026-08-19T14:21:59Z,2026-08-19
MYS,Malaysia,1995,82,0,0,0,0,0,0,,0,unhcr_population,2025-12-31,2026-08-19T14:21:59Z,2026-08-19
MYS,Malaysia,1996,105,0,0,0,0,0,0,,0,unhcr_population,2025-12-31,2026-08-19T14:21:59Z,2026-08-19
MYS,Malaysia,1997,88,0,0,0,0,0,0,,0,unhcr_population,2025-12-31,2026-08-19T14:21:59Z,2026-08-19
MYS,Malaysia,1998,87,0,0,0,0,0,0,,0,unhcr_population,2025-12-31,2026-08-19T14:21:59Z,2026-08-19
MYS,Malaysia,1999,83,0,0,0,0,0,0,,0,unhcr_population,2025-12-31,2026-08-19T14:21:59Z,2026-08-19
MYS,Malaysia,2000,79,240,0,0,0,0,0,,0,unhcr_population,2025-12-31,2026-08-19T14:21:59Z,2026-08-19
MYS,Malaysia,2001,77,312,0,0,0,0,0,,0,unhcr_population,2025-12-31,2026-08-19T14:21:59Z,2026-08-19
MYS,Malaysia,2002,117,480,0,0,0,0,0,,0,unhcr_population,2025-12-31,2026-08-19T14:21:59Z,2026-08-19
MYS,Malaysia,2003,235,325,0,0,0,0,0,,0,unhcr_population,2025-12-31,2026-08-19T14:21:59Z,2026-08-19
MYS,Malaysia,2004,287,175,0,0,0,0,0,,0,unhcr_population,2025-12-31,2026-08-19T14:21:59Z,2026-08-19
MYS,Malaysia,2005,388,184,0,0,0,0,0,,0,unhcr_population,2025-12-31,2026-08-19T14:21:59Z,2026-08-19
MYS,Malaysia,2006,575,135,0,0,0,0,0,,0,unhcr_population,2025-12-31,2026-08-19T14:21:59Z,2026-08-19
MYS,Malaysia,2007,611,112,0,0,0,0,0,,0,unhcr_population,2025-12-31,2026-08-19T14:21:59Z,2026-08-19
MYS,Malaysia,2008,607,128,0,0,0,0,0,,0,unhcr_population,2025-12-31,2026-08-19T14:21:59Z,2026-08-19
MYS,Malaysia,2009,530,148,0,0,0,0,0,,0,unhcr_population,2025-12-31,2026-08-19T14:21:59Z,2026-08-19
MYS,Malaysia,2010,550,116,0,0,0,0,0,,0,unhcr_population,2025-12-31,2026-08-19T14:21:59Z,2026-08-19
MYS,Malaysia,2011,531,136,0,0,0,0,0,,0,unhcr_population,2025-12-31,2026-08-19T14:21:59Z,2026-08-19
MYS,Malaysia,2012,523,170,0,0,0,0,0,,0,unhcr_population,2025-12-31,2026-08-19T14:21:59Z,2026-08-19
MYS,Malaysia,2013,478,266,0,0,0,0,0,,0,unhcr_population,2025-12-31,2026-08-19T14:21:59Z,2026-08-19
MYS,Malaysia,2014,458,948,0,0,0,0,0,,0,unhcr_population,2025-12-31,2026-08-19T14:21:59Z,2026-08-19
MYS,Malaysia,2015,435,2823,0,0,0,0,0,,0,unhcr_population,2025-12-31,2026-08-19T14:21:59Z,2026-08-19
MYS,Malaysia,2016,453,6163,0,0,0,0,0,,0,unhcr_population,2025-12-31,2026-08-19T14:21:59Z,2026-08-19
MYS,Malaysia,2017,540,9478,0,0,0,0,0,,0,unhcr_population,2025-12-31,2026-08-19T14:21:59Z,2026-08-19
MYS,Malaysia,2018,817,15037,0,0,0,0,0,,0,unhcr_population,2025-12-31,2026-08-19T14:21:59Z,2026-08-19
MYS,Malaysia,2019,906,21259,0,0,0,0,0,,0,unhcr_population,2025-12-31,2026-08-19T14:21:59Z,2026-08-19
MYS,Malaysia,2020,1058,21474,0,0,0,0,0,,0,unhcr_population,2025-12-31,2026-08-19T14:21:59Z,2026-08-19
MYS,Malaysia,2021,1182,20855,0,0,0,0,0,,0,unhcr_population,2025-12-31,2026-08-19T14:21:59Z,2026-08-19
MYS,Malaysia,2022,1359,19764,0,0,0,0,0,,0,unhcr_population,2025-12-31,2026-08-19T14:21:59Z,2026-08-19
MYS,Malaysia,2023,999,18810,0,0,0,0,0,,0,unhcr_population,2025-12-31,2026-08-19T14:21:59Z,2026-08-19
MYS,Malaysia,2024,1209,12779,0,0,0,5,0,,0,unhcr_population,2025-12-31,2026-08-19T14:21:59Z,2026-08-19
MYS,Malaysia,2025,2477,5511,0,0,0,9,0,,0,unhcr_population,2025-12-31,2026-08-19T14:21:59Z,2026-08-19
NAM,Namibia,1966,180,0,0,0,0,0,0,,0,unhcr_population,2025-12-31,2026-08-19T14:21:59Z,2026-08-19
NAM,Namibia,1967,230,0,0,0,0,0,0,,0,unhcr_population,2025-12-31,2026-08-19T14:21:59Z,2026-08-19
NAM,Namibia,1968,1330,0,0,0,0,80,0,,0,unhcr_population,2025-12-31,2026-08-19T14:21:59Z,2026-08-19
NAM,Namibia,1969,840,0,0,0,0,420,0,,0,unhcr_population,2025-12-31,2026-08-19T14:21:59Z,2026-08-19
NAM,Namibia,1970,900,0,0,0,0,0,0,,0,unhcr_population,2025-12-31,2026-08-19T14:21:59Z,2026-08-19
NAM,Namibia,1971,900,0,0,0,0,0,0,,0,unhcr_population,2025-12-31,2026-08-19T14:21:59Z,2026-08-19
NAM,Namibia,1972,1000,0,0,0,0,0,0,,0,unhcr_population,2025-12-31,2026-08-19T14:21:59Z,2026-08-19
NAM,Namibia,1973,3410,0,0,0,0,0,0,,0,unhcr_population,2025-12-31,2026-08-19T14:21:59Z,2026-08-19
NAM,Namibia,1974,3420,0,0,0,0,0,0,,0,unhcr_population,2025-12-31,2026-08-19T14:21:59Z,2026-08-19
NAM,Namibia,1975,3970,0,0,0,0,170,0,,0,unhcr_population,2025-12-31,2026-08-19T14:21:59Z,2026-08-19
NAM,Namibia,1976,9020,0,0,0,0,0,0,,0,unhcr_population,2025-12-31,2026-08-19T14:21:59Z,2026-08-19
NAM,Namibia,1977,12930,0,0,0,0,0,0,,0,unhcr_population,2025-12-31,2026-08-19T14:21:59Z,2026-08-19
NAM,Namibia,1978,35760,0,0,0,0,100,0,,0,unhcr_population,2025-12-31,2026-08-19T14:21:59Z,2026-08-19
NAM,Namibia,1979,40580,0,0,0,0,60,0,,0,unhcr_population,2025-12-31,2026-08-19T14:21:59Z,2026-08-19
NAM,Namibia,1980,55620,0,0,0,0,0,0,,0,unhcr_population,2025-12-31,2026-08-19T14:21:59Z,2026-08-19
NAM,Namibia,1981,74520,0,0,0,0,0,0,,0,unhcr_population,2025-12-31,2026-08-19T14:21:59Z,2026-08-19
NAM,Namibia,1982,75170,0,0,0,0,0,0,,0,unhcr_population,2025-12-31,2026-08-19T14:21:59Z,2026-08-19
NAM,Namibia,1983,75110,0,0,0,0,0,0,,0,unhcr_population,2025-12-31,2026-08-19T14:21:59Z,2026-08-19
NAM,Namibia,1984,77550,0,0,0,0,0,0,,0,unhcr_population,2025-12-31,2026-08-19T14:21:59Z,2026-08-19
NAM,Namibia,1985,76916,0,0,0,0,0,0,,0,unhcr_population,2025-12-31,2026-08-19T14:21:59Z,2026-08-19
NAM,Namibia,1986,76966,0,0,0,0,0,0,,0,unhcr_population,2025-12-31,2026-08-19T14:21:59Z,2026-08-19
NAM,Namibia,1987,75726,0,0,0,0,60,0,,0,unhcr_population,2025-12-31,2026-08-19T14:21:59Z,2026-08-19
NAM,Namibia,1988,76591,0,0,0,0,160,0,,0,unhcr_population,2025-12-31,2026-08-19T14:21:59Z,2026-08-19
NAM,Namibia,1989,3704,0,0,0,0,71170,0,,0,unhcr_population,2025-12-31,2026-08-19T14:21:59Z,2026-08-19
NAM,Namibia,1990,532,0,0,0,0,2770,0,,0,unhcr_population,2025-12-31,2026-08-19T14:21:59Z,2026-08-19
NAM,Namibia,1991,204,0,0,0,0,250,0,,0,unhcr_population,2025-12-31,2026-08-19T14:21:59Z,2026-08-19
NAM,Namibia,1992,17,0,0,0,0,140,0,,0,unhcr_population,2025-12-31,2026-08-19T14:21:59Z,2026-08-19
NAM,Namibia,1993,133,0,0,0,0,12,0,,0,unhcr_population,2025-12-31,2026-08-19T14:21:59Z,2026-08-19
NAM,Namibia,1994,65,0,0,0,0,56,0,,0,unhcr_population,2025-12-31,2026-08-19T14:21:59Z,2026-08-19
NAM,Namibia,1995,12,0,0,0,0,21,0,,0,unhcr_population,2025-12-31,2026-08-19T14:21:59Z,2026-08-19
NAM,Namibia,1996,13,0,0,0,0,0,0,,0,unhcr_population,2025-12-31,2026-08-19T14:21:59Z,2026-08-19
NAM,Namibia,1998,1900,0,0,0,0,0,0,,0,unhcr_population,2025-12-31,2026-08-19T14:21:59Z,2026-08-19
NAM,Namibia,1999,702,0,0,0,0,1381,0,,0,unhcr_population,2025-12-31,2026-08-19T14:21:59Z,2026-08-19
NAM,Namibia,2000,2307,10,0,0,0,5,0,,0,unhcr_population,2025-12-31,2026-08-19T14:21:59Z,2026-08-19
NAM,Namibia,2001,2295,150,0,0,0,0,0,,0,unhcr_population,2025-12-31,2026-08-19T14:21:59Z,2026-08-19
NAM,Namibia,2002,1298,179,0,0,0,1010,0,,0,unhcr_population,2025-12-31,2026-08-19T14:21:59Z,2026-08-19
NAM,Namibia,2003,1289,185,0,0,0,5,0,,0,unhcr_population,2025-12-31,2026-08-19T14:21:59Z,2026-08-19
NAM,Namibia,2004,1307,184,0,0,0,0,0,,0,unhcr_population,2025-12-31,2026-08-19T14:21:59Z,2026-08-19
NAM,Namibia,2005,1221,40,0,0,0,53,0,,0,unhcr_population,2025-12-31,2026-08-19T14:21:59Z,2026-08-19
NAM,Namibia,2006,1196,14,0,0,0,35,0,,0,unhcr_population,2025-12-31,2026-08-19T14:21:59Z,2026-08-19
NAM,Namibia,2007,1123,16,0,0,0,53,0,,0,unhcr_population,2025-12-31,2026-08-19T14:21:59Z,2026-08-19
NAM,Namibia,2008,976,23,0,0,0,20,0,,0,unhcr_population,2025-12-31,2026-08-19T14:21:59Z,2026-08-19
NAM,Namibia,2009,918,43,0,0,0,31,0,,0,unhcr_population,2025-12-31,2026-08-19T14:21:59Z,2026-08-19
NAM,Namibia,2010,1013,345,0,0,0,28,0,,0,unhcr_population,2025-12-31,2026-08-19T14:21:59Z,2026-08-19
NAM,Namibia,2011,1067,1092,0,0,0,41,0,,0,unhcr_population,2025-12-31,2026-08-19T14:21:59Z,2026-08-19
NAM,Namibia,2012,1097,571,0,0,0,0,0,,0,unhcr_population,2025-12-31,2026-08-19T14:21:59Z,2026-08-19
NAM,Namibia,2013,1138,276,0,0,0,28,0,,0,unhcr_population,2025-12-31,2026-08-19T14:21:59Z,2026-08-19
NAM,Namibia,2014,1250,45,0,0,0,14,0,,0,unhcr_population,2025-12-31,2026-08-19T14:21:59Z,2026-08-19
NAM,Namibia,2015,1272,60,0,0,36,21,0,,0,unhcr_population,2025-12-31,2026-08-19T14:21:59Z,2026-08-19
NAM,Namibia,2016,1363,130,0,0,41,10,0,,0,unhcr_population,2025-12-31,2026-08-19T14:21:59Z,2026-08-19
NAM,Namibia,2017,1368,211,0,0,5,18,0,,0,unhcr_population,2025-12-31,2026-08-19T14:21:59Z,2026-08-19
NAM,Namibia,2018,1331,332,0,0,0,106,0,,0,unhcr_population,2025-12-31,2026-08-19T14:21:59Z,2026-08-19
NAM,Namibia,2019,459,756,0,0,0,14,0,,0,unhcr_population,2025-12-31,2026-08-19T14:21:59Z,2026-08-19
NAM,Namibia,2020,457,841,0,0,0,0,0,,0,unhcr_population,2025-12-31,2026-08-19T14:21:59Z,2026-08-19
NAM,Namibia,2021,441,915,0,0,40,7,0,,0,unhcr_population,2025-12-31,2026-08-19T14:21:59Z,2026-08-19
NAM,Namibia,2022,317,1444,0,0,40,0,0,,0,unhcr_population,2025-12-31,2026-08-19T14:21:59Z,2026-08-19
NAM,Namibia,2023,447,1603,0,0,45,0,0,,0,unhcr_population,2025-12-31,2026-08-19T14:21:59Z,2026-08-19
NAM,Namibia,2024,646,897,0,0,38,0,0,,0,unhcr_population,2025-12-31,2026-08-19T14:21:59Z,2026-08-19
NAM,Namibia,2025,685,358,0,0,42,0,0,,0,unhcr_population,2025-12-31,2026-08-19T14:21:59Z,2026-08-19
NCL,New Caledonia,2005,0,7,0,0,0,0,0,,0,unhcr_population,2025-12-31,2026-08-19T14:21:59Z,2026-08-19
NCL,New Caledonia,2024,0,5,0,0,0,0,0,,0,unhcr_population,2025-12-31,2026-08-19T14:21:59Z,2026-08-19
NER,Niger,1992,22006,0,0,0,0,0,0,,0,unhcr_population,2025-12-31,2026-08-19T14:21:59Z,2026-08-19
NER,Niger,1993,22306,0,0,0,0,0,0,,0,unhcr_population,2025-12-31,2026-08-19T14:21:59Z,2026-08-19
NER,Niger,1994,22019,0,0,0,0,0,0,,0,unhcr_population,2025-12-31,2026-08-19T14:21:59Z,2026-08-19
NER,Niger,1995,10289,0,0,0,0,200,0,,0,unhcr_population,2025-12-31,2026-08-19T14:21:59Z,2026-08-19
NER,Niger,1996,10359,0,0,0,0,0,0,,0,unhcr_population,2025-12-31,2026-08-19T14:21:59Z,2026-08-19
NER,Niger,1997,2783,0,0,0,0,403,0,,0,unhcr_population,2025-12-31,2026-08-19T14:21:59Z,2026-08-19
NER,Niger,1998,418,0,0,0,0,3830,0,,0,unhcr_population,2025-12-31,2026-08-19T14:21:59Z,2026-08-19
NER,Niger,1999,508,0,0,0,0,14,0,,0,unhcr_population,2025-12-31,2026-08-19T14:21:59Z,2026-08-19
NER,Niger,2000,483,250,0,0,0,0,0,,0,unhcr_population,2025-12-31,2026-08-19T14:21:59Z,2026-08-19
NER,Niger,2001,478,415,0,0,0,0,0,,0,unhcr_population,2025-12-31,2026-08-19T14:21:59Z,2026-08-19
NER,Niger,2002,829,555,0,0,0,0,0,,0,unhcr_population,2025-12-31,2026-08-19T14:21:59Z,2026-08-19
NER,Niger,2003,716,452,0,0,0,0,0,,0,unhcr_population,2025-12-31,2026-08-19T14:21:59Z,2026-08-19
NER,Niger,2004,676,351,0,0,0,0,0,,0,unhcr_population,2025-12-31,2026-08-19T14:21:59Z,2026-08-19
NER,Niger,2005,642,581,0,0,0,0,0,,0,unhcr_population,2025-12-31,2026-08-19T14:21:59Z,2026-08-19
NER,Niger,2006,803,470,0,0,0,0,0,,0,unhcr_population,2025-12-31,2026-08-19T14:21:59Z,2026-08-19
NER,Niger,2007,817,261,0,0,0,0,0,,0,unhcr_population,2025-12-31,2026-08-19T14:21:59Z,2026-08-19
NER,Niger,2008,789,264,0,0,0,0,0,,0,unhcr_population,2025-12-31,2026-08-19T14:21:59Z,2026-08-19
NER,Niger,2009,812,283,0,0,0,0,0,,0,unhcr_population,2025-12-31,2026-08-19T14:21:59Z,2026-08-19
NER,Niger,2010,794,319,0,0,0,0,0,,0,unhcr_population,2025-12-31,2026-08-19T14:21:59Z,2026-08-19
NER,Niger,2011,805,290,0,0,0,0,0,,0,unhcr_population,2025-12-31,2026-08-19T14:21:59Z,2026-08-19
NER,Niger,2012,824,354,0,0,0,0,0,,0,unhcr_population,2025-12-31,2026-08-19T14:21:59Z,2026-08-19
NER,Niger,2013,674,419,0,0,35166,0,0,,0,unhcr_population,2025-12-31,2026-08-19T14:21:59Z,2026-08-19
NER,Niger,2014,728,535,0,0,0,0,0,,0,unhcr_population,2025-12-31,2026-08-19T14:21:59Z,2026-08-19
NER,Niger,2015,1383,763,137337,0,70000,0,0,,0,unhcr_population,2025-12-31,2026-08-19T14:21:59Z,2026-08-19
NER,Niger,2016,1230,838,121391,0,14678,0,0,,0,unhcr_population,2025-12-31,2026-08-19T14:21:59Z,2026-08-19
NER,Niger,2017,1363,2399,129015,0,14820,0,5867,,0,unhcr_population,2025-12-31,2026-08-19T14:21:59Z,2026-08-19
NER,Niger,2018,2715,2053,156137,0,25731,0,24727,,0,unhcr_population,2025-12-31,2026-08-19T14:21:59Z,2026-08-19
NER,Niger,2019,3063,2420,191902,0,29882,0,0,,0,unhcr_population,2025-12-31,2026-08-19T14:21:59Z,2026-08-19
NER,Niger,2020,18853,4105,298458,0,34324,0,0,,0,unhcr_population,2025-12-31,2026-08-19T14:21:59Z,2026-08-19
NER,Niger,2021,21901,2686,224016,0,37305,0,0,,0,unhcr_population,2025-12-31,2026-08-19T14:21:59Z,2026-08-19
NER,Niger,2022,21946,2759,376809,0,37596,0,0,,0,unhcr_population,2025-12-31,2026-08-19T14:21:59Z,2026-08-19
NER,Niger,2023,24794,15517,335277,0,45415,0,0,,0,unhcr_population,2025-12-31,2026-08-19T14:21:59Z,2026-08-19
NER,Niger,2024,44119,10775,507438,0,46595,0,0,,0,unhcr_population,2025-12-31,2026-08-19T14:21:59Z,2026-08-19
NER,Niger,2025,85591,21662,459585,0,47435,0,0,,0,unhcr_population,2025-12-31,2026-08-19T14:21:59Z,2026-08-19
NGA,Nigeria,1968,51100,0,0,0,0,0,0,,0,unhcr_population,2025-12-31,2026-08-19T14:21:59Z,2026-08-19
NGA,Nigeria,1969,2850,0,0,0,0,0,0,,0,unhcr_population,2025-12-31,2026-08-19T14:21:59Z,2026-08-19
NGA,Nigeria,1970,0,0,0,0,0,60,0,,0,unhcr_population,2025-12-31,2026-08-19T14:21:59Z,2026-08-19
NGA,Nigeria,1987,5,0,0,0,0,0,0,,0,unhcr_population,2025-12-31,2026-08-19T14:21:59Z,2026-08-19
NGA,Nigeria,1988,15,0,0,0,0,0,0,,0,unhcr_population,2025-12-31,2026-08-19T14:21:59Z,2026-08-19
NGA,Nigeria,1989,15,0,0,0,0,0,0,,0,unhcr_population,2025-12-31,2026-08-19T14:21:59Z,2026-08-19
NGA,Nigeria,1990,15,0,0,0,0,0,0,,0,unhcr_population,2025-12-31,2026-08-19T14:21:59Z,2026-08-19
NGA,Nigeria,1991,22,0,0,0,0,0,0,,0,unhcr_population,2025-12-31,2026-08-19T14:21:59Z,2026-08-19
NGA,Nigeria,1992,75,0,0,0,0,0,0,,0,unhcr_population,2025-12-31,2026-08-19T14:21:59Z,2026-08-19
NGA,Nigeria,1993,95,0,0,0,0,0,0,,0,unhcr_population,2025-12-31,2026-08-19T14:21:59Z,2026-08-19
NGA,Nigeria,1994,587,0,0,0,0,0,0,,0,unhcr_population,2025-12-31,2026-08-19T14:21:59Z,2026-08-19
NGA,Nigeria,1995,1942,0,0,0,0,10,0,,0,unhcr_population,2025-12-31,2026-08-19T14:21:59Z,2026-08-19
NGA,Nigeria,1996,4751,0,0,0,0,90,0,,0,unhcr_population,2025-12-31,2026-08-19T14:21:59Z,2026-08-19
NGA,Nigeria,1997,3043,0,0,0,0,0,0,,0,unhcr_population,2025-12-31,2026-08-19T14:21:59Z,2026-08-19
NGA,Nigeria,1998,3998,0,0,0,0,0,0,,0,unhcr_population,2025-12-31,2026-08-19T14:21:59Z,2026-08-19
NGA,Nigeria,1999,4440,0,0,0,0,0,0,,0,unhcr_population,2025-12-31,2026-08-19T14:21:59Z,2026-08-19
NGA,Nigeria,2000,5735,3457,0,0,0,0,0,,0,unhcr_population,2025-12-31,2026-08-19T14:21:59Z,2026-08-19
NGA,Nigeria,2001,6077,4133,0,0,0,0,0,,0,unhcr_population,2025-12-31,2026-08-19T14:21:59Z,2026-08-19
NGA,Nigeria,2002,24559,7651,0,0,0,114,0,,0,unhcr_population,2025-12-31,2026-08-19T14:21:59Z,2026-08-19
NGA,Nigeria,2003,24414,14647,0,0,0,7,0,,0,unhcr_population,2025-12-31,2026-08-19T14:21:59Z,2026-08-19
NGA,Nigeria,2004,23882,13254,0,0,0,364,0,,0,unhcr_population,2025-12-31,2026-08-19T14:21:59Z,2026-08-19
NGA,Nigeria,2005,22123,14015,0,0,0,7401,0,,0,unhcr_population,2025-12-31,2026-08-19T14:21:59Z,2026-08-19
NGA,Nigeria,2006,13242,8361,0,0,0,5,0,,0,unhcr_population,2025-12-31,2026-08-19T14:21:59Z,2026-08-19
NGA,Nigeria,2007,13898,9725,0,0,0,108,0,,0,unhcr_population,2025-12-31,2026-08-19T14:21:59Z,2026-08-19
NGA,Nigeria,2008,14170,10449,0,0,0,0,0,,0,unhcr_population,2025-12-31,2026-08-19T14:21:59Z,2026-08-19
NGA,Nigeria,2009,15609,9637,0,0,0,0,0,,0,unhcr_population,2025-12-31,2026-08-19T14:21:59Z,2026-08-19
NGA,Nigeria,2010,15645,11912,0,0,0,0,0,,0,unhcr_population,2025-12-31,2026-08-19T14:21:59Z,2026-08-19
NGA,Nigeria,2011,17140,10519,0,0,0,0,0,,0,unhcr_population,2025-12-31,2026-08-19T14:21:59Z,2026-08-19
NGA,Nigeria,2012,18017,14159,0,0,0,0,0,,0,unhcr_population,2025-12-31,2026-08-19T14:21:59Z,2026-08-19
NGA,Nigeria,2013,31173,21332,0,0,0,16,0,,0,unhcr_population,2025-12-31,2026-08-19T14:21:59Z,2026-08-19
NGA,Nigeria,2014,90936,30075,1188018,0,70013,0,0,,0,unhcr_population,2025-12-31,2026-08-19T14:21:59Z,2026-08-19
NGA,Nigeria,2015,167973,51353,2172532,0,19,0,0,,0,unhcr_population,2025-12-31,2026-08-19T14:21:59Z,2026-08-19
NGA,Nigeria,2016,229290,66862,2219272,0,16,0,689906,,0,unhcr_population,2025-12-31,2026-08-19T14:21:59Z,2026-08-19
NGA,Nigeria,2017,238977,91924,1704080,0,24,305,381780,,0,unhcr_population,2025-12-31,2026-08-19T14:21:59Z,2026-08-19
NGA,Nigeria,2018,276834,84624,2167925,0,1424,0,176155,,0,unhcr_population,2025-12-31,2026-08-19T14:21:59Z,2026-08-19
NGA,Nigeria,2019,295578,112382,2195779,0,7,134,18356,,0,unhcr_population,2025-12-31,2026-08-19T14:21:59Z,2026-08-19
NGA,Nigeria,2020,352960,73233,2610278,0,8,12335,0,,0,unhcr_population,2025-12-31,2026-08-19T14:21:59Z,2026-08-19
NGA,Nigeria,2021,383660,83105,3084916,0,18,16951,205201,,0,unhcr_population,2025-12-31,2026-08-19T14:21:59Z,2026-08-19
NGA,Nigeria,2022,391120,83402,3286881,0,13,19693,139622,,0,unhcr_population,2025-12-31,2026-08-19T14:21:59Z,2026-08-19
NGA,Nigeria,2023,410308,68852,3313601,0,9,31747,35131,,0,unhcr_population,2025-12-31,2026-08-19T14:21:59Z,2026-08-19
NGA,Nigeria,2024,467605,87289,3432959,0,26,37696,35721,,0,unhcr_population,2025-12-31,2026-08-19T14:21:59Z,2026-08-19
NGA,Nigeria,2025,478150,56176,3544519,0,147,26780,0,,0,unhcr_population,2025-12-31,2026-08-19T14:21:59Z,2026-08-19
NIC,Nicaragua,1978,144800,0,0,0,0,0,0,,0,unhcr_population,2025-12-31,2026-08-19T14:21:59Z,2026-08-19
NIC,Nicaragua,1979,16600,0,0,0,0,88130,0,,0,unhcr_population,2025-12-31,2026-08-19T14:21:59Z,2026-08-19
NIC,Nicaragua,1980,960,0,0,0,0,15000,0,,0,unhcr_population,2025-12-31,2026-08-19T14:21:59Z,2026-08-19
NIC,Nicaragua,1981,2500,0,0,0,0,0,0,,0,unhcr_population,2025-12-31,2026-08-19T14:21:59Z,2026-08-19
NIC,Nicaragua,1982,18970,0,0,0,0,0,0,,0,unhcr_population,2025-12-31,2026-08-19T14:21:59Z,2026-08-19
NIC,Nicaragua,1983,23520,0,0,0,0,0,0,,0,unhcr_population,2025-12-31,2026-08-19T14:21:59Z,2026-08-19
NIC,Nicaragua,1984,35020,0,0,0,0,0,0,,0,unhcr_population,2025-12-31,2026-08-19T14:21:59Z,2026-08-19
NIC,Nicaragua,1985,52650,0,0,0,0,0,0,,0,unhcr_population,2025-12-31,2026-08-19T14:21:59Z,2026-08-19
NIC,Nicaragua,1986,67550,0,0,0,0,0,0,,0,unhcr_population,2025-12-31,2026-08-19T14:21:59Z,2026-08-19
NIC,Nicaragua,1987,68540,0,0,0,0,6980,0,,0,unhcr_population,2025-12-31,2026-08-19T14:21:59Z,2026-08-19
NIC,Nicaragua,1988,86563,0,0,0,0,10760,0,,0,unhcr_population,2025-12-31,2026-08-19T14:21:59Z,2026-08-19
NIC,Nicaragua,1989,97698,0,0,0,0,2800,0,,0,unhcr_population,2025-12-31,2026-08-19T14:21:59Z,2026-08-19
NIC,Nicaragua,1990,52617,0,0,0,0,35570,0,,0,unhcr_population,2025-12-31,2026-08-19T14:21:59Z,2026-08-19
NIC,Nicaragua,1991,46789,0,0,0,0,6100,0,,0,unhcr_population,2025-12-31,2026-08-19T14:21:59Z,2026-08-19
NIC,Nicaragua,1992,44275,0,0,0,0,2040,0,,0,unhcr_population,2025-12-31,2026-08-19T14:21:59Z,2026-08-19
NIC,Nicaragua,1993,33056,0,0,0,0,368,0,,0,unhcr_population,2025-12-31,2026-08-19T14:21:59Z,2026-08-19
NIC,Nicaragua,1994,28596,0,0,0,0,68,0,,0,unhcr_population,2025-12-31,2026-08-19T14:21:59Z,2026-08-19
NIC,Nicaragua,1995,23936,0,0,0,0,13,0,,0,unhcr_population,2025-12-31,2026-08-19T14:21:59Z,2026-08-19
NIC,Nicaragua,1996,22818,0,0,0,0,1013,0,,0,unhcr_population,2025-12-31,2026-08-19T14:21:59Z,2026-08-19
NIC,Nicaragua,1997,22495,0,0,0,0,40,0,,0,unhcr_population,2025-12-31,2026-08-19T14:21:59Z,2026-08-19
NIC,Nicaragua,1998,21390,0,0,0,0,155,0,,0,unhcr_population,2025-12-31,2026-08-19T14:21:59Z,2026-08-19
NIC,Nicaragua,1999,20572,0,0,0,0,61,0,,0,unhcr_population,2025-12-31,2026-08-19T14:21:59Z,2026-08-19
NIC,Nicaragua,2000,5070,13136,0,0,128,24,0,,0,unhcr_population,2025-12-31,2026-08-19T14:21:59Z,2026-08-19
NIC,Nicaragua,2001,4397,13173,0,0,0,9,0,,0,unhcr_population,2025-12-31,2026-08-19T14:21:59Z,2026-08-19
NIC,Nicaragua,2002,4049,9936,0,0,0,0,0,,0,unhcr_population,2025-12-31,2026-08-19T14:21:59Z,2026-08-19
NIC,Nicaragua,2003,3984,6855,0,0,0,5,0,,0,unhcr_population,2025-12-31,2026-08-19T14:21:59Z,2026-08-19
NIC,Nicaragua,2004,1822,6243,0,0,0,0,0,,0,unhcr_population,2025-12-31,2026-08-19T14:21:59Z,2026-08-19
NIC,Nicaragua,2005,1463,4423,0,0,0,44,0,,0,unhcr_population,2025-12-31,2026-08-19T14:21:59Z,2026-08-19
NIC,Nicaragua,2006,1827,2300,0,0,0,6,0,,0,unhcr_population,2025-12-31,2026-08-19T14:21:59Z,2026-08-19
NIC,Nicaragua,2007,1899,822,0,0,0,0,0,,0,unhcr_population,2025-12-31,2026-08-19T14:21:59Z,2026-08-19
NIC,Nicaragua,2008,1533,466,0,0,0,0,0,,0,unhcr_population,2025-12-31,2026-08-19T14:21:59Z,2026-08-19
NIC,Nicaragua,2009,1473,430,0,0,0,0,0,,0,unhcr_population,2025-12-31,2026-08-19T14:21:59Z,2026-08-19
NIC,Nicaragua,2010,1426,154,0,0,0,20,0,,0,unhcr_population,2025-12-31,2026-08-19T14:21:59Z,2026-08-19
NIC,Nicaragua,2011,1464,138,0,0,0,0,0,,0,unhcr_population,2025-12-31,2026-08-19T14:21:59Z,2026-08-19
NIC,Nicaragua,2012,1526,121,0,0,0,0,0,,0,unhcr_population,2025-12-31,2026-08-19T14:21:59Z,2026-08-19
NIC,Nicaragua,2013,1530,507,0,0,0,0,0,,0,unhcr_population,2025-12-31,2026-08-19T14:21:59Z,2026-08-19
NIC,Nicaragua,2014,1580,718,0,0,0,0,0,,0,unhcr_population,2025-12-31,2026-08-19T14:21:59Z,2026-08-19
NIC,Nicaragua,2015,1469,1237,0,0,0,0,0,,0,unhcr_population,2025-12-31,2026-08-19T14:21:59Z,2026-08-19
NIC,Nicaragua,2016,1409,2125,0,0,0,0,0,,0,unhcr_population,2025-12-31,2026-08-19T14:21:59Z,2026-08-19
NIC,Nicaragua,2017,1467,2722,0,0,0,0,0,,0,unhcr_population,2025-12-31,2026-08-19T14:21:59Z,2026-08-19
NIC,Nicaragua,2018,1671,32265,0,0,0,0,0,,0,unhcr_population,2025-12-31,2026-08-19T14:21:59Z,2026-08-19
NIC,Nicaragua,2019,4376,66869,0,0,224,0,0,,0,unhcr_population,2025-12-31,2026-08-19T14:21:59Z,2026-08-19
NIC,Nicaragua,2020,8701,62085,0,0,1665,0,0,,0,unhcr_population,2025-12-31,2026-08-19T14:21:59Z,2026-08-19
NIC,Nicaragua,2021,11041,164019,0,0,29390,0,0,,0,unhcr_population,2025-12-31,2026-08-19T14:21:59Z,2026-08-19
NIC,Nicaragua,2022,16087,277663,0,0,65724,0,0,,0,unhcr_population,2025-12-31,2026-08-19T14:21:59Z,2026-08-19
NIC,Nicaragua,2023,25483,308032,0,0,4595,0,0,,0,unhcr_population,2025-12-31,2026-08-19T14:21:59Z,2026-08-19
NIC,Nicaragua,2024,30020,356201,0,0,9597,5,0,,0,unhcr_population,2025-12-31,2026-08-19T14:21:59Z,2026-08-19
NIC,Nicaragua,2025,35341,269315,0,0,1015,0,0,,0,unhcr_population,2025-12-31,2026-08-19T14:21:59Z,2026-08-19
NIU,Niue,2011,7,0,0,0,0,0,0,,0,unhcr_population,2025-12-31,2026-08-19T14:21:59Z,2026-08-19
NIU,Niue,2012,10,0,0,0,0,0,0,,0,unhcr_population,2025-12-31,2026-08-19T14:21:59Z,2026-08-19
NIU,Niue,2013,14,0,0,0,0,0,0,,0,unhcr_population,2025-12-31,2026-08-19T14:21:59Z,2026-08-19
NIU,Niue,2014,18,28,0,0,0,0,0,,0,unhcr_population,2025-12-31,2026-08-19T14:21:59Z,2026-08-19
NIU,Niue,2015,18,18,0,0,0,0,0,,0,unhcr_population,2025-12-31,2026-08-19T14:21:59Z,2026-08-19
NIU,Niue,2016,19,0,0,0,0,0,0,,0,unhcr_population,2025-12-31,2026-08-19T14:21:59Z,2026-08-19
NIU,Niue,2017,19,5,0,0,0,0,0,,0,unhcr_population,2025-12-31,2026-08-19T14:21:59Z,2026-08-19
NIU,Niue,2018,19,5,0,0,0,0,0,,0,unhcr_population,2025-12-31,2026-08-19T14:21:59Z,2026-08-19
NIU,Niue,2019,19,6,0,0,0,0,0,,0,unhcr_population,2025-12-31,2026-08-19T14:21:59Z,2026-08-19
NIU,Niue,2020,18,7,0,0,0,0,0,,0,unhcr_population,2025-12-31,2026-08-19T14:21:59Z,2026-08-19
NIU,Niue,2021,11,0,0,0,0,0,0,,0,unhcr_population,2025-12-31,2026-08-19T14:21:59Z,2026-08-19
NIU,Niue,2022,11,7,0,0,0,0,0,,0,unhcr_population,2025-12-31,2026-08-19T14:21:59Z,2026-08-19
NIU,Niue,2023,6,5,0,0,0,0,0,,0,unhcr_population,2025-12-31,2026-08-19T14:21:59Z,2026-08-19
NIU,Niue,2024,5,5,0,0,0,0,0,,0,unhcr_population,2025-12-31,2026-08-19T14:21:59Z,2026-08-19
NIU,Niue,2025,5,6,0,0,0,0,0,,0,unhcr_population,2025-12-31,2026-08-19T14:21:59Z,2026-08-19
NLD,Netherlands (Kingdom of the),1994,75,0,0,0,0,0,0,,0,unhcr_population,2025-12-31,2026-08-19T14:21:59Z,2026-08-19
NLD,Netherlands (Kingdom of the),1995,86,0,0,0,0,0,0,,0,unhcr_population,2025-12-31,2026-08-19T14:21:59Z,2026-08-19
NLD,Netherlands (Kingdom of the),1996,97,0,0,0,0,0,0,,0,unhcr_population,2025-12-31,2026-08-19T14:21:59Z,2026-08-19
NLD,Netherlands (Kingdom of the),1997,77,0,0,0,0,0,0,,0,unhcr_population,2025-12-31,2026-08-19T14:21:59Z,2026-08-19
NLD,Netherlands (Kingdom of the),1998,57,0,0,0,0,0,0,,0,unhcr_population,2025-12-31,2026-08-19T14:21:59Z,2026-08-19
NLD,Netherlands (Kingdom of the),1999,29,0,0,0,0,0,0,,0,unhcr_population,2025-12-31,2026-08-19T14:21:59Z,2026-08-19
NLD,Netherlands (Kingdom of the),2000,14,132,0,0,0,0,0,,0,unhcr_population,2025-12-31,2026-08-19T14:21:59Z,2026-08-19
NLD,Netherlands (Kingdom of the),2001,5,87,0,0,0,0,0,,0,unhcr_population,2025-12-31,2026-08-19T14:21:59Z,2026-08-19
NLD,Netherlands (Kingdom of the),2002,32,87,0,0,0,0,0,,0,unhcr_population,2025-12-31,2026-08-19T14:21:59Z,2026-08-19
NLD,Netherlands (Kingdom of the),2003,38,90,0,0,0,0,0,,0,unhcr_population,2025-12-31,2026-08-19T14:21:59Z,2026-08-19
NLD,Netherlands (Kingdom of the),2004,45,115,0,0,0,0,0,,0,unhcr_population,2025-12-31,2026-08-19T14:21:59Z,2026-08-19
NLD,Netherlands (Kingdom of the),2005,155,40,0,0,0,0,0,,0,unhcr_population,2025-12-31,2026-08-19T14:21:59Z,2026-08-19
NLD,Netherlands (Kingdom of the),2006,41,38,0,0,0,0,0,,0,unhcr_population,2025-12-31,2026-08-19T14:21:59Z,2026-08-19
NLD,Netherlands (Kingdom of the),2007,44,22,0,0,0,0,0,,0,unhcr_population,2025-12-31,2026-08-19T14:21:59Z,2026-08-19
NLD,Netherlands (Kingdom of the),2008,46,25,0,0,0,0,0,,0,unhcr_population,2025-12-31,2026-08-19T14:21:59Z,2026-08-19
NLD,Netherlands (Kingdom of the),2009,44,25,0,0,0,0,0,,0,unhcr_population,2025-12-31,2026-08-19T14:21:59Z,2026-08-19
NLD,Netherlands (Kingdom of the),2010,52,21,0,0,0,0,0,,0,unhcr_population,2025-12-31,2026-08-19T14:21:59Z,2026-08-19
NLD,Netherlands (Kingdom of the),2011,61,42,0,0,0,0,0,,0,unhcr_population,2025-12-31,2026-08-19T14:21:59Z,2026-08-19
NLD,Netherlands (Kingdom of the),2012,69,28,0,0,0,0,0,,0,unhcr_population,2025-12-31,2026-08-19T14:21:59Z,2026-08-19
NLD,Netherlands (Kingdom of the),2013,59,25,0,0,0,0,0,,0,unhcr_population,2025-12-31,2026-08-19T14:21:59Z,2026-08-19
NLD,Netherlands (Kingdom of the),2014,63,40,0,0,0,0,0,,0,unhcr_population,2025-12-31,2026-08-19T14:21:59Z,2026-08-19
NLD,Netherlands (Kingdom of the),2015,64,55,0,0,0,0,0,,0,unhcr_population,2025-12-31,2026-08-19T14:21:59Z,2026-08-19
NLD,Netherlands (Kingdom of the),2016,32,42,0,0,0,0,0,,0,unhcr_population,2025-12-31,2026-08-19T14:21:59Z,2026-08-19
NLD,Netherlands (Kingdom of the),2017,39,64,0,0,0,0,0,,0,unhcr_population,2025-12-31,2026-08-19T14:21:59Z,2026-08-19
NLD,Netherlands (Kingdom of the),2018,41,91,0,0,0,0,0,,0,unhcr_population,2025-12-31,2026-08-19T14:21:59Z,2026-08-19
NLD,Netherlands (Kingdom of the),2019,55,102,0,0,0,0,0,,0,unhcr_population,2025-12-31,2026-08-19T14:21:59Z,2026-08-19
NLD,Netherlands (Kingdom of the),2020,51,83,0,0,0,0,0,,0,unhcr_population,2025-12-31,2026-08-19T14:21:59Z,2026-08-19
NLD,Netherlands (Kingdom of the),2021,58,93,0,0,0,0,0,,0,unhcr_population,2025-12-31,2026-08-19T14:21:59Z,2026-08-19
NLD,Netherlands (Kingdom of the),2022,56,140,0,0,0,0,0,,0,unhcr_population,2025-12-31,2026-08-19T14:21:59Z,2026-08-19
NLD,Netherlands (Kingdom of the),2023,67,199,0,0,0,0,0,,0,unhcr_population,2025-12-31,2026-08-19T14:21:59Z,2026-08-19
NLD,Netherlands (Kingdom of the),2024,136,258,0,0,0,0,0,,0,unhcr_population,2025-12-31,2026-08-19T14:21:59Z,2026-08-19
NLD,Netherlands (Kingdom of the),2025,159,179,0,0,0,0,0,,0,unhcr_population,2025-12-31,2026-08-19T14:21:59Z,2026-08-19
NOR,Norway,2002,5,0,0,0,0,0,0,,0,unhcr_population,2025-12-31,2026-08-19T14:21:59Z,2026-08-19
NOR,Norway,2003,5,0,0,0,0,0,0,,0,unhcr_population,2025-12-31,2026-08-19T14:21:59Z,2026-08-19
NOR,Norway,2004,5,5,0,0,0,0,0,,0,unhcr_population,2025-12-31,2026-08-19T14:21:59Z,2026-08-19
NOR,Norway,2005,12,0,0,0,0,0,0,,0,unhcr_population,2025-12-31,2026-08-19T14:21:59Z,2026-08-19
NOR,Norway,2007,0,5,0,0,0,0,0,,0,unhcr_population,2025-12-31,2026-08-19T14:21:59Z,2026-08-19
NOR,Norway,2009,0,5,0,0,0,0,0,,0,unhcr_population,2025-12-31,2026-08-19T14:21:59Z,2026-08-19
NOR,Norway,2011,5,5,0,0,0,0,0,,0,unhcr_population,2025-12-31,2026-08-19T14:21:59Z,2026-08-19
NOR,Norway,2012,5,5,0,0,0,0,0,,0,unhcr_population,2025-12-31,2026-08-19T14:21:59Z,2026-08-19
NOR,Norway,2013,15,5,0,0,0,0,0,,0,unhcr_population,2025-12-31,2026-08-19T14:21:59Z,2026-08-19
NOR,Norway,2014,15,0,0,0,0,0,0,,0,unhcr_population,2025-12-31,2026-08-19T14:21:59Z,2026-08-19
NOR,Norway,2015,10,5,0,0,0,0,0,,0,unhcr_population,2025-12-31,2026-08-19T14:21:59Z,2026-08-19
NOR,Norway,2016,10,15,0,0,0,0,0,,0,unhcr_population,2025-12-31,2026-08-19T14:21:59Z,2026-08-19
NOR,Norway,2017,15,25,0,0,0,0,0,,0,unhcr_population,2025-12-31,2026-08-19T14:21:59Z,2026-08-19
NOR,Norway,2018,5,11,0,0,0,0,0,,0,unhcr_population,2025-12-31,2026-08-19T14:21:59Z,2026-08-19
NOR,Norway,2019,5,11,0,0,0,0,0,,0,unhcr_population,2025-12-31,2026-08-19T14:21:59Z,2026-08-19
NOR,Norway,2020,5,15,0,0,0,0,0,,0,unhcr_population,2025-12-31,2026-08-19T14:21:59Z,2026-08-19
NOR,Norway,2021,5,23,0,0,0,0,0,,0,unhcr_population,2025-12-31,2026-08-19T14:21:59Z,2026-08-19
NOR,Norway,2022,5,15,0,0,0,0,0,,0,unhcr_population,2025-12-31,2026-08-19T14:21:59Z,2026-08-19
NOR,Norway,2023,17,19,0,0,0,0,0,,0,unhcr_population,2025-12-31,2026-08-19T14:21:59Z,2026-08-19
NOR,Norway,2024,22,37,0,0,0,5,0,,0,unhcr_population,2025-12-31,2026-08-19T14:21:59Z,2026-08-19
NOR,Norway,2025,20,32,0,0,0,0,0,,0,unhcr_population,2025-12-31,2026-08-19T14:21:59Z,2026-08-19
NPL,Nepal,1994,5,0,0,0,0,0,0,,0,unhcr_population,2025-12-31,2026-08-19T14:21:59Z,2026-08-19
NPL,Nepal,1995,27,0,0,0,0,0,0,,0,unhcr_population,2025-12-31,2026-08-19T14:21:59Z,2026-08-19
NPL,Nepal,1996,44,0,0,0,0,0,0,,0,unhcr_population,2025-12-31,2026-08-19T14:21:59Z,2026-08-19
NPL,Nepal,1997,49,0,0,0,0,0,0,,0,unhcr_population,2025-12-31,2026-08-19T14:21:59Z,2026-08-19
NPL,Nepal,1998,95,0,0,0,0,0,0,,0,unhcr_population,2025-12-31,2026-08-19T14:21:59Z,2026-08-19
NPL,Nepal,1999,178,0,0,0,0,0,0,,0,unhcr_population,2025-12-31,2026-08-19T14:21:59Z,2026-08-19
NPL,Nepal,2000,227,444,0,0,0,0,0,,0,unhcr_population,2025-12-31,2026-08-19T14:21:59Z,2026-08-19
NPL,Nepal,2001,300,550,0,0,0,0,0,,0,unhcr_population,2025-12-31,2026-08-19T14:21:59Z,2026-08-19
NPL,Nepal,2002,899,606,0,0,0,0,0,,0,unhcr_population,2025-12-31,2026-08-19T14:21:59Z,2026-08-19
NPL,Nepal,2003,1232,725,0,0,0,0,0,,0,unhcr_population,2025-12-31,2026-08-19T14:21:59Z,2026-08-19
NPL,Nepal,2004,1414,1309,0,0,0,0,0,,0,unhcr_population,2025-12-31,2026-08-19T14:21:59Z,2026-08-19
NPL,Nepal,2005,2061,2417,0,0,0,0,0,,0,unhcr_population,2025-12-31,2026-08-19T14:21:59Z,2026-08-19
NPL,Nepal,2006,2651,2424,100000,0,0,0,0,,0,unhcr_population,2025-12-31,2026-08-19T14:21:59Z,2026-08-19
NPL,Nepal,2007,3364,2137,50000,0,0,0,50000,,0,unhcr_population,2025-12-31,2026-08-19T14:21:59Z,2026-08-19
NPL,Nepal,2008,4190,2093,0,0,0,0,0,,0,unhcr_population,2025-12-31,2026-08-19T14:21:59Z,2026-08-19
NPL,Nepal,2009,5101,1799,0,0,5,0,0,,0,unhcr_population,2025-12-31,2026-08-19T14:21:59Z,2026-08-19
NPL,Nepal,2010,5883,1160,0,0,0,0,0,,0,unhcr_population,2025-12-31,2026-08-19T14:21:59Z,2026-08-19
NPL,Nepal,2011,6845,2004,0,0,0,0,0,,0,unhcr_population,2025-12-31,2026-08-19T14:21:59Z,2026-08-19
NPL,Nepal,2012,7601,2511,0,0,0,0,0,,0,unhcr_population,2025-12-31,2026-08-19T14:21:59Z,2026-08-19
NPL,Nepal,2013,8098,3783,0,0,0,0,0,,0,unhcr_population,2025-12-31,2026-08-19T14:21:59Z,2026-08-19
NPL,Nepal,2014,8542,6644,0,0,0,0,0,,0,unhcr_population,2025-12-31,2026-08-19T14:21:59Z,2026-08-19
NPL,Nepal,2015,9051,8961,0,0,0,0,0,,0,unhcr_population,2025-12-31,2026-08-19T14:21:59Z,2026-08-19
NPL,Nepal,2016,8364,11531,0,0,585,0,0,,0,unhcr_population,2025-12-31,2026-08-19T14:21:59Z,2026-08-19
NPL,Nepal,2017,8415,13186,0,0,382,0,0,,0,unhcr_population,2025-12-31,2026-08-19T14:21:59Z,2026-08-19
NPL,Nepal,2018,8590,9074,0,0,328,0,0,,0,unhcr_population,2025-12-31,2026-08-19T14:21:59Z,2026-08-19
NPL,Nepal,2019,8034,9940,0,0,345,0,0,,0,unhcr_population,2025-12-31,2026-08-19T14:21:59Z,2026-08-19
NPL,Nepal,2020,7483,10309,0,0,396,0,0,,0,unhcr_population,2025-12-31,2026-08-19T14:21:59Z,2026-08-19
NPL,Nepal,2021,7029,11329,0,0,363,0,0,,0,unhcr_population,2025-12-31,2026-08-19T14:21:59Z,2026-08-19
NPL,Nepal,2022,7329,13004,0,0,517,0,0,,0,unhcr_population,2025-12-31,2026-08-19T14:21:59Z,2026-08-19
NPL,Nepal,2023,7229,17206,0,0,356,0,0,,0,unhcr_population,2025-12-31,2026-08-19T14:21:59Z,2026-08-19
NPL,Nepal,2024,7840,19619,0,0,385,0,0,,0,unhcr_population,2025-12-31,2026-08-19T14:21:59Z,2026-08-19
NPL,Nepal,2025,8019,14564,0,0,1729,0,0,,0,unhcr_population,2025-12-31,2026-08-19T14:21:59Z,2026-08-19
NRU,Nauru,1999,5,0,0,0,0,0,0,,0,unhcr_population,2025-12-31,2026-08-19T14:21:59Z,2026-08-19
NRU,Nauru,2000,5,0,0,0,0,0,0,,0,unhcr_population,2025-12-31,2026-08-19T14:21:59Z,2026-08-19
NRU,Nauru,2003,5,0,0,0,0,0,0,,0,unhcr_population,2025-12-31,2026-08-19T14:21:59Z,2026-08-19
NRU,Nauru,2011,0,5,0,0,0,0,0,,0,unhcr_population,2025-12-31,2026-08-19T14:21:59Z,2026-08-19
NRU,Nauru,2019,0,15,0,0,0,0,0,,0,unhcr_population,2025-12-31,2026-08-19T14:21:59Z,2026-08-19
NRU,Nauru,2020,5,16,0,0,0,0,0,,0,unhcr_population,2025-12-31,2026-08-19T14:21:59Z,2026-08-19
NRU,Nauru,2021,5,16,0,0,0,0,0,,0,unhcr_population,2025-12-31,2026-08-19T14:21:59Z,2026-08-19
NRU,Nauru,2022,5,19,0,0,0,0,0,,0,unhcr_population,2025-12-31,2026-08-19T14:21:59Z,2026-08-19
NRU,Nauru,2023,7,16,0,0,0,0,0,,0,unhcr_population,2025-12-31,2026-08-19T14:21:59Z,2026-08-19
NRU,Nauru,2024,5,18,0,0,0,0,0,,0,unhcr_population,2025-12-31,2026-08-19T14:21:59Z,2026-08-19
NRU,Nauru,2025,5,22,0,0,0,0,0,,0,unhcr_population,2025-12-31,2026-08-19T14:21:59Z,2026-08-19
NZL,New Zealand,2001,0,5,0,0,0,0,0,,0,unhcr_population,2025-12-31,2026-08-19T14:21:59Z,2026-08-19
NZL,New Zealand,2002,0,5,0,0,0,0,0,,0,unhcr_population,2025-12-31,2026-08-19T14:21:59Z,2026-08-19
NZL,New Zealand,2003,0,5,0,0,0,0,0,,0,unhcr_population,2025-12-31,2026-08-19T14:21:59Z,2026-08-19
NZL,New Zealand,2004,0,5,0,0,0,0,0,,0,unhcr_population,2025-12-31,2026-08-19T14:21:59Z,2026-08-19
NZL,New Zealand,2005,5,5,0,0,0,0,0,,0,unhcr_population,2025-12-31,2026-08-19T14:21:59Z,2026-08-19
NZL,New Zealand,2006,7,5,0,0,0,0,0,,0,unhcr_population,2025-12-31,2026-08-19T14:21:59Z,2026-08-19
NZL,New Zealand,2007,12,5,0,0,0,0,0,,0,unhcr_population,2025-12-31,2026-08-19T14:21:59Z,2026-08-19
NZL,New Zealand,2008,8,5,0,0,0,0,0,,0,unhcr_population,2025-12-31,2026-08-19T14:21:59Z,2026-08-19
NZL,New Zealand,2009,9,0,0,0,0,0,0,,0,unhcr_population,2025-12-31,2026-08-19T14:21:59Z,2026-08-19
NZL,New Zealand,2010,11,0,0,0,0,0,0,,0,unhcr_population,2025-12-31,2026-08-19T14:21:59Z,2026-08-19
NZL,New Zealand,2011,13,6,0,0,0,0,0,,0,unhcr_population,2025-12-31,2026-08-19T14:21:59Z,2026-08-19
NZL,New Zealand,2012,19,6,0,0,0,0,0,,0,unhcr_population,2025-12-31,2026-08-19T14:21:59Z,2026-08-19
NZL,New Zealand,2013,15,6,0,0,0,0,0,,0,unhcr_population,2025-12-31,2026-08-19T14:21:59Z,2026-08-19
NZL,New Zealand,2014,14,13,0,0,0,0,0,,0,unhcr_population,2025-12-31,2026-08-19T14:21:59Z,2026-08-19
NZL,New Zealand,2015,16,7,0,0,0,0,0,,0,unhcr_population,2025-12-31,2026-08-19T14:21:59Z,2026-08-19
NZL,New Zealand,2016,25,18,0,0,0,0,0,,0,unhcr_population,2025-12-31,2026-08-19T14:21:59Z,2026-08-19
NZL,New Zealand,2017,34,27,0,0,0,0,0,,0,unhcr_population,2025-12-31,2026-08-19T14:21:59Z,2026-08-19
NZL,New Zealand,2018,34,14,0,0,0,0,0,,0,unhcr_population,2025-12-31,2026-08-19T14:21:59Z,2026-08-19
NZL,New Zealand,2019,34,27,0,0,0,0,0,,0,unhcr_population,2025-12-31,2026-08-19T14:21:59Z,2026-08-19
NZL,New Zealand,2020,35,32,0,0,0,0,0,,0,unhcr_population,2025-12-31,2026-08-19T14:21:59Z,2026-08-19
NZL,New Zealand,2021,33,69,0,0,0,0,0,,0,unhcr_population,2025-12-31,2026-08-19T14:21:59Z,2026-08-19
NZL,New Zealand,2022,48,32,0,0,0,0,0,,0,unhcr_population,2025-12-31,2026-08-19T14:21:59Z,2026-08-19
NZL,New Zealand,2023,39,28,0,0,0,0,0,,0,unhcr_population,2025-12-31,2026-08-19T14:21:59Z,2026-08-19
NZL,New Zealand,2024,52,27,0,0,0,0,0,,0,unhcr_population,2025-12-31,2026-08-19T14:21:59Z,2026-08-19
NZL,New Zealand,2025,58,43,0,0,0,0,0,,0,unhcr_population,2025-12-31,2026-08-19T14:21:59Z,2026-08-19
OMN,Oman,1994,5,0,0,0,0,0,0,,0,unhcr_population,2025-12-31,2026-08-19T14:21:59Z,2026-08-19
OMN,Oman,1995,9,0,0,0,0,0,0,,0,unhcr_population,2025-12-31,2026-08-19T14:21:59Z,2026-08-19
OMN,Oman,1996,8,0,0,0,0,0,0,,0,unhcr_population,2025-12-31,2026-08-19T14:21:59Z,2026-08-19
OMN,Oman,1997,8,0,0,0,0,0,0,,0,unhcr_population,2025-12-31,2026-08-19T14:21:59Z,2026-08-19
OMN,Oman,1998,8,0,0,0,0,0,0,,0,unhcr_population,2025-12-31,2026-08-19T14:21:59Z,2026-08-19
OMN,Oman,1999,8,0,0,0,0,0,0,,0,unhcr_population,2025-12-31,2026-08-19T14:21:59Z,2026-08-19
OMN,Oman,2000,5,6,0,0,0,0,0,,0,unhcr_population,2025-12-31,2026-08-19T14:21:59Z,2026-08-19
OMN,Oman,2001,5,5,0,0,0,0,0,,0,unhcr_population,2025-12-31,2026-08-19T14:21:59Z,2026-08-19
OMN,Oman,2002,19,5,0,0,0,0,0,,0,unhcr_population,2025-12-31,2026-08-19T14:21:59Z,2026-08-19
OMN,Oman,2003,5,0,0,0,0,5,0,,0,unhcr_population,2025-12-31,2026-08-19T14:21:59Z,2026-08-19
OMN,Oman,2004,16,0,0,0,0,0,0,,0,unhcr_population,2025-12-31,2026-08-19T14:21:59Z,2026-08-19
OMN,Oman,2005,10,0,0,0,0,0,0,,0,unhcr_population,2025-12-31,2026-08-19T14:21:59Z,2026-08-19
OMN,Oman,2006,37,0,0,0,0,0,0,,0,unhcr_population,2025-12-31,2026-08-19T14:21:59Z,2026-08-19
OMN,Oman,2007,44,5,0,0,0,0,0,,0,unhcr_population,2025-12-31,2026-08-19T14:21:59Z,2026-08-19
OMN,Oman,2008,55,0,0,0,0,0,0,,0,unhcr_population,2025-12-31,2026-08-19T14:21:59Z,2026-08-19
OMN,Oman,2009,63,5,0,0,0,0,0,,0,unhcr_population,2025-12-31,2026-08-19T14:21:59Z,2026-08-19
OMN,Oman,2010,62,6,0,0,0,0,0,,0,unhcr_population,2025-12-31,2026-08-19T14:21:59Z,2026-08-19
OMN,Oman,2011,58,0,0,0,0,0,0,,0,unhcr_population,2025-12-31,2026-08-19T14:21:59Z,2026-08-19
OMN,Oman,2012,62,0,0,0,0,0,0,,0,unhcr_population,2025-12-31,2026-08-19T14:21:59Z,2026-08-19
OMN,Oman,2013,20,0,0,0,0,0,0,,0,unhcr_population,2025-12-31,2026-08-19T14:21:59Z,2026-08-19
OMN,Oman,2014,25,9,0,0,0,0,0,,0,unhcr_population,2025-12-31,2026-08-19T14:21:59Z,2026-08-19
OMN,Oman,2015,36,16,0,0,0,0,0,,0,unhcr_population,2025-12-31,2026-08-19T14:21:59Z,2026-08-19
OMN,Oman,2016,35,24,0,0,0,0,0,,0,unhcr_population,2025-12-31,2026-08-19T14:21:59Z,2026-08-19
OMN,Oman,2017,39,22,0,0,0,0,0,,0,unhcr_population,2025-12-31,2026-08-19T14:21:59Z,2026-08-19
OMN,Oman,2018,42,28,0,0,0,0,0,,0,unhcr_population,2025-12-31,2026-08-19T14:21:59Z,2026-08-19
OMN,Oman,2019,42,59,0,0,0,0,0,,0,unhcr_population,2025-12-31,2026-08-19T14:21:59Z,2026-08-19
OMN,Oman,2020,47,70,0,0,0,0,0,,0,unhcr_population,2025-12-31,2026-08-19T14:21:59Z,2026-08-19
OMN,Oman,2021,53,71,0,0,0,0,0,,0,unhcr_population,2025-12-31,2026-08-19T14:21:59Z,2026-08-19
OMN,Oman,2022,59,99,0,0,0,0,0,,0,unhcr_population,2025-12-31,2026-08-19T14:21:59Z,2026-08-19
OMN,Oman,2023,95,82,0,0,0,0,0,,0,unhcr_population,2025-12-31,2026-08-19T14:21:59Z,2026-08-19
OMN,Oman,2024,118,91,0,0,0,0,0,,0,unhcr_population,2025-12-31,2026-08-19T14:21:59Z,2026-08-19
OMN,Oman,2025,133,43,0,0,0,0,0,,0,unhcr_population,2025-12-31,2026-08-19T14:21:59Z,2026-08-19
PAK,Pakistan,1974,0,0,0,0,0,119610,0,,0,unhcr_population,2025-12-31,2026-08-19T14:21:59Z,2026-08-19
PAK,Pakistan,1988,274,0,0,0,0,0,0,,0,unhcr_population,2025-12-31,2026-08-19T14:21:59Z,2026-08-19
PAK,Pakistan,1989,409,0,0,0,0,0,0,,0,unhcr_population,2025-12-31,2026-08-19T14:21:59Z,2026-08-19
PAK,Pakistan,1990,485,0,0,0,0,0,0,,0,unhcr_population,2025-12-31,2026-08-19T14:21:59Z,2026-08-19
PAK,Pakistan,1991,523,0,0,0,0,0,0,,0,unhcr_population,2025-12-31,2026-08-19T14:21:59Z,2026-08-19
PAK,Pakistan,1992,1088,0,0,0,0,5,0,,0,unhcr_population,2025-12-31,2026-08-19T14:21:59Z,2026-08-19
PAK,Pakistan,1993,1420,0,0,0,0,0,0,,0,unhcr_population,2025-12-31,2026-08-19T14:21:59Z,2026-08-19
PAK,Pakistan,1994,4431,0,0,0,0,0,0,,0,unhcr_population,2025-12-31,2026-08-19T14:21:59Z,2026-08-19
PAK,Pakistan,1995,5277,0,0,0,0,0,0,,0,unhcr_population,2025-12-31,2026-08-19T14:21:59Z,2026-08-19
PAK,Pakistan,1996,7499,0,0,0,0,21,0,,0,unhcr_population,2025-12-31,2026-08-19T14:21:59Z,2026-08-19
PAK,Pakistan,1997,5983,0,0,0,0,0,0,,0,unhcr_population,2025-12-31,2026-08-19T14:21:59Z,2026-08-19
PAK,Pakistan,1998,6860,0,0,0,25,0,0,,0,unhcr_population,2025-12-31,2026-08-19T14:21:59Z,2026-08-19
PAK,Pakistan,1999,8011,0,0,0,0,0,0,,0,unhcr_population,2025-12-31,2026-08-19T14:21:59Z,2026-08-19
PAK,Pakistan,2000,10134,7201,0,0,0,0,0,,0,unhcr_population,2025-12-31,2026-08-19T14:21:59Z,2026-08-19
PAK,Pakistan,2001,12326,8004,0,0,0,0,0,,0,unhcr_population,2025-12-31,2026-08-19T14:21:59Z,2026-08-19
PAK,Pakistan,2002,23164,11371,0,0,0,0,0,,0,unhcr_population,2025-12-31,2026-08-19T14:21:59Z,2026-08-19
PAK,Pakistan,2003,24390,16839,0,0,0,0,0,,0,unhcr_population,2025-12-31,2026-08-19T14:21:59Z,2026-08-19
PAK,Pakistan,2004,25943,15796,0,0,0,0,0,,0,unhcr_population,2025-12-31,2026-08-19T14:21:59Z,2026-08-19
PAK,Pakistan,2005,29906,16438,0,0,0,0,0,,0,unhcr_population,2025-12-31,2026-08-19T14:21:59Z,2026-08-19
PAK,Pakistan,2006,25636,6763,0,0,0,0,0,,0,unhcr_population,2025-12-31,2026-08-19T14:21:59Z,2026-08-19
PAK,Pakistan,2007,31847,8600,0,0,0,6,0,,0,unhcr_population,2025-12-31,2026-08-19T14:21:59Z,2026-08-19
PAK,Pakistan,2008,32391,6242,155809,0,0,5,0,,0,unhcr_population,2025-12-31,2026-08-19T14:21:59Z,2026-08-19
PAK,Pakistan,2009,35129,4756,1894557,0,0,5,1106396,,0,unhcr_population,2025-12-31,2026-08-19T14:21:59Z,2026-08-19
PAK,Pakistan,2010,39979,19998,952035,0,0,0,1186889,,0,unhcr_population,2025-12-31,2026-08-19T14:21:59Z,2026-08-19
PAK,Pakistan,2011,35948,13679,452932,0,0,3448,620362,,0,unhcr_population,2025-12-31,2026-08-19T14:21:59Z,2026-08-19
PAK,Pakistan,2012,49778,23704,757996,0,0,0,56181,,0,unhcr_population,2025-12-31,2026-08-19T14:21:59Z,2026-08-19
PAK,Pakistan,2013,48676,47543,747498,0,0,0,90637,,0,unhcr_population,2025-12-31,2026-08-19T14:21:59Z,2026-08-19
PAK,Pakistan,2014,335947,44419,1375904,0,0,0,75825,,0,unhcr_population,2025-12-31,2026-08-19T14:21:59Z,2026-08-19
PAK,Pakistan,2015,297886,63955,1146108,0,0,5,676638,,0,unhcr_population,2025-12-31,2026-08-19T14:21:59Z,2026-08-19
PAK,Pakistan,2016,105419,67700,448956,0,0,6,704370,,0,unhcr_population,2025-12-31,2026-08-19T14:21:59Z,2026-08-19
PAK,Pakistan,2017,128914,76885,174354,0,0,17,281640,,0,unhcr_population,2025-12-31,2026-08-19T14:21:59Z,2026-08-19
PAK,Pakistan,2018,132248,75337,96384,0,0,11,83454,,0,unhcr_population,2025-12-31,2026-08-19T14:21:59Z,2026-08-19
PAK,Pakistan,2019,136902,66245,100680,0,2871,6,18,,0,unhcr_population,2025-12-31,2026-08-19T14:21:59Z,2026-08-19
PAK,Pakistan,2020,133280,61429,98898,0,2735,14,1782,,0,unhcr_population,2025-12-31,2026-08-19T14:21:59Z,2026-08-19
PAK,Pakistan,2021,132818,56687,98898,0,6344,5,0,,1224393,unhcr_population,2025-12-31,2026-08-19T14:21:59Z,2026-08-19
PAK,Pakistan,2022,112357,59126,0,0,37979,5,98898,,1224393,unhcr_population,2025-12-31,2026-08-19T14:21:59Z,2026-08-19
PAK,Pakistan,2023,94481,72068,0,0,199,36,0,,1400000,unhcr_population,2025-12-31,2026-08-19T14:21:59Z,2026-08-19
PAK,Pakistan,2024,86285,82958,3439,0,324,7,0,,1456000,unhcr_population,2025-12-31,2026-08-19T14:21:59Z,2026-08-19
PAK,Pakistan,2025,90497,65066,0,0,3270,164,3439,,1514240,unhcr_population,2025-12-31,2026-08-19T14:21:59Z,2026-08-19
PAN,Panama,1988,47,0,0,0,0,0,0,,0,unhcr_population,2025-12-31,2026-08-19T14:21:59Z,2026-08-19
PAN,Panama,1989,365,0,0,0,0,0,0,,0,unhcr_population,2025-12-31,2026-08-19T14:21:59Z,2026-08-19
PAN,Panama,1990,629,0,0,0,0,0,0,,0,unhcr_population,2025-12-31,2026-08-19T14:21:59Z,2026-08-19
PAN,Panama,1991,640,0,0,0,0,0,0,,0,unhcr_population,2025-12-31,2026-08-19T14:21:59Z,2026-08-19
PAN,Panama,1992,652,0,0,0,0,0,0,,0,unhcr_population,2025-12-31,2026-08-19T14:21:59Z,2026-08-19
PAN,Panama,1993,677,0,0,0,0,0,0,,0,unhcr_population,2025-12-31,2026-08-19T14:21:59Z,2026-08-19
PAN,Panama,1994,486,0,0,0,0,0,0,,0,unhcr_population,2025-12-31,2026-08-19T14:21:59Z,2026-08-19
PAN,Panama,1995,158,0,0,0,0,0,0,,0,unhcr_population,2025-12-31,2026-08-19T14:21:59Z,2026-08-19
PAN,Panama,1996,146,0,0,0,0,0,0,,0,unhcr_population,2025-12-31,2026-08-19T14:21:59Z,2026-08-19
PAN,Panama,1997,123,0,0,0,0,0,0,,0,unhcr_population,2025-12-31,2026-08-19T14:21:59Z,2026-08-19
PAN,Panama,1998,86,0,0,0,0,0,0,,0,unhcr_population,2025-12-31,2026-08-19T14:21:59Z,2026-08-19
PAN,Panama,1999,73,0,0,0,0,0,0,,0,unhcr_population,2025-12-31,2026-08-19T14:21:59Z,2026-08-19
PAN,Panama,2000,70,50,0,0,0,258,0,,0,unhcr_population,2025-12-31,2026-08-19T14:21:59Z,2026-08-19
PAN,Panama,2001,36,72,0,0,0,0,0,,0,unhcr_population,2025-12-31,2026-08-19T14:21:59Z,2026-08-19
PAN,Panama,2002,44,108,0,0,0,0,0,,0,unhcr_population,2025-12-31,2026-08-19T14:21:59Z,2026-08-19
PAN,Panama,2003,29,89,0,0,0,120,0,,0,unhcr_population,2025-12-31,2026-08-19T14:21:59Z,2026-08-19
PAN,Panama,2004,38,70,0,0,0,0,0,,0,unhcr_population,2025-12-31,2026-08-19T14:21:59Z,2026-08-19
PAN,Panama,2005,41,59,0,0,0,0,0,,0,unhcr_population,2025-12-31,2026-08-19T14:21:59Z,2026-08-19
PAN,Panama,2006,72,18,0,0,0,0,0,,0,unhcr_population,2025-12-31,2026-08-19T14:21:59Z,2026-08-19
PAN,Panama,2007,105,29,0,0,0,0,0,,0,unhcr_population,2025-12-31,2026-08-19T14:21:59Z,2026-08-19
PAN,Panama,2008,106,36,0,0,0,0,0,,0,unhcr_population,2025-12-31,2026-08-19T14:21:59Z,2026-08-19
PAN,Panama,2009,102,41,0,0,0,0,0,,0,unhcr_population,2025-12-31,2026-08-19T14:21:59Z,2026-08-19
PAN,Panama,2010,94,51,0,0,0,0,0,,0,unhcr_population,2025-12-31,2026-08-19T14:21:59Z,2026-08-19
PAN,Panama,2011,98,31,0,0,0,0,0,,0,unhcr_population,2025-12-31,2026-08-19T14:21:59Z,2026-08-19
PAN,Panama,2012,107,31,0,0,0,0,0,,0,unhcr_population,2025-12-31,2026-08-19T14:21:59Z,2026-08-19
PAN,Panama,2013,99,27,0,0,0,0,0,,0,unhcr_population,2025-12-31,2026-08-19T14:21:59Z,2026-08-19
PAN,Panama,2014,83,28,0,0,0,0,0,,0,unhcr_population,2025-12-31,2026-08-19T14:21:59Z,2026-08-19
PAN,Panama,2015,62,59,0,0,0,0,0,,0,unhcr_population,2025-12-31,2026-08-19T14:21:59Z,2026-08-19
PAN,Panama,2016,33,81,0,0,0,0,0,,0,unhcr_population,2025-12-31,2026-08-19T14:21:59Z,2026-08-19
PAN,Panama,2017,36,126,0,0,0,0,0,,0,unhcr_population,2025-12-31,2026-08-19T14:21:59Z,2026-08-19
PAN,Panama,2018,44,141,0,0,0,0,0,,0,unhcr_population,2025-12-31,2026-08-19T14:21:59Z,2026-08-19
PAN,Panama,2019,45,240,0,0,0,0,0,,0,unhcr_population,2025-12-31,2026-08-19T14:21:59Z,2026-08-19
PAN,Panama,2020,70,315,0,0,0,0,0,,0,unhcr_population,2025-12-31,2026-08-19T14:21:59Z,2026-08-19
PAN,Panama,2021,118,512,0,0,0,0,0,,14521,unhcr_population,2025-12-31,2026-08-19T14:21:59Z,2026-08-19
PAN,Panama,2022,140,1017,0,0,0,0,0,,96800,unhcr_population,2025-12-31,2026-08-19T14:21:59Z,2026-08-19
PAN,Panama,2023,233,1891,0,0,0,0,0,,14521,unhcr_population,2025-12-31,2026-08-19T14:21:59Z,2026-08-19
PAN,Panama,2024,333,2627,0,0,0,0,0,,2236,unhcr_population,2025-12-31,2026-08-19T14:21:59Z,2026-08-19
PAN,Panama,2025,375,2993,0,0,0,0,0,,2000,unhcr_population,2025-12-31,2026-08-19T14:21:59Z,2026-08-19
PER,Peru,1988,5,0,0,0,0,0,0,,0,unhcr_population,2025-12-31,2026-08-19T14:21:59Z,2026-08-19
PER,Peru,1989,26,0,0,0,0,0,0,,0,unhcr_population,2025-12-31,2026-08-19T14:21:59Z,2026-08-19
PER,Peru,1990,255,0,0,0,0,0,0,,0,unhcr_population,2025-12-31,2026-08-19T14:21:59Z,2026-08-19
PER,Peru,1991,473,0,0,0,0,0,0,,0,unhcr_population,2025-12-31,2026-08-19T14:21:59Z,2026-08-19
PER,Peru,1992,727,0,0,0,0,0,0,,0,unhcr_population,2025-12-31,2026-08-19T14:21:59Z,2026-08-19
PER,Peru,1993,1967,0,0,0,0,12,0,,0,unhcr_population,2025-12-31,2026-08-19T14:21:59Z,2026-08-19
PER,Peru,1994,4333,0,0,0,0,11,0,,0,unhcr_population,2025-12-31,2026-08-19T14:21:59Z,2026-08-19
PER,Peru,1995,5902,0,0,0,0,10,0,,0,unhcr_population,2025-12-31,2026-08-19T14:21:59Z,2026-08-19
PER,Peru,1996,6695,0,0,0,0,44,0,,0,unhcr_population,2025-12-31,2026-08-19T14:21:59Z,2026-08-19
PER,Peru,1997,6608,0,0,0,0,0,0,,0,unhcr_population,2025-12-31,2026-08-19T14:21:59Z,2026-08-19
PER,Peru,1998,7065,0,0,0,0,7,0,,0,unhcr_population,2025-12-31,2026-08-19T14:21:59Z,2026-08-19
PER,Peru,1999,7205,0,0,0,0,25,0,,0,unhcr_population,2025-12-31,2026-08-19T14:21:59Z,2026-08-19
PER,Peru,2000,6948,2435,0,0,0,0,0,,0,unhcr_population,2025-12-31,2026-08-19T14:21:59Z,2026-08-19
PER,Peru,2001,6500,2750,0,0,0,17,0,,0,unhcr_population,2025-12-31,2026-08-19T14:21:59Z,2026-08-19
PER,Peru,2002,6431,3581,0,0,0,11,0,,0,unhcr_population,2025-12-31,2026-08-19T14:21:59Z,2026-08-19
PER,Peru,2003,5578,2769,0,0,0,5,0,,0,unhcr_population,2025-12-31,2026-08-19T14:21:59Z,2026-08-19
PER,Peru,2004,4767,2103,0,0,0,0,0,,0,unhcr_population,2025-12-31,2026-08-19T14:21:59Z,2026-08-19
PER,Peru,2005,4863,1637,0,0,0,0,0,,0,unhcr_population,2025-12-31,2026-08-19T14:21:59Z,2026-08-19
PER,Peru,2006,6977,1923,0,0,0,5,0,,0,unhcr_population,2025-12-31,2026-08-19T14:21:59Z,2026-08-19
PER,Peru,2007,7738,3056,0,0,0,0,0,,0,unhcr_population,2025-12-31,2026-08-19T14:21:59Z,2026-08-19
PER,Peru,2008,7329,2500,0,0,0,0,0,,0,unhcr_population,2025-12-31,2026-08-19T14:21:59Z,2026-08-19
PER,Peru,2009,6272,5806,0,0,0,0,0,,0,unhcr_population,2025-12-31,2026-08-19T14:21:59Z,2026-08-19
PER,Peru,2010,5834,4764,0,0,0,0,0,,0,unhcr_population,2025-12-31,2026-08-19T14:21:59Z,2026-08-19
PER,Peru,2011,5488,498,0,0,0,0,0,,0,unhcr_population,2025-12-31,2026-08-19T14:21:59Z,2026-08-19
PER,Peru,2012,5207,336,0,0,0,0,0,,0,unhcr_population,2025-12-31,2026-08-19T14:21:59Z,2026-08-19
PER,Peru,2013,4762,696,0,0,0,0,0,,0,unhcr_population,2025-12-31,2026-08-19T14:21:59Z,2026-08-19
PER,Peru,2014,4333,1029,0,0,0,0,0,,0,unhcr_population,2025-12-31,2026-08-19T14:21:59Z,2026-08-19
PER,Peru,2015,3591,1530,0,0,0,0,0,,0,unhcr_population,2025-12-31,2026-08-19T14:21:59Z,2026-08-19
PER,Peru,2016,2599,2290,0,0,0,0,0,,0,unhcr_population,2025-12-31,2026-08-19T14:21:59Z,2026-08-19
PER,Peru,2017,2588,3497,0,0,0,0,0,,0,unhcr_population,2025-12-31,2026-08-19T14:21:59Z,2026-08-19
PER,Peru,2018,2579,4895,0,0,0,0,0,,0,unhcr_population,2025-12-31,2026-08-19T14:21:59Z,2026-08-19
PER,Peru,2019,2765,8669,0,0,0,0,0,,0,unhcr_population,2025-12-31,2026-08-19T14:21:59Z,2026-08-19
PER,Peru,2020,2834,10583,0,0,0,0,0,,500353,unhcr_population,2025-12-31,2026-08-19T14:21:59Z,2026-08-19
PER,Peru,2021,3521,9046,0,0,0,0,0,,500353,unhcr_population,2025-12-31,2026-08-19T14:21:59Z,2026-08-19
PER,Peru,2022,4021,24294,0,0,3299,0,0,,617687,unhcr_population,2025-12-31,2026-08-19T14:21:59Z,2026-08-19
PER,Peru,2023,4724,80153,0,0,0,0,0,,17847,unhcr_population,2025-12-31,2026-08-19T14:21:59Z,2026-08-19
PER,Peru,2024,6459,119061,0,0,0,12,0,,16328,unhcr_population,2025-12-31,2026-08-19T14:21:59Z,2026-08-19
PER,Peru,2025,7885,113900,0,0,0,0,0,,9050,unhcr_population,2025-12-31,2026-08-19T14:21:59Z,2026-08-19
PHL,Philippines,1977,90000,0,0,0,0,0,0,,0,unhcr_population,2025-12-31,2026-08-19T14:21:59Z,2026-08-19
PHL,Philippines,1978,92000,0,0,0,0,0,0,,0,unhcr_population,2025-12-31,2026-08-19T14:21:59Z,2026-08-19
PHL,Philippines,1979,90000,0,0,0,0,0,0,,0,unhcr_population,2025-12-31,2026-08-19T14:21:59Z,2026-08-19
PHL,Philippines,1980,90000,0,0,0,0,0,0,,0,unhcr_population,2025-12-31,2026-08-19T14:21:59Z,2026-08-19
PHL,Philippines,1981,90000,0,0,0,0,0,0,,0,unhcr_population,2025-12-31,2026-08-19T14:21:59Z,2026-08-19
PHL,Philippines,1982,90000,0,0,0,0,0,0,,0,unhcr_population,2025-12-31,2026-08-19T14:21:59Z,2026-08-19
PHL,Philippines,1983,100000,0,0,0,0,0,0,,0,unhcr_population,2025-12-31,2026-08-19T14:21:59Z,2026-08-19
PHL,Philippines,1984,100000,0,0,0,0,0,0,,0,unhcr_population,2025-12-31,2026-08-19T14:21:59Z,2026-08-19
PHL,Philippines,1985,90000,0,0,0,0,0,0,,0,unhcr_population,2025-12-31,2026-08-19T14:21:59Z,2026-08-19
PHL,Philippines,1986,90000,0,0,0,0,0,0,,0,unhcr_population,2025-12-31,2026-08-19T14:21:59Z,2026-08-19
PHL,Philippines,1987,90000,0,0,0,0,0,0,,0,unhcr_population,2025-12-31,2026-08-19T14:21:59Z,2026-08-19
PHL,Philippines,1988,90000,0,0,0,0,0,0,,0,unhcr_population,2025-12-31,2026-08-19T14:21:59Z,2026-08-19
PHL,Philippines,1989,90000,0,0,0,0,0,0,,0,unhcr_population,2025-12-31,2026-08-19T14:21:59Z,2026-08-19
PHL,Philippines,1990,11,0,0,0,0,0,0,,0,unhcr_population,2025-12-31,2026-08-19T14:21:59Z,2026-08-19
PHL,Philippines,1991,15,0,0,0,0,0,0,,0,unhcr_population,2025-12-31,2026-08-19T14:21:59Z,2026-08-19
PHL,Philippines,1992,45,0,0,0,0,0,0,,0,unhcr_population,2025-12-31,2026-08-19T14:21:59Z,2026-08-19
PHL,Philippines,1993,111,0,0,0,0,0,0,,0,unhcr_population,2025-12-31,2026-08-19T14:21:59Z,2026-08-19
PHL,Philippines,1994,435,0,0,0,0,0,0,,0,unhcr_population,2025-12-31,2026-08-19T14:21:59Z,2026-08-19
PHL,Philippines,1995,515,0,0,0,0,0,0,,0,unhcr_population,2025-12-31,2026-08-19T14:21:59Z,2026-08-19
PHL,Philippines,1996,599,0,0,0,0,0,0,,0,unhcr_population,2025-12-31,2026-08-19T14:21:59Z,2026-08-19
PHL,Philippines,1997,526,0,0,0,0,0,0,,0,unhcr_population,2025-12-31,2026-08-19T14:21:59Z,2026-08-19
PHL,Philippines,1998,45601,0,0,0,0,0,0,,0,unhcr_population,2025-12-31,2026-08-19T14:21:59Z,2026-08-19
PHL,Philippines,1999,45516,0,0,0,0,0,0,,0,unhcr_population,2025-12-31,2026-08-19T14:21:59Z,2026-08-19
PHL,Philippines,2000,45481,1848,0,0,0,5,0,,0,unhcr_population,2025-12-31,2026-08-19T14:21:59Z,2026-08-19
PHL,Philippines,2001,45469,1838,0,0,0,0,0,,0,unhcr_population,2025-12-31,2026-08-19T14:21:59Z,2026-08-19
PHL,Philippines,2002,45606,2019,0,0,0,0,0,,0,unhcr_population,2025-12-31,2026-08-19T14:21:59Z,2026-08-19
PHL,Philippines,2003,409,1832,0,0,57197,0,0,,0,unhcr_population,2025-12-31,2026-08-19T14:21:59Z,2026-08-19
PHL,Philippines,2004,428,980,0,0,61314,0,0,,0,unhcr_population,2025-12-31,2026-08-19T14:21:59Z,2026-08-19
PHL,Philippines,2005,464,862,0,0,61314,0,0,,0,unhcr_population,2025-12-31,2026-08-19T14:21:59Z,2026-08-19
PHL,Philippines,2006,888,791,0,0,61314,0,0,,0,unhcr_population,2025-12-31,2026-08-19T14:21:59Z,2026-08-19
PHL,Philippines,2007,1550,752,0,0,61314,0,0,,0,unhcr_population,2025-12-31,2026-08-19T14:21:59Z,2026-08-19
PHL,Philippines,2008,1348,904,0,0,61314,0,0,,0,unhcr_population,2025-12-31,2026-08-19T14:21:59Z,2026-08-19
PHL,Philippines,2009,987,790,0,0,61314,0,0,,0,unhcr_population,2025-12-31,2026-08-19T14:21:59Z,2026-08-19
PHL,Philippines,2010,963,651,139509,0,80000,0,0,,0,unhcr_population,2025-12-31,2026-08-19T14:21:59Z,2026-08-19
PHL,Philippines,2011,945,355,159465,0,80000,0,0,,0,unhcr_population,2025-12-31,2026-08-19T14:21:59Z,2026-08-19
PHL,Philippines,2012,979,377,1159,0,80000,0,336215,,0,unhcr_population,2025-12-31,2026-08-19T14:21:59Z,2026-08-19
PHL,Philippines,2013,718,876,117369,0,80030,0,211607,,0,unhcr_population,2025-12-31,2026-08-19T14:21:59Z,2026-08-19
PHL,Philippines,2014,660,1117,142430,0,80053,0,98718,,0,unhcr_population,2025-12-31,2026-08-19T14:21:59Z,2026-08-19
PHL,Philippines,2015,582,1886,63174,0,80057,0,254848,,0,unhcr_population,2025-12-31,2026-08-19T14:21:59Z,2026-08-19
PHL,Philippines,2016,426,3119,87418,0,80053,0,255626,,0,unhcr_population,2025-12-31,2026-08-19T14:21:59Z,2026-08-19
PHL,Philippines,2017,445,8081,311943,0,80049,0,318483,,0,unhcr_population,2025-12-31,2026-08-19T14:21:59Z,2026-08-19
PHL,Philippines,2018,522,3804,77651,0,80038,0,445655,,0,unhcr_population,2025-12-31,2026-08-19T14:21:59Z,2026-08-19
PHL,Philippines,2019,554,4732,178897,0,55029,0,115106,,0,unhcr_population,2025-12-31,2026-08-19T14:21:59Z,2026-08-19
PHL,Philippines,2020,469,4989,150368,0,129467,0,150242,,0,unhcr_population,2025-12-31,2026-08-19T14:21:59Z,2026-08-19
PHL,Philippines,2021,521,5525,105214,0,183651,0,181317,,0,unhcr_population,2025-12-31,2026-08-19T14:21:59Z,2026-08-19
PHL,Philippines,2022,586,5492,98094,0,183184,0,118120,,0,unhcr_population,2025-12-31,2026-08-19T14:21:59Z,2026-08-19
PHL,Philippines,2023,645,4670,108237,0,181243,0,137352,,0,unhcr_population,2025-12-31,2026-08-19T14:21:59Z,2026-08-19
PHL,Philippines,2024,785,6742,121576,0,176088,6,166193,,0,unhcr_population,2025-12-31,2026-08-19T14:21:59Z,2026-08-19
PHL,Philippines,2025,807,6088,43500,0,163707,0,172452,,0,unhcr_population,2025-12-31,2026-08-19T14:21:59Z,2026-08-19
PLW,Palau,2013,0,5,0,0,0,0,0,,0,unhcr_population,2025-12-31,2026-08-19T14:21:59Z,2026-08-19
PLW,Palau,2017,0,5,0,0,0,0,0,,0,unhcr_population,2025-12-31,2026-08-19T14:21:59Z,2026-08-19
PLW,Palau,2022,5,0,0,0,0,0,0,,0,unhcr_population,2025-12-31,2026-08-19T14:21:59Z,2026-08-19
PLW,Palau,2023,5,0,0,0,0,0,0,,0,unhcr_population,2025-12-31,2026-08-19T14:21:59Z,2026-08-19
PNG,Papua New Guinea,1995,2000,0,0,0,0,0,0,,0,unhcr_population,2025-12-31,2026-08-19T14:21:59Z,2026-08-19
PNG,Papua New Guinea,1996,2006,0,0,0,0,0,0,,0,unhcr_population,2025-12-31,2026-08-19T14:21:59Z,2026-08-19
PNG,Papua New Guinea,1997,806,0,0,0,0,0,0,,0,unhcr_population,2025-12-31,2026-08-19T14:21:59Z,2026-08-19
PNG,Papua New Guinea,1998,216,0,0,0,0,0,0,,0,unhcr_population,2025-12-31,2026-08-19T14:21:59Z,2026-08-19
PNG,Papua New Guinea,1999,6,0,0,0,0,0,0,,0,unhcr_population,2025-12-31,2026-08-19T14:21:59Z,2026-08-19
PNG,Papua New Guinea,2000,6,0,0,0,0,0,0,,0,unhcr_population,2025-12-31,2026-08-19T14:21:59Z,2026-08-19
PNG,Papua New Guinea,2001,6,0,0,0,0,0,0,,0,unhcr_population,2025-12-31,2026-08-19T14:21:59Z,2026-08-19
PNG,Papua New Guinea,2002,12,5,0,0,0,0,0,,0,unhcr_population,2025-12-31,2026-08-19T14:21:59Z,2026-08-19
PNG,Papua New Guinea,2003,12,6,0,0,0,0,0,,0,unhcr_population,2025-12-31,2026-08-19T14:21:59Z,2026-08-19
PNG,Papua New Guinea,2004,12,0,0,0,0,0,0,,0,unhcr_population,2025-12-31,2026-08-19T14:21:59Z,2026-08-19
PNG,Papua New Guinea,2005,20,17,0,0,0,0,0,,0,unhcr_population,2025-12-31,2026-08-19T14:21:59Z,2026-08-19
PNG,Papua New Guinea,2006,27,6,0,0,0,0,0,,0,unhcr_population,2025-12-31,2026-08-19T14:21:59Z,2026-08-19
PNG,Papua New Guinea,2007,33,18,0,0,0,0,0,,0,unhcr_population,2025-12-31,2026-08-19T14:21:59Z,2026-08-19
PNG,Papua New Guinea,2008,44,10,0,0,0,0,0,,0,unhcr_population,2025-12-31,2026-08-19T14:21:59Z,2026-08-19
PNG,Papua New Guinea,2009,68,11,0,0,0,0,0,,0,unhcr_population,2025-12-31,2026-08-19T14:21:59Z,2026-08-19
PNG,Papua New Guinea,2010,87,43,0,0,0,0,0,,0,unhcr_population,2025-12-31,2026-08-19T14:21:59Z,2026-08-19
PNG,Papua New Guinea,2011,126,46,0,0,0,0,0,,0,unhcr_population,2025-12-31,2026-08-19T14:21:59Z,2026-08-19
PNG,Papua New Guinea,2012,172,83,0,0,0,0,0,,0,unhcr_population,2025-12-31,2026-08-19T14:21:59Z,2026-08-19
PNG,Papua New Guinea,2013,219,146,0,0,0,0,0,,0,unhcr_population,2025-12-31,2026-08-19T14:21:59Z,2026-08-19
PNG,Papua New Guinea,2014,285,213,0,0,0,0,0,,0,unhcr_population,2025-12-31,2026-08-19T14:21:59Z,2026-08-19
PNG,Papua New Guinea,2015,335,198,0,0,0,0,0,,0,unhcr_population,2025-12-31,2026-08-19T14:21:59Z,2026-08-19
PNG,Papua New Guinea,2016,401,261,0,0,0,0,0,,0,unhcr_population,2025-12-31,2026-08-19T14:21:59Z,2026-08-19
PNG,Papua New Guinea,2017,406,372,0,0,0,0,0,,0,unhcr_population,2025-12-31,2026-08-19T14:21:59Z,2026-08-19
PNG,Papua New Guinea,2018,424,445,0,0,0,0,0,,0,unhcr_population,2025-12-31,2026-08-19T14:21:59Z,2026-08-19
PNG,Papua New Guinea,2019,475,549,0,0,0,0,0,,0,unhcr_population,2025-12-31,2026-08-19T14:21:59Z,2026-08-19
PNG,Papua New Guinea,2020,510,650,14000,0,0,0,0,,0,unhcr_population,2025-12-31,2026-08-19T14:21:59Z,2026-08-19
PNG,Papua New Guinea,2021,507,636,24000,0,0,0,0,,0,unhcr_population,2025-12-31,2026-08-19T14:21:59Z,2026-08-19
PNG,Papua New Guinea,2022,610,610,90634,0,0,0,0,,0,unhcr_population,2025-12-31,2026-08-19T14:21:59Z,2026-08-19
PNG,Papua New Guinea,2023,452,719,95000,0,1736,0,0,,134,unhcr_population,2025-12-31,2026-08-19T14:21:59Z,2026-08-19
PNG,Papua New Guinea,2024,504,982,84051,0,2177,0,0,,134,unhcr_population,2025-12-31,2026-08-19T14:21:59Z,2026-08-19
PNG,Papua New Guinea,2025,644,1227,70124,0,2177,0,0,,0,unhcr_population,2025-12-31,2026-08-19T14:21:59Z,2026-08-19
POL,Poland,1970,150,0,0,0,0,0,0,,0,unhcr_population,2025-12-31,2026-08-19T14:21:59Z,2026-08-19
POL,Poland,1971,150,0,0,0,0,0,0,,0,unhcr_population,2025-12-31,2026-08-19T14:21:59Z,2026-08-19
POL,Poland,1972,140,0,0,0,0,0,0,,0,unhcr_population,2025-12-31,2026-08-19T14:21:59Z,2026-08-19
POL,Poland,1973,100,0,0,0,0,0,0,,0,unhcr_population,2025-12-31,2026-08-19T14:21:59Z,2026-08-19
POL,Poland,1974,70,0,0,0,0,0,0,,0,unhcr_population,2025-12-31,2026-08-19T14:21:59Z,2026-08-19
POL,Poland,1975,60,0,0,0,0,0,0,,0,unhcr_population,2025-12-31,2026-08-19T14:21:59Z,2026-08-19
POL,Poland,1976,50,0,0,0,0,0,0,,0,unhcr_population,2025-12-31,2026-08-19T14:21:59Z,2026-08-19
POL,Poland,1978,50,0,0,0,0,0,0,,0,unhcr_population,2025-12-31,2026-08-19T14:21:59Z,2026-08-19
POL,Poland,1980,471,0,0,0,0,0,0,,0,unhcr_population,2025-12-31,2026-08-19T14:21:59Z,2026-08-19
POL,Poland,1981,505,0,0,0,0,0,0,,0,unhcr_population,2025-12-31,2026-08-19T14:21:59Z,2026-08-19
POL,Poland,1982,775,0,0,0,0,0,0,,0,unhcr_population,2025-12-31,2026-08-19T14:21:59Z,2026-08-19
POL,Poland,1983,761,0,0,0,0,0,0,,0,unhcr_population,2025-12-31,2026-08-19T14:21:59Z,2026-08-19
POL,Poland,1984,994,0,0,0,0,0,0,,0,unhcr_population,2025-12-31,2026-08-19T14:21:59Z,2026-08-19
POL,Poland,1985,1655,0,0,0,0,0,0,,0,unhcr_population,2025-12-31,2026-08-19T14:21:59Z,2026-08-19
POL,Poland,1986,1102,0,0,0,0,0,0,,0,unhcr_population,2025-12-31,2026-08-19T14:21:59Z,2026-08-19
POL,Poland,1987,1475,0,0,0,0,0,0,,0,unhcr_population,2025-12-31,2026-08-19T14:21:59Z,2026-08-19
POL,Poland,1988,23266,0,0,0,0,0,0,,0,unhcr_population,2025-12-31,2026-08-19T14:21:59Z,2026-08-19
POL,Poland,1989,23072,0,0,0,0,0,0,,0,unhcr_population,2025-12-31,2026-08-19T14:21:59Z,2026-08-19
POL,Poland,1990,25632,0,0,0,0,0,0,,0,unhcr_population,2025-12-31,2026-08-19T14:21:59Z,2026-08-19
POL,Poland,1991,21643,0,0,0,0,0,0,,0,unhcr_population,2025-12-31,2026-08-19T14:21:59Z,2026-08-19
POL,Poland,1992,14518,0,0,0,0,0,0,,0,unhcr_population,2025-12-31,2026-08-19T14:21:59Z,2026-08-19
POL,Poland,1993,13385,0,0,0,0,0,0,,0,unhcr_population,2025-12-31,2026-08-19T14:21:59Z,2026-08-19
POL,Poland,1994,35934,0,0,0,0,0,0,,0,unhcr_population,2025-12-31,2026-08-19T14:21:59Z,2026-08-19
POL,Poland,1995,19731,0,0,0,0,0,0,,0,unhcr_population,2025-12-31,2026-08-19T14:21:59Z,2026-08-19
POL,Poland,1996,12868,0,0,0,0,0,0,,0,unhcr_population,2025-12-31,2026-08-19T14:21:59Z,2026-08-19
POL,Poland,1997,7292,0,0,0,0,0,0,,0,unhcr_population,2025-12-31,2026-08-19T14:21:59Z,2026-08-19
POL,Poland,1998,1880,0,0,0,0,0,0,,0,unhcr_population,2025-12-31,2026-08-19T14:21:59Z,2026-08-19
POL,Poland,1999,1238,0,0,0,0,0,0,,0,unhcr_population,2025-12-31,2026-08-19T14:21:59Z,2026-08-19
POL,Poland,2000,859,549,0,0,0,0,0,,0,unhcr_population,2025-12-31,2026-08-19T14:21:59Z,2026-08-19
POL,Poland,2001,3187,879,0,0,0,0,0,,0,unhcr_population,2025-12-31,2026-08-19T14:21:59Z,2026-08-19
POL,Poland,2002,16713,818,0,0,0,0,0,,0,unhcr_population,2025-12-31,2026-08-19T14:21:59Z,2026-08-19
POL,Poland,2003,15211,904,0,0,0,0,0,,0,unhcr_population,2025-12-31,2026-08-19T14:21:59Z,2026-08-19
POL,Poland,2004,10683,569,0,0,0,0,0,,0,unhcr_population,2025-12-31,2026-08-19T14:21:59Z,2026-08-19
POL,Poland,2005,19642,603,0,0,0,0,0,,0,unhcr_population,2025-12-31,2026-08-19T14:21:59Z,2026-08-19
POL,Poland,2006,13508,372,0,0,0,0,0,,0,unhcr_population,2025-12-31,2026-08-19T14:21:59Z,2026-08-19
POL,Poland,2007,2911,187,0,0,0,0,0,,0,unhcr_population,2025-12-31,2026-08-19T14:21:59Z,2026-08-19
POL,Poland,2008,2385,225,0,0,0,0,0,,0,unhcr_population,2025-12-31,2026-08-19T14:21:59Z,2026-08-19
POL,Poland,2009,2052,245,0,0,0,0,0,,0,unhcr_population,2025-12-31,2026-08-19T14:21:59Z,2026-08-19
POL,Poland,2010,1758,153,0,0,0,0,0,,0,unhcr_population,2025-12-31,2026-08-19T14:21:59Z,2026-08-19
POL,Poland,2011,1811,349,0,0,0,0,0,,0,unhcr_population,2025-12-31,2026-08-19T14:21:59Z,2026-08-19
POL,Poland,2012,1638,326,0,0,0,0,0,,0,unhcr_population,2025-12-31,2026-08-19T14:21:59Z,2026-08-19
POL,Poland,2013,1428,274,0,0,0,0,0,,0,unhcr_population,2025-12-31,2026-08-19T14:21:59Z,2026-08-19
POL,Poland,2014,1306,263,0,0,0,0,0,,0,unhcr_population,2025-12-31,2026-08-19T14:21:59Z,2026-08-19
POL,Poland,2015,1298,399,0,0,0,0,0,,0,unhcr_population,2025-12-31,2026-08-19T14:21:59Z,2026-08-19
POL,Poland,2016,1159,565,0,0,0,0,0,,0,unhcr_population,2025-12-31,2026-08-19T14:21:59Z,2026-08-19
POL,Poland,2017,1123,784,0,0,0,0,0,,0,unhcr_population,2025-12-31,2026-08-19T14:21:59Z,2026-08-19
POL,Poland,2018,1085,912,0,0,0,0,0,,0,unhcr_population,2025-12-31,2026-08-19T14:21:59Z,2026-08-19
POL,Poland,2019,961,1016,0,0,0,0,0,,0,unhcr_population,2025-12-31,2026-08-19T14:21:59Z,2026-08-19
POL,Poland,2020,910,1052,0,0,0,0,0,,0,unhcr_population,2025-12-31,2026-08-19T14:21:59Z,2026-08-19
POL,Poland,2021,887,1056,0,0,0,0,0,,0,unhcr_population,2025-12-31,2026-08-19T14:21:59Z,2026-08-19
POL,Poland,2022,971,1044,0,0,0,0,0,,0,unhcr_population,2025-12-31,2026-08-19T14:21:59Z,2026-08-19
POL,Poland,2023,932,1050,0,0,0,0,0,,0,unhcr_population,2025-12-31,2026-08-19T14:21:59Z,2026-08-19
POL,Poland,2024,1528,1076,0,0,0,0,0,,0,unhcr_population,2025-12-31,2026-08-19T14:21:59Z,2026-08-19
POL,Poland,2025,1368,407,0,0,0,0,0,,0,unhcr_population,2025-12-31,2026-08-19T14:21:59Z,2026-08-19
PRI,Puerto Rico,1994,12,0,0,0,0,0,0,,0,unhcr_population,2025-12-31,2026-08-19T14:21:59Z,2026-08-19
PRI,Puerto Rico,1995,12,0,0,0,0,0,0,,0,unhcr_population,2025-12-31,2026-08-19T14:21:59Z,2026-08-19
PRI,Puerto Rico,1996,12,0,0,0,0,0,0,,0,unhcr_population,2025-12-31,2026-08-19T14:21:59Z,2026-08-19
PRI,Puerto Rico,2023,0,5,0,0,0,0,0,,0,unhcr_population,2025-12-31,2026-08-19T14:21:59Z,2026-08-19
PRI,Puerto Rico,2024,0,5,0,0,0,0,0,,0,unhcr_population,2025-12-31,2026-08-19T14:21:59Z,2026-08-19
PRK,Dem. People's Rep. of Korea,1996,10,0,0,0,0,0,0,,0,unhcr_population,2025-12-31,2026-08-19T14:21:59Z,2026-08-19
PRK,Dem. People's Rep. of Korea,1998,5,0,0,0,0,0,0,,0,unhcr_population,2025-12-31,2026-08-19T14:21:59Z,2026-08-19
PRK,Dem. People's Rep. of Korea,1999,10,0,0,0,0,0,0,,0,unhcr_population,2025-12-31,2026-08-19T14:21:59Z,2026-08-19
PRK,Dem. People's Rep. of Korea,2000,15,50,0,0,0,0,0,,0,unhcr_population,2025-12-31,2026-08-19T14:21:59Z,2026-08-19
PRK,Dem. People's Rep. of Korea,2001,17,49,0,0,0,0,0,,0,unhcr_population,2025-12-31,2026-08-19T14:21:59Z,2026-08-19
PRK,Dem. People's Rep. of Korea,2002,256,70,0,0,0,0,0,,0,unhcr_population,2025-12-31,2026-08-19T14:21:59Z,2026-08-19
PRK,Dem. People's Rep. of Korea,2003,306,41,0,0,0,0,0,,0,unhcr_population,2025-12-31,2026-08-19T14:21:59Z,2026-08-19
PRK,Dem. People's Rep. of Korea,2004,344,64,0,0,0,0,0,,0,unhcr_population,2025-12-31,2026-08-19T14:21:59Z,2026-08-19
PRK,Dem. People's Rep. of Korea,2005,287,67,0,0,0,0,0,,0,unhcr_population,2025-12-31,2026-08-19T14:21:59Z,2026-08-19
PRK,Dem. People's Rep. of Korea,2006,394,95,0,0,0,0,0,,0,unhcr_population,2025-12-31,2026-08-19T14:21:59Z,2026-08-19
PRK,Dem. People's Rep. of Korea,2007,602,232,0,0,0,0,0,,0,unhcr_population,2025-12-31,2026-08-19T14:21:59Z,2026-08-19
PRK,Dem. People's Rep. of Korea,2008,881,213,0,0,0,0,0,,0,unhcr_population,2025-12-31,2026-08-19T14:21:59Z,2026-08-19
PRK,Dem. People's Rep. of Korea,2009,878,125,0,0,0,0,0,,0,unhcr_population,2025-12-31,2026-08-19T14:21:59Z,2026-08-19
PRK,Dem. People's Rep. of Korea,2010,915,268,0,0,0,0,0,,0,unhcr_population,2025-12-31,2026-08-19T14:21:59Z,2026-08-19
PRK,Dem. People's Rep. of Korea,2011,1046,550,0,0,0,0,0,,0,unhcr_population,2025-12-31,2026-08-19T14:21:59Z,2026-08-19
PRK,Dem. People's Rep. of Korea,2012,1126,1023,0,0,0,0,0,,0,unhcr_population,2025-12-31,2026-08-19T14:21:59Z,2026-08-19
PRK,Dem. People's Rep. of Korea,2013,1163,940,0,0,0,0,0,,0,unhcr_population,2025-12-31,2026-08-19T14:21:59Z,2026-08-19
PRK,Dem. People's Rep. of Korea,2014,1275,233,0,0,0,0,0,,0,unhcr_population,2025-12-31,2026-08-19T14:21:59Z,2026-08-19
PRK,Dem. People's Rep. of Korea,2015,1094,223,0,0,0,0,0,,0,unhcr_population,2025-12-31,2026-08-19T14:21:59Z,2026-08-19
PRK,Dem. People's Rep. of Korea,2016,1419,526,0,0,0,0,0,,0,unhcr_population,2025-12-31,2026-08-19T14:21:59Z,2026-08-19
PRK,Dem. People's Rep. of Korea,2017,1176,587,0,0,0,0,0,,0,unhcr_population,2025-12-31,2026-08-19T14:21:59Z,2026-08-19
PRK,Dem. People's Rep. of Korea,2018,797,146,0,0,0,0,0,,0,unhcr_population,2025-12-31,2026-08-19T14:21:59Z,2026-08-19
PRK,Dem. People's Rep. of Korea,2019,758,112,0,0,0,0,0,,0,unhcr_population,2025-12-31,2026-08-19T14:21:59Z,2026-08-19
PRK,Dem. People's Rep. of Korea,2020,689,88,0,0,0,0,0,,0,unhcr_population,2025-12-31,2026-08-19T14:21:59Z,2026-08-19
PRK,Dem. People's Rep. of Korea,2021,528,108,0,0,0,0,0,,0,unhcr_population,2025-12-31,2026-08-19T14:21:59Z,2026-08-19
PRK,Dem. People's Rep. of Korea,2022,267,127,0,0,0,0,0,,0,unhcr_population,2025-12-31,2026-08-19T14:21:59Z,2026-08-19
PRK,Dem. People's Rep. of Korea,2023,239,96,0,0,0,0,0,,0,unhcr_population,2025-12-31,2026-08-19T14:21:59Z,2026-08-19
PRK,Dem. People's Rep. of Korea,2024,283,105,0,0,0,0,0,,0,unhcr_population,2025-12-31,2026-08-19T14:21:59Z,2026-08-19
PRK,Dem. People's Rep. of Korea,2025,263,45,0,0,0,0,0,,0,unhcr_population,2025-12-31,2026-08-19T14:21:59Z,2026-08-19
PRT,Portugal,1994,25,0,0,0,0,0,0,,0,unhcr_population,2025-12-31,2026-08-19T14:21:59Z,2026-08-19
PRT,Portugal,1995,23,0,0,0,0,0,0,,0,unhcr_population,2025-12-31,2026-08-19T14:21:59Z,2026-08-19
PRT,Portugal,1996,218,0,0,0,0,0,0,,0,unhcr_population,2025-12-31,2026-08-19T14:21:59Z,2026-08-19
PRT,Portugal,1997,213,0,0,0,0,0,0,,0,unhcr_population,2025-12-31,2026-08-19T14:21:59Z,2026-08-19
PRT,Portugal,1998,21,0,0,0,0,0,0,,0,unhcr_population,2025-12-31,2026-08-19T14:21:59Z,2026-08-19
PRT,Portugal,1999,16,0,0,0,0,0,0,,0,unhcr_population,2025-12-31,2026-08-19T14:21:59Z,2026-08-19
PRT,Portugal,2000,24,73,0,0,0,0,0,,0,unhcr_population,2025-12-31,2026-08-19T14:21:59Z,2026-08-19
PRT,Portugal,2001,14,146,0,0,0,0,0,,0,unhcr_population,2025-12-31,2026-08-19T14:21:59Z,2026-08-19
PRT,Portugal,2002,60,551,0,0,0,0,0,,0,unhcr_population,2025-12-31,2026-08-19T14:21:59Z,2026-08-19
PRT,Portugal,2003,54,392,0,0,0,0,0,,0,unhcr_population,2025-12-31,2026-08-19T14:21:59Z,2026-08-19
PRT,Portugal,2004,43,212,0,0,0,0,0,,0,unhcr_population,2025-12-31,2026-08-19T14:21:59Z,2026-08-19
PRT,Portugal,2005,74,122,0,0,0,0,0,,0,unhcr_population,2025-12-31,2026-08-19T14:21:59Z,2026-08-19
PRT,Portugal,2006,25,45,0,0,0,0,0,,0,unhcr_population,2025-12-31,2026-08-19T14:21:59Z,2026-08-19
PRT,Portugal,2007,29,41,0,0,0,0,0,,0,unhcr_population,2025-12-31,2026-08-19T14:21:59Z,2026-08-19
PRT,Portugal,2008,35,33,0,0,0,0,0,,0,unhcr_population,2025-12-31,2026-08-19T14:21:59Z,2026-08-19
PRT,Portugal,2009,30,46,0,0,0,0,0,,0,unhcr_population,2025-12-31,2026-08-19T14:21:59Z,2026-08-19
PRT,Portugal,2010,29,60,0,0,0,0,0,,0,unhcr_population,2025-12-31,2026-08-19T14:21:59Z,2026-08-19
PRT,Portugal,2011,29,67,0,0,0,0,0,,0,unhcr_population,2025-12-31,2026-08-19T14:21:59Z,2026-08-19
PRT,Portugal,2012,32,49,0,0,0,0,0,,0,unhcr_population,2025-12-31,2026-08-19T14:21:59Z,2026-08-19
PRT,Portugal,2013,27,40,0,0,0,0,0,,0,unhcr_population,2025-12-31,2026-08-19T14:21:59Z,2026-08-19
PRT,Portugal,2014,30,34,0,0,0,0,0,,0,unhcr_population,2025-12-31,2026-08-19T14:21:59Z,2026-08-19
PRT,Portugal,2015,28,64,0,0,0,0,0,,0,unhcr_population,2025-12-31,2026-08-19T14:21:59Z,2026-08-19
PRT,Portugal,2016,20,81,0,0,0,0,0,,0,unhcr_population,2025-12-31,2026-08-19T14:21:59Z,2026-08-19
PRT,Portugal,2017,16,171,0,0,0,0,0,,0,unhcr_population,2025-12-31,2026-08-19T14:21:59Z,2026-08-19
PRT,Portugal,2018,20,245,0,0,0,0,0,,0,unhcr_population,2025-12-31,2026-08-19T14:21:59Z,2026-08-19
PRT,Portugal,2019,25,338,0,0,0,0,0,,0,unhcr_population,2025-12-31,2026-08-19T14:21:59Z,2026-08-19
PRT,Portugal,2020,27,360,0,0,0,0,0,,0,unhcr_population,2025-12-31,2026-08-19T14:21:59Z,2026-08-19
PRT,Portugal,2021,26,439,0,0,0,0,0,,0,unhcr_population,2025-12-31,2026-08-19T14:21:59Z,2026-08-19
PRT,Portugal,2022,55,448,0,0,0,0,0,,0,unhcr_population,2025-12-31,2026-08-19T14:21:59Z,2026-08-19
PRT,Portugal,2023,45,979,0,0,0,0,0,,0,unhcr_population,2025-12-31,2026-08-19T14:21:59Z,2026-08-19
PRT,Portugal,2024,110,1092,0,0,0,8,0,,0,unhcr_population,2025-12-31,2026-08-19T14:21:59Z,2026-08-19
PRT,Portugal,2025,109,376,0,0,0,0,0,,0,unhcr_population,2025-12-31,2026-08-19T14:21:59Z,2026-08-19
PRY,Paraguay,1990,19,0,0,0,0,0,0,,0,unhcr_population,2025-12-31,2026-08-19T14:21:59Z,2026-08-19
PRY,Paraguay,1991,8,0,0,0,0,0,0,,0,unhcr_population,2025-12-31,2026-08-19T14:21:59Z,2026-08-19
PRY,Paraguay,1992,10,0,0,0,0,0,0,,0,unhcr_population,2025-12-31,2026-08-19T14:21:59Z,2026-08-19
PRY,Paraguay,1993,15,0,0,0,0,0,0,,0,unhcr_population,2025-12-31,2026-08-19T14:21:59Z,2026-08-19
PRY,Paraguay,1994,64,0,0,0,0,8,0,,0,unhcr_population,2025-12-31,2026-08-19T14:21:59Z,2026-08-19
PRY,Paraguay,1995,51,0,0,0,0,0,0,,0,unhcr_population,2025-12-31,2026-08-19T14:21:59Z,2026-08-19
PRY,Paraguay,1996,45,0,0,0,0,0,0,,0,unhcr_population,2025-12-31,2026-08-19T14:21:59Z,2026-08-19
PRY,Paraguay,1997,19,0,0,0,0,0,0,,0,unhcr_population,2025-12-31,2026-08-19T14:21:59Z,2026-08-19
PRY,Paraguay,1998,16,0,0,0,0,0,0,,0,unhcr_population,2025-12-31,2026-08-19T14:21:59Z,2026-08-19
PRY,Paraguay,1999,20,0,0,0,0,0,0,,0,unhcr_population,2025-12-31,2026-08-19T14:21:59Z,2026-08-19
PRY,Paraguay,2000,20,16,0,0,0,0,0,,0,unhcr_population,2025-12-31,2026-08-19T14:21:59Z,2026-08-19
PRY,Paraguay,2001,6,22,0,0,0,0,0,,0,unhcr_population,2025-12-31,2026-08-19T14:21:59Z,2026-08-19
PRY,Paraguay,2002,26,44,0,0,0,0,0,,0,unhcr_population,2025-12-31,2026-08-19T14:21:59Z,2026-08-19
PRY,Paraguay,2003,34,50,0,0,0,0,0,,0,unhcr_population,2025-12-31,2026-08-19T14:21:59Z,2026-08-19
PRY,Paraguay,2004,34,42,0,0,0,0,0,,0,unhcr_population,2025-12-31,2026-08-19T14:21:59Z,2026-08-19
PRY,Paraguay,2005,42,31,0,0,0,0,0,,0,unhcr_population,2025-12-31,2026-08-19T14:21:59Z,2026-08-19
PRY,Paraguay,2006,103,36,0,0,0,0,0,,0,unhcr_population,2025-12-31,2026-08-19T14:21:59Z,2026-08-19
PRY,Paraguay,2007,99,44,0,0,0,0,0,,0,unhcr_population,2025-12-31,2026-08-19T14:21:59Z,2026-08-19
PRY,Paraguay,2008,97,32,0,0,0,0,0,,0,unhcr_population,2025-12-31,2026-08-19T14:21:59Z,2026-08-19
PRY,Paraguay,2009,77,30,0,0,0,0,0,,0,unhcr_population,2025-12-31,2026-08-19T14:21:59Z,2026-08-19
PRY,Paraguay,2010,86,24,0,0,0,0,0,,0,unhcr_population,2025-12-31,2026-08-19T14:21:59Z,2026-08-19
PRY,Paraguay,2011,91,22,0,0,0,0,0,,0,unhcr_population,2025-12-31,2026-08-19T14:21:59Z,2026-08-19
PRY,Paraguay,2012,101,23,0,0,0,0,0,,0,unhcr_population,2025-12-31,2026-08-19T14:21:59Z,2026-08-19
PRY,Paraguay,2013,91,28,0,0,0,0,0,,0,unhcr_population,2025-12-31,2026-08-19T14:21:59Z,2026-08-19
PRY,Paraguay,2014,87,34,0,0,0,0,0,,0,unhcr_population,2025-12-31,2026-08-19T14:21:59Z,2026-08-19
PRY,Paraguay,2015,88,67,0,0,0,0,0,,0,unhcr_population,2025-12-31,2026-08-19T14:21:59Z,2026-08-19
PRY,Paraguay,2016,68,117,0,0,0,0,0,,0,unhcr_population,2025-12-31,2026-08-19T14:21:59Z,2026-08-19
PRY,Paraguay,2017,77,175,0,0,0,0,0,,0,unhcr_population,2025-12-31,2026-08-19T14:21:59Z,2026-08-19
PRY,Paraguay,2018,73,278,0,0,0,0,0,,0,unhcr_population,2025-12-31,2026-08-19T14:21:59Z,2026-08-19
PRY,Paraguay,2019,84,632,0,0,0,0,0,,0,unhcr_population,2025-12-31,2026-08-19T14:21:59Z,2026-08-19
PRY,Paraguay,2020,119,868,0,0,0,0,0,,0,unhcr_population,2025-12-31,2026-08-19T14:21:59Z,2026-08-19
PRY,Paraguay,2021,125,1102,0,0,0,0,0,,0,unhcr_population,2025-12-31,2026-08-19T14:21:59Z,2026-08-19
PRY,Paraguay,2022,139,1202,0,0,0,0,0,,0,unhcr_population,2025-12-31,2026-08-19T14:21:59Z,2026-08-19
PRY,Paraguay,2023,155,1987,0,0,0,0,0,,0,unhcr_population,2025-12-31,2026-08-19T14:21:59Z,2026-08-19
PRY,Paraguay,2024,170,3054,0,0,0,0,0,,0,unhcr_population,2025-12-31,2026-08-19T14:21:59Z,2026-08-19
PRY,Paraguay,2025,162,2398,0,0,0,0,0,,0,unhcr_population,2025-12-31,2026-08-19T14:21:59Z,2026-08-19
PSE,State of Palestine,1976,3200,0,0,0,0,0,0,,0,unhcr_population,2025-12-31,2026-08-19T14:21:59Z,2026-08-19
PSE,State of Palestine,1982,9800,0,0,0,0,0,0,,0,unhcr_population,2025-12-31,2026-08-19T14:21:59Z,2026-08-19
PSE,State of Palestine,1983,9110,0,0,0,0,0,0,,0,unhcr_population,2025-12-31,2026-08-19T14:21:59Z,2026-08-19
PSE,State of Palestine,1985,31640,0,0,0,0,0,0,,0,unhcr_population,2025-12-31,2026-08-19T14:21:59Z,2026-08-19
PSE,State of Palestine,1986,52705,0,0,0,0,0,0,,0,unhcr_population,2025-12-31,2026-08-19T14:21:59Z,2026-08-19
PSE,State of Palestine,1987,2005,0,0,0,0,0,0,,0,unhcr_population,2025-12-31,2026-08-19T14:21:59Z,2026-08-19
PSE,State of Palestine,1988,5014,0,0,0,0,0,0,,0,unhcr_population,2025-12-31,2026-08-19T14:21:59Z,2026-08-19
PSE,State of Palestine,1989,8041,0,0,0,0,0,0,,0,unhcr_population,2025-12-31,2026-08-19T14:21:59Z,2026-08-19
PSE,State of Palestine,1990,8521,0,0,0,0,0,0,,0,unhcr_population,2025-12-31,2026-08-19T14:21:59Z,2026-08-19
PSE,State of Palestine,1991,65177,0,0,0,0,0,0,,0,unhcr_population,2025-12-31,2026-08-19T14:21:59Z,2026-08-19
PSE,State of Palestine,1992,95343,0,0,0,0,0,0,,0,unhcr_population,2025-12-31,2026-08-19T14:21:59Z,2026-08-19
PSE,State of Palestine,1993,81472,0,0,0,0,0,0,,0,unhcr_population,2025-12-31,2026-08-19T14:21:59Z,2026-08-19
PSE,State of Palestine,1994,82559,0,0,0,0,10,0,,0,unhcr_population,2025-12-31,2026-08-19T14:21:59Z,2026-08-19
PSE,State of Palestine,1995,72762,0,0,0,0,5,0,,0,unhcr_population,2025-12-31,2026-08-19T14:21:59Z,2026-08-19
PSE,State of Palestine,1996,80202,0,0,0,0,26,0,,0,unhcr_population,2025-12-31,2026-08-19T14:21:59Z,2026-08-19
PSE,State of Palestine,1997,76812,0,0,0,12000,0,0,,0,unhcr_population,2025-12-31,2026-08-19T14:21:59Z,2026-08-19
PSE,State of Palestine,1998,77517,0,0,0,12010,0,0,,0,unhcr_population,2025-12-31,2026-08-19T14:21:59Z,2026-08-19
PSE,State of Palestine,1999,100602,0,0,0,10000,0,0,,0,unhcr_population,2025-12-31,2026-08-19T14:21:59Z,2026-08-19
PSE,State of Palestine,2000,110641,538,0,0,6000,0,0,,0,unhcr_population,2025-12-31,2026-08-19T14:21:59Z,2026-08-19
PSE,State of Palestine,2001,349158,889,0,0,6000,0,0,,0,unhcr_population,2025-12-31,2026-08-19T14:21:59Z,2026-08-19
PSE,State of Palestine,2002,428775,999,0,0,6000,0,0,,0,unhcr_population,2025-12-31,2026-08-19T14:21:59Z,2026-08-19
PSE,State of Palestine,2003,350562,1074,0,0,6000,0,0,,0,unhcr_population,2025-12-31,2026-08-19T14:21:59Z,2026-08-19
PSE,State of Palestine,2004,349827,1024,0,0,6000,32,0,,0,unhcr_population,2025-12-31,2026-08-19T14:21:59Z,2026-08-19
PSE,State of Palestine,2005,349663,1053,0,0,6000,5,0,,0,unhcr_population,2025-12-31,2026-08-19T14:21:59Z,2026-08-19
PSE,State of Palestine,2006,334127,1386,0,0,6000,0,0,,0,unhcr_population,2025-12-31,2026-08-19T14:21:59Z,2026-08-19
PSE,State of Palestine,2007,341231,2416,0,0,0,23,0,,0,unhcr_population,2025-12-31,2026-08-19T14:21:59Z,2026-08-19
PSE,State of Palestine,2008,340004,2648,0,0,0,5,0,,0,unhcr_population,2025-12-31,2026-08-19T14:21:59Z,2026-08-19
PSE,State of Palestine,2009,95185,2488,0,0,0,0,0,,0,unhcr_population,2025-12-31,2026-08-19T14:21:59Z,2026-08-19
PSE,State of Palestine,2010,93312,3194,0,0,0,13,0,,0,unhcr_population,2025-12-31,2026-08-19T14:21:59Z,2026-08-19
PSE,State of Palestine,2011,94141,1760,0,0,0,0,0,,0,unhcr_population,2025-12-31,2026-08-19T14:21:59Z,2026-08-19
PSE,State of Palestine,2012,94916,2423,0,0,0,0,0,,0,unhcr_population,2025-12-31,2026-08-19T14:21:59Z,2026-08-19
PSE,State of Palestine,2013,96035,3336,0,0,3360,5,0,,0,unhcr_population,2025-12-31,2026-08-19T14:21:59Z,2026-08-19
PSE,State of Palestine,2014,97207,3636,0,0,3166,0,0,,0,unhcr_population,2025-12-31,2026-08-19T14:21:59Z,2026-08-19
PSE,State of Palestine,2015,98013,4315,0,0,2420,12,0,,0,unhcr_population,2025-12-31,2026-08-19T14:21:59Z,2026-08-19
PSE,State of Palestine,2016,97794,5980,0,0,2199,0,0,,0,unhcr_population,2025-12-31,2026-08-19T14:21:59Z,2026-08-19
PSE,State of Palestine,2017,99630,8859,0,0,1661,0,0,,0,unhcr_population,2025-12-31,2026-08-19T14:21:59Z,2026-08-19
PSE,State of Palestine,2018,100728,13461,0,0,1459,0,0,,0,unhcr_population,2025-12-31,2026-08-19T14:21:59Z,2026-08-19
PSE,State of Palestine,2019,96253,11537,0,0,1104,0,0,,0,unhcr_population,2025-12-31,2026-08-19T14:21:59Z,2026-08-19
PSE,State of Palestine,2020,100153,12456,0,0,969,0,0,,0,unhcr_population,2025-12-31,2026-08-19T14:21:59Z,2026-08-19
PSE,State of Palestine,2021,103581,9645,0,0,1109,0,0,,0,unhcr_population,2025-12-31,2026-08-19T14:21:59Z,2026-08-19
PSE,State of Palestine,2022,104307,11295,0,0,2556,0,0,,0,unhcr_population,2025-12-31,2026-08-19T14:21:59Z,2026-08-19
PSE,State of Palestine,2023,41077,12387,0,0,2866,0,0,,0,unhcr_population,2025-12-31,2026-08-19T14:21:59Z,2026-08-19
PSE,State of Palestine,2024,43712,15720,0,0,2694,0,0,,0,unhcr_population,2025-12-31,2026-08-19T14:21:59Z,2026-08-19
PSE,State of Palestine,2025,48323,16726,0,0,3977,24,0,,0,unhcr_population,2025-12-31,2026-08-19T14:21:59Z,2026-08-19
PYF,French Polynesia,2025,0,5,0,0,0,0,0,,0,unhcr_population,2025-12-31,2026-08-19T14:21:59Z,2026-08-19
QAT,Qatar,1994,49,0,0,0,0,0,0,,0,unhcr_population,2025-12-31,2026-08-19T14:21:59Z,2026-08-19
QAT,Qatar,1995,30,0,0,0,0,0,0,,0,unhcr_population,2025-12-31,2026-08-19T14:21:59Z,2026-08-19
QAT,Qatar,1996,17,0,0,0,0,0,0,,0,unhcr_population,2025-12-31,2026-08-19T14:21:59Z,2026-08-19
QAT,Qatar,1997,18,0,0,0,0,0,0,,0,unhcr_population,2025-12-31,2026-08-19T14:21:59Z,2026-08-19
QAT,Qatar,1998,21,0,0,0,0,0,0,,0,unhcr_population,2025-12-31,2026-08-19T14:21:59Z,2026-08-19
QAT,Qatar,1999,6,0,0,0,0,0,0,,0,unhcr_population,2025-12-31,2026-08-19T14:21:59Z,2026-08-19
QAT,Qatar,2000,0,31,0,0,0,0,0,,0,unhcr_population,2025-12-31,2026-08-19T14:21:59Z,2026-08-19
QAT,Qatar,2001,0,29,0,0,0,0,0,,0,unhcr_population,2025-12-31,2026-08-19T14:21:59Z,2026-08-19
QAT,Qatar,2002,10,30,0,0,0,0,0,,0,unhcr_population,2025-12-31,2026-08-19T14:21:59Z,2026-08-19
QAT,Qatar,2003,14,14,0,0,0,0,0,,0,unhcr_population,2025-12-31,2026-08-19T14:21:59Z,2026-08-19
QAT,Qatar,2004,10,0,0,0,0,0,0,,0,unhcr_population,2025-12-31,2026-08-19T14:21:59Z,2026-08-19
QAT,Qatar,2005,6,5,0,0,0,0,0,,0,unhcr_population,2025-12-31,2026-08-19T14:21:59Z,2026-08-19
QAT,Qatar,2006,48,5,0,0,0,0,0,,0,unhcr_population,2025-12-31,2026-08-19T14:21:59Z,2026-08-19
QAT,Qatar,2007,57,0,0,0,0,0,0,,0,unhcr_population,2025-12-31,2026-08-19T14:21:59Z,2026-08-19
QAT,Qatar,2008,69,0,0,0,0,0,0,,0,unhcr_population,2025-12-31,2026-08-19T14:21:59Z,2026-08-19
QAT,Qatar,2009,66,5,0,0,0,0,0,,0,unhcr_population,2025-12-31,2026-08-19T14:21:59Z,2026-08-19
QAT,Qatar,2010,109,7,0,0,0,0,0,,0,unhcr_population,2025-12-31,2026-08-19T14:21:59Z,2026-08-19
QAT,Qatar,2011,93,7,0,0,0,0,0,,0,unhcr_population,2025-12-31,2026-08-19T14:21:59Z,2026-08-19
QAT,Qatar,2012,123,5,0,0,0,0,0,,0,unhcr_population,2025-12-31,2026-08-19T14:21:59Z,2026-08-19
QAT,Qatar,2013,15,0,0,0,0,0,0,,0,unhcr_population,2025-12-31,2026-08-19T14:21:59Z,2026-08-19
QAT,Qatar,2014,23,5,0,0,0,0,0,,0,unhcr_population,2025-12-31,2026-08-19T14:21:59Z,2026-08-19
QAT,Qatar,2015,21,12,0,0,0,0,0,,0,unhcr_population,2025-12-31,2026-08-19T14:21:59Z,2026-08-19
QAT,Qatar,2016,25,23,0,0,0,0,0,,0,unhcr_population,2025-12-31,2026-08-19T14:21:59Z,2026-08-19
QAT,Qatar,2017,31,39,0,0,0,0,0,,0,unhcr_population,2025-12-31,2026-08-19T14:21:59Z,2026-08-19
QAT,Qatar,2018,30,33,0,0,0,0,0,,0,unhcr_population,2025-12-31,2026-08-19T14:21:59Z,2026-08-19
QAT,Qatar,2019,36,36,0,0,0,0,0,,0,unhcr_population,2025-12-31,2026-08-19T14:21:59Z,2026-08-19
QAT,Qatar,2020,33,38,0,0,0,0,0,,0,unhcr_population,2025-12-31,2026-08-19T14:21:59Z,2026-08-19
QAT,Qatar,2021,47,35,0,0,0,0,0,,0,unhcr_population,2025-12-31,2026-08-19T14:21:59Z,2026-08-19
QAT,Qatar,2022,40,128,0,0,0,0,0,,0,unhcr_population,2025-12-31,2026-08-19T14:21:59Z,2026-08-19
QAT,Qatar,2023,58,58,0,0,0,0,0,,0,unhcr_population,2025-12-31,2026-08-19T14:21:59Z,2026-08-19
QAT,Qatar,2024,65,55,0,0,0,0,0,,0,unhcr_population,2025-12-31,2026-08-19T14:21:59Z,2026-08-19
QAT,Qatar,2025,73,28,0,0,0,0,0,,0,unhcr_population,2025-12-31,2026-08-19T14:21:59Z,2026-08-19
ROU,Romania,1970,100,0,0,0,0,0,0,,0,unhcr_population,2025-12-31,2026-08-19T14:21:59Z,2026-08-19
ROU,Romania,1971,60,0,0,0,0,0,0,,0,unhcr_population,2025-12-31,2026-08-19T14:21:59Z,2026-08-19
ROU,Romania,1972,90,0,0,0,0,0,0,,0,unhcr_population,2025-12-31,2026-08-19T14:21:59Z,2026-08-19
ROU,Romania,1973,90,0,0,0,0,0,0,,0,unhcr_population,2025-12-31,2026-08-19T14:21:59Z,2026-08-19
ROU,Romania,1974,70,0,0,0,0,0,0,,0,unhcr_population,2025-12-31,2026-08-19T14:21:59Z,2026-08-19
ROU,Romania,1975,70,0,0,0,0,0,0,,0,unhcr_population,2025-12-31,2026-08-19T14:21:59Z,2026-08-19
ROU,Romania,1978,60,0,0,0,0,0,0,,0,unhcr_population,2025-12-31,2026-08-19T14:21:59Z,2026-08-19
ROU,Romania,1980,772,0,0,0,0,0,0,,0,unhcr_population,2025-12-31,2026-08-19T14:21:59Z,2026-08-19
ROU,Romania,1981,854,0,0,0,0,0,0,,0,unhcr_population,2025-12-31,2026-08-19T14:21:59Z,2026-08-19
ROU,Romania,1982,1157,0,0,0,0,0,0,,0,unhcr_population,2025-12-31,2026-08-19T14:21:59Z,2026-08-19
ROU,Romania,1983,1211,0,0,0,0,0,0,,0,unhcr_population,2025-12-31,2026-08-19T14:21:59Z,2026-08-19
ROU,Romania,1984,962,0,0,0,0,0,0,,0,unhcr_population,2025-12-31,2026-08-19T14:21:59Z,2026-08-19
ROU,Romania,1985,2201,0,0,0,0,200,0,,0,unhcr_population,2025-12-31,2026-08-19T14:21:59Z,2026-08-19
ROU,Romania,1986,1024,0,0,0,0,0,0,,0,unhcr_population,2025-12-31,2026-08-19T14:21:59Z,2026-08-19
ROU,Romania,1987,1890,0,0,0,0,0,0,,0,unhcr_population,2025-12-31,2026-08-19T14:21:59Z,2026-08-19
ROU,Romania,1988,20247,0,0,0,0,0,0,,0,unhcr_population,2025-12-31,2026-08-19T14:21:59Z,2026-08-19
ROU,Romania,1989,45978,0,0,0,0,0,0,,0,unhcr_population,2025-12-31,2026-08-19T14:21:59Z,2026-08-19
ROU,Romania,1990,51282,0,0,0,0,190,0,,0,unhcr_population,2025-12-31,2026-08-19T14:21:59Z,2026-08-19
ROU,Romania,1991,27177,0,0,0,0,150,0,,0,unhcr_population,2025-12-31,2026-08-19T14:21:59Z,2026-08-19
ROU,Romania,1992,25118,0,0,0,0,0,0,,0,unhcr_population,2025-12-31,2026-08-19T14:21:59Z,2026-08-19
ROU,Romania,1993,23566,0,0,0,0,0,0,,0,unhcr_population,2025-12-31,2026-08-19T14:21:59Z,2026-08-19
ROU,Romania,1994,22273,0,0,0,0,5,0,,0,unhcr_population,2025-12-31,2026-08-19T14:21:59Z,2026-08-19
ROU,Romania,1995,16977,0,0,0,0,0,0,,0,unhcr_population,2025-12-31,2026-08-19T14:21:59Z,2026-08-19
ROU,Romania,1996,11872,0,0,0,0,29,0,,0,unhcr_population,2025-12-31,2026-08-19T14:21:59Z,2026-08-19
ROU,Romania,1997,8955,0,0,0,0,0,0,,0,unhcr_population,2025-12-31,2026-08-19T14:21:59Z,2026-08-19
ROU,Romania,1998,10924,0,0,0,0,0,0,,0,unhcr_population,2025-12-31,2026-08-19T14:21:59Z,2026-08-19
ROU,Romania,1999,8560,0,0,0,0,0,0,,0,unhcr_population,2025-12-31,2026-08-19T14:21:59Z,2026-08-19
ROU,Romania,2000,7348,2466,0,0,0,0,0,,0,unhcr_population,2025-12-31,2026-08-19T14:21:59Z,2026-08-19
ROU,Romania,2001,6052,2812,0,0,0,0,0,,0,unhcr_population,2025-12-31,2026-08-19T14:21:59Z,2026-08-19
ROU,Romania,2002,8842,2293,0,0,0,0,0,,0,unhcr_population,2025-12-31,2026-08-19T14:21:59Z,2026-08-19
ROU,Romania,2003,8384,2164,0,0,0,0,0,,0,unhcr_population,2025-12-31,2026-08-19T14:21:59Z,2026-08-19
ROU,Romania,2004,6043,1339,0,0,0,0,0,,0,unhcr_population,2025-12-31,2026-08-19T14:21:59Z,2026-08-19
ROU,Romania,2005,11495,1135,0,0,0,0,0,,0,unhcr_population,2025-12-31,2026-08-19T14:21:59Z,2026-08-19
ROU,Romania,2006,7224,1323,0,0,0,0,0,,0,unhcr_population,2025-12-31,2026-08-19T14:21:59Z,2026-08-19
ROU,Romania,2007,5299,561,0,0,0,0,0,,0,unhcr_population,2025-12-31,2026-08-19T14:21:59Z,2026-08-19
ROU,Romania,2008,4747,385,0,0,0,0,0,,0,unhcr_population,2025-12-31,2026-08-19T14:21:59Z,2026-08-19
ROU,Romania,2009,4350,412,0,0,0,0,0,,0,unhcr_population,2025-12-31,2026-08-19T14:21:59Z,2026-08-19
ROU,Romania,2010,3926,308,0,0,0,0,0,,0,unhcr_population,2025-12-31,2026-08-19T14:21:59Z,2026-08-19
ROU,Romania,2011,3422,465,0,0,0,0,0,,0,unhcr_population,2025-12-31,2026-08-19T14:21:59Z,2026-08-19
ROU,Romania,2012,2802,610,0,0,0,0,0,,0,unhcr_population,2025-12-31,2026-08-19T14:21:59Z,2026-08-19
ROU,Romania,2013,2331,1151,0,0,0,0,0,,0,unhcr_population,2025-12-31,2026-08-19T14:21:59Z,2026-08-19
ROU,Romania,2014,1917,1011,0,0,5,0,0,,0,unhcr_population,2025-12-31,2026-08-19T14:21:59Z,2026-08-19
ROU,Romania,2015,1731,1377,0,0,0,0,0,,0,unhcr_population,2025-12-31,2026-08-19T14:21:59Z,2026-08-19
ROU,Romania,2016,1195,2520,0,0,0,0,0,,0,unhcr_population,2025-12-31,2026-08-19T14:21:59Z,2026-08-19
ROU,Romania,2017,1210,3256,0,0,0,0,0,,0,unhcr_population,2025-12-31,2026-08-19T14:21:59Z,2026-08-19
ROU,Romania,2018,1155,4253,0,0,0,0,0,,0,unhcr_population,2025-12-31,2026-08-19T14:21:59Z,2026-08-19
ROU,Romania,2019,1352,3910,0,0,0,0,0,,0,unhcr_population,2025-12-31,2026-08-19T14:21:59Z,2026-08-19
ROU,Romania,2020,1343,3720,0,0,0,0,0,,0,unhcr_population,2025-12-31,2026-08-19T14:21:59Z,2026-08-19
ROU,Romania,2021,1417,4452,0,0,0,0,0,,0,unhcr_population,2025-12-31,2026-08-19T14:21:59Z,2026-08-19
ROU,Romania,2022,3959,6200,0,0,0,0,0,,0,unhcr_population,2025-12-31,2026-08-19T14:21:59Z,2026-08-19
ROU,Romania,2023,1825,7383,0,0,0,0,0,,0,unhcr_population,2025-12-31,2026-08-19T14:21:59Z,2026-08-19
ROU,Romania,2024,2919,8952,0,0,0,6,0,,0,unhcr_population,2025-12-31,2026-08-19T14:21:59Z,2026-08-19
ROU,Romania,2025,3130,7877,0,0,0,0,0,,0,unhcr_population,2025-12-31,2026-08-19T14:21:59Z,2026-08-19
RUS,Russian Federation,1964,120,0,0,0,0,0,0,,0,unhcr_population,2025-12-31,2026-08-19T14:21:59Z,2026-08-19
RUS,Russian Federation,1966,17970,0,0,0,0,0,0,,0,unhcr_population,2025-12-31,2026-08-19T14:21:59Z,2026-08-19
RUS,Russian Federation,1970,170,0,0,0,0,0,0,,0,unhcr_population,2025-12-31,2026-08-19T14:21:59Z,2026-08-19
RUS,Russian Federation,1971,160,0,0,0,0,0,0,,0,unhcr_population,2025-12-31,2026-08-19T14:21:59Z,2026-08-19
RUS,Russian Federation,1972,150,0,0,0,0,0,0,,0,unhcr_population,2025-12-31,2026-08-19T14:21:59Z,2026-08-19
RUS,Russian Federation,1973,110,0,0,0,0,0,0,,0,unhcr_population,2025-12-31,2026-08-19T14:21:59Z,2026-08-19
RUS,Russian Federation,1974,80,0,0,0,0,0,0,,0,unhcr_population,2025-12-31,2026-08-19T14:21:59Z,2026-08-19
RUS,Russian Federation,1975,70,0,0,0,0,0,0,,0,unhcr_population,2025-12-31,2026-08-19T14:21:59Z,2026-08-19
RUS,Russian Federation,1976,60,0,0,0,0,0,0,,0,unhcr_population,2025-12-31,2026-08-19T14:21:59Z,2026-08-19
RUS,Russian Federation,1977,50,0,0,0,0,0,0,,0,unhcr_population,2025-12-31,2026-08-19T14:21:59Z,2026-08-19
RUS,Russian Federation,1978,50,0,0,0,0,0,0,,0,unhcr_population,2025-12-31,2026-08-19T14:21:59Z,2026-08-19
RUS,Russian Federation,1980,10821,0,0,0,0,0,0,,0,unhcr_population,2025-12-31,2026-08-19T14:21:59Z,2026-08-19
RUS,Russian Federation,1981,11562,0,0,0,0,0,0,,0,unhcr_population,2025-12-31,2026-08-19T14:21:59Z,2026-08-19
RUS,Russian Federation,1982,11569,0,0,0,0,0,0,,0,unhcr_population,2025-12-31,2026-08-19T14:21:59Z,2026-08-19
RUS,Russian Federation,1983,11574,0,0,0,0,0,0,,0,unhcr_population,2025-12-31,2026-08-19T14:21:59Z,2026-08-19
RUS,Russian Federation,1984,11577,0,0,0,0,0,0,,0,unhcr_population,2025-12-31,2026-08-19T14:21:59Z,2026-08-19
RUS,Russian Federation,1985,11582,0,0,0,0,0,0,,0,unhcr_population,2025-12-31,2026-08-19T14:21:59Z,2026-08-19
RUS,Russian Federation,1986,10226,0,0,0,0,0,0,,0,unhcr_population,2025-12-31,2026-08-19T14:21:59Z,2026-08-19
RUS,Russian Federation,1987,8683,0,0,0,0,0,0,,0,unhcr_population,2025-12-31,2026-08-19T14:21:59Z,2026-08-19
RUS,Russian Federation,1988,33636,0,0,0,0,0,0,,0,unhcr_population,2025-12-31,2026-08-19T14:21:59Z,2026-08-19
RUS,Russian Federation,1989,68496,0,0,0,0,0,0,,0,unhcr_population,2025-12-31,2026-08-19T14:21:59Z,2026-08-19
RUS,Russian Federation,1990,117736,0,0,0,0,0,0,,0,unhcr_population,2025-12-31,2026-08-19T14:21:59Z,2026-08-19
RUS,Russian Federation,1991,155576,0,0,0,0,0,0,,0,unhcr_population,2025-12-31,2026-08-19T14:21:59Z,2026-08-19
RUS,Russian Federation,1992,213802,0,0,0,0,0,0,,0,unhcr_population,2025-12-31,2026-08-19T14:21:59Z,2026-08-19
RUS,Russian Federation,1993,243312,0,0,0,0,0,0,,0,unhcr_population,2025-12-31,2026-08-19T14:21:59Z,2026-08-19
RUS,Russian Federation,1994,251394,0,90800,0,0,5,0,,0,unhcr_population,2025-12-31,2026-08-19T14:21:59Z,2026-08-19
RUS,Russian Federation,1995,207027,0,128000,0,0,0,0,,0,unhcr_population,2025-12-31,2026-08-19T14:21:59Z,2026-08-19
RUS,Russian Federation,1996,173722,0,161312,0,0,16,0,,0,unhcr_population,2025-12-31,2026-08-19T14:21:59Z,2026-08-19
RUS,Russian Federation,1997,198055,0,337000,0,957000,42,0,,0,unhcr_population,2025-12-31,2026-08-19T14:21:59Z,2026-08-19
RUS,Russian Federation,1998,172724,0,171871,0,808463,55,0,,0,unhcr_population,2025-12-31,2026-08-19T14:21:59Z,2026-08-19
RUS,Russian Federation,1999,28319,0,498354,0,724162,19,29503,,0,unhcr_population,2025-12-31,2026-08-19T14:21:59Z,2026-08-19
RUS,Russian Federation,2000,40309,10597,490650,0,641701,124,70000,,0,unhcr_population,2025-12-31,2026-08-19T14:21:59Z,2026-08-19
RUS,Russian Federation,2001,45154,14668,443288,0,513272,20,47362,,0,unhcr_population,2025-12-31,2026-08-19T14:21:59Z,2026-08-19
RUS,Russian Federation,2002,91625,19615,371195,0,409629,17,59404,,0,unhcr_population,2025-12-31,2026-08-19T14:21:59Z,2026-08-19
RUS,Russian Federation,2003,96414,21031,368220,0,290689,42,19666,,0,unhcr_population,2025-12-31,2026-08-19T14:21:59Z,2026-08-19
RUS,Russian Federation,2004,108096,13000,334796,0,192584,54,19019,,0,unhcr_population,2025-12-31,2026-08-19T14:21:59Z,2026-08-19
RUS,Russian Federation,2005,103037,14303,170544,0,133278,162,1677,,0,unhcr_population,2025-12-31,2026-08-19T14:21:59Z,2026-08-19
RUS,Russian Federation,2006,159383,19057,158905,0,132184,139,2017,,0,unhcr_population,2025-12-31,2026-08-19T14:21:59Z,2026-08-19
RUS,Russian Federation,2007,93218,17581,189274,0,306,262,1141,,0,unhcr_population,2025-12-31,2026-08-19T14:21:59Z,2026-08-19
RUS,Russian Federation,2008,103061,15697,91505,0,306,70,1096,,0,unhcr_population,2025-12-31,2026-08-19T14:21:59Z,2026-08-19
RUS,Russian Federation,2009,109452,13286,79950,0,306,29,878,,0,unhcr_population,2025-12-31,2026-08-19T14:21:59Z,2026-08-19
RUS,Russian Federation,2010,111944,10468,75371,0,306,39,758,,0,unhcr_population,2025-12-31,2026-08-19T14:21:59Z,2026-08-19
RUS,Russian Federation,2011,109783,11840,28450,0,14234,39,166,,0,unhcr_population,2025-12-31,2026-08-19T14:21:59Z,2026-08-19
RUS,Russian Federation,2012,110587,15254,0,0,10557,12,0,,0,unhcr_population,2025-12-31,2026-08-19T14:21:59Z,2026-08-19
RUS,Russian Federation,2013,74310,25961,0,0,9593,0,0,,0,unhcr_population,2025-12-31,2026-08-19T14:21:59Z,2026-08-19
RUS,Russian Federation,2014,70552,24189,0,0,311,14,0,,0,unhcr_population,2025-12-31,2026-08-19T14:21:59Z,2026-08-19
RUS,Russian Federation,2015,67008,27508,0,0,5,5,0,,0,unhcr_population,2025-12-31,2026-08-19T14:21:59Z,2026-08-19
RUS,Russian Federation,2016,62759,35366,0,0,0,56,0,,0,unhcr_population,2025-12-31,2026-08-19T14:21:59Z,2026-08-19
RUS,Russian Federation,2017,61584,38663,0,0,0,7,0,,0,unhcr_population,2025-12-31,2026-08-19T14:21:59Z,2026-08-19
RUS,Russian Federation,2018,61457,43268,0,0,0,32,0,,0,unhcr_population,2025-12-31,2026-08-19T14:21:59Z,2026-08-19
RUS,Russian Federation,2019,62353,48282,0,0,0,5,0,,0,unhcr_population,2025-12-31,2026-08-19T14:21:59Z,2026-08-19
RUS,Russian Federation,2020,52742,44399,0,0,0,0,0,,0,unhcr_population,2025-12-31,2026-08-19T14:21:59Z,2026-08-19
RUS,Russian Federation,2021,68547,42959,0,0,0,0,0,,0,unhcr_population,2025-12-31,2026-08-19T14:21:59Z,2026-08-19
RUS,Russian Federation,2022,80093,66373,0,0,27145,0,0,,0,unhcr_population,2025-12-31,2026-08-19T14:21:59Z,2026-08-19
RUS,Russian Federation,2023,86135,114669,0,0,1253,5,0,,0,unhcr_population,2025-12-31,2026-08-19T14:21:59Z,2026-08-19
RUS,Russian Federation,2024,96869,125962,0,0,1305,77,0,,0,unhcr_population,2025-12-31,2026-08-19T14:21:59Z,2026-08-19
RUS,Russian Federation,2025,99360,88310,0,0,3170,16,0,,0,unhcr_population,2025-12-31,2026-08-19T14:21:59Z,2026-08-19
RWA,Rwanda,1961,147000,0,0,0,0,0,0,,0,unhcr_population,2025-12-31,2026-08-19T14:21:59Z,2026-08-19
RWA,Rwanda,1962,147000,0,0,0,0,0,0,,0,unhcr_population,2025-12-31,2026-08-19T14:21:59Z,2026-08-19
RWA,Rwanda,1963,154000,0,0,0,0,0,0,,0,unhcr_population,2025-12-31,2026-08-19T14:21:59Z,2026-08-19
RWA,Rwanda,1964,166300,0,0,0,0,0,0,,0,unhcr_population,2025-12-31,2026-08-19T14:21:59Z,2026-08-19
RWA,Rwanda,1965,155900,0,0,0,0,6800,0,,0,unhcr_population,2025-12-31,2026-08-19T14:21:59Z,2026-08-19
RWA,Rwanda,1966,159600,0,0,0,0,700,0,,0,unhcr_population,2025-12-31,2026-08-19T14:21:59Z,2026-08-19
RWA,Rwanda,1967,160230,0,0,0,0,0,0,,0,unhcr_population,2025-12-31,2026-08-19T14:21:59Z,2026-08-19
RWA,Rwanda,1968,160100,0,0,0,0,0,0,,0,unhcr_population,2025-12-31,2026-08-19T14:21:59Z,2026-08-19
RWA,Rwanda,1969,144930,0,0,0,0,16750,0,,0,unhcr_population,2025-12-31,2026-08-19T14:21:59Z,2026-08-19
RWA,Rwanda,1970,142050,0,0,0,0,4260,0,,0,unhcr_population,2025-12-31,2026-08-19T14:21:59Z,2026-08-19
RWA,Rwanda,1971,141630,0,0,0,0,340,0,,0,unhcr_population,2025-12-31,2026-08-19T14:21:59Z,2026-08-19
RWA,Rwanda,1972,153650,0,0,0,0,340,0,,0,unhcr_population,2025-12-31,2026-08-19T14:21:59Z,2026-08-19
RWA,Rwanda,1973,163595,0,0,0,0,600,0,,0,unhcr_population,2025-12-31,2026-08-19T14:21:59Z,2026-08-19
RWA,Rwanda,1974,178260,0,0,0,0,330,0,,0,unhcr_population,2025-12-31,2026-08-19T14:21:59Z,2026-08-19
RWA,Rwanda,1975,175720,0,0,0,0,50,0,,0,unhcr_population,2025-12-31,2026-08-19T14:21:59Z,2026-08-19
RWA,Rwanda,1976,176410,0,0,0,0,430,0,,0,unhcr_population,2025-12-31,2026-08-19T14:21:59Z,2026-08-19
RWA,Rwanda,1977,169780,0,0,0,0,0,0,,0,unhcr_population,2025-12-31,2026-08-19T14:21:59Z,2026-08-19
RWA,Rwanda,1978,175110,0,0,0,0,0,0,,0,unhcr_population,2025-12-31,2026-08-19T14:21:59Z,2026-08-19
RWA,Rwanda,1979,176540,0,0,0,0,0,0,,0,unhcr_population,2025-12-31,2026-08-19T14:21:59Z,2026-08-19
RWA,Rwanda,1980,286650,0,0,0,0,0,0,,0,unhcr_population,2025-12-31,2026-08-19T14:21:59Z,2026-08-19
RWA,Rwanda,1981,277010,0,0,0,0,7210,0,,0,unhcr_population,2025-12-31,2026-08-19T14:21:59Z,2026-08-19
RWA,Rwanda,1982,327950,0,0,0,0,160,0,,0,unhcr_population,2025-12-31,2026-08-19T14:21:59Z,2026-08-19
RWA,Rwanda,1983,321760,0,0,0,0,0,0,,0,unhcr_population,2025-12-31,2026-08-19T14:21:59Z,2026-08-19
RWA,Rwanda,1984,357110,0,0,0,0,0,0,,0,unhcr_population,2025-12-31,2026-08-19T14:21:59Z,2026-08-19
RWA,Rwanda,1985,376520,0,0,0,0,2430,0,,0,unhcr_population,2025-12-31,2026-08-19T14:21:59Z,2026-08-19
RWA,Rwanda,1986,371910,0,0,0,0,0,0,,0,unhcr_population,2025-12-31,2026-08-19T14:21:59Z,2026-08-19
RWA,Rwanda,1987,353440,0,0,0,0,0,0,,0,unhcr_population,2025-12-31,2026-08-19T14:21:59Z,2026-08-19
RWA,Rwanda,1988,327540,0,0,0,0,0,0,,0,unhcr_population,2025-12-31,2026-08-19T14:21:59Z,2026-08-19
RWA,Rwanda,1989,319500,0,0,0,0,0,0,,0,unhcr_population,2025-12-31,2026-08-19T14:21:59Z,2026-08-19
RWA,Rwanda,1990,361317,0,0,0,0,0,0,,0,unhcr_population,2025-12-31,2026-08-19T14:21:59Z,2026-08-19
RWA,Rwanda,1991,431239,0,0,0,0,0,0,,0,unhcr_population,2025-12-31,2026-08-19T14:21:59Z,2026-08-19
RWA,Rwanda,1992,434731,0,0,0,0,140,0,,0,unhcr_population,2025-12-31,2026-08-19T14:21:59Z,2026-08-19
RWA,Rwanda,1993,450459,0,0,0,0,305,0,,0,unhcr_population,2025-12-31,2026-08-19T14:21:59Z,2026-08-19
RWA,Rwanda,1994,2257570,0,300000,0,0,1208005,0,,0,unhcr_population,2025-12-31,2026-08-19T14:21:59Z,2026-08-19
RWA,Rwanda,1995,1819367,0,0,0,0,240688,0,,0,unhcr_population,2025-12-31,2026-08-19T14:21:59Z,2026-08-19
RWA,Rwanda,1996,469132,0,0,0,0,1410774,0,,0,unhcr_population,2025-12-31,2026-08-19T14:21:59Z,2026-08-19
RWA,Rwanda,1997,67996,0,21877,0,0,220454,0,,0,unhcr_population,2025-12-31,2026-08-19T14:21:59Z,2026-08-19
RWA,Rwanda,1998,77738,0,625000,0,3003,10935,1100,,0,unhcr_population,2025-12-31,2026-08-19T14:21:59Z,2026-08-19
RWA,Rwanda,1999,88934,0,0,0,2994,38421,625000,,0,unhcr_population,2025-12-31,2026-08-19T14:21:59Z,2026-08-19
RWA,Rwanda,2000,119051,24806,0,0,0,26258,0,,0,unhcr_population,2025-12-31,2026-08-19T14:21:59Z,2026-08-19
RWA,Rwanda,2001,84508,25910,0,0,0,21655,0,,0,unhcr_population,2025-12-31,2026-08-19T14:21:59Z,2026-08-19
RWA,Rwanda,2002,75251,11037,0,0,0,38644,0,,0,unhcr_population,2025-12-31,2026-08-19T14:21:59Z,2026-08-19
RWA,Rwanda,2003,75258,10143,0,0,0,23290,0,,0,unhcr_population,2025-12-31,2026-08-19T14:21:59Z,2026-08-19
RWA,Rwanda,2004,63792,5354,0,0,0,14016,0,,0,unhcr_population,2025-12-31,2026-08-19T14:21:59Z,2026-08-19
RWA,Rwanda,2005,100252,15857,0,0,0,9856,0,,0,unhcr_population,2025-12-31,2026-08-19T14:21:59Z,2026-08-19
RWA,Rwanda,2006,92956,8614,0,0,0,5973,0,,0,unhcr_population,2025-12-31,2026-08-19T14:21:59Z,2026-08-19
RWA,Rwanda,2007,80955,8233,0,0,0,9502,0,,0,unhcr_population,2025-12-31,2026-08-19T14:21:59Z,2026-08-19
RWA,Rwanda,2008,72529,6083,0,0,5,11783,0,,0,unhcr_population,2025-12-31,2026-08-19T14:21:59Z,2026-08-19
RWA,Rwanda,2009,129108,4792,0,0,0,20595,0,,0,unhcr_population,2025-12-31,2026-08-19T14:21:59Z,2026-08-19
RWA,Rwanda,2010,115519,10302,0,0,0,10900,0,,0,unhcr_population,2025-12-31,2026-08-19T14:21:59Z,2026-08-19
RWA,Rwanda,2011,106832,9255,0,0,0,8527,0,,0,unhcr_population,2025-12-31,2026-08-19T14:21:59Z,2026-08-19
RWA,Rwanda,2012,97357,10283,0,0,89,11246,0,,0,unhcr_population,2025-12-31,2026-08-19T14:21:59Z,2026-08-19
RWA,Rwanda,2013,83943,8483,0,0,3992,7796,0,,0,unhcr_population,2025-12-31,2026-08-19T14:21:59Z,2026-08-19
RWA,Rwanda,2014,79396,10000,0,0,4864,5785,0,,0,unhcr_population,2025-12-31,2026-08-19T14:21:59Z,2026-08-19
RWA,Rwanda,2015,286357,10948,0,0,5801,5050,0,,0,unhcr_population,2025-12-31,2026-08-19T14:21:59Z,2026-08-19
RWA,Rwanda,2016,286063,11690,0,0,6005,6107,0,,0,unhcr_population,2025-12-31,2026-08-19T14:21:59Z,2026-08-19
RWA,Rwanda,2017,258986,12801,0,0,6677,18109,0,,0,unhcr_population,2025-12-31,2026-08-19T14:21:59Z,2026-08-19
RWA,Rwanda,2018,247469,13772,0,0,14998,3074,0,,0,unhcr_population,2025-12-31,2026-08-19T14:21:59Z,2026-08-19
RWA,Rwanda,2019,246407,15726,0,0,15566,2146,0,,0,unhcr_population,2025-12-31,2026-08-19T14:21:59Z,2026-08-19
RWA,Rwanda,2020,245781,16648,0,0,15611,936,0,,8165,unhcr_population,2025-12-31,2026-08-19T14:21:59Z,2026-08-19
RWA,Rwanda,2021,248219,23523,0,0,13564,1999,0,,8165,unhcr_population,2025-12-31,2026-08-19T14:21:59Z,2026-08-19
RWA,Rwanda,2022,249753,17886,0,0,12426,2547,0,,11972,unhcr_population,2025-12-31,2026-08-19T14:21:59Z,2026-08-19
RWA,Rwanda,2023,249955,18297,0,0,12356,1961,0,,12139,unhcr_population,2025-12-31,2026-08-19T14:21:59Z,2026-08-19
RWA,Rwanda,2024,249096,21270,0,0,12624,1524,0,,12134,unhcr_population,2025-12-31,2026-08-19T14:21:59Z,2026-08-19
RWA,Rwanda,2025,244415,20214,0,0,12684,7212,0,,12197,unhcr_population,2025-12-31,2026-08-19T14:21:59Z,2026-08-19
SAU,Saudi Arabia,1993,5,0,0,0,0,0,0,,0,unhcr_population,2025-12-31,2026-08-19T14:21:59Z,2026-08-19
SAU,Saudi Arabia,1994,180,0,0,0,0,0,0,,0,unhcr_population,2025-12-31,2026-08-19T14:21:59Z,2026-08-19
SAU,Saudi Arabia,1995,261,0,0,0,0,0,0,,0,unhcr_population,2025-12-31,2026-08-19T14:21:59Z,2026-08-19
SAU,Saudi Arabia,1996,244,0,0,0,0,0,0,,0,unhcr_population,2025-12-31,2026-08-19T14:21:59Z,2026-08-19
SAU,Saudi Arabia,1997,358,0,0,0,0,0,0,,0,unhcr_population,2025-12-31,2026-08-19T14:21:59Z,2026-08-19
SAU,Saudi Arabia,1998,362,0,0,0,0,0,0,,0,unhcr_population,2025-12-31,2026-08-19T14:21:59Z,2026-08-19
SAU,Saudi Arabia,1999,233,0,0,0,0,0,0,,0,unhcr_population,2025-12-31,2026-08-19T14:21:59Z,2026-08-19
SAU,Saudi Arabia,2000,77,41,0,0,0,0,0,,0,unhcr_population,2025-12-31,2026-08-19T14:21:59Z,2026-08-19
SAU,Saudi Arabia,2001,29,147,0,0,0,0,0,,0,unhcr_population,2025-12-31,2026-08-19T14:21:59Z,2026-08-19
SAU,Saudi Arabia,2002,104,105,0,0,0,0,0,,0,unhcr_population,2025-12-31,2026-08-19T14:21:59Z,2026-08-19
SAU,Saudi Arabia,2003,232,99,0,0,0,0,0,,0,unhcr_population,2025-12-31,2026-08-19T14:21:59Z,2026-08-19
SAU,Saudi Arabia,2004,212,83,0,0,0,0,0,,0,unhcr_population,2025-12-31,2026-08-19T14:21:59Z,2026-08-19
SAU,Saudi Arabia,2005,146,65,0,0,0,0,0,,0,unhcr_population,2025-12-31,2026-08-19T14:21:59Z,2026-08-19
SAU,Saudi Arabia,2006,609,42,0,0,0,0,0,,0,unhcr_population,2025-12-31,2026-08-19T14:21:59Z,2026-08-19
SAU,Saudi Arabia,2007,737,30,0,0,0,0,0,,0,unhcr_population,2025-12-31,2026-08-19T14:21:59Z,2026-08-19
SAU,Saudi Arabia,2008,700,33,0,0,0,0,0,,0,unhcr_population,2025-12-31,2026-08-19T14:21:59Z,2026-08-19
SAU,Saudi Arabia,2009,629,43,0,0,0,0,0,,0,unhcr_population,2025-12-31,2026-08-19T14:21:59Z,2026-08-19
SAU,Saudi Arabia,2010,659,75,0,0,0,0,0,,0,unhcr_population,2025-12-31,2026-08-19T14:21:59Z,2026-08-19
SAU,Saudi Arabia,2011,733,103,0,0,0,0,0,,0,unhcr_population,2025-12-31,2026-08-19T14:21:59Z,2026-08-19
SAU,Saudi Arabia,2012,811,141,0,0,0,0,0,,0,unhcr_population,2025-12-31,2026-08-19T14:21:59Z,2026-08-19
SAU,Saudi Arabia,2013,575,192,0,0,10,0,0,,0,unhcr_population,2025-12-31,2026-08-19T14:21:59Z,2026-08-19
SAU,Saudi Arabia,2014,616,380,0,0,12,0,0,,0,unhcr_population,2025-12-31,2026-08-19T14:21:59Z,2026-08-19
SAU,Saudi Arabia,2015,686,561,0,0,10,0,0,,0,unhcr_population,2025-12-31,2026-08-19T14:21:59Z,2026-08-19
SAU,Saudi Arabia,2016,937,987,0,0,9,0,0,,0,unhcr_population,2025-12-31,2026-08-19T14:21:59Z,2026-08-19
SAU,Saudi Arabia,2017,1219,1247,0,0,9,0,0,,0,unhcr_population,2025-12-31,2026-08-19T14:21:59Z,2026-08-19
SAU,Saudi Arabia,2018,1492,1436,0,0,10,0,0,,0,unhcr_population,2025-12-31,2026-08-19T14:21:59Z,2026-08-19
SAU,Saudi Arabia,2019,1721,1410,0,0,26,0,0,,0,unhcr_population,2025-12-31,2026-08-19T14:21:59Z,2026-08-19
SAU,Saudi Arabia,2020,2003,1249,0,0,26,0,0,,0,unhcr_population,2025-12-31,2026-08-19T14:21:59Z,2026-08-19
SAU,Saudi Arabia,2021,2167,1541,0,0,32,0,0,,0,unhcr_population,2025-12-31,2026-08-19T14:21:59Z,2026-08-19
SAU,Saudi Arabia,2022,1942,2537,0,0,31,0,0,,0,unhcr_population,2025-12-31,2026-08-19T14:21:59Z,2026-08-19
SAU,Saudi Arabia,2023,2090,1640,0,0,27,0,0,,0,unhcr_population,2025-12-31,2026-08-19T14:21:59Z,2026-08-19
SAU,Saudi Arabia,2024,2332,1539,0,0,20,0,0,,0,unhcr_population,2025-12-31,2026-08-19T14:21:59Z,2026-08-19
SAU,Saudi Arabia,2025,2368,385,0,0,16,0,0,,0,unhcr_population,2025-12-31,2026-08-19T14:21:59Z,2026-08-19
SDN,Sudan,1963,13000,0,0,0,0,0,0,,0,unhcr_population,2025-12-31,2026-08-19T14:21:59Z,2026-08-19
SDN,Sudan,1964,20300,0,0,0,0,0,0,,0,unhcr_population,2025-12-31,2026-08-19T14:21:59Z,2026-08-19
SDN,Sudan,1965,81560,0,0,0,0,0,0,,0,unhcr_population,2025-12-31,2026-08-19T14:21:59Z,2026-08-19
SDN,Sudan,1966,115000,0,0,0,0,1000,0,,0,unhcr_population,2025-12-31,2026-08-19T14:21:59Z,2026-08-19
SDN,Sudan,1967,120990,0,0,0,0,0,0,,0,unhcr_population,2025-12-31,2026-08-19T14:21:59Z,2026-08-19
SDN,Sudan,1968,175500,0,0,0,0,2000,0,,0,unhcr_population,2025-12-31,2026-08-19T14:21:59Z,2026-08-19
SDN,Sudan,1969,170400,0,0,0,0,600,0,,0,unhcr_population,2025-12-31,2026-08-19T14:21:59Z,2026-08-19
SDN,Sudan,1970,172960,0,0,0,0,300,0,,0,unhcr_population,2025-12-31,2026-08-19T14:21:59Z,2026-08-19
SDN,Sudan,1971,171330,0,0,0,0,2940,0,,0,unhcr_population,2025-12-31,2026-08-19T14:21:59Z,2026-08-19
SDN,Sudan,1972,128450,0,0,0,0,84930,0,,0,unhcr_population,2025-12-31,2026-08-19T14:21:59Z,2026-08-19
SDN,Sudan,1973,13050,0,0,0,0,119880,0,,0,unhcr_population,2025-12-31,2026-08-19T14:21:59Z,2026-08-19
SDN,Sudan,1974,11770,0,0,0,0,380,0,,0,unhcr_population,2025-12-31,2026-08-19T14:21:59Z,2026-08-19
SDN,Sudan,1975,11000,0,0,0,0,0,0,,0,unhcr_population,2025-12-31,2026-08-19T14:21:59Z,2026-08-19
SDN,Sudan,1976,10600,0,0,0,0,0,0,,0,unhcr_population,2025-12-31,2026-08-19T14:21:59Z,2026-08-19
SDN,Sudan,1977,10850,0,0,0,0,0,0,,0,unhcr_population,2025-12-31,2026-08-19T14:21:59Z,2026-08-19
SDN,Sudan,1978,10850,0,0,0,0,0,0,,0,unhcr_population,2025-12-31,2026-08-19T14:21:59Z,2026-08-19
SDN,Sudan,1979,10850,0,0,0,0,0,0,,0,unhcr_population,2025-12-31,2026-08-19T14:21:59Z,2026-08-19
SDN,Sudan,1980,10850,0,0,0,0,0,0,,0,unhcr_population,2025-12-31,2026-08-19T14:21:59Z,2026-08-19
SDN,Sudan,1981,5350,0,0,0,0,130,0,,0,unhcr_population,2025-12-31,2026-08-19T14:21:59Z,2026-08-19
SDN,Sudan,1982,5350,0,0,0,0,0,0,,0,unhcr_population,2025-12-31,2026-08-19T14:21:59Z,2026-08-19
SDN,Sudan,1983,31000,0,0,0,0,0,0,,0,unhcr_population,2025-12-31,2026-08-19T14:21:59Z,2026-08-19
SDN,Sudan,1984,180060,0,0,0,0,0,0,,0,unhcr_population,2025-12-31,2026-08-19T14:21:59Z,2026-08-19
SDN,Sudan,1985,180855,0,0,0,0,400,0,,0,unhcr_population,2025-12-31,2026-08-19T14:21:59Z,2026-08-19
SDN,Sudan,1986,132759,0,0,0,0,0,0,,0,unhcr_population,2025-12-31,2026-08-19T14:21:59Z,2026-08-19
SDN,Sudan,1987,253166,0,0,0,0,50,0,,0,unhcr_population,2025-12-31,2026-08-19T14:21:59Z,2026-08-19
SDN,Sudan,1988,347309,0,0,0,0,1320,0,,0,unhcr_population,2025-12-31,2026-08-19T14:21:59Z,2026-08-19
SDN,Sudan,1989,438899,0,0,0,0,0,0,,0,unhcr_population,2025-12-31,2026-08-19T14:21:59Z,2026-08-19
SDN,Sudan,1990,523996,0,0,0,0,18440,0,,0,unhcr_population,2025-12-31,2026-08-19T14:21:59Z,2026-08-19
SDN,Sudan,1991,196242,0,0,0,0,370000,0,,0,unhcr_population,2025-12-31,2026-08-19T14:21:59Z,2026-08-19
SDN,Sudan,1992,267767,0,0,0,0,4130,0,,0,unhcr_population,2025-12-31,2026-08-19T14:21:59Z,2026-08-19
SDN,Sudan,1993,393868,0,0,0,0,7644,0,,0,unhcr_population,2025-12-31,2026-08-19T14:21:59Z,2026-08-19
SDN,Sudan,1994,405129,0,0,0,0,5,0,,0,unhcr_population,2025-12-31,2026-08-19T14:21:59Z,2026-08-19
SDN,Sudan,1995,445277,0,0,0,0,32,0,,0,unhcr_population,2025-12-31,2026-08-19T14:21:59Z,2026-08-19
SDN,Sudan,1996,475302,0,0,0,0,1116,0,,0,unhcr_population,2025-12-31,2026-08-19T14:21:59Z,2026-08-19
SDN,Sudan,1997,364571,0,0,0,6000,63338,0,,0,unhcr_population,2025-12-31,2026-08-19T14:21:59Z,2026-08-19
SDN,Sudan,1998,390001,0,0,0,5005,101,0,,0,unhcr_population,2025-12-31,2026-08-19T14:21:59Z,2026-08-19
SDN,Sudan,1999,485449,0,0,0,3500,170,0,,0,unhcr_population,2025-12-31,2026-08-19T14:21:59Z,2026-08-19
SDN,Sudan,2000,494351,19094,0,0,0,261,0,,0,unhcr_population,2025-12-31,2026-08-19T14:21:59Z,2026-08-19
SDN,Sudan,2001,489931,19824,0,0,0,5178,0,,0,unhcr_population,2025-12-31,2026-08-19T14:21:59Z,2026-08-19
SDN,Sudan,2002,508863,13999,0,0,0,385,0,,0,unhcr_population,2025-12-31,2026-08-19T14:21:59Z,2026-08-19
SDN,Sudan,2003,606230,6675,0,0,0,124,0,,0,unhcr_population,2025-12-31,2026-08-19T14:21:59Z,2026-08-19
SDN,Sudan,2004,730631,11950,662302,0,0,287,0,,0,unhcr_population,2025-12-31,2026-08-19T14:21:59Z,2026-08-19
SDN,Sudan,2005,693621,13461,841946,0,0,18521,0,,0,unhcr_population,2025-12-31,2026-08-19T14:21:59Z,2026-08-19
SDN,Sudan,2006,686296,16629,1325235,0,0,42253,11955,,0,unhcr_population,2025-12-31,2026-08-19T14:21:59Z,2026-08-19
SDN,Sudan,2007,523029,19406,1250000,0,0,130682,84834,,0,unhcr_population,2025-12-31,2026-08-19T14:21:59Z,2026-08-19
SDN,Sudan,2008,419249,18073,1201040,0,450,90084,21081,,0,unhcr_population,2025-12-31,2026-08-19T14:21:59Z,2026-08-19
SDN,Sudan,2009,368178,16901,1034140,0,0,33135,166900,,0,unhcr_population,2025-12-31,2026-08-19T14:21:59Z,2026-08-19
SDN,Sudan,2010,387265,23699,1624100,0,0,7064,143000,,0,unhcr_population,2025-12-31,2026-08-19T14:21:59Z,2026-08-19
SDN,Sudan,2011,500004,31447,2422520,0,0,50070,279325,,0,unhcr_population,2025-12-31,2026-08-19T14:21:59Z,2026-08-19
SDN,Sudan,2012,568934,21521,1873300,0,0,19488,91554,,0,unhcr_population,2025-12-31,2026-08-19T14:21:59Z,2026-08-19
SDN,Sudan,2013,648936,28378,1873300,0,0,16949,19471,,0,unhcr_population,2025-12-31,2026-08-19T14:21:59Z,2026-08-19
SDN,Sudan,2014,665956,36027,2192830,0,5,13140,1695,,0,unhcr_population,2025-12-31,2026-08-19T14:21:59Z,2026-08-19
SDN,Sudan,2015,627080,42909,3218234,0,20,39491,152663,,0,unhcr_population,2025-12-31,2026-08-19T14:21:59Z,2026-08-19
SDN,Sudan,2016,650391,50469,2225557,0,125,37215,0,,0,unhcr_population,2025-12-31,2026-08-19T14:21:59Z,2026-08-19
SDN,Sudan,2017,694556,52191,1997022,0,19,11675,386243,,0,unhcr_population,2025-12-31,2026-08-19T14:21:59Z,2026-08-19
SDN,Sudan,2018,724787,67433,1864195,0,0,1804,0,,0,unhcr_population,2025-12-31,2026-08-19T14:21:59Z,2026-08-19
SDN,Sudan,2019,734780,72017,1885782,0,7,2191,0,,0,unhcr_population,2025-12-31,2026-08-19T14:21:59Z,2026-08-19
SDN,Sudan,2020,787823,70049,2552174,0,158,30,0,,0,unhcr_population,2025-12-31,2026-08-19T14:21:59Z,2026-08-19
SDN,Sudan,2021,825290,75164,3036590,0,301,33,0,,0,unhcr_population,2025-12-31,2026-08-19T14:21:59Z,2026-08-19
SDN,Sudan,2022,837188,86838,3552717,0,2076,12313,0,,0,unhcr_population,2025-12-31,2026-08-19T14:21:59Z,2026-08-19
SDN,Sudan,2023,1496923,253902,9052822,0,1981,17238,0,,21661,unhcr_population,2025-12-31,2026-08-19T14:21:59Z,2026-08-19
SDN,Sudan,2024,2094373,682535,11559970,0,1782,6472,0,,32823,unhcr_population,2025-12-31,2026-08-19T14:21:59Z,2026-08-19
SDN,Sudan,2025,2820737,940297,9139309,0,2715,651456,2913113,,91287,unhcr_population,2025-12-31,2026-08-19T14:21:59Z,2026-08-19
SEN,Senegal,1988,5,0,0,0,0,0,0,,0,unhcr_population,2025-12-31,2026-08-19T14:21:59Z,2026-08-19
SEN,Senegal,1989,15006,0,0,0,0,0,0,,0,unhcr_population,2025-12-31,2026-08-19T14:21:59Z,2026-08-19
SEN,Senegal,1990,60006,0,0,0,0,0,0,,0,unhcr_population,2025-12-31,2026-08-19T14:21:59Z,2026-08-19
SEN,Senegal,1991,25137,0,0,0,0,0,0,,0,unhcr_population,2025-12-31,2026-08-19T14:21:59Z,2026-08-19
SEN,Senegal,1992,15463,0,0,0,0,710,0,,0,unhcr_population,2025-12-31,2026-08-19T14:21:59Z,2026-08-19
SEN,Senegal,1993,22594,0,0,0,0,1098,0,,0,unhcr_population,2025-12-31,2026-08-19T14:21:59Z,2026-08-19
SEN,Senegal,1994,25619,0,0,0,0,0,0,,0,unhcr_population,2025-12-31,2026-08-19T14:21:59Z,2026-08-19
SEN,Senegal,1995,17587,0,0,0,0,0,0,,0,unhcr_population,2025-12-31,2026-08-19T14:21:59Z,2026-08-19
SEN,Senegal,1996,17630,0,0,0,0,0,0,,0,unhcr_population,2025-12-31,2026-08-19T14:21:59Z,2026-08-19
SEN,Senegal,1997,17163,0,0,0,0,0,0,,0,unhcr_population,2025-12-31,2026-08-19T14:21:59Z,2026-08-19
SEN,Senegal,1998,9712,0,0,0,0,0,0,,0,unhcr_population,2025-12-31,2026-08-19T14:21:59Z,2026-08-19
SEN,Senegal,1999,11598,0,0,0,0,425,0,,0,unhcr_population,2025-12-31,2026-08-19T14:21:59Z,2026-08-19
SEN,Senegal,2000,11077,914,0,0,0,22,0,,0,unhcr_population,2025-12-31,2026-08-19T14:21:59Z,2026-08-19
SEN,Senegal,2001,8554,1232,0,0,0,2457,0,,0,unhcr_population,2025-12-31,2026-08-19T14:21:59Z,2026-08-19
SEN,Senegal,2002,12069,781,0,0,0,15,0,,0,unhcr_population,2025-12-31,2026-08-19T14:21:59Z,2026-08-19
SEN,Senegal,2003,8347,831,0,0,0,7,0,,0,unhcr_population,2025-12-31,2026-08-19T14:21:59Z,2026-08-19
SEN,Senegal,2004,8325,1544,0,0,0,0,0,,0,unhcr_population,2025-12-31,2026-08-19T14:21:59Z,2026-08-19
SEN,Senegal,2005,8662,1833,0,0,0,0,0,,0,unhcr_population,2025-12-31,2026-08-19T14:21:59Z,2026-08-19
SEN,Senegal,2006,15150,1229,0,0,0,0,0,,0,unhcr_population,2025-12-31,2026-08-19T14:21:59Z,2026-08-19
SEN,Senegal,2007,15886,888,0,0,0,0,0,,0,unhcr_population,2025-12-31,2026-08-19T14:21:59Z,2026-08-19
SEN,Senegal,2008,16007,805,0,0,0,0,0,,0,unhcr_population,2025-12-31,2026-08-19T14:21:59Z,2026-08-19
SEN,Senegal,2009,16306,616,0,0,0,0,0,,0,unhcr_population,2025-12-31,2026-08-19T14:21:59Z,2026-08-19
SEN,Senegal,2010,16255,1522,0,0,0,0,0,,0,unhcr_population,2025-12-31,2026-08-19T14:21:59Z,2026-08-19
SEN,Senegal,2011,17710,926,0,0,0,0,0,,0,unhcr_population,2025-12-31,2026-08-19T14:21:59Z,2026-08-19
SEN,Senegal,2012,18717,2648,0,0,0,0,0,,0,unhcr_population,2025-12-31,2026-08-19T14:21:59Z,2026-08-19
SEN,Senegal,2013,19815,4680,0,0,0,0,0,,0,unhcr_population,2025-12-31,2026-08-19T14:21:59Z,2026-08-19
SEN,Senegal,2014,23110,8717,0,0,0,0,0,,0,unhcr_population,2025-12-31,2026-08-19T14:21:59Z,2026-08-19
SEN,Senegal,2015,21267,14301,0,0,0,0,0,,0,unhcr_population,2025-12-31,2026-08-19T14:21:59Z,2026-08-19
SEN,Senegal,2016,23054,16301,0,0,0,0,0,,0,unhcr_population,2025-12-31,2026-08-19T14:21:59Z,2026-08-19
SEN,Senegal,2017,26584,25181,0,0,0,0,0,,0,unhcr_population,2025-12-31,2026-08-19T14:21:59Z,2026-08-19
SEN,Senegal,2018,18208,17409,0,0,0,0,0,,0,unhcr_population,2025-12-31,2026-08-19T14:21:59Z,2026-08-19
SEN,Senegal,2019,17208,15331,0,0,0,0,0,,0,unhcr_population,2025-12-31,2026-08-19T14:21:59Z,2026-08-19
SEN,Senegal,2020,13986,15786,0,0,0,0,0,,0,unhcr_population,2025-12-31,2026-08-19T14:21:59Z,2026-08-19
SEN,Senegal,2021,15129,17466,0,0,0,0,0,,0,unhcr_population,2025-12-31,2026-08-19T14:21:59Z,2026-08-19
SEN,Senegal,2022,13108,17358,0,0,0,0,0,,0,unhcr_population,2025-12-31,2026-08-19T14:21:59Z,2026-08-19
SEN,Senegal,2023,11924,18780,0,0,0,0,0,,0,unhcr_population,2025-12-31,2026-08-19T14:21:59Z,2026-08-19
SEN,Senegal,2024,12947,39749,0,0,0,5,0,,0,unhcr_population,2025-12-31,2026-08-19T14:21:59Z,2026-08-19
SEN,Senegal,2025,13028,38978,0,0,66,0,0,,0,unhcr_population,2025-12-31,2026-08-19T14:21:59Z,2026-08-19
SGP,Singapore,1988,8,0,0,0,0,0,0,,0,unhcr_population,2025-12-31,2026-08-19T14:21:59Z,2026-08-19
SGP,Singapore,1989,5,0,0,0,0,0,0,,0,unhcr_population,2025-12-31,2026-08-19T14:21:59Z,2026-08-19
SGP,Singapore,1994,8,0,0,0,0,0,0,,0,unhcr_population,2025-12-31,2026-08-19T14:21:59Z,2026-08-19
SGP,Singapore,1995,8,0,0,0,0,0,0,,0,unhcr_population,2025-12-31,2026-08-19T14:21:59Z,2026-08-19
SGP,Singapore,1996,18,0,0,0,0,0,0,,0,unhcr_population,2025-12-31,2026-08-19T14:21:59Z,2026-08-19
SGP,Singapore,1997,20,0,0,0,0,0,0,,0,unhcr_population,2025-12-31,2026-08-19T14:21:59Z,2026-08-19
SGP,Singapore,1998,21,0,0,0,0,0,0,,0,unhcr_population,2025-12-31,2026-08-19T14:21:59Z,2026-08-19
SGP,Singapore,1999,24,0,0,0,0,0,0,,0,unhcr_population,2025-12-31,2026-08-19T14:21:59Z,2026-08-19
SGP,Singapore,2000,21,17,0,0,0,0,0,,0,unhcr_population,2025-12-31,2026-08-19T14:21:59Z,2026-08-19
SGP,Singapore,2001,15,19,0,0,0,0,0,,0,unhcr_population,2025-12-31,2026-08-19T14:21:59Z,2026-08-19
SGP,Singapore,2002,40,20,0,0,0,0,0,,0,unhcr_population,2025-12-31,2026-08-19T14:21:59Z,2026-08-19
SGP,Singapore,2003,35,20,0,0,0,0,0,,0,unhcr_population,2025-12-31,2026-08-19T14:21:59Z,2026-08-19
SGP,Singapore,2004,36,15,0,0,0,0,0,,0,unhcr_population,2025-12-31,2026-08-19T14:21:59Z,2026-08-19
SGP,Singapore,2005,35,22,0,0,0,0,0,,0,unhcr_population,2025-12-31,2026-08-19T14:21:59Z,2026-08-19
SGP,Singapore,2006,108,11,0,0,0,0,0,,0,unhcr_population,2025-12-31,2026-08-19T14:21:59Z,2026-08-19
SGP,Singapore,2007,117,14,0,0,0,0,0,,0,unhcr_population,2025-12-31,2026-08-19T14:21:59Z,2026-08-19
SGP,Singapore,2008,106,13,0,0,0,0,0,,0,unhcr_population,2025-12-31,2026-08-19T14:21:59Z,2026-08-19
SGP,Singapore,2009,77,12,0,0,0,0,0,,0,unhcr_population,2025-12-31,2026-08-19T14:21:59Z,2026-08-19
SGP,Singapore,2010,74,10,0,0,0,0,0,,0,unhcr_population,2025-12-31,2026-08-19T14:21:59Z,2026-08-19
SGP,Singapore,2011,65,18,0,0,0,0,0,,0,unhcr_population,2025-12-31,2026-08-19T14:21:59Z,2026-08-19
SGP,Singapore,2012,64,25,0,0,0,0,0,,0,unhcr_population,2025-12-31,2026-08-19T14:21:59Z,2026-08-19
SGP,Singapore,2013,61,30,0,0,0,0,0,,0,unhcr_population,2025-12-31,2026-08-19T14:21:59Z,2026-08-19
SGP,Singapore,2014,55,31,0,0,0,0,0,,0,unhcr_population,2025-12-31,2026-08-19T14:21:59Z,2026-08-19
SGP,Singapore,2015,50,45,0,0,0,0,0,,0,unhcr_population,2025-12-31,2026-08-19T14:21:59Z,2026-08-19
SGP,Singapore,2016,38,47,0,0,0,0,0,,0,unhcr_population,2025-12-31,2026-08-19T14:21:59Z,2026-08-19
SGP,Singapore,2017,48,55,0,0,0,0,0,,0,unhcr_population,2025-12-31,2026-08-19T14:21:59Z,2026-08-19
SGP,Singapore,2018,46,70,0,0,0,0,0,,0,unhcr_population,2025-12-31,2026-08-19T14:21:59Z,2026-08-19
SGP,Singapore,2019,39,88,0,0,0,0,0,,0,unhcr_population,2025-12-31,2026-08-19T14:21:59Z,2026-08-19
SGP,Singapore,2020,37,74,0,0,0,0,0,,0,unhcr_population,2025-12-31,2026-08-19T14:21:59Z,2026-08-19
SGP,Singapore,2021,34,100,0,0,0,0,0,,0,unhcr_population,2025-12-31,2026-08-19T14:21:59Z,2026-08-19
SGP,Singapore,2022,33,117,0,0,0,0,0,,0,unhcr_population,2025-12-31,2026-08-19T14:21:59Z,2026-08-19
SGP,Singapore,2023,37,229,0,0,0,0,0,,0,unhcr_population,2025-12-31,2026-08-19T14:21:59Z,2026-08-19
SGP,Singapore,2024,45,303,0,0,0,0,0,,0,unhcr_population,2025-12-31,2026-08-19T14:21:59Z,2026-08-19
SGP,Singapore,2025,43,212,0,0,0,0,0,,0,unhcr_population,2025-12-31,2026-08-19T14:21:59Z,2026-08-19
SLB,Solomon Islands,1995,34,0,0,0,0,0,0,,0,unhcr_population,2025-12-31,2026-08-19T14:21:59Z,2026-08-19
SLB,Solomon Islands,1996,34,0,0,0,0,0,0,,0,unhcr_population,2025-12-31,2026-08-19T14:21:59Z,2026-08-19
SLB,Solomon Islands,1997,34,0,0,0,0,0,0,,0,unhcr_population,2025-12-31,2026-08-19T14:21:59Z,2026-08-19
SLB,Solomon Islands,1998,34,0,0,0,0,0,0,,0,unhcr_population,2025-12-31,2026-08-19T14:21:59Z,2026-08-19
SLB,Solomon Islands,1999,34,0,0,0,0,0,0,,0,unhcr_population,2025-12-31,2026-08-19T14:21:59Z,2026-08-19
SLB,Solomon Islands,2000,34,23,0,0,0,0,0,,0,unhcr_population,2025-12-31,2026-08-19T14:21:59Z,2026-08-19
SLB,Solomon Islands,2001,42,14,0,0,0,0,0,,0,unhcr_population,2025-12-31,2026-08-19T14:21:59Z,2026-08-19
SLB,Solomon Islands,2002,55,5,0,0,0,0,0,,0,unhcr_population,2025-12-31,2026-08-19T14:21:59Z,2026-08-19
SLB,Solomon Islands,2003,61,15,0,0,0,0,0,,0,unhcr_population,2025-12-31,2026-08-19T14:21:59Z,2026-08-19
SLB,Solomon Islands,2004,61,10,0,0,0,0,0,,0,unhcr_population,2025-12-31,2026-08-19T14:21:59Z,2026-08-19
SLB,Solomon Islands,2005,27,10,0,0,0,0,0,,0,unhcr_population,2025-12-31,2026-08-19T14:21:59Z,2026-08-19
SLB,Solomon Islands,2006,37,26,0,0,0,0,0,,0,unhcr_population,2025-12-31,2026-08-19T14:21:59Z,2026-08-19
SLB,Solomon Islands,2007,47,22,0,0,0,0,0,,0,unhcr_population,2025-12-31,2026-08-19T14:21:59Z,2026-08-19
SLB,Solomon Islands,2008,51,0,0,0,0,0,0,,0,unhcr_population,2025-12-31,2026-08-19T14:21:59Z,2026-08-19
SLB,Solomon Islands,2009,65,0,0,0,0,0,0,,0,unhcr_population,2025-12-31,2026-08-19T14:21:59Z,2026-08-19
SLB,Solomon Islands,2010,75,0,0,0,0,0,0,,0,unhcr_population,2025-12-31,2026-08-19T14:21:59Z,2026-08-19
SLB,Solomon Islands,2011,72,5,0,0,0,0,0,,0,unhcr_population,2025-12-31,2026-08-19T14:21:59Z,2026-08-19
SLB,Solomon Islands,2012,60,5,0,0,0,0,0,,0,unhcr_population,2025-12-31,2026-08-19T14:21:59Z,2026-08-19
SLB,Solomon Islands,2013,60,10,0,0,0,0,0,,0,unhcr_population,2025-12-31,2026-08-19T14:21:59Z,2026-08-19
SLB,Solomon Islands,2014,70,20,0,0,0,0,0,,0,unhcr_population,2025-12-31,2026-08-19T14:21:59Z,2026-08-19
SLB,Solomon Islands,2015,71,37,0,0,0,0,0,,0,unhcr_population,2025-12-31,2026-08-19T14:21:59Z,2026-08-19
SLB,Solomon Islands,2016,71,79,0,0,0,0,0,,0,unhcr_population,2025-12-31,2026-08-19T14:21:59Z,2026-08-19
SLB,Solomon Islands,2017,57,106,0,0,0,0,0,,0,unhcr_population,2025-12-31,2026-08-19T14:21:59Z,2026-08-19
SLB,Solomon Islands,2018,33,145,0,0,0,0,0,,0,unhcr_population,2025-12-31,2026-08-19T14:21:59Z,2026-08-19
SLB,Solomon Islands,2019,34,227,0,0,0,0,0,,0,unhcr_population,2025-12-31,2026-08-19T14:21:59Z,2026-08-19
SLB,Solomon Islands,2020,37,267,0,0,0,0,0,,0,unhcr_population,2025-12-31,2026-08-19T14:21:59Z,2026-08-19
SLB,Solomon Islands,2021,38,314,1000,0,0,0,0,,0,unhcr_population,2025-12-31,2026-08-19T14:21:59Z,2026-08-19
SLB,Solomon Islands,2022,44,560,1000,0,0,0,0,,0,unhcr_population,2025-12-31,2026-08-19T14:21:59Z,2026-08-19
SLB,Solomon Islands,2023,36,520,1000,0,0,0,0,,0,unhcr_population,2025-12-31,2026-08-19T14:21:59Z,2026-08-19
SLB,Solomon Islands,2024,44,835,11,0,0,0,0,,0,unhcr_population,2025-12-31,2026-08-19T14:21:59Z,2026-08-19
SLB,Solomon Islands,2025,73,701,0,0,0,0,0,,0,unhcr_population,2025-12-31,2026-08-19T14:21:59Z,2026-08-19
SLE,Sierra Leone,1988,8,0,0,0,0,0,0,,0,unhcr_population,2025-12-31,2026-08-19T14:21:59Z,2026-08-19
SLE,Sierra Leone,1989,8,0,0,0,0,0,0,,0,unhcr_population,2025-12-31,2026-08-19T14:21:59Z,2026-08-19
SLE,Sierra Leone,1990,8,0,0,0,0,0,0,,0,unhcr_population,2025-12-31,2026-08-19T14:21:59Z,2026-08-19
SLE,Sierra Leone,1991,142614,0,0,0,0,0,0,,0,unhcr_population,2025-12-31,2026-08-19T14:21:59Z,2026-08-19
SLE,Sierra Leone,1992,253591,0,0,0,0,12980,0,,0,unhcr_population,2025-12-31,2026-08-19T14:21:59Z,2026-08-19
SLE,Sierra Leone,1993,311181,0,532000,0,0,2889,0,,0,unhcr_population,2025-12-31,2026-08-19T14:21:59Z,2026-08-19
SLE,Sierra Leone,1994,275298,0,782000,0,0,113,0,,0,unhcr_population,2025-12-31,2026-08-19T14:21:59Z,2026-08-19
SLE,Sierra Leone,1995,379491,0,654600,0,0,0,0,,0,unhcr_population,2025-12-31,2026-08-19T14:21:59Z,2026-08-19
SLE,Sierra Leone,1996,375100,0,654600,0,0,505,0,,0,unhcr_population,2025-12-31,2026-08-19T14:21:59Z,2026-08-19
SLE,Sierra Leone,1997,329322,0,670000,0,0,1800,0,,0,unhcr_population,2025-12-31,2026-08-19T14:21:59Z,2026-08-19
SLE,Sierra Leone,1998,406070,0,670000,0,0,194638,0,,0,unhcr_population,2025-12-31,2026-08-19T14:21:59Z,2026-08-19
SLE,Sierra Leone,1999,490047,0,500000,0,0,3500,0,,0,unhcr_population,2025-12-31,2026-08-19T14:21:59Z,2026-08-19
SLE,Sierra Leone,2000,402798,6862,300000,0,23,40900,200000,,0,unhcr_population,2025-12-31,2026-08-19T14:21:59Z,2026-08-19
SLE,Sierra Leone,2001,179097,9065,0,0,0,92330,0,,0,unhcr_population,2025-12-31,2026-08-19T14:21:59Z,2026-08-19
SLE,Sierra Leone,2002,141473,7465,0,0,0,75972,0,,0,unhcr_population,2025-12-31,2026-08-19T14:21:59Z,2026-08-19
SLE,Sierra Leone,2003,70571,6907,0,0,0,33256,0,,0,unhcr_population,2025-12-31,2026-08-19T14:21:59Z,2026-08-19
SLE,Sierra Leone,2004,41797,8119,0,0,0,26269,0,,0,unhcr_population,2025-12-31,2026-08-19T14:21:59Z,2026-08-19
SLE,Sierra Leone,2005,40473,5925,0,0,0,204,0,,0,unhcr_population,2025-12-31,2026-08-19T14:21:59Z,2026-08-19
SLE,Sierra Leone,2006,42849,5624,0,0,0,132,0,,0,unhcr_population,2025-12-31,2026-08-19T14:21:59Z,2026-08-19
SLE,Sierra Leone,2007,32114,4654,0,0,0,360,0,,0,unhcr_population,2025-12-31,2026-08-19T14:21:59Z,2026-08-19
SLE,Sierra Leone,2008,32517,2615,0,0,0,316,0,,0,unhcr_population,2025-12-31,2026-08-19T14:21:59Z,2026-08-19
SLE,Sierra Leone,2009,15398,2949,0,0,4656,227,0,,0,unhcr_population,2025-12-31,2026-08-19T14:21:59Z,2026-08-19
SLE,Sierra Leone,2010,11261,1407,0,0,1850,0,0,,0,unhcr_population,2025-12-31,2026-08-19T14:21:59Z,2026-08-19
SLE,Sierra Leone,2011,7985,1204,0,0,1850,0,0,,0,unhcr_population,2025-12-31,2026-08-19T14:21:59Z,2026-08-19
SLE,Sierra Leone,2012,6191,2306,0,0,1606,0,0,,0,unhcr_population,2025-12-31,2026-08-19T14:21:59Z,2026-08-19
SLE,Sierra Leone,2013,5305,2394,0,0,1540,0,0,,0,unhcr_population,2025-12-31,2026-08-19T14:21:59Z,2026-08-19
SLE,Sierra Leone,2014,4988,3151,0,0,1479,0,0,,0,unhcr_population,2025-12-31,2026-08-19T14:21:59Z,2026-08-19
SLE,Sierra Leone,2015,4900,3486,0,0,1479,0,0,,0,unhcr_population,2025-12-31,2026-08-19T14:21:59Z,2026-08-19
SLE,Sierra Leone,2016,4678,4674,0,0,1479,5,0,,0,unhcr_population,2025-12-31,2026-08-19T14:21:59Z,2026-08-19
SLE,Sierra Leone,2017,4496,6236,0,0,374,0,0,,0,unhcr_population,2025-12-31,2026-08-19T14:21:59Z,2026-08-19
SLE,Sierra Leone,2018,4846,7422,0,0,0,0,0,,0,unhcr_population,2025-12-31,2026-08-19T14:21:59Z,2026-08-19
SLE,Sierra Leone,2019,5288,7272,0,0,0,0,0,,0,unhcr_population,2025-12-31,2026-08-19T14:21:59Z,2026-08-19
SLE,Sierra Leone,2020,5734,8384,0,0,0,0,0,,0,unhcr_population,2025-12-31,2026-08-19T14:21:59Z,2026-08-19
SLE,Sierra Leone,2021,6615,5685,0,0,5,0,0,,0,unhcr_population,2025-12-31,2026-08-19T14:21:59Z,2026-08-19
SLE,Sierra Leone,2022,6939,6226,0,0,0,5,0,,0,unhcr_population,2025-12-31,2026-08-19T14:21:59Z,2026-08-19
SLE,Sierra Leone,2023,7445,8160,0,0,14,0,0,,0,unhcr_population,2025-12-31,2026-08-19T14:21:59Z,2026-08-19
SLE,Sierra Leone,2024,8042,8893,0,0,0,0,0,,0,unhcr_population,2025-12-31,2026-08-19T14:21:59Z,2026-08-19
SLE,Sierra Leone,2025,8925,8342,0,0,324,5,0,,0,unhcr_population,2025-12-31,2026-08-19T14:21:59Z,2026-08-19
SLV,El Salvador,1980,91630,0,0,0,0,0,0,,0,unhcr_population,2025-12-31,2026-08-19T14:21:59Z,2026-08-19
SLV,El Salvador,1981,304810,0,0,0,0,50,0,,0,unhcr_population,2025-12-31,2026-08-19T14:21:59Z,2026-08-19
SLV,El Salvador,1982,242400,0,0,0,0,320,0,,0,unhcr_population,2025-12-31,2026-08-19T14:21:59Z,2026-08-19
SLV,El Salvador,1983,244600,0,0,0,0,500,0,,0,unhcr_population,2025-12-31,2026-08-19T14:21:59Z,2026-08-19
SLV,El Salvador,1984,243000,0,0,0,0,2410,0,,0,unhcr_population,2025-12-31,2026-08-19T14:21:59Z,2026-08-19
SLV,El Salvador,1985,180605,0,0,0,0,620,0,,0,unhcr_population,2025-12-31,2026-08-19T14:21:59Z,2026-08-19
SLV,El Salvador,1986,171785,0,0,0,0,270,0,,0,unhcr_population,2025-12-31,2026-08-19T14:21:59Z,2026-08-19
SLV,El Salvador,1987,167605,0,0,0,0,5900,0,,0,unhcr_population,2025-12-31,2026-08-19T14:21:59Z,2026-08-19
SLV,El Salvador,1988,166393,0,0,0,0,3480,0,,0,unhcr_population,2025-12-31,2026-08-19T14:21:59Z,2026-08-19
SLV,El Salvador,1989,39582,0,0,0,0,3150,0,,0,unhcr_population,2025-12-31,2026-08-19T14:21:59Z,2026-08-19
SLV,El Salvador,1990,30019,0,0,0,0,8290,0,,0,unhcr_population,2025-12-31,2026-08-19T14:21:59Z,2026-08-19
SLV,El Salvador,1991,33048,0,0,0,0,2550,0,,0,unhcr_population,2025-12-31,2026-08-19T14:21:59Z,2026-08-19
SLV,El Salvador,1992,30854,0,0,0,0,2910,0,,0,unhcr_population,2025-12-31,2026-08-19T14:21:59Z,2026-08-19
SLV,El Salvador,1993,26125,0,0,0,0,646,0,,0,unhcr_population,2025-12-31,2026-08-19T14:21:59Z,2026-08-19
SLV,El Salvador,1994,30736,0,0,0,0,434,0,,0,unhcr_population,2025-12-31,2026-08-19T14:21:59Z,2026-08-19
SLV,El Salvador,1995,23534,0,0,0,0,191,0,,0,unhcr_population,2025-12-31,2026-08-19T14:21:59Z,2026-08-19
SLV,El Salvador,1996,19639,0,0,0,0,1228,0,,0,unhcr_population,2025-12-31,2026-08-19T14:21:59Z,2026-08-19
SLV,El Salvador,1997,17124,0,0,0,0,129,0,,0,unhcr_population,2025-12-31,2026-08-19T14:21:59Z,2026-08-19
SLV,El Salvador,1998,12591,0,0,0,0,74,0,,0,unhcr_population,2025-12-31,2026-08-19T14:21:59Z,2026-08-19
SLV,El Salvador,1999,12408,0,0,0,0,31,0,,0,unhcr_population,2025-12-31,2026-08-19T14:21:59Z,2026-08-19
SLV,El Salvador,2000,7753,176478,0,0,919,5,0,,0,unhcr_population,2025-12-31,2026-08-19T14:21:59Z,2026-08-19
SLV,El Salvador,2001,7147,164987,0,0,0,0,0,,0,unhcr_population,2025-12-31,2026-08-19T14:21:59Z,2026-08-19
SLV,El Salvador,2002,6630,151584,0,0,0,0,0,,0,unhcr_population,2025-12-31,2026-08-19T14:21:59Z,2026-08-19
SLV,El Salvador,2003,5658,128655,0,0,0,12,0,,0,unhcr_population,2025-12-31,2026-08-19T14:21:59Z,2026-08-19
SLV,El Salvador,2004,4497,91767,0,0,0,0,0,,0,unhcr_population,2025-12-31,2026-08-19T14:21:59Z,2026-08-19
SLV,El Salvador,2005,4283,45203,0,0,0,0,0,,0,unhcr_population,2025-12-31,2026-08-19T14:21:59Z,2026-08-19
SLV,El Salvador,2006,6390,28779,0,0,0,0,0,,0,unhcr_population,2025-12-31,2026-08-19T14:21:59Z,2026-08-19
SLV,El Salvador,2007,6026,18609,0,0,0,0,0,,0,unhcr_population,2025-12-31,2026-08-19T14:21:59Z,2026-08-19
SLV,El Salvador,2008,5154,11152,0,0,0,0,0,,0,unhcr_population,2025-12-31,2026-08-19T14:21:59Z,2026-08-19
SLV,El Salvador,2009,5053,9744,0,0,0,0,0,,0,unhcr_population,2025-12-31,2026-08-19T14:21:59Z,2026-08-19
SLV,El Salvador,2010,4978,1543,0,0,0,0,0,,0,unhcr_population,2025-12-31,2026-08-19T14:21:59Z,2026-08-19
SLV,El Salvador,2011,6725,1633,0,0,0,0,0,,0,unhcr_population,2025-12-31,2026-08-19T14:21:59Z,2026-08-19
SLV,El Salvador,2012,8173,1646,0,0,0,0,0,,0,unhcr_population,2025-12-31,2026-08-19T14:21:59Z,2026-08-19
SLV,El Salvador,2013,9634,11260,0,0,0,0,0,,0,unhcr_population,2025-12-31,2026-08-19T14:21:59Z,2026-08-19
SLV,El Salvador,2014,10968,18035,0,0,0,5,0,,0,unhcr_population,2025-12-31,2026-08-19T14:21:59Z,2026-08-19
SLV,El Salvador,2015,14778,31450,0,0,10100,0,0,,0,unhcr_population,2025-12-31,2026-08-19T14:21:59Z,2026-08-19
SLV,El Salvador,2016,19617,62163,0,0,9800,0,0,,0,unhcr_population,2025-12-31,2026-08-19T14:21:59Z,2026-08-19
SLV,El Salvador,2017,25876,104901,71500,0,4200,0,0,,0,unhcr_population,2025-12-31,2026-08-19T14:21:59Z,2026-08-19
SLV,El Salvador,2018,32562,119271,71501,0,27285,0,0,,0,unhcr_population,2025-12-31,2026-08-19T14:21:59Z,2026-08-19
SLV,El Salvador,2019,41816,136277,71500,0,33192,0,0,,0,unhcr_population,2025-12-31,2026-08-19T14:21:59Z,2026-08-19
SLV,El Salvador,2020,45640,149542,71500,0,20226,0,0,,0,unhcr_population,2025-12-31,2026-08-19T14:21:59Z,2026-08-19
SLV,El Salvador,2021,52041,153246,71500,0,55583,0,0,,391,unhcr_population,2025-12-31,2026-08-19T14:21:59Z,2026-08-19
SLV,El Salvador,2022,58621,148758,71500,0,53504,0,0,,85061,unhcr_population,2025-12-31,2026-08-19T14:21:59Z,2026-08-19
SLV,El Salvador,2023,68633,133042,71500,0,132289,0,0,,346175,unhcr_population,2025-12-31,2026-08-19T14:21:59Z,2026-08-19
SLV,El Salvador,2024,71765,136774,71500,0,121375,10,0,,255433,unhcr_population,2025-12-31,2026-08-19T14:21:59Z,2026-08-19
SLV,El Salvador,2025,68182,108289,71500,0,41096,0,0,,80480,unhcr_population,2025-12-31,2026-08-19T14:21:59Z,2026-08-19
SMR,San Marino,1998,5,0,0,0,0,0,0,,0,unhcr_population,2025-12-31,2026-08-19T14:21:59Z,2026-08-19
SMR,San Marino,1999,5,0,0,0,0,0,0,,0,unhcr_population,2025-12-31,2026-08-19T14:21:59Z,2026-08-19
SMR,San Marino,2000,5,0,0,0,0,0,0,,0,unhcr_population,2025-12-31,2026-08-19T14:21:59Z,2026-08-19
SMR,San Marino,2002,5,0,0,0,0,0,0,,0,unhcr_population,2025-12-31,2026-08-19T14:21:59Z,2026-08-19
SMR,San Marino,2005,0,5,0,0,0,0,0,,0,unhcr_population,2025-12-31,2026-08-19T14:21:59Z,2026-08-19
SOM,Somalia,1975,110,0,0,0,0,0,0,,0,unhcr_population,2025-12-31,2026-08-19T14:21:59Z,2026-08-19
SOM,Somalia,1976,50,0,0,0,0,0,0,,0,unhcr_population,2025-12-31,2026-08-19T14:21:59Z,2026-08-19
SOM,Somalia,1977,60,0,0,0,0,0,0,,0,unhcr_population,2025-12-31,2026-08-19T14:21:59Z,2026-08-19
SOM,Somalia,1978,90,0,0,0,0,0,0,,0,unhcr_population,2025-12-31,2026-08-19T14:21:59Z,2026-08-19
SOM,Somalia,1979,90,0,0,0,0,0,0,,0,unhcr_population,2025-12-31,2026-08-19T14:21:59Z,2026-08-19
SOM,Somalia,1980,134,0,0,0,0,0,0,,0,unhcr_population,2025-12-31,2026-08-19T14:21:59Z,2026-08-19
SOM,Somalia,1981,34,0,0,0,0,0,0,,0,unhcr_population,2025-12-31,2026-08-19T14:21:59Z,2026-08-19
SOM,Somalia,1982,118,0,0,0,0,0,0,,0,unhcr_population,2025-12-31,2026-08-19T14:21:59Z,2026-08-19
SOM,Somalia,1983,39,0,0,0,0,0,0,,0,unhcr_population,2025-12-31,2026-08-19T14:21:59Z,2026-08-19
SOM,Somalia,1984,639,0,0,0,0,0,0,,0,unhcr_population,2025-12-31,2026-08-19T14:21:59Z,2026-08-19
SOM,Somalia,1985,1830,0,0,0,0,0,0,,0,unhcr_population,2025-12-31,2026-08-19T14:21:59Z,2026-08-19
SOM,Somalia,1986,3142,0,0,0,0,0,0,,0,unhcr_population,2025-12-31,2026-08-19T14:21:59Z,2026-08-19
SOM,Somalia,1987,60162,0,0,0,0,0,0,,0,unhcr_population,2025-12-31,2026-08-19T14:21:59Z,2026-08-19
SOM,Somalia,1988,351993,0,0,0,0,0,0,,0,unhcr_population,2025-12-31,2026-08-19T14:21:59Z,2026-08-19
SOM,Somalia,1989,360309,0,0,0,0,0,0,,0,unhcr_population,2025-12-31,2026-08-19T14:21:59Z,2026-08-19
SOM,Somalia,1990,470174,0,0,0,0,20190,0,,0,unhcr_population,2025-12-31,2026-08-19T14:21:59Z,2026-08-19
SOM,Somalia,1991,732596,0,0,0,0,430,0,,0,unhcr_population,2025-12-31,2026-08-19T14:21:59Z,2026-08-19
SOM,Somalia,1992,812196,0,0,0,0,4918,0,,0,unhcr_population,2025-12-31,2026-08-19T14:21:59Z,2026-08-19
SOM,Somalia,1993,574612,0,0,0,0,66608,0,,0,unhcr_population,2025-12-31,2026-08-19T14:21:59Z,2026-08-19
SOM,Somalia,1994,631420,0,0,0,0,61171,0,,0,unhcr_population,2025-12-31,2026-08-19T14:21:59Z,2026-08-19
SOM,Somalia,1995,638695,0,0,0,0,43104,0,,0,unhcr_population,2025-12-31,2026-08-19T14:21:59Z,2026-08-19
SOM,Somalia,1996,636984,0,200000,0,0,1795,0,,0,unhcr_population,2025-12-31,2026-08-19T14:21:59Z,2026-08-19
SOM,Somalia,1997,608086,0,200000,0,67500,51841,0,,0,unhcr_population,2025-12-31,2026-08-19T14:21:59Z,2026-08-19
SOM,Somalia,1998,557953,0,1603,0,67519,51498,0,,0,unhcr_population,2025-12-31,2026-08-19T14:21:59Z,2026-08-19
SOM,Somalia,1999,524604,0,0,0,2000,25953,0,,0,unhcr_population,2025-12-31,2026-08-19T14:21:59Z,2026-08-19
SOM,Somalia,2000,475644,11971,18000,0,2077,45867,0,,0,unhcr_population,2025-12-31,2026-08-19T14:21:59Z,2026-08-19
SOM,Somalia,2001,440120,16195,0,0,2000,51335,0,,0,unhcr_population,2025-12-31,2026-08-19T14:21:59Z,2026-08-19
SOM,Somalia,2002,432304,13945,0,0,2000,32048,0,,0,unhcr_population,2025-12-31,2026-08-19T14:21:59Z,2026-08-19
SOM,Somalia,2003,402329,14772,0,0,2000,10258,0,,0,unhcr_population,2025-12-31,2026-08-19T14:21:59Z,2026-08-19
SOM,Somalia,2004,389287,20517,0,0,2010,18070,0,,0,unhcr_population,2025-12-31,2026-08-19T14:21:59Z,2026-08-19
SOM,Somalia,2005,395544,30466,400000,0,2024,11949,0,,0,unhcr_population,2025-12-31,2026-08-19T14:21:59Z,2026-08-19
SOM,Somalia,2006,464026,22010,400000,0,2000,1839,0,,0,unhcr_population,2025-12-31,2026-08-19T14:21:59Z,2026-08-19
SOM,Somalia,2007,457345,16424,1000000,0,0,2214,0,,0,unhcr_population,2025-12-31,2026-08-19T14:21:59Z,2026-08-19
SOM,Somalia,2008,561145,20519,1277200,0,0,1477,0,,0,unhcr_population,2025-12-31,2026-08-19T14:21:59Z,2026-08-19
SOM,Somalia,2009,678296,21059,1550000,0,0,59,0,,0,unhcr_population,2025-12-31,2026-08-19T14:21:59Z,2026-08-19
SOM,Somalia,2010,770141,22811,1463780,0,0,34,0,,0,unhcr_population,2025-12-31,2026-08-19T14:21:59Z,2026-08-19
SOM,Somalia,2011,1077038,31238,1356845,0,51,210,0,,0,unhcr_population,2025-12-31,2026-08-19T14:21:59Z,2026-08-19
SOM,Somalia,2012,1136709,33680,1132963,0,38,45,10188,,0,unhcr_population,2025-12-31,2026-08-19T14:21:59Z,2026-08-19
SOM,Somalia,2013,1121760,35665,1133000,0,1056,7272,104706,,0,unhcr_population,2025-12-31,2026-08-19T14:21:59Z,2026-08-19
SOM,Somalia,2014,1106430,49063,1133000,0,801,2485,12736,,0,unhcr_population,2025-12-31,2026-08-19T14:21:59Z,2026-08-19
SOM,Somalia,2015,1123144,56664,1133000,0,828,32343,5000,,0,unhcr_population,2025-12-31,2026-08-19T14:21:59Z,2026-08-19
SOM,Somalia,2016,1012320,60491,1562554,0,290,36136,0,,0,unhcr_population,2025-12-31,2026-08-19T14:21:59Z,2026-08-19
SOM,Somalia,2017,986386,58320,2116705,0,230,41476,0,,0,unhcr_population,2025-12-31,2026-08-19T14:21:59Z,2026-08-19
SOM,Somalia,2018,949637,55852,2648001,0,130,13081,0,,0,unhcr_population,2025-12-31,2026-08-19T14:21:59Z,2026-08-19
SOM,Somalia,2019,901596,53083,2648000,0,160,6241,22555,,0,unhcr_population,2025-12-31,2026-08-19T14:21:59Z,2026-08-19
SOM,Somalia,2020,812356,53824,2967500,0,34,1560,288966,,0,unhcr_population,2025-12-31,2026-08-19T14:21:59Z,2026-08-19
SOM,Somalia,2021,776678,59605,2967500,0,47,2781,544249,,0,unhcr_population,2025-12-31,2026-08-19T14:21:59Z,2026-08-19
SOM,Somalia,2022,786794,56893,2967500,0,86055,3063,607256,,0,unhcr_population,2025-12-31,2026-08-19T14:21:59Z,2026-08-19
SOM,Somalia,2023,842044,179224,3860099,0,64332,1876,0,,0,unhcr_population,2025-12-31,2026-08-19T14:21:59Z,2026-08-19
SOM,Somalia,2024,894120,237183,3861643,0,334,1959,290750,,0,unhcr_population,2025-12-31,2026-08-19T14:21:59Z,2026-08-19
SOM,Somalia,2025,892037,236271,3347408,0,676,1187,0,,0,unhcr_population,2025-12-31,2026-08-19T14:21:59Z,2026-08-19
SRB,Serbia and Kosovo: S/RES/1244 (1999),1969,130,0,0,0,0,0,0,,0,unhcr_population,2025-12-31,2026-08-19T14:21:59Z,2026-08-19
SRB,Serbia and Kosovo: S/RES/1244 (1999),1970,150,0,0,0,0,0,0,,0,unhcr_population,2025-12-31,2026-08-19T14:21:59Z,2026-08-19
SRB,Serbia and Kosovo: S/RES/1244 (1999),1971,140,0,0,0,0,0,0,,0,unhcr_population,2025-12-31,2026-08-19T14:21:59Z,2026-08-19
SRB,Serbia and Kosovo: S/RES/1244 (1999),1972,130,0,0,0,0,0,0,,0,unhcr_population,2025-12-31,2026-08-19T14:21:59Z,2026-08-19
SRB,Serbia and Kosovo: S/RES/1244 (1999),1973,130,0,0,0,0,0,0,,0,unhcr_population,2025-12-31,2026-08-19T14:21:59Z,2026-08-19
SRB,Serbia and Kosovo: S/RES/1244 (1999),1974,120,0,0,0,0,0,0,,0,unhcr_population,2025-12-31,2026-08-19T14:21:59Z,2026-08-19
SRB,Serbia and Kosovo: S/RES/1244 (1999),1975,120,0,0,0,0,0,0,,0,unhcr_population,2025-12-31,2026-08-19T14:21:59Z,2026-08-19
SRB,Serbia and Kosovo: S/RES/1244 (1999),1978,4200,0,0,0,0,0,0,,0,unhcr_population,2025-12-31,2026-08-19T14:21:59Z,2026-08-19
SRB,Serbia and Kosovo: S/RES/1244 (1999),1980,270,0,0,0,0,0,0,,0,unhcr_population,2025-12-31,2026-08-19T14:21:59Z,2026-08-19
SRB,Serbia and Kosovo: S/RES/1244 (1999),1981,214,0,0,0,0,0,0,,0,unhcr_population,2025-12-31,2026-08-19T14:21:59Z,2026-08-19
SRB,Serbia and Kosovo: S/RES/1244 (1999),1982,177,0,0,0,0,0,0,,0,unhcr_population,2025-12-31,2026-08-19T14:21:59Z,2026-08-19
SRB,Serbia and Kosovo: S/RES/1244 (1999),1983,157,0,0,0,0,0,0,,0,unhcr_population,2025-12-31,2026-08-19T14:21:59Z,2026-08-19
SRB,Serbia and Kosovo: S/RES/1244 (1999),1984,91,0,0,0,0,0,0,,0,unhcr_population,2025-12-31,2026-08-19T14:21:59Z,2026-08-19
SRB,Serbia and Kosovo: S/RES/1244 (1999),1985,91,0,0,0,0,0,0,,0,unhcr_population,2025-12-31,2026-08-19T14:21:59Z,2026-08-19
SRB,Serbia and Kosovo: S/RES/1244 (1999),1986,72,0,0,0,0,0,0,,0,unhcr_population,2025-12-31,2026-08-19T14:21:59Z,2026-08-19
SRB,Serbia and Kosovo: S/RES/1244 (1999),1987,42,0,0,0,0,0,0,,0,unhcr_population,2025-12-31,2026-08-19T14:21:59Z,2026-08-19
SRB,Serbia and Kosovo: S/RES/1244 (1999),1988,99,0,0,0,0,0,0,,0,unhcr_population,2025-12-31,2026-08-19T14:21:59Z,2026-08-19
SRB,Serbia and Kosovo: S/RES/1244 (1999),1989,96,0,0,0,0,0,0,,0,unhcr_population,2025-12-31,2026-08-19T14:21:59Z,2026-08-19
SRB,Serbia and Kosovo: S/RES/1244 (1999),1990,1745,0,0,0,0,0,0,,0,unhcr_population,2025-12-31,2026-08-19T14:21:59Z,2026-08-19
SRB,Serbia and Kosovo: S/RES/1244 (1999),1991,45826,0,0,0,0,7500,0,,0,unhcr_population,2025-12-31,2026-08-19T14:21:59Z,2026-08-19
SRB,Serbia and Kosovo: S/RES/1244 (1999),1992,90081,0,0,0,0,3500,0,,0,unhcr_population,2025-12-31,2026-08-19T14:21:59Z,2026-08-19
SRB,Serbia and Kosovo: S/RES/1244 (1999),1993,58255,0,0,0,0,0,0,,0,unhcr_population,2025-12-31,2026-08-19T14:21:59Z,2026-08-19
SRB,Serbia and Kosovo: S/RES/1244 (1999),1994,54975,0,0,0,0,116,0,,0,unhcr_population,2025-12-31,2026-08-19T14:21:59Z,2026-08-19
SRB,Serbia and Kosovo: S/RES/1244 (1999),1995,86116,0,490,0,0,0,0,,0,unhcr_population,2025-12-31,2026-08-19T14:21:59Z,2026-08-19
SRB,Serbia and Kosovo: S/RES/1244 (1999),1996,103963,0,487,0,0,3692,0,,0,unhcr_population,2025-12-31,2026-08-19T14:21:59Z,2026-08-19
SRB,Serbia and Kosovo: S/RES/1244 (1999),1997,106649,0,470,0,0,1900,23,,0,unhcr_population,2025-12-31,2026-08-19T14:21:59Z,2026-08-19
SRB,Serbia and Kosovo: S/RES/1244 (1999),1998,115289,0,225000,0,2316,0,110000,,0,unhcr_population,2025-12-31,2026-08-19T14:21:59Z,2026-08-19
SRB,Serbia and Kosovo: S/RES/1244 (1999),1999,172506,0,234900,0,0,807139,58936,,0,unhcr_population,2025-12-31,2026-08-19T14:21:59Z,2026-08-19
SRB,Serbia and Kosovo: S/RES/1244 (1999),2000,146749,49001,267500,0,85000,124734,0,,0,unhcr_population,2025-12-31,2026-08-19T14:21:59Z,2026-08-19
SRB,Serbia and Kosovo: S/RES/1244 (1999),2001,144231,50823,263600,0,85000,25614,2531,,0,unhcr_population,2025-12-31,2026-08-19T14:21:59Z,2026-08-19
SRB,Serbia and Kosovo: S/RES/1244 (1999),2002,327582,17922,261826,0,85000,14236,0,,0,unhcr_population,2025-12-31,2026-08-19T14:21:59Z,2026-08-19
SRB,Serbia and Kosovo: S/RES/1244 (1999),2003,296627,14236,251833,0,85000,9444,7496,,0,unhcr_population,2025-12-31,2026-08-19T14:21:59Z,2026-08-19
SRB,Serbia and Kosovo: S/RES/1244 (1999),2004,237015,9646,248154,0,85000,8139,9456,,0,unhcr_population,2025-12-31,2026-08-19T14:21:59Z,2026-08-19
SRB,Serbia and Kosovo: S/RES/1244 (1999),2005,189985,18133,246391,0,85000,5824,2482,,0,unhcr_population,2025-12-31,2026-08-19T14:21:59Z,2026-08-19
SRB,Serbia and Kosovo: S/RES/1244 (1999),2006,174022,19046,227590,0,85479,6067,1433,,0,unhcr_population,2025-12-31,2026-08-19T14:21:59Z,2026-08-19
SRB,Serbia and Kosovo: S/RES/1244 (1999),2007,165636,14233,226350,0,454,862,1631,,0,unhcr_population,2025-12-31,2026-08-19T14:21:59Z,2026-08-19
SRB,Serbia and Kosovo: S/RES/1244 (1999),2008,185930,14678,225879,0,11500,858,518,,0,unhcr_population,2025-12-31,2026-08-19T14:21:59Z,2026-08-19
SRB,Serbia and Kosovo: S/RES/1244 (1999),2009,195625,12297,224881,0,10386,2698,871,,0,unhcr_population,2025-12-31,2026-08-19T14:21:59Z,2026-08-19
SRB,Serbia and Kosovo: S/RES/1244 (1999),2010,183284,16183,228442,0,8599,397,1803,,0,unhcr_population,2025-12-31,2026-08-19T14:21:59Z,2026-08-19
SRB,Serbia and Kosovo: S/RES/1244 (1999),2011,161664,15401,228215,0,9679,392,845,,0,unhcr_population,2025-12-31,2026-08-19T14:21:59Z,2026-08-19
SRB,Serbia and Kosovo: S/RES/1244 (1999),2012,158903,16644,227821,0,2576,193,798,,0,unhcr_population,2025-12-31,2026-08-19T14:21:59Z,2026-08-19
SRB,Serbia and Kosovo: S/RES/1244 (1999),2013,48725,22625,227495,0,4194,168,780,,0,unhcr_population,2025-12-31,2026-08-19T14:21:59Z,2026-08-19
SRB,Serbia and Kosovo: S/RES/1244 (1999),2014,45730,45573,223139,0,0,215,450,,0,unhcr_population,2025-12-31,2026-08-19T14:21:59Z,2026-08-19
SRB,Serbia and Kosovo: S/RES/1244 (1999),2015,38620,53292,220002,0,0,328,545,,0,unhcr_population,2025-12-31,2026-08-19T14:21:59Z,2026-08-19
SRB,Serbia and Kosovo: S/RES/1244 (1999),2016,36928,21699,219633,0,0,166,477,,0,unhcr_population,2025-12-31,2026-08-19T14:21:59Z,2026-08-19
SRB,Serbia and Kosovo: S/RES/1244 (1999),2017,33246,12807,217453,0,0,355,193,,0,unhcr_population,2025-12-31,2026-08-19T14:21:59Z,2026-08-19
SRB,Serbia and Kosovo: S/RES/1244 (1999),2018,32368,9702,215794,0,0,6,197,,0,unhcr_population,2025-12-31,2026-08-19T14:21:59Z,2026-08-19
SRB,Serbia and Kosovo: S/RES/1244 (1999),2019,31251,7463,214696,0,0,39,165,,0,unhcr_population,2025-12-31,2026-08-19T14:21:59Z,2026-08-19
SRB,Serbia and Kosovo: S/RES/1244 (1999),2020,29976,7105,213018,0,139,19,375,,0,unhcr_population,2025-12-31,2026-08-19T14:21:59Z,2026-08-19
SRB,Serbia and Kosovo: S/RES/1244 (1999),2021,31735,6708,211823,0,138,14,359,,0,unhcr_population,2025-12-31,2026-08-19T14:21:59Z,2026-08-19
SRB,Serbia and Kosovo: S/RES/1244 (1999),2022,30677,6668,210308,0,32,21,191,,0,unhcr_population,2025-12-31,2026-08-19T14:21:59Z,2026-08-19
SRB,Serbia and Kosovo: S/RES/1244 (1999),2023,29807,5781,209790,0,13,12,114,,0,unhcr_population,2025-12-31,2026-08-19T14:21:59Z,2026-08-19
SRB,Serbia and Kosovo: S/RES/1244 (1999),2024,31438,6104,209753,0,0,52,0,,0,unhcr_population,2025-12-31,2026-08-19T14:21:59Z,2026-08-19
SRB,Serbia and Kosovo: S/RES/1244 (1999),2025,29665,3695,209453,0,5,0,56,,0,unhcr_population,2025-12-31,2026-08-19T14:21:59Z,2026-08-19
SSD,South Sudan,2011,0,5,560161,0,0,905,0,,0,unhcr_population,2025-12-31,2026-08-19T14:21:59Z,2026-08-19
SSD,South Sudan,2012,87007,18676,345670,0,0,2236,0,,0,unhcr_population,2025-12-31,2026-08-19T14:21:59Z,2026-08-19
SSD,South Sudan,2013,114468,30675,331097,0,0,392,0,,0,unhcr_population,2025-12-31,2026-08-19T14:21:59Z,2026-08-19
SSD,South Sudan,2014,616206,3766,1645392,0,0,0,200055,,0,unhcr_population,2025-12-31,2026-08-19T14:21:59Z,2026-08-19
SSD,South Sudan,2015,778722,4104,1790427,0,30,159,0,,0,unhcr_population,2025-12-31,2026-08-19T14:21:59Z,2026-08-19
SSD,South Sudan,2016,1436707,5792,1853924,0,0,0,752261,,0,unhcr_population,2025-12-31,2026-08-19T14:21:59Z,2026-08-19
SSD,South Sudan,2017,2439888,6452,1903953,0,10000,2070,813,,0,unhcr_population,2025-12-31,2026-08-19T14:21:59Z,2026-08-19
SSD,South Sudan,2018,2285301,12701,1878154,0,10000,136155,0,,0,unhcr_population,2025-12-31,2026-08-19T14:21:59Z,2026-08-19
SSD,South Sudan,2019,2234805,5616,1665815,0,10000,99816,276463,,0,unhcr_population,2025-12-31,2026-08-19T14:21:59Z,2026-08-19
SSD,South Sudan,2020,2188785,4858,1600254,0,56,122000,174463,,250000,unhcr_population,2025-12-31,2026-08-19T14:21:59Z,2026-08-19
SSD,South Sudan,2021,2362759,5037,2017236,0,74,270220,0,,250000,unhcr_population,2025-12-31,2026-08-19T14:21:59Z,2026-08-19
SSD,South Sudan,2022,2295082,5228,1474679,0,306,151256,0,,371594,unhcr_population,2025-12-31,2026-08-19T14:21:59Z,2026-08-19
SSD,South Sudan,2023,2292482,24596,1236672,0,66,527206,0,,454831,unhcr_population,2025-12-31,2026-08-19T14:21:59Z,2026-08-19
SSD,South Sudan,2024,2290622,32841,944631,0,70,404744,0,,1327345,unhcr_population,2025-12-31,2026-08-19T14:21:59Z,2026-08-19
SSD,South Sudan,2025,2386499,123984,1277527,0,71,199273,0,,1544021,unhcr_population,2025-12-31,2026-08-19T14:21:59Z,2026-08-19
STP,Sao Tome and Principe,1985,50,0,0,0,0,0,0,,0,unhcr_population,2025-12-31,2026-08-19T14:21:59Z,2026-08-19
STP,Sao Tome and Principe,1994,28,0,0,0,0,0,0,,0,unhcr_population,2025-12-31,2026-08-19T14:21:59Z,2026-08-19
STP,Sao Tome and Principe,1995,32,0,0,0,0,0,0,,0,unhcr_population,2025-12-31,2026-08-19T14:21:59Z,2026-08-19
STP,Sao Tome and Principe,1996,47,0,0,0,0,0,0,,0,unhcr_population,2025-12-31,2026-08-19T14:21:59Z,2026-08-19
STP,Sao Tome and Principe,1997,42,0,0,0,0,0,0,,0,unhcr_population,2025-12-31,2026-08-19T14:21:59Z,2026-08-19
STP,Sao Tome and Principe,1998,39,0,0,0,0,0,0,,0,unhcr_population,2025-12-31,2026-08-19T14:21:59Z,2026-08-19
STP,Sao Tome and Principe,1999,29,0,0,0,0,0,0,,0,unhcr_population,2025-12-31,2026-08-19T14:21:59Z,2026-08-19
STP,Sao Tome and Principe,2000,23,6,0,0,0,0,0,,0,unhcr_population,2025-12-31,2026-08-19T14:21:59Z,2026-08-19
STP,Sao Tome and Principe,2001,21,14,0,0,0,0,0,,0,unhcr_population,2025-12-31,2026-08-19T14:21:59Z,2026-08-19
STP,Sao Tome and Principe,2002,41,0,0,0,0,0,0,,0,unhcr_population,2025-12-31,2026-08-19T14:21:59Z,2026-08-19
STP,Sao Tome and Principe,2003,41,0,0,0,0,0,0,,0,unhcr_population,2025-12-31,2026-08-19T14:21:59Z,2026-08-19
STP,Sao Tome and Principe,2004,36,0,0,0,0,0,0,,0,unhcr_population,2025-12-31,2026-08-19T14:21:59Z,2026-08-19
STP,Sao Tome and Principe,2005,23,0,0,0,0,0,0,,0,unhcr_population,2025-12-31,2026-08-19T14:21:59Z,2026-08-19
STP,Sao Tome and Principe,2006,30,0,0,0,0,0,0,,0,unhcr_population,2025-12-31,2026-08-19T14:21:59Z,2026-08-19
STP,Sao Tome and Principe,2007,32,0,0,0,0,0,0,,0,unhcr_population,2025-12-31,2026-08-19T14:21:59Z,2026-08-19
STP,Sao Tome and Principe,2008,32,0,0,0,0,0,0,,0,unhcr_population,2025-12-31,2026-08-19T14:21:59Z,2026-08-19
STP,Sao Tome and Principe,2009,32,0,0,0,0,0,0,,0,unhcr_population,2025-12-31,2026-08-19T14:21:59Z,2026-08-19
STP,Sao Tome and Principe,2010,32,0,0,0,0,0,0,,0,unhcr_population,2025-12-31,2026-08-19T14:21:59Z,2026-08-19
STP,Sao Tome and Principe,2011,32,0,0,0,0,0,0,,0,unhcr_population,2025-12-31,2026-08-19T14:21:59Z,2026-08-19
STP,Sao Tome and Principe,2012,31,0,0,0,0,0,0,,0,unhcr_population,2025-12-31,2026-08-19T14:21:59Z,2026-08-19
STP,Sao Tome and Principe,2013,31,0,0,0,0,0,0,,0,unhcr_population,2025-12-31,2026-08-19T14:21:59Z,2026-08-19
STP,Sao Tome and Principe,2014,24,5,0,0,0,0,0,,0,unhcr_population,2025-12-31,2026-08-19T14:21:59Z,2026-08-19
STP,Sao Tome and Principe,2015,24,10,0,0,0,0,0,,0,unhcr_population,2025-12-31,2026-08-19T14:21:59Z,2026-08-19
STP,Sao Tome and Principe,2016,31,8,0,0,0,0,0,,0,unhcr_population,2025-12-31,2026-08-19T14:21:59Z,2026-08-19
STP,Sao Tome and Principe,2017,31,23,0,0,0,0,0,,0,unhcr_population,2025-12-31,2026-08-19T14:21:59Z,2026-08-19
STP,Sao Tome and Principe,2018,31,25,0,0,0,0,0,,0,unhcr_population,2025-12-31,2026-08-19T14:21:59Z,2026-08-19
STP,Sao Tome and Principe,2019,28,29,0,0,0,0,0,,0,unhcr_population,2025-12-31,2026-08-19T14:21:59Z,2026-08-19
STP,Sao Tome and Principe,2020,28,23,0,0,0,0,0,,0,unhcr_population,2025-12-31,2026-08-19T14:21:59Z,2026-08-19
STP,Sao Tome and Principe,2021,6,25,0,0,0,0,0,,0,unhcr_population,2025-12-31,2026-08-19T14:21:59Z,2026-08-19
STP,Sao Tome and Principe,2022,11,23,0,0,0,0,0,,0,unhcr_population,2025-12-31,2026-08-19T14:21:59Z,2026-08-19
STP,Sao Tome and Principe,2023,11,24,0,0,0,0,0,,0,unhcr_population,2025-12-31,2026-08-19T14:21:59Z,2026-08-19
STP,Sao Tome and Principe,2024,5,20,0,0,0,0,0,,0,unhcr_population,2025-12-31,2026-08-19T14:21:59Z,2026-08-19
STP,Sao Tome and Principe,2025,8,20,0,0,0,0,0,,0,unhcr_population,2025-12-31,2026-08-19T14:21:59Z,2026-08-19
SUR,Suriname,1989,6601,0,0,0,0,0,0,,0,unhcr_population,2025-12-31,2026-08-19T14:21:59Z,2026-08-19
SUR,Suriname,1990,6620,0,0,0,0,0,0,,0,unhcr_population,2025-12-31,2026-08-19T14:21:59Z,2026-08-19
SUR,Suriname,1991,5921,0,0,0,0,630,0,,0,unhcr_population,2025-12-31,2026-08-19T14:21:59Z,2026-08-19
SUR,Suriname,1992,2545,0,0,0,0,4580,0,,0,unhcr_population,2025-12-31,2026-08-19T14:21:59Z,2026-08-19
SUR,Suriname,1993,894,0,0,0,0,0,0,,0,unhcr_population,2025-12-31,2026-08-19T14:21:59Z,2026-08-19
SUR,Suriname,1994,915,0,0,0,0,0,0,,0,unhcr_population,2025-12-31,2026-08-19T14:21:59Z,2026-08-19
SUR,Suriname,1995,817,0,0,0,0,0,0,,0,unhcr_population,2025-12-31,2026-08-19T14:21:59Z,2026-08-19
SUR,Suriname,1996,754,0,0,0,0,0,0,,0,unhcr_population,2025-12-31,2026-08-19T14:21:59Z,2026-08-19
SUR,Suriname,1997,663,0,0,0,0,0,0,,0,unhcr_population,2025-12-31,2026-08-19T14:21:59Z,2026-08-19
SUR,Suriname,1998,491,0,0,0,0,0,0,,0,unhcr_population,2025-12-31,2026-08-19T14:21:59Z,2026-08-19
SUR,Suriname,1999,413,0,0,0,0,0,0,,0,unhcr_population,2025-12-31,2026-08-19T14:21:59Z,2026-08-19
SUR,Suriname,2000,334,48,0,0,0,0,0,,0,unhcr_population,2025-12-31,2026-08-19T14:21:59Z,2026-08-19
SUR,Suriname,2001,239,54,0,0,0,0,0,,0,unhcr_population,2025-12-31,2026-08-19T14:21:59Z,2026-08-19
SUR,Suriname,2002,101,44,0,0,0,5,0,,0,unhcr_population,2025-12-31,2026-08-19T14:21:59Z,2026-08-19
SUR,Suriname,2003,67,33,0,0,0,0,0,,0,unhcr_population,2025-12-31,2026-08-19T14:21:59Z,2026-08-19
SUR,Suriname,2004,47,28,0,0,0,0,0,,0,unhcr_population,2025-12-31,2026-08-19T14:21:59Z,2026-08-19
SUR,Suriname,2005,26,21,0,0,0,0,0,,0,unhcr_population,2025-12-31,2026-08-19T14:21:59Z,2026-08-19
SUR,Suriname,2006,65,20,0,0,0,0,0,,0,unhcr_population,2025-12-31,2026-08-19T14:21:59Z,2026-08-19
SUR,Suriname,2007,62,9,0,0,0,0,0,,0,unhcr_population,2025-12-31,2026-08-19T14:21:59Z,2026-08-19
SUR,Suriname,2008,50,11,0,0,0,0,0,,0,unhcr_population,2025-12-31,2026-08-19T14:21:59Z,2026-08-19
SUR,Suriname,2009,44,12,0,0,0,0,0,,0,unhcr_population,2025-12-31,2026-08-19T14:21:59Z,2026-08-19
SUR,Suriname,2010,24,10,0,0,0,0,0,,0,unhcr_population,2025-12-31,2026-08-19T14:21:59Z,2026-08-19
SUR,Suriname,2011,22,5,0,0,0,0,0,,0,unhcr_population,2025-12-31,2026-08-19T14:21:59Z,2026-08-19
SUR,Suriname,2012,14,18,0,0,0,0,0,,0,unhcr_population,2025-12-31,2026-08-19T14:21:59Z,2026-08-19
SUR,Suriname,2013,17,17,0,0,0,0,0,,0,unhcr_population,2025-12-31,2026-08-19T14:21:59Z,2026-08-19
SUR,Suriname,2014,17,46,0,0,0,0,0,,0,unhcr_population,2025-12-31,2026-08-19T14:21:59Z,2026-08-19
SUR,Suriname,2015,19,49,0,0,0,0,0,,0,unhcr_population,2025-12-31,2026-08-19T14:21:59Z,2026-08-19
SUR,Suriname,2016,16,25,0,0,0,0,0,,0,unhcr_population,2025-12-31,2026-08-19T14:21:59Z,2026-08-19
SUR,Suriname,2017,17,44,0,0,0,0,0,,0,unhcr_population,2025-12-31,2026-08-19T14:21:59Z,2026-08-19
SUR,Suriname,2018,22,57,0,0,0,0,0,,0,unhcr_population,2025-12-31,2026-08-19T14:21:59Z,2026-08-19
SUR,Suriname,2019,17,72,0,0,0,0,0,,0,unhcr_population,2025-12-31,2026-08-19T14:21:59Z,2026-08-19
SUR,Suriname,2020,17,146,0,0,0,0,0,,0,unhcr_population,2025-12-31,2026-08-19T14:21:59Z,2026-08-19
SUR,Suriname,2021,22,118,0,0,0,0,0,,0,unhcr_population,2025-12-31,2026-08-19T14:21:59Z,2026-08-19
SUR,Suriname,2022,35,147,0,0,5,0,0,,0,unhcr_population,2025-12-31,2026-08-19T14:21:59Z,2026-08-19
SUR,Suriname,2023,42,179,0,0,5,0,0,,0,unhcr_population,2025-12-31,2026-08-19T14:21:59Z,2026-08-19
SUR,Suriname,2024,50,251,0,0,0,0,0,,0,unhcr_population,2025-12-31,2026-08-19T14:21:59Z,2026-08-19
SUR,Suriname,2025,56,152,0,0,0,0,0,,0,unhcr_population,2025-12-31,2026-08-19T14:21:59Z,2026-08-19
SVK,Slovakia,1994,12,0,0,0,0,0,0,,0,unhcr_population,2025-12-31,2026-08-19T14:21:59Z,2026-08-19
SVK,Slovakia,1995,24,0,0,0,0,0,0,,0,unhcr_population,2025-12-31,2026-08-19T14:21:59Z,2026-08-19
SVK,Slovakia,1996,57,0,0,0,0,0,0,,0,unhcr_population,2025-12-31,2026-08-19T14:21:59Z,2026-08-19
SVK,Slovakia,1997,69,0,0,0,0,0,0,,0,unhcr_population,2025-12-31,2026-08-19T14:21:59Z,2026-08-19
SVK,Slovakia,1998,143,0,0,0,0,0,0,,0,unhcr_population,2025-12-31,2026-08-19T14:21:59Z,2026-08-19
SVK,Slovakia,1999,178,0,0,0,0,0,0,,0,unhcr_population,2025-12-31,2026-08-19T14:21:59Z,2026-08-19
SVK,Slovakia,2000,216,796,0,0,0,0,0,,0,unhcr_population,2025-12-31,2026-08-19T14:21:59Z,2026-08-19
SVK,Slovakia,2001,189,674,0,0,0,0,0,,0,unhcr_population,2025-12-31,2026-08-19T14:21:59Z,2026-08-19
SVK,Slovakia,2002,596,706,0,0,0,0,0,,0,unhcr_population,2025-12-31,2026-08-19T14:21:59Z,2026-08-19
SVK,Slovakia,2003,668,402,0,0,0,0,0,,0,unhcr_population,2025-12-31,2026-08-19T14:21:59Z,2026-08-19
SVK,Slovakia,2004,618,212,0,0,0,0,0,,0,unhcr_population,2025-12-31,2026-08-19T14:21:59Z,2026-08-19
SVK,Slovakia,2005,787,201,0,0,0,0,0,,0,unhcr_population,2025-12-31,2026-08-19T14:21:59Z,2026-08-19
SVK,Slovakia,2006,741,282,0,0,0,0,0,,0,unhcr_population,2025-12-31,2026-08-19T14:21:59Z,2026-08-19
SVK,Slovakia,2007,346,97,0,0,0,0,0,,0,unhcr_population,2025-12-31,2026-08-19T14:21:59Z,2026-08-19
SVK,Slovakia,2008,333,129,0,0,0,0,0,,0,unhcr_population,2025-12-31,2026-08-19T14:21:59Z,2026-08-19
SVK,Slovakia,2009,336,348,0,0,0,0,0,,0,unhcr_population,2025-12-31,2026-08-19T14:21:59Z,2026-08-19
SVK,Slovakia,2010,157,424,0,0,0,0,0,,0,unhcr_population,2025-12-31,2026-08-19T14:21:59Z,2026-08-19
SVK,Slovakia,2011,271,538,0,0,0,0,0,,0,unhcr_population,2025-12-31,2026-08-19T14:21:59Z,2026-08-19
SVK,Slovakia,2012,231,624,0,0,0,0,0,,0,unhcr_population,2025-12-31,2026-08-19T14:21:59Z,2026-08-19
SVK,Slovakia,2013,321,399,0,0,0,0,0,,0,unhcr_population,2025-12-31,2026-08-19T14:21:59Z,2026-08-19
SVK,Slovakia,2014,316,327,0,0,0,0,0,,0,unhcr_population,2025-12-31,2026-08-19T14:21:59Z,2026-08-19
SVK,Slovakia,2015,325,541,0,0,0,0,0,,0,unhcr_population,2025-12-31,2026-08-19T14:21:59Z,2026-08-19
SVK,Slovakia,2016,792,580,0,0,0,0,0,,0,unhcr_population,2025-12-31,2026-08-19T14:21:59Z,2026-08-19
SVK,Slovakia,2017,913,699,0,0,0,0,0,,0,unhcr_population,2025-12-31,2026-08-19T14:21:59Z,2026-08-19
SVK,Slovakia,2018,1218,390,0,0,0,0,0,,0,unhcr_population,2025-12-31,2026-08-19T14:21:59Z,2026-08-19
SVK,Slovakia,2019,1343,231,0,0,0,0,0,,0,unhcr_population,2025-12-31,2026-08-19T14:21:59Z,2026-08-19
SVK,Slovakia,2020,1368,209,0,0,0,0,0,,0,unhcr_population,2025-12-31,2026-08-19T14:21:59Z,2026-08-19
SVK,Slovakia,2021,1426,171,0,0,0,0,0,,0,unhcr_population,2025-12-31,2026-08-19T14:21:59Z,2026-08-19
SVK,Slovakia,2022,569,213,0,0,0,0,0,,0,unhcr_population,2025-12-31,2026-08-19T14:21:59Z,2026-08-19
SVK,Slovakia,2023,628,113,0,0,0,0,0,,0,unhcr_population,2025-12-31,2026-08-19T14:21:59Z,2026-08-19
SVK,Slovakia,2024,664,137,0,0,0,0,0,,0,unhcr_population,2025-12-31,2026-08-19T14:21:59Z,2026-08-19
SVK,Slovakia,2025,625,91,0,0,0,0,0,,0,unhcr_population,2025-12-31,2026-08-19T14:21:59Z,2026-08-19
SVN,Slovenia,1993,28429,0,0,0,0,0,0,,0,unhcr_population,2025-12-31,2026-08-19T14:21:59Z,2026-08-19
SVN,Slovenia,1994,14829,0,0,0,0,0,0,,0,unhcr_population,2025-12-31,2026-08-19T14:21:59Z,2026-08-19
SVN,Slovenia,1995,12858,0,0,0,0,0,0,,0,unhcr_population,2025-12-31,2026-08-19T14:21:59Z,2026-08-19
SVN,Slovenia,1996,3369,0,0,0,0,0,0,,0,unhcr_population,2025-12-31,2026-08-19T14:21:59Z,2026-08-19
SVN,Slovenia,1997,3414,0,0,0,0,0,0,,0,unhcr_population,2025-12-31,2026-08-19T14:21:59Z,2026-08-19
SVN,Slovenia,1998,3299,0,0,0,0,0,0,,0,unhcr_population,2025-12-31,2026-08-19T14:21:59Z,2026-08-19
SVN,Slovenia,1999,3293,0,0,0,0,0,0,,0,unhcr_population,2025-12-31,2026-08-19T14:21:59Z,2026-08-19
SVN,Slovenia,2000,3278,19,0,0,0,0,0,,0,unhcr_population,2025-12-31,2026-08-19T14:21:59Z,2026-08-19
SVN,Slovenia,2001,762,22,0,0,0,0,0,,0,unhcr_population,2025-12-31,2026-08-19T14:21:59Z,2026-08-19
SVN,Slovenia,2002,853,28,0,0,0,0,0,,0,unhcr_population,2025-12-31,2026-08-19T14:21:59Z,2026-08-19
SVN,Slovenia,2003,608,25,0,0,0,0,0,,0,unhcr_population,2025-12-31,2026-08-19T14:21:59Z,2026-08-19
SVN,Slovenia,2004,580,11,0,0,0,0,0,,0,unhcr_population,2025-12-31,2026-08-19T14:21:59Z,2026-08-19
SVN,Slovenia,2005,154,19,0,0,0,0,0,,0,unhcr_population,2025-12-31,2026-08-19T14:21:59Z,2026-08-19
SVN,Slovenia,2006,1757,11,0,0,0,0,0,,0,unhcr_population,2025-12-31,2026-08-19T14:21:59Z,2026-08-19
SVN,Slovenia,2007,47,9,0,0,0,0,0,,0,unhcr_population,2025-12-31,2026-08-19T14:21:59Z,2026-08-19
SVN,Slovenia,2008,49,12,0,0,0,0,0,,0,unhcr_population,2025-12-31,2026-08-19T14:21:59Z,2026-08-19
SVN,Slovenia,2009,35,16,0,0,0,0,0,,0,unhcr_population,2025-12-31,2026-08-19T14:21:59Z,2026-08-19
SVN,Slovenia,2010,35,15,0,0,0,0,0,,0,unhcr_population,2025-12-31,2026-08-19T14:21:59Z,2026-08-19
SVN,Slovenia,2011,30,7,0,0,0,0,0,,0,unhcr_population,2025-12-31,2026-08-19T14:21:59Z,2026-08-19
SVN,Slovenia,2012,32,12,0,0,0,0,0,,0,unhcr_population,2025-12-31,2026-08-19T14:21:59Z,2026-08-19
SVN,Slovenia,2013,27,11,0,0,0,0,0,,0,unhcr_population,2025-12-31,2026-08-19T14:21:59Z,2026-08-19
SVN,Slovenia,2014,25,5,0,0,0,0,0,,0,unhcr_population,2025-12-31,2026-08-19T14:21:59Z,2026-08-19
SVN,Slovenia,2015,21,10,0,0,0,0,0,,0,unhcr_population,2025-12-31,2026-08-19T14:21:59Z,2026-08-19
SVN,Slovenia,2016,20,12,0,0,0,0,0,,0,unhcr_population,2025-12-31,2026-08-19T14:21:59Z,2026-08-19
SVN,Slovenia,2017,17,14,0,0,0,0,0,,0,unhcr_population,2025-12-31,2026-08-19T14:21:59Z,2026-08-19
SVN,Slovenia,2018,19,10,0,0,0,0,0,,0,unhcr_population,2025-12-31,2026-08-19T14:21:59Z,2026-08-19
SVN,Slovenia,2019,19,15,0,0,0,0,0,,0,unhcr_population,2025-12-31,2026-08-19T14:21:59Z,2026-08-19
SVN,Slovenia,2020,17,5,0,0,0,0,0,,0,unhcr_population,2025-12-31,2026-08-19T14:21:59Z,2026-08-19
SVN,Slovenia,2021,17,10,0,0,0,0,0,,0,unhcr_population,2025-12-31,2026-08-19T14:21:59Z,2026-08-19
SVN,Slovenia,2022,7,31,0,0,0,0,0,,0,unhcr_population,2025-12-31,2026-08-19T14:21:59Z,2026-08-19
SVN,Slovenia,2023,7,91,0,0,0,0,0,,0,unhcr_population,2025-12-31,2026-08-19T14:21:59Z,2026-08-19
SVN,Slovenia,2024,17,100,0,0,0,0,0,,0,unhcr_population,2025-12-31,2026-08-19T14:21:59Z,2026-08-19
SVN,Slovenia,2025,12,103,0,0,0,0,0,,0,unhcr_population,2025-12-31,2026-08-19T14:21:59Z,2026-08-19
SWE,Sweden,1994,11,0,0,0,0,0,0,,0,unhcr_population,2025-12-31,2026-08-19T14:21:59Z,2026-08-19
SWE,Sweden,1995,25,0,0,0,0,0,0,,0,unhcr_population,2025-12-31,2026-08-19T14:21:59Z,2026-08-19
SWE,Sweden,1996,37,0,0,0,0,0,0,,0,unhcr_population,2025-12-31,2026-08-19T14:21:59Z,2026-08-19
SWE,Sweden,1997,39,0,0,0,0,0,0,,0,unhcr_population,2025-12-31,2026-08-19T14:21:59Z,2026-08-19
SWE,Sweden,1998,39,0,0,0,0,0,0,,0,unhcr_population,2025-12-31,2026-08-19T14:21:59Z,2026-08-19
SWE,Sweden,1999,30,0,0,0,0,0,0,,0,unhcr_population,2025-12-31,2026-08-19T14:21:59Z,2026-08-19
SWE,Sweden,2000,17,5,0,0,0,0,0,,0,unhcr_population,2025-12-31,2026-08-19T14:21:59Z,2026-08-19
SWE,Sweden,2001,5,8,0,0,0,0,0,,0,unhcr_population,2025-12-31,2026-08-19T14:21:59Z,2026-08-19
SWE,Sweden,2002,27,15,0,0,0,0,0,,0,unhcr_population,2025-12-31,2026-08-19T14:21:59Z,2026-08-19
SWE,Sweden,2003,35,24,0,0,0,0,0,,0,unhcr_population,2025-12-31,2026-08-19T14:21:59Z,2026-08-19
SWE,Sweden,2004,30,7,0,0,0,0,0,,0,unhcr_population,2025-12-31,2026-08-19T14:21:59Z,2026-08-19
SWE,Sweden,2005,75,10,0,0,0,0,0,,0,unhcr_population,2025-12-31,2026-08-19T14:21:59Z,2026-08-19
SWE,Sweden,2006,16,17,0,0,0,0,0,,0,unhcr_population,2025-12-31,2026-08-19T14:21:59Z,2026-08-19
SWE,Sweden,2007,17,5,0,0,0,0,0,,0,unhcr_population,2025-12-31,2026-08-19T14:21:59Z,2026-08-19
SWE,Sweden,2008,16,14,0,0,0,0,0,,0,unhcr_population,2025-12-31,2026-08-19T14:21:59Z,2026-08-19
SWE,Sweden,2009,15,12,0,0,0,0,0,,0,unhcr_population,2025-12-31,2026-08-19T14:21:59Z,2026-08-19
SWE,Sweden,2010,23,28,0,0,0,0,0,,0,unhcr_population,2025-12-31,2026-08-19T14:21:59Z,2026-08-19
SWE,Sweden,2011,23,18,0,0,0,0,0,,0,unhcr_population,2025-12-31,2026-08-19T14:21:59Z,2026-08-19
SWE,Sweden,2012,21,41,0,0,0,0,0,,0,unhcr_population,2025-12-31,2026-08-19T14:21:59Z,2026-08-19
SWE,Sweden,2013,18,10,0,0,0,0,0,,0,unhcr_population,2025-12-31,2026-08-19T14:21:59Z,2026-08-19
SWE,Sweden,2014,18,10,0,0,0,0,0,,0,unhcr_population,2025-12-31,2026-08-19T14:21:59Z,2026-08-19
SWE,Sweden,2015,18,15,0,0,0,0,0,,0,unhcr_population,2025-12-31,2026-08-19T14:21:59Z,2026-08-19
SWE,Sweden,2016,13,17,0,0,0,0,0,,0,unhcr_population,2025-12-31,2026-08-19T14:21:59Z,2026-08-19
SWE,Sweden,2017,14,18,0,0,0,0,0,,0,unhcr_population,2025-12-31,2026-08-19T14:21:59Z,2026-08-19
SWE,Sweden,2018,16,29,0,0,0,0,0,,0,unhcr_population,2025-12-31,2026-08-19T14:21:59Z,2026-08-19
SWE,Sweden,2019,13,35,0,0,0,0,0,,0,unhcr_population,2025-12-31,2026-08-19T14:21:59Z,2026-08-19
SWE,Sweden,2020,8,35,0,0,0,0,0,,0,unhcr_population,2025-12-31,2026-08-19T14:21:59Z,2026-08-19
SWE,Sweden,2021,9,43,0,0,0,0,0,,0,unhcr_population,2025-12-31,2026-08-19T14:21:59Z,2026-08-19
SWE,Sweden,2022,23,82,0,0,0,0,0,,0,unhcr_population,2025-12-31,2026-08-19T14:21:59Z,2026-08-19
SWE,Sweden,2023,23,175,0,0,5,0,0,,0,unhcr_population,2025-12-31,2026-08-19T14:21:59Z,2026-08-19
SWE,Sweden,2024,98,295,0,0,5,5,0,,0,unhcr_population,2025-12-31,2026-08-19T14:21:59Z,2026-08-19
SWE,Sweden,2025,128,195,0,0,5,0,0,,0,unhcr_population,2025-12-31,2026-08-19T14:21:59Z,2026-08-19
SWZ,Eswatini,1994,11,0,0,0,0,0,0,,0,unhcr_population,2025-12-31,2026-08-19T14:21:59Z,2026-08-19
SWZ,Eswatini,1995,15,0,0,0,0,0,0,,0,unhcr_population,2025-12-31,2026-08-19T14:21:59Z,2026-08-19
SWZ,Eswatini,1996,16,0,0,0,0,0,0,,0,unhcr_population,2025-12-31,2026-08-19T14:21:59Z,2026-08-19
SWZ,Eswatini,1997,17,0,0,0,0,0,0,,0,unhcr_population,2025-12-31,2026-08-19T14:21:59Z,2026-08-19
SWZ,Eswatini,1998,29,0,0,0,0,0,0,,0,unhcr_population,2025-12-31,2026-08-19T14:21:59Z,2026-08-19
SWZ,Eswatini,1999,27,0,0,0,0,0,0,,0,unhcr_population,2025-12-31,2026-08-19T14:21:59Z,2026-08-19
SWZ,Eswatini,2000,16,0,0,0,0,0,0,,0,unhcr_population,2025-12-31,2026-08-19T14:21:59Z,2026-08-19
SWZ,Eswatini,2001,15,5,0,0,0,0,0,,0,unhcr_population,2025-12-31,2026-08-19T14:21:59Z,2026-08-19
SWZ,Eswatini,2002,20,5,0,0,0,0,0,,0,unhcr_population,2025-12-31,2026-08-19T14:21:59Z,2026-08-19
SWZ,Eswatini,2003,0,10,0,0,0,0,0,,0,unhcr_population,2025-12-31,2026-08-19T14:21:59Z,2026-08-19
SWZ,Eswatini,2004,6,10,0,0,0,0,0,,0,unhcr_population,2025-12-31,2026-08-19T14:21:59Z,2026-08-19
SWZ,Eswatini,2005,12,5,0,0,0,0,0,,0,unhcr_population,2025-12-31,2026-08-19T14:21:59Z,2026-08-19
SWZ,Eswatini,2006,16,5,0,0,0,0,0,,0,unhcr_population,2025-12-31,2026-08-19T14:21:59Z,2026-08-19
SWZ,Eswatini,2007,21,64,0,0,0,0,0,,0,unhcr_population,2025-12-31,2026-08-19T14:21:59Z,2026-08-19
SWZ,Eswatini,2008,28,95,0,0,0,0,0,,0,unhcr_population,2025-12-31,2026-08-19T14:21:59Z,2026-08-19
SWZ,Eswatini,2009,28,53,0,0,0,0,0,,0,unhcr_population,2025-12-31,2026-08-19T14:21:59Z,2026-08-19
SWZ,Eswatini,2010,32,50,0,0,0,0,0,,0,unhcr_population,2025-12-31,2026-08-19T14:21:59Z,2026-08-19
SWZ,Eswatini,2011,39,131,0,0,0,0,0,,0,unhcr_population,2025-12-31,2026-08-19T14:21:59Z,2026-08-19
SWZ,Eswatini,2012,59,166,0,0,0,0,0,,0,unhcr_population,2025-12-31,2026-08-19T14:21:59Z,2026-08-19
SWZ,Eswatini,2013,103,146,0,0,0,0,0,,0,unhcr_population,2025-12-31,2026-08-19T14:21:59Z,2026-08-19
SWZ,Eswatini,2014,151,140,0,0,5,0,0,,0,unhcr_population,2025-12-31,2026-08-19T14:21:59Z,2026-08-19
SWZ,Eswatini,2015,213,159,0,0,0,7,0,,0,unhcr_population,2025-12-31,2026-08-19T14:21:59Z,2026-08-19
SWZ,Eswatini,2016,224,137,0,0,0,7,0,,0,unhcr_population,2025-12-31,2026-08-19T14:21:59Z,2026-08-19
SWZ,Eswatini,2017,231,40,0,0,0,0,0,,0,unhcr_population,2025-12-31,2026-08-19T14:21:59Z,2026-08-19
SWZ,Eswatini,2018,237,48,0,0,0,0,0,,0,unhcr_population,2025-12-31,2026-08-19T14:21:59Z,2026-08-19
SWZ,Eswatini,2019,224,97,0,0,0,0,0,,0,unhcr_population,2025-12-31,2026-08-19T14:21:59Z,2026-08-19
SWZ,Eswatini,2020,198,81,0,0,0,0,0,,0,unhcr_population,2025-12-31,2026-08-19T14:21:59Z,2026-08-19
SWZ,Eswatini,2021,165,80,0,0,10,0,0,,0,unhcr_population,2025-12-31,2026-08-19T14:21:59Z,2026-08-19
SWZ,Eswatini,2022,127,122,0,0,12,0,0,,0,unhcr_population,2025-12-31,2026-08-19T14:21:59Z,2026-08-19
SWZ,Eswatini,2023,128,251,0,0,12,0,0,,0,unhcr_population,2025-12-31,2026-08-19T14:21:59Z,2026-08-19
SWZ,Eswatini,2024,150,543,0,0,12,0,0,,0,unhcr_population,2025-12-31,2026-08-19T14:21:59Z,2026-08-19
SWZ,Eswatini,2025,220,472,0,0,12,0,0,,0,unhcr_population,2025-12-31,2026-08-19T14:21:59Z,2026-08-19
SYC,Seychelles,1988,49,0,0,0,0,0,0,,0,unhcr_population,2025-12-31,2026-08-19T14:21:59Z,2026-08-19
SYC,Seychelles,1989,49,0,0,0,0,0,0,,0,unhcr_population,2025-12-31,2026-08-19T14:21:59Z,2026-08-19
SYC,Seychelles,1990,58,0,0,0,0,0,0,,0,unhcr_population,2025-12-31,2026-08-19T14:21:59Z,2026-08-19
SYC,Seychelles,1991,67,0,0,0,0,0,0,,0,unhcr_population,2025-12-31,2026-08-19T14:21:59Z,2026-08-19
SYC,Seychelles,1992,52,0,0,0,0,7,0,,0,unhcr_population,2025-12-31,2026-08-19T14:21:59Z,2026-08-19
SYC,Seychelles,1993,27,0,0,0,0,0,0,,0,unhcr_population,2025-12-31,2026-08-19T14:21:59Z,2026-08-19
SYC,Seychelles,1994,553,0,0,0,0,0,0,,0,unhcr_population,2025-12-31,2026-08-19T14:21:59Z,2026-08-19
SYC,Seychelles,1995,339,0,0,0,0,0,0,,0,unhcr_population,2025-12-31,2026-08-19T14:21:59Z,2026-08-19
SYC,Seychelles,1996,138,0,0,0,0,0,0,,0,unhcr_population,2025-12-31,2026-08-19T14:21:59Z,2026-08-19
SYC,Seychelles,1997,32,0,0,0,0,0,0,,0,unhcr_population,2025-12-31,2026-08-19T14:21:59Z,2026-08-19
SYC,Seychelles,1998,38,0,0,0,0,0,0,,0,unhcr_population,2025-12-31,2026-08-19T14:21:59Z,2026-08-19
SYC,Seychelles,1999,30,0,0,0,0,0,0,,0,unhcr_population,2025-12-31,2026-08-19T14:21:59Z,2026-08-19
SYC,Seychelles,2000,25,12,0,0,0,0,0,,0,unhcr_population,2025-12-31,2026-08-19T14:21:59Z,2026-08-19
SYC,Seychelles,2001,14,26,0,0,0,0,0,,0,unhcr_population,2025-12-31,2026-08-19T14:21:59Z,2026-08-19
SYC,Seychelles,2002,43,28,0,0,0,0,0,,0,unhcr_population,2025-12-31,2026-08-19T14:21:59Z,2026-08-19
SYC,Seychelles,2003,37,13,0,0,0,0,0,,0,unhcr_population,2025-12-31,2026-08-19T14:21:59Z,2026-08-19
SYC,Seychelles,2004,47,10,0,0,0,0,0,,0,unhcr_population,2025-12-31,2026-08-19T14:21:59Z,2026-08-19
SYC,Seychelles,2005,39,8,0,0,0,0,0,,0,unhcr_population,2025-12-31,2026-08-19T14:21:59Z,2026-08-19
SYC,Seychelles,2006,61,5,0,0,0,0,0,,0,unhcr_population,2025-12-31,2026-08-19T14:21:59Z,2026-08-19
SYC,Seychelles,2007,54,8,0,0,0,0,0,,0,unhcr_population,2025-12-31,2026-08-19T14:21:59Z,2026-08-19
SYC,Seychelles,2008,51,14,0,0,0,0,0,,0,unhcr_population,2025-12-31,2026-08-19T14:21:59Z,2026-08-19
SYC,Seychelles,2009,47,7,0,0,0,0,0,,0,unhcr_population,2025-12-31,2026-08-19T14:21:59Z,2026-08-19
SYC,Seychelles,2010,47,0,0,0,0,0,0,,0,unhcr_population,2025-12-31,2026-08-19T14:21:59Z,2026-08-19
SYC,Seychelles,2011,39,0,0,0,0,0,0,,0,unhcr_population,2025-12-31,2026-08-19T14:21:59Z,2026-08-19
SYC,Seychelles,2012,30,0,0,0,0,0,0,,0,unhcr_population,2025-12-31,2026-08-19T14:21:59Z,2026-08-19
SYC,Seychelles,2013,24,0,0,0,0,0,0,,0,unhcr_population,2025-12-31,2026-08-19T14:21:59Z,2026-08-19
SYC,Seychelles,2014,23,12,0,0,0,0,0,,0,unhcr_population,2025-12-31,2026-08-19T14:21:59Z,2026-08-19
SYC,Seychelles,2015,19,20,0,0,0,0,0,,0,unhcr_population,2025-12-31,2026-08-19T14:21:59Z,2026-08-19
SYC,Seychelles,2016,10,5,0,0,0,0,0,,0,unhcr_population,2025-12-31,2026-08-19T14:21:59Z,2026-08-19
SYC,Seychelles,2017,10,5,0,0,0,0,0,,0,unhcr_population,2025-12-31,2026-08-19T14:21:59Z,2026-08-19
SYC,Seychelles,2018,15,0,0,0,0,0,0,,0,unhcr_population,2025-12-31,2026-08-19T14:21:59Z,2026-08-19
SYC,Seychelles,2019,15,6,0,0,0,0,0,,0,unhcr_population,2025-12-31,2026-08-19T14:21:59Z,2026-08-19
SYC,Seychelles,2020,10,5,0,0,0,0,0,,0,unhcr_population,2025-12-31,2026-08-19T14:21:59Z,2026-08-19
SYC,Seychelles,2021,14,0,0,0,0,0,0,,0,unhcr_population,2025-12-31,2026-08-19T14:21:59Z,2026-08-19
SYC,Seychelles,2022,9,5,0,0,0,0,0,,0,unhcr_population,2025-12-31,2026-08-19T14:21:59Z,2026-08-19
SYC,Seychelles,2023,10,13,0,0,0,0,0,,0,unhcr_population,2025-12-31,2026-08-19T14:21:59Z,2026-08-19
SYC,Seychelles,2024,10,18,0,0,0,0,0,,0,unhcr_population,2025-12-31,2026-08-19T14:21:59Z,2026-08-19
SYC,Seychelles,2025,10,21,0,0,0,0,0,,0,unhcr_population,2025-12-31,2026-08-19T14:21:59Z,2026-08-19
SYR,Syrian Arab Rep.,1968,1200,0,0,0,0,0,0,,0,unhcr_population,2025-12-31,2026-08-19T14:21:59Z,2026-08-19
SYR,Syrian Arab Rep.,1969,1200,0,0,0,0,0,0,,0,unhcr_population,2025-12-31,2026-08-19T14:21:59Z,2026-08-19
SYR,Syrian Arab Rep.,1979,500,0,0,0,0,0,0,,0,unhcr_population,2025-12-31,2026-08-19T14:21:59Z,2026-08-19
SYR,Syrian Arab Rep.,1980,500,0,0,0,0,0,0,,0,unhcr_population,2025-12-31,2026-08-19T14:21:59Z,2026-08-19
SYR,Syrian Arab Rep.,1981,505,0,0,0,0,0,0,,0,unhcr_population,2025-12-31,2026-08-19T14:21:59Z,2026-08-19
SYR,Syrian Arab Rep.,1982,505,0,0,0,0,6000,0,,0,unhcr_population,2025-12-31,2026-08-19T14:21:59Z,2026-08-19
SYR,Syrian Arab Rep.,1983,526,0,0,0,0,0,0,,0,unhcr_population,2025-12-31,2026-08-19T14:21:59Z,2026-08-19
SYR,Syrian Arab Rep.,1984,529,0,0,0,0,0,0,,0,unhcr_population,2025-12-31,2026-08-19T14:21:59Z,2026-08-19
SYR,Syrian Arab Rep.,1985,2599,0,0,0,0,0,0,,0,unhcr_population,2025-12-31,2026-08-19T14:21:59Z,2026-08-19
SYR,Syrian Arab Rep.,1986,534,0,0,0,0,70,0,,0,unhcr_population,2025-12-31,2026-08-19T14:21:59Z,2026-08-19
SYR,Syrian Arab Rep.,1987,20,0,0,0,0,0,0,,0,unhcr_population,2025-12-31,2026-08-19T14:21:59Z,2026-08-19
SYR,Syrian Arab Rep.,1988,881,0,0,0,0,0,0,,0,unhcr_population,2025-12-31,2026-08-19T14:21:59Z,2026-08-19
SYR,Syrian Arab Rep.,1989,397,0,0,0,0,0,0,,0,unhcr_population,2025-12-31,2026-08-19T14:21:59Z,2026-08-19
SYR,Syrian Arab Rep.,1990,2148,0,0,0,0,0,0,,0,unhcr_population,2025-12-31,2026-08-19T14:21:59Z,2026-08-19
SYR,Syrian Arab Rep.,1991,3037,0,0,0,0,0,0,,0,unhcr_population,2025-12-31,2026-08-19T14:21:59Z,2026-08-19
SYR,Syrian Arab Rep.,1992,4408,0,0,0,0,0,0,,0,unhcr_population,2025-12-31,2026-08-19T14:21:59Z,2026-08-19
SYR,Syrian Arab Rep.,1993,5412,0,0,0,0,0,0,,0,unhcr_population,2025-12-31,2026-08-19T14:21:59Z,2026-08-19
SYR,Syrian Arab Rep.,1994,7087,0,0,0,0,6,0,,0,unhcr_population,2025-12-31,2026-08-19T14:21:59Z,2026-08-19
SYR,Syrian Arab Rep.,1995,7995,0,0,0,0,0,0,,0,unhcr_population,2025-12-31,2026-08-19T14:21:59Z,2026-08-19
SYR,Syrian Arab Rep.,1996,8611,0,0,0,0,0,0,,0,unhcr_population,2025-12-31,2026-08-19T14:21:59Z,2026-08-19
SYR,Syrian Arab Rep.,1997,8653,0,0,0,0,0,0,,0,unhcr_population,2025-12-31,2026-08-19T14:21:59Z,2026-08-19
SYR,Syrian Arab Rep.,1998,8132,0,0,0,0,0,0,,0,unhcr_population,2025-12-31,2026-08-19T14:21:59Z,2026-08-19
SYR,Syrian Arab Rep.,1999,6693,0,0,0,0,0,0,,0,unhcr_population,2025-12-31,2026-08-19T14:21:59Z,2026-08-19
SYR,Syrian Arab Rep.,2000,5868,3730,0,0,0,0,0,,0,unhcr_population,2025-12-31,2026-08-19T14:21:59Z,2026-08-19
SYR,Syrian Arab Rep.,2001,4861,3853,0,0,0,0,0,,0,unhcr_population,2025-12-31,2026-08-19T14:21:59Z,2026-08-19
SYR,Syrian Arab Rep.,2002,18908,4264,0,0,0,0,0,,0,unhcr_population,2025-12-31,2026-08-19T14:21:59Z,2026-08-19
SYR,Syrian Arab Rep.,2003,20816,3548,0,0,0,0,0,,0,unhcr_population,2025-12-31,2026-08-19T14:21:59Z,2026-08-19
SYR,Syrian Arab Rep.,2004,21430,3781,0,0,0,158,0,,0,unhcr_population,2025-12-31,2026-08-19T14:21:59Z,2026-08-19
SYR,Syrian Arab Rep.,2005,16395,6992,0,0,0,18,0,,0,unhcr_population,2025-12-31,2026-08-19T14:21:59Z,2026-08-19
SYR,Syrian Arab Rep.,2006,12327,7493,0,0,0,5,0,,0,unhcr_population,2025-12-31,2026-08-19T14:21:59Z,2026-08-19
SYR,Syrian Arab Rep.,2007,13684,6849,0,0,0,26,0,,0,unhcr_population,2025-12-31,2026-08-19T14:21:59Z,2026-08-19
SYR,Syrian Arab Rep.,2008,15206,5978,0,0,0,8,0,,0,unhcr_population,2025-12-31,2026-08-19T14:21:59Z,2026-08-19
SYR,Syrian Arab Rep.,2009,17915,5559,0,0,0,0,0,,0,unhcr_population,2025-12-31,2026-08-19T14:21:59Z,2026-08-19
SYR,Syrian Arab Rep.,2010,18451,9739,0,0,0,0,0,,0,unhcr_population,2025-12-31,2026-08-19T14:21:59Z,2026-08-19
SYR,Syrian Arab Rep.,2011,19931,14441,0,0,14110,0,0,,0,unhcr_population,2025-12-31,2026-08-19T14:21:59Z,2026-08-19
SYR,Syrian Arab Rep.,2012,729011,26016,2016500,0,6900,68573,0,,0,unhcr_population,2025-12-31,2026-08-19T14:21:59Z,2026-08-19
SYR,Syrian Arab Rep.,2013,2468323,41019,6520800,0,9400,140761,0,,0,unhcr_population,2025-12-31,2026-08-19T14:21:59Z,2026-08-19
SYR,Syrian Arab Rep.,2014,3887490,79649,7632500,0,1992,0,0,,0,unhcr_population,2025-12-31,2026-08-19T14:21:59Z,2026-08-19
SYR,Syrian Arab Rep.,2015,4873236,245857,6563462,0,8247,188,0,,0,unhcr_population,2025-12-31,2026-08-19T14:21:59Z,2026-08-19
SYR,Syrian Arab Rep.,2016,5524511,184337,6325978,0,8516,0,600000,,0,unhcr_population,2025-12-31,2026-08-19T14:21:59Z,2026-08-19
SYR,Syrian Arab Rep.,2017,6310498,147179,6150005,0,8596,77212,597152,,0,unhcr_population,2025-12-31,2026-08-19T14:21:59Z,2026-08-19
SYR,Syrian Arab Rep.,2018,6654374,139576,6183920,0,8453,210946,0,,0,unhcr_population,2025-12-31,2026-08-19T14:21:59Z,2026-08-19
SYR,Syrian Arab Rep.,2019,6615249,118450,6146994,0,7612,94981,477360,,0,unhcr_population,2025-12-31,2026-08-19T14:21:59Z,2026-08-19
SYR,Syrian Arab Rep.,2020,6702910,107085,6701972,0,7821,38563,69454,,0,unhcr_population,2025-12-31,2026-08-19T14:21:59Z,2026-08-19
SYR,Syrian Arab Rep.,2021,6848865,139754,6865308,0,3132,36486,74251,,0,unhcr_population,2025-12-31,2026-08-19T14:21:59Z,2026-08-19
SYR,Syrian Arab Rep.,2022,6559736,156616,6780994,0,3522,51299,255093,,15209720,unhcr_population,2025-12-31,2026-08-19T14:21:59Z,2026-08-19
SYR,Syrian Arab Rep.,2023,6355788,182954,7248188,0,6626,37552,155325,,16041461,unhcr_population,2025-12-31,2026-08-19T14:21:59Z,2026-08-19
SYR,Syrian Arab Rep.,2024,5952174,167334,7408909,0,3416,512718,513896,,16471143,unhcr_population,2025-12-31,2026-08-19T14:21:59Z,2026-08-19
SYR,Syrian Arab Rep.,2025,4865764,154355,5542227,0,5940,1341148,1964201,,16504958,unhcr_population,2025-12-31,2026-08-19T14:21:59Z,2026-08-19
TCA,Turks and Caicos Islands,2002,0,5,0,0,0,0,0,,0,unhcr_population,2025-12-31,2026-08-19T14:21:59Z,2026-08-19
TCA,Turks and Caicos Islands,2003,0,5,0,0,0,0,0,,0,unhcr_population,2025-12-31,2026-08-19T14:21:59Z,2026-08-19
TCA,Turks and Caicos Islands,2011,14,6,0,0,0,0,0,,0,unhcr_population,2025-12-31,2026-08-19T14:21:59Z,2026-08-19
TCA,Turks and Caicos Islands,2012,14,9,0,0,0,0,0,,0,unhcr_population,2025-12-31,2026-08-19T14:21:59Z,2026-08-19
TCA,Turks and Caicos Islands,2013,15,5,0,0,0,0,0,,0,unhcr_population,2025-12-31,2026-08-19T14:21:59Z,2026-08-19
TCA,Turks and Caicos Islands,2014,15,0,0,0,0,0,0,,0,unhcr_population,2025-12-31,2026-08-19T14:21:59Z,2026-08-19
TCA,Turks and Caicos Islands,2015,14,0,0,0,0,0,0,,0,unhcr_population,2025-12-31,2026-08-19T14:21:59Z,2026-08-19
TCA,Turks and Caicos Islands,2016,14,5,0,0,0,0,0,,0,unhcr_population,2025-12-31,2026-08-19T14:21:59Z,2026-08-19
TCA,Turks and Caicos Islands,2017,14,5,0,0,0,0,0,,0,unhcr_population,2025-12-31,2026-08-19T14:21:59Z,2026-08-19
TCA,Turks and Caicos Islands,2018,14,0,0,0,0,0,0,,0,unhcr_population,2025-12-31,2026-08-19T14:21:59Z,2026-08-19
TCA,Turks and Caicos Islands,2019,14,0,0,0,0,0,0,,0,unhcr_population,2025-12-31,2026-08-19T14:21:59Z,2026-08-19
TCA,Turks and Caicos Islands,2020,14,5,0,0,0,0,0,,0,unhcr_population,2025-12-31,2026-08-19T14:21:59Z,2026-08-19
TCA,Turks and Caicos Islands,2021,14,5,0,0,0,0,0,,0,unhcr_population,2025-12-31,2026-08-19T14:21:59Z,2026-08-19
TCA,Turks and Caicos Islands,2022,19,11,0,0,0,0,0,,0,unhcr_population,2025-12-31,2026-08-19T14:21:59Z,2026-08-19
TCA,Turks and Caicos Islands,2023,19,6,0,0,0,0,0,,0,unhcr_population,2025-12-31,2026-08-19T14:21:59Z,2026-08-19
TCA,Turks and Caicos Islands,2024,14,6,0,0,0,0,0,,0,unhcr_population,2025-12-31,2026-08-19T14:21:59Z,2026-08-19
TCA,Turks and Caicos Islands,2025,14,6,0,0,0,0,0,,0,unhcr_population,2025-12-31,2026-08-19T14:21:59Z,2026-08-19
TCD,Chad,1970,1900,0,0,0,0,0,0,,0,unhcr_population,2025-12-31,2026-08-19T14:21:59Z,2026-08-19
TCD,Chad,1971,1400,0,0,0,0,0,0,,0,unhcr_population,2025-12-31,2026-08-19T14:21:59Z,2026-08-19
TCD,Chad,1972,1500,0,0,0,0,0,0,,0,unhcr_population,2025-12-31,2026-08-19T14:21:59Z,2026-08-19
TCD,Chad,1973,1500,0,0,0,0,0,0,,0,unhcr_population,2025-12-31,2026-08-19T14:21:59Z,2026-08-19
TCD,Chad,1979,10000,0,0,0,0,0,0,,0,unhcr_population,2025-12-31,2026-08-19T14:21:59Z,2026-08-19
TCD,Chad,1980,221000,0,0,0,0,0,0,,0,unhcr_population,2025-12-31,2026-08-19T14:21:59Z,2026-08-19
TCD,Chad,1981,234260,0,0,0,0,113140,0,,0,unhcr_population,2025-12-31,2026-08-19T14:21:59Z,2026-08-19
TCD,Chad,1982,17010,0,0,0,0,153940,0,,0,unhcr_population,2025-12-31,2026-08-19T14:21:59Z,2026-08-19
TCD,Chad,1983,16745,0,0,0,0,60,0,,0,unhcr_population,2025-12-31,2026-08-19T14:21:59Z,2026-08-19
TCD,Chad,1984,181346,0,0,0,0,5210,0,,0,unhcr_population,2025-12-31,2026-08-19T14:21:59Z,2026-08-19
TCD,Chad,1985,212158,0,0,0,0,89450,0,,0,unhcr_population,2025-12-31,2026-08-19T14:21:59Z,2026-08-19
TCD,Chad,1986,170078,0,0,0,0,44150,0,,0,unhcr_population,2025-12-31,2026-08-19T14:21:59Z,2026-08-19
TCD,Chad,1987,146858,0,0,0,0,10210,0,,0,unhcr_population,2025-12-31,2026-08-19T14:21:59Z,2026-08-19
TCD,Chad,1988,130790,0,0,0,0,4230,0,,0,unhcr_population,2025-12-31,2026-08-19T14:21:59Z,2026-08-19
TCD,Chad,1989,125863,0,0,0,0,4920,0,,0,unhcr_population,2025-12-31,2026-08-19T14:21:59Z,2026-08-19
TCD,Chad,1990,184804,0,0,0,0,5890,0,,0,unhcr_population,2025-12-31,2026-08-19T14:21:59Z,2026-08-19
TCD,Chad,1991,72317,0,0,0,0,57370,0,,0,unhcr_population,2025-12-31,2026-08-19T14:21:59Z,2026-08-19
TCD,Chad,1992,66378,0,0,0,0,9810,0,,0,unhcr_population,2025-12-31,2026-08-19T14:21:59Z,2026-08-19
TCD,Chad,1993,212923,0,0,0,0,6343,0,,0,unhcr_population,2025-12-31,2026-08-19T14:21:59Z,2026-08-19
TCD,Chad,1994,211968,0,0,0,0,384,0,,0,unhcr_population,2025-12-31,2026-08-19T14:21:59Z,2026-08-19
TCD,Chad,1995,59726,0,0,0,0,10284,0,,0,unhcr_population,2025-12-31,2026-08-19T14:21:59Z,2026-08-19
TCD,Chad,1996,58443,0,0,0,0,2187,0,,0,unhcr_population,2025-12-31,2026-08-19T14:21:59Z,2026-08-19
TCD,Chad,1997,55026,0,0,0,0,2611,0,,0,unhcr_population,2025-12-31,2026-08-19T14:21:59Z,2026-08-19
TCD,Chad,1998,61294,0,0,0,0,1167,0,,0,unhcr_population,2025-12-31,2026-08-19T14:21:59Z,2026-08-19
TCD,Chad,1999,58792,0,0,0,0,2126,0,,0,unhcr_population,2025-12-31,2026-08-19T14:21:59Z,2026-08-19
TCD,Chad,2000,54955,2422,0,0,0,2617,0,,0,unhcr_population,2025-12-31,2026-08-19T14:21:59Z,2026-08-19
TCD,Chad,2001,46282,2992,0,0,0,3707,0,,0,unhcr_population,2025-12-31,2026-08-19T14:21:59Z,2026-08-19
TCD,Chad,2002,47340,2436,0,0,0,51,0,,0,unhcr_population,2025-12-31,2026-08-19T14:21:59Z,2026-08-19
TCD,Chad,2003,52268,2319,0,0,0,596,0,,0,unhcr_population,2025-12-31,2026-08-19T14:21:59Z,2026-08-19
TCD,Chad,2004,52645,2540,0,0,0,185,0,,0,unhcr_population,2025-12-31,2026-08-19T14:21:59Z,2026-08-19
TCD,Chad,2005,48389,3109,0,0,3000,1444,0,,0,unhcr_population,2025-12-31,2026-08-19T14:21:59Z,2026-08-19
TCD,Chad,2006,36286,3430,112686,0,0,18,0,,0,unhcr_population,2025-12-31,2026-08-19T14:21:59Z,2026-08-19
TCD,Chad,2007,55697,2668,178918,0,0,39,0,,0,unhcr_population,2025-12-31,2026-08-19T14:21:59Z,2026-08-19
TCD,Chad,2008,55083,3340,166718,0,0,4414,37615,,0,unhcr_population,2025-12-31,2026-08-19T14:21:59Z,2026-08-19
TCD,Chad,2009,54997,2311,170531,0,0,1799,20771,,0,unhcr_population,2025-12-31,2026-08-19T14:21:59Z,2026-08-19
TCD,Chad,2010,53713,2664,131000,0,0,39,50000,,0,unhcr_population,2025-12-31,2026-08-19T14:21:59Z,2026-08-19
TCD,Chad,2011,42619,3122,124000,0,0,73,7000,,0,unhcr_population,2025-12-31,2026-08-19T14:21:59Z,2026-08-19
TCD,Chad,2012,39674,3758,90000,0,0,1723,35000,,0,unhcr_population,2025-12-31,2026-08-19T14:21:59Z,2026-08-19
TCD,Chad,2013,48618,3844,19791,0,0,389,0,,0,unhcr_population,2025-12-31,2026-08-19T14:21:59Z,2026-08-19
TCD,Chad,2014,48236,3296,0,0,35000,369,0,,0,unhcr_population,2025-12-31,2026-08-19T14:21:59Z,2026-08-19
TCD,Chad,2015,14921,3267,51999,0,30000,38,0,,0,unhcr_population,2025-12-31,2026-08-19T14:21:59Z,2026-08-19
TCD,Chad,2016,14176,3178,124342,0,16718,26,0,,0,unhcr_population,2025-12-31,2026-08-19T14:21:59Z,2026-08-19
TCD,Chad,2017,16325,3105,99983,0,37317,970,0,,0,unhcr_population,2025-12-31,2026-08-19T14:21:59Z,2026-08-19
TCD,Chad,2018,10895,4401,165314,0,16724,6352,0,,0,unhcr_population,2025-12-31,2026-08-19T14:21:59Z,2026-08-19
TCD,Chad,2019,11163,5335,170278,0,122367,306,0,,0,unhcr_population,2025-12-31,2026-08-19T14:21:59Z,2026-08-19
TCD,Chad,2020,10388,6224,336124,0,99842,0,0,,0,unhcr_population,2025-12-31,2026-08-19T14:21:59Z,2026-08-19
TCD,Chad,2021,11771,7572,406573,0,107029,8,0,,0,unhcr_population,2025-12-31,2026-08-19T14:21:59Z,2026-08-19
TCD,Chad,2022,12811,7091,381289,0,101667,8,0,,0,unhcr_population,2025-12-31,2026-08-19T14:21:59Z,2026-08-19
TCD,Chad,2023,10196,40745,215928,0,100648,0,0,,0,unhcr_population,2025-12-31,2026-08-19T14:21:59Z,2026-08-19
TCD,Chad,2024,14617,28234,220610,0,317401,12,0,,0,unhcr_population,2025-12-31,2026-08-19T14:21:59Z,2026-08-19
TCD,Chad,2025,15281,17111,219595,0,449741,29,24165,,0,unhcr_population,2025-12-31,2026-08-19T14:21:59Z,2026-08-19
TGO,Togo,1985,5,0,0,0,0,0,0,,0,unhcr_population,2025-12-31,2026-08-19T14:21:59Z,2026-08-19
TGO,Togo,1986,5,0,0,0,0,0,0,,0,unhcr_population,2025-12-31,2026-08-19T14:21:59Z,2026-08-19
TGO,Togo,1987,5,0,0,0,0,0,0,,0,unhcr_population,2025-12-31,2026-08-19T14:21:59Z,2026-08-19
TGO,Togo,1988,5,0,0,0,0,0,0,,0,unhcr_population,2025-12-31,2026-08-19T14:21:59Z,2026-08-19
TGO,Togo,1989,5,0,0,0,0,0,0,,0,unhcr_population,2025-12-31,2026-08-19T14:21:59Z,2026-08-19
TGO,Togo,1990,5,0,0,0,0,0,0,,0,unhcr_population,2025-12-31,2026-08-19T14:21:59Z,2026-08-19
TGO,Togo,1991,17,0,0,0,0,0,0,,0,unhcr_population,2025-12-31,2026-08-19T14:21:59Z,2026-08-19
TGO,Togo,1992,105,0,0,0,0,0,0,,0,unhcr_population,2025-12-31,2026-08-19T14:21:59Z,2026-08-19
TGO,Togo,1993,291055,0,0,0,0,377,0,,0,unhcr_population,2025-12-31,2026-08-19T14:21:59Z,2026-08-19
TGO,Togo,1994,167866,0,0,0,0,126344,0,,0,unhcr_population,2025-12-31,2026-08-19T14:21:59Z,2026-08-19
TGO,Togo,1995,93152,0,0,0,0,78839,0,,0,unhcr_population,2025-12-31,2026-08-19T14:21:59Z,2026-08-19
TGO,Togo,1996,25587,0,0,0,0,66291,0,,0,unhcr_population,2025-12-31,2026-08-19T14:21:59Z,2026-08-19
TGO,Togo,1997,7182,0,0,0,0,12358,0,,0,unhcr_population,2025-12-31,2026-08-19T14:21:59Z,2026-08-19
TGO,Togo,1998,3500,0,0,0,0,494,0,,0,unhcr_population,2025-12-31,2026-08-19T14:21:59Z,2026-08-19
TGO,Togo,1999,3695,0,0,0,0,0,0,,0,unhcr_population,2025-12-31,2026-08-19T14:21:59Z,2026-08-19
TGO,Togo,2000,4022,1277,0,0,0,0,0,,0,unhcr_population,2025-12-31,2026-08-19T14:21:59Z,2026-08-19
TGO,Togo,2001,4356,1965,0,0,0,0,0,,0,unhcr_population,2025-12-31,2026-08-19T14:21:59Z,2026-08-19
TGO,Togo,2002,10441,2778,0,0,0,0,0,,0,unhcr_population,2025-12-31,2026-08-19T14:21:59Z,2026-08-19
TGO,Togo,2003,10609,5721,0,0,0,9,0,,0,unhcr_population,2025-12-31,2026-08-19T14:21:59Z,2026-08-19
TGO,Togo,2004,10818,5456,0,0,0,120,0,,0,unhcr_population,2025-12-31,2026-08-19T14:21:59Z,2026-08-19
TGO,Togo,2005,51092,7466,3000,0,0,0,6000,,0,unhcr_population,2025-12-31,2026-08-19T14:21:59Z,2026-08-19
TGO,Togo,2006,27318,6588,0,0,0,7918,3000,,0,unhcr_population,2025-12-31,2026-08-19T14:21:59Z,2026-08-19
TGO,Togo,2007,22481,1301,0,0,0,3396,0,,0,unhcr_population,2025-12-31,2026-08-19T14:21:59Z,2026-08-19
TGO,Togo,2008,16734,1119,0,0,0,4798,0,,0,unhcr_population,2025-12-31,2026-08-19T14:21:59Z,2026-08-19
TGO,Togo,2009,18363,959,0,0,0,284,0,,0,unhcr_population,2025-12-31,2026-08-19T14:21:59Z,2026-08-19
TGO,Togo,2010,18308,1023,0,0,0,35,0,,0,unhcr_population,2025-12-31,2026-08-19T14:21:59Z,2026-08-19
TGO,Togo,2011,17853,2974,0,0,0,73,0,,0,unhcr_population,2025-12-31,2026-08-19T14:21:59Z,2026-08-19
TGO,Togo,2012,15683,3018,0,0,0,91,0,,0,unhcr_population,2025-12-31,2026-08-19T14:21:59Z,2026-08-19
TGO,Togo,2013,10301,1508,0,0,0,113,0,,0,unhcr_population,2025-12-31,2026-08-19T14:21:59Z,2026-08-19
TGO,Togo,2014,9271,1691,0,0,0,27,0,,0,unhcr_population,2025-12-31,2026-08-19T14:21:59Z,2026-08-19
TGO,Togo,2015,8774,2128,0,0,0,6,0,,0,unhcr_population,2025-12-31,2026-08-19T14:21:59Z,2026-08-19
TGO,Togo,2016,8296,2645,0,0,0,5,0,,0,unhcr_population,2025-12-31,2026-08-19T14:21:59Z,2026-08-19
TGO,Togo,2017,8115,3762,0,0,0,0,0,,0,unhcr_population,2025-12-31,2026-08-19T14:21:59Z,2026-08-19
TGO,Togo,2018,8029,3546,0,0,0,0,0,,0,unhcr_population,2025-12-31,2026-08-19T14:21:59Z,2026-08-19
TGO,Togo,2019,8034,3380,0,0,0,30,0,,0,unhcr_population,2025-12-31,2026-08-19T14:21:59Z,2026-08-19
TGO,Togo,2020,7704,3330,0,0,0,5,0,,0,unhcr_population,2025-12-31,2026-08-19T14:21:59Z,2026-08-19
TGO,Togo,2021,7985,2984,0,0,25,6,0,,0,unhcr_population,2025-12-31,2026-08-19T14:21:59Z,2026-08-19
TGO,Togo,2022,7871,2889,0,0,0,0,0,,0,unhcr_population,2025-12-31,2026-08-19T14:21:59Z,2026-08-19
TGO,Togo,2023,7955,8192,9680,0,0,0,0,,0,unhcr_population,2025-12-31,2026-08-19T14:21:59Z,2026-08-19
TGO,Togo,2024,12685,5251,9680,0,0,0,0,,0,unhcr_population,2025-12-31,2026-08-19T14:21:59Z,2026-08-19
TGO,Togo,2025,12661,5334,10171,0,22,0,0,,0,unhcr_population,2025-12-31,2026-08-19T14:21:59Z,2026-08-19
THA,Thailand,1990,18,0,0,0,0,0,0,,0,unhcr_population,2025-12-31,2026-08-19T14:21:59Z,2026-08-19
THA,Thailand,1991,29,0,0,0,0,0,0,,0,unhcr_population,2025-12-31,2026-08-19T14:21:59Z,2026-08-19
THA,Thailand,1992,33,0,0,0,0,0,0,,0,unhcr_population,2025-12-31,2026-08-19T14:21:59Z,2026-08-19
THA,Thailand,1993,33,0,0,0,0,0,0,,0,unhcr_population,2025-12-31,2026-08-19T14:21:59Z,2026-08-19
THA,Thailand,1994,135,0,0,0,0,0,0,,0,unhcr_population,2025-12-31,2026-08-19T14:21:59Z,2026-08-19
THA,Thailand,1995,209,0,0,0,0,0,0,,0,unhcr_population,2025-12-31,2026-08-19T14:21:59Z,2026-08-19
THA,Thailand,1996,282,0,0,0,0,0,0,,0,unhcr_population,2025-12-31,2026-08-19T14:21:59Z,2026-08-19
THA,Thailand,1997,268,0,0,0,0,0,0,,0,unhcr_population,2025-12-31,2026-08-19T14:21:59Z,2026-08-19
THA,Thailand,1998,290,0,0,0,0,0,0,,0,unhcr_population,2025-12-31,2026-08-19T14:21:59Z,2026-08-19
THA,Thailand,1999,315,0,0,0,0,0,0,,0,unhcr_population,2025-12-31,2026-08-19T14:21:59Z,2026-08-19
THA,Thailand,2000,213,139,0,0,0,0,0,,0,unhcr_population,2025-12-31,2026-08-19T14:21:59Z,2026-08-19
THA,Thailand,2001,90,156,0,0,0,0,0,,0,unhcr_population,2025-12-31,2026-08-19T14:21:59Z,2026-08-19
THA,Thailand,2002,342,250,0,0,0,0,0,,0,unhcr_population,2025-12-31,2026-08-19T14:21:59Z,2026-08-19
THA,Thailand,2003,295,155,0,0,0,0,0,,0,unhcr_population,2025-12-31,2026-08-19T14:21:59Z,2026-08-19
THA,Thailand,2004,320,90,0,0,0,0,0,,0,unhcr_population,2025-12-31,2026-08-19T14:21:59Z,2026-08-19
THA,Thailand,2005,424,214,0,0,7,0,0,,0,unhcr_population,2025-12-31,2026-08-19T14:21:59Z,2026-08-19
THA,Thailand,2006,3323,201,0,0,0,0,0,,0,unhcr_population,2025-12-31,2026-08-19T14:21:59Z,2026-08-19
THA,Thailand,2007,2322,363,0,0,0,0,0,,0,unhcr_population,2025-12-31,2026-08-19T14:21:59Z,2026-08-19
THA,Thailand,2008,1811,406,0,0,5,0,0,,0,unhcr_population,2025-12-31,2026-08-19T14:21:59Z,2026-08-19
THA,Thailand,2009,498,392,0,0,0,0,0,,0,unhcr_population,2025-12-31,2026-08-19T14:21:59Z,2026-08-19
THA,Thailand,2010,351,217,0,0,0,0,0,,0,unhcr_population,2025-12-31,2026-08-19T14:21:59Z,2026-08-19
THA,Thailand,2011,365,175,0,0,0,0,0,,0,unhcr_population,2025-12-31,2026-08-19T14:21:59Z,2026-08-19
THA,Thailand,2012,378,172,0,0,0,0,0,,0,unhcr_population,2025-12-31,2026-08-19T14:21:59Z,2026-08-19
THA,Thailand,2013,220,173,0,0,0,0,0,,0,unhcr_population,2025-12-31,2026-08-19T14:21:59Z,2026-08-19
THA,Thailand,2014,223,410,0,0,0,0,0,,0,unhcr_population,2025-12-31,2026-08-19T14:21:59Z,2026-08-19
THA,Thailand,2015,209,833,0,0,0,0,0,,0,unhcr_population,2025-12-31,2026-08-19T14:21:59Z,2026-08-19
THA,Thailand,2016,147,950,0,0,0,0,0,,0,unhcr_population,2025-12-31,2026-08-19T14:21:59Z,2026-08-19
THA,Thailand,2017,164,1333,0,0,0,0,0,,0,unhcr_population,2025-12-31,2026-08-19T14:21:59Z,2026-08-19
THA,Thailand,2018,183,2792,0,0,0,0,0,,0,unhcr_population,2025-12-31,2026-08-19T14:21:59Z,2026-08-19
THA,Thailand,2019,173,3531,0,0,0,0,0,,0,unhcr_population,2025-12-31,2026-08-19T14:21:59Z,2026-08-19
THA,Thailand,2020,174,3760,0,0,0,0,0,,0,unhcr_population,2025-12-31,2026-08-19T14:21:59Z,2026-08-19
THA,Thailand,2021,181,3230,0,0,0,0,0,,0,unhcr_population,2025-12-31,2026-08-19T14:21:59Z,2026-08-19
THA,Thailand,2022,210,3203,0,0,0,0,0,,0,unhcr_population,2025-12-31,2026-08-19T14:21:59Z,2026-08-19
THA,Thailand,2023,222,3371,0,0,0,0,0,,0,unhcr_population,2025-12-31,2026-08-19T14:21:59Z,2026-08-19
THA,Thailand,2024,300,4022,0,0,0,0,0,,0,unhcr_population,2025-12-31,2026-08-19T14:21:59Z,2026-08-19
THA,Thailand,2025,327,2656,0,0,0,0,0,,0,unhcr_population,2025-12-31,2026-08-19T14:21:59Z,2026-08-19
TIB,Tibetan,1964,51000,0,0,0,0,0,0,,0,unhcr_population,2025-12-31,2026-08-19T14:21:59Z,2026-08-19
TIB,Tibetan,1965,52000,0,0,0,0,0,0,,0,unhcr_population,2025-12-31,2026-08-19T14:21:59Z,2026-08-19
TIB,Tibetan,1966,52000,0,0,0,0,0,0,,0,unhcr_population,2025-12-31,2026-08-19T14:21:59Z,2026-08-19
TIB,Tibetan,1967,57180,0,0,0,0,0,0,,0,unhcr_population,2025-12-31,2026-08-19T14:21:59Z,2026-08-19
TIB,Tibetan,1968,62730,0,0,0,0,0,0,,0,unhcr_population,2025-12-31,2026-08-19T14:21:59Z,2026-08-19
TIB,Tibetan,1969,64140,0,0,0,0,0,0,,0,unhcr_population,2025-12-31,2026-08-19T14:21:59Z,2026-08-19
TIB,Tibetan,1970,64560,0,0,0,0,0,0,,0,unhcr_population,2025-12-31,2026-08-19T14:21:59Z,2026-08-19
TIB,Tibetan,1971,64110,0,0,0,0,0,0,,0,unhcr_population,2025-12-31,2026-08-19T14:21:59Z,2026-08-19
TIB,Tibetan,1972,65680,0,0,0,0,0,0,,0,unhcr_population,2025-12-31,2026-08-19T14:21:59Z,2026-08-19
TIB,Tibetan,1973,66840,0,0,0,0,0,0,,0,unhcr_population,2025-12-31,2026-08-19T14:21:59Z,2026-08-19
TIB,Tibetan,1974,68000,0,0,0,0,0,0,,0,unhcr_population,2025-12-31,2026-08-19T14:21:59Z,2026-08-19
TIB,Tibetan,1975,8200,0,0,0,0,0,0,,0,unhcr_population,2025-12-31,2026-08-19T14:21:59Z,2026-08-19
TIB,Tibetan,1976,8300,0,0,0,0,0,0,,0,unhcr_population,2025-12-31,2026-08-19T14:21:59Z,2026-08-19
TIB,Tibetan,1977,8400,0,0,0,0,0,0,,0,unhcr_population,2025-12-31,2026-08-19T14:21:59Z,2026-08-19
TIB,Tibetan,1978,8500,0,0,0,0,0,0,,0,unhcr_population,2025-12-31,2026-08-19T14:21:59Z,2026-08-19
TIB,Tibetan,1979,8600,0,0,0,0,0,0,,0,unhcr_population,2025-12-31,2026-08-19T14:21:59Z,2026-08-19
TIB,Tibetan,1980,8700,0,0,0,0,0,0,,0,unhcr_population,2025-12-31,2026-08-19T14:21:59Z,2026-08-19
TIB,Tibetan,1981,8800,0,0,0,0,0,0,,0,unhcr_population,2025-12-31,2026-08-19T14:21:59Z,2026-08-19
TIB,Tibetan,1982,9800,0,0,0,0,0,0,,0,unhcr_population,2025-12-31,2026-08-19T14:21:59Z,2026-08-19
TIB,Tibetan,1983,10800,0,0,0,0,0,0,,0,unhcr_population,2025-12-31,2026-08-19T14:21:59Z,2026-08-19
TIB,Tibetan,1984,11800,0,0,0,0,0,0,,0,unhcr_population,2025-12-31,2026-08-19T14:21:59Z,2026-08-19
TIB,Tibetan,1985,12800,0,0,0,0,0,0,,0,unhcr_population,2025-12-31,2026-08-19T14:21:59Z,2026-08-19
TIB,Tibetan,1986,13800,0,0,0,0,0,0,,0,unhcr_population,2025-12-31,2026-08-19T14:21:59Z,2026-08-19
TIB,Tibetan,1987,14800,0,0,0,0,0,0,,0,unhcr_population,2025-12-31,2026-08-19T14:21:59Z,2026-08-19
TIB,Tibetan,1988,15800,0,0,0,0,0,0,,0,unhcr_population,2025-12-31,2026-08-19T14:21:59Z,2026-08-19
TIB,Tibetan,1989,16800,0,0,0,0,0,0,,0,unhcr_population,2025-12-31,2026-08-19T14:21:59Z,2026-08-19
TIB,Tibetan,1990,17800,0,0,0,0,0,0,,0,unhcr_population,2025-12-31,2026-08-19T14:21:59Z,2026-08-19
TIB,Tibetan,1991,18800,0,0,0,0,0,0,,0,unhcr_population,2025-12-31,2026-08-19T14:21:59Z,2026-08-19
TIB,Tibetan,1992,19800,0,0,0,0,0,0,,0,unhcr_population,2025-12-31,2026-08-19T14:21:59Z,2026-08-19
TIB,Tibetan,1993,21132,0,0,0,0,0,0,,0,unhcr_population,2025-12-31,2026-08-19T14:21:59Z,2026-08-19
TIB,Tibetan,1994,21164,0,0,0,0,0,0,,0,unhcr_population,2025-12-31,2026-08-19T14:21:59Z,2026-08-19
TIB,Tibetan,1995,20035,0,0,0,0,0,0,,0,unhcr_population,2025-12-31,2026-08-19T14:21:59Z,2026-08-19
TIB,Tibetan,1996,20037,0,0,0,0,0,0,,0,unhcr_population,2025-12-31,2026-08-19T14:21:59Z,2026-08-19
TIB,Tibetan,1997,20506,0,0,0,0,0,0,,0,unhcr_population,2025-12-31,2026-08-19T14:21:59Z,2026-08-19
TIB,Tibetan,1998,21230,0,0,0,0,0,0,,0,unhcr_population,2025-12-31,2026-08-19T14:21:59Z,2026-08-19
TIB,Tibetan,1999,21041,0,0,0,0,0,0,,0,unhcr_population,2025-12-31,2026-08-19T14:21:59Z,2026-08-19
TIB,Tibetan,2000,20969,0,0,0,0,0,0,,0,unhcr_population,2025-12-31,2026-08-19T14:21:59Z,2026-08-19
TIB,Tibetan,2001,20721,0,0,0,0,0,0,,0,unhcr_population,2025-12-31,2026-08-19T14:21:59Z,2026-08-19
TIB,Tibetan,2002,20631,0,0,0,0,0,0,,0,unhcr_population,2025-12-31,2026-08-19T14:21:59Z,2026-08-19
TIB,Tibetan,2003,20038,0,0,0,704,0,0,,0,unhcr_population,2025-12-31,2026-08-19T14:21:59Z,2026-08-19
TIB,Tibetan,2004,20038,0,0,0,737,0,0,,0,unhcr_population,2025-12-31,2026-08-19T14:21:59Z,2026-08-19
TIB,Tibetan,2005,20198,8,0,0,928,0,0,,0,unhcr_population,2025-12-31,2026-08-19T14:21:59Z,2026-08-19
TIB,Tibetan,2006,20184,0,0,0,387,0,0,,0,unhcr_population,2025-12-31,2026-08-19T14:21:59Z,2026-08-19
TIB,Tibetan,2007,20170,0,0,0,141,0,0,,0,unhcr_population,2025-12-31,2026-08-19T14:21:59Z,2026-08-19
TIB,Tibetan,2008,20080,0,0,0,59,0,0,,0,unhcr_population,2025-12-31,2026-08-19T14:21:59Z,2026-08-19
TIB,Tibetan,2009,20080,0,0,0,109,0,0,,0,unhcr_population,2025-12-31,2026-08-19T14:21:59Z,2026-08-19
TIB,Tibetan,2010,15081,0,0,0,143,0,0,,0,unhcr_population,2025-12-31,2026-08-19T14:21:59Z,2026-08-19
TIB,Tibetan,2011,15065,0,0,0,128,0,0,,0,unhcr_population,2025-12-31,2026-08-19T14:21:59Z,2026-08-19
TIB,Tibetan,2012,15000,0,0,0,0,0,0,,0,unhcr_population,2025-12-31,2026-08-19T14:21:59Z,2026-08-19
TIB,Tibetan,2013,15065,5,0,0,14,0,0,,0,unhcr_population,2025-12-31,2026-08-19T14:21:59Z,2026-08-19
TIB,Tibetan,2014,15066,10,0,0,5,0,0,,0,unhcr_population,2025-12-31,2026-08-19T14:21:59Z,2026-08-19
TIB,Tibetan,2015,15069,10,0,0,6,0,0,,0,unhcr_population,2025-12-31,2026-08-19T14:21:59Z,2026-08-19
TIB,Tibetan,2016,13536,10,0,0,0,0,0,,0,unhcr_population,2025-12-31,2026-08-19T14:21:59Z,2026-08-19
TIB,Tibetan,2017,13531,12,0,0,8,0,0,,0,unhcr_population,2025-12-31,2026-08-19T14:21:59Z,2026-08-19
TIB,Tibetan,2018,13527,0,0,0,0,0,0,,0,unhcr_population,2025-12-31,2026-08-19T14:21:59Z,2026-08-19
TIB,Tibetan,2019,12555,0,0,0,0,0,0,,0,unhcr_population,2025-12-31,2026-08-19T14:21:59Z,2026-08-19
TIB,Tibetan,2020,12561,0,0,0,7,0,0,,0,unhcr_population,2025-12-31,2026-08-19T14:21:59Z,2026-08-19
TIB,Tibetan,2021,12593,0,0,0,0,0,0,,0,unhcr_population,2025-12-31,2026-08-19T14:21:59Z,2026-08-19
TIB,Tibetan,2022,12555,0,0,0,5,0,0,,0,unhcr_population,2025-12-31,2026-08-19T14:21:59Z,2026-08-19
TIB,Tibetan,2023,12575,0,0,0,14,0,0,,0,unhcr_population,2025-12-31,2026-08-19T14:21:59Z,2026-08-19
TIB,Tibetan,2024,12576,0,0,0,0,0,0,,0,unhcr_population,2025-12-31,2026-08-19T14:21:59Z,2026-08-19
TIB,Tibetan,2025,12581,0,0,0,0,0,0,,0,unhcr_population,2025-12-31,2026-08-19T14:21:59Z,2026-08-19
TJK,Tajikistan,1992,60008,0,0,0,0,0,0,,0,unhcr_population,2025-12-31,2026-08-19T14:21:59Z,2026-08-19
TJK,Tajikistan,1993,70108,0,520000,0,0,0,0,,0,unhcr_population,2025-12-31,2026-08-19T14:21:59Z,2026-08-19
TJK,Tajikistan,1994,57143,0,16000,0,0,18325,0,,0,unhcr_population,2025-12-31,2026-08-19T14:21:59Z,2026-08-19
TJK,Tajikistan,1995,58960,0,16700,0,0,1338,0,,0,unhcr_population,2025-12-31,2026-08-19T14:21:59Z,2026-08-19
TJK,Tajikistan,1996,107508,0,25285,0,0,6713,0,,0,unhcr_population,2025-12-31,2026-08-19T14:21:59Z,2026-08-19
TJK,Tajikistan,1997,75880,0,0,0,0,12257,0,,0,unhcr_population,2025-12-31,2026-08-19T14:21:59Z,2026-08-19
TJK,Tajikistan,1998,56350,0,0,0,1126,3785,0,,0,unhcr_population,2025-12-31,2026-08-19T14:21:59Z,2026-08-19
TJK,Tajikistan,1999,45166,0,0,0,0,4693,0,,0,unhcr_population,2025-12-31,2026-08-19T14:21:59Z,2026-08-19
TJK,Tajikistan,2000,59937,635,0,0,0,1498,0,,0,unhcr_population,2025-12-31,2026-08-19T14:21:59Z,2026-08-19
TJK,Tajikistan,2001,56107,394,0,0,0,2343,0,,0,unhcr_population,2025-12-31,2026-08-19T14:21:59Z,2026-08-19
TJK,Tajikistan,2002,63264,217,0,0,0,1428,0,,0,unhcr_population,2025-12-31,2026-08-19T14:21:59Z,2026-08-19
TJK,Tajikistan,2003,58935,200,0,0,0,265,0,,0,unhcr_population,2025-12-31,2026-08-19T14:21:59Z,2026-08-19
TJK,Tajikistan,2004,56776,157,0,0,0,80,0,,0,unhcr_population,2025-12-31,2026-08-19T14:21:59Z,2026-08-19
TJK,Tajikistan,2005,54753,152,0,0,0,38,0,,0,unhcr_population,2025-12-31,2026-08-19T14:21:59Z,2026-08-19
TJK,Tajikistan,2006,646,119,0,0,1129,142,0,,0,unhcr_population,2025-12-31,2026-08-19T14:21:59Z,2026-08-19
TJK,Tajikistan,2007,887,93,0,0,0,0,0,,0,unhcr_population,2025-12-31,2026-08-19T14:21:59Z,2026-08-19
TJK,Tajikistan,2008,541,140,0,0,0,0,0,,0,unhcr_population,2025-12-31,2026-08-19T14:21:59Z,2026-08-19
TJK,Tajikistan,2009,556,260,0,0,0,0,0,,0,unhcr_population,2025-12-31,2026-08-19T14:21:59Z,2026-08-19
TJK,Tajikistan,2010,573,324,0,0,0,0,0,,0,unhcr_population,2025-12-31,2026-08-19T14:21:59Z,2026-08-19
TJK,Tajikistan,2011,604,371,0,0,0,0,0,,0,unhcr_population,2025-12-31,2026-08-19T14:21:59Z,2026-08-19
TJK,Tajikistan,2012,669,445,0,0,0,0,0,,0,unhcr_population,2025-12-31,2026-08-19T14:21:59Z,2026-08-19
TJK,Tajikistan,2013,657,604,0,0,0,0,0,,0,unhcr_population,2025-12-31,2026-08-19T14:21:59Z,2026-08-19
TJK,Tajikistan,2014,722,838,0,0,0,0,0,,0,unhcr_population,2025-12-31,2026-08-19T14:21:59Z,2026-08-19
TJK,Tajikistan,2015,790,1451,0,0,0,0,0,,0,unhcr_population,2025-12-31,2026-08-19T14:21:59Z,2026-08-19
TJK,Tajikistan,2016,932,3198,0,0,0,0,0,,0,unhcr_population,2025-12-31,2026-08-19T14:21:59Z,2026-08-19
TJK,Tajikistan,2017,1369,3617,0,0,0,0,0,,0,unhcr_population,2025-12-31,2026-08-19T14:21:59Z,2026-08-19
TJK,Tajikistan,2018,1695,3192,0,0,0,0,0,,0,unhcr_population,2025-12-31,2026-08-19T14:21:59Z,2026-08-19
TJK,Tajikistan,2019,1987,2661,0,0,0,0,0,,0,unhcr_population,2025-12-31,2026-08-19T14:21:59Z,2026-08-19
TJK,Tajikistan,2020,2219,2459,0,0,0,0,0,,0,unhcr_population,2025-12-31,2026-08-19T14:21:59Z,2026-08-19
TJK,Tajikistan,2021,2412,2023,0,0,0,0,0,,0,unhcr_population,2025-12-31,2026-08-19T14:21:59Z,2026-08-19
TJK,Tajikistan,2022,2951,3646,0,0,0,0,0,,0,unhcr_population,2025-12-31,2026-08-19T14:21:59Z,2026-08-19
TJK,Tajikistan,2023,3720,6001,0,0,0,0,0,,0,unhcr_population,2025-12-31,2026-08-19T14:21:59Z,2026-08-19
TJK,Tajikistan,2024,4045,7945,0,0,0,0,0,,0,unhcr_population,2025-12-31,2026-08-19T14:21:59Z,2026-08-19
TJK,Tajikistan,2025,4163,6420,0,0,5,0,0,,0,unhcr_population,2025-12-31,2026-08-19T14:21:59Z,2026-08-19
TKM,Turkmenistan,1994,7,0,0,0,0,0,0,,0,unhcr_population,2025-12-31,2026-08-19T14:21:59Z,2026-08-19
TKM,Turkmenistan,1995,45,0,0,0,0,0,0,,0,unhcr_population,2025-12-31,2026-08-19T14:21:59Z,2026-08-19
TKM,Turkmenistan,1996,2936,0,0,0,0,0,0,,0,unhcr_population,2025-12-31,2026-08-19T14:21:59Z,2026-08-19
TKM,Turkmenistan,1997,3179,0,0,0,0,0,0,,0,unhcr_population,2025-12-31,2026-08-19T14:21:59Z,2026-08-19
TKM,Turkmenistan,1998,1562,0,0,0,159,0,0,,0,unhcr_population,2025-12-31,2026-08-19T14:21:59Z,2026-08-19
TKM,Turkmenistan,1999,1051,0,0,0,0,0,0,,0,unhcr_population,2025-12-31,2026-08-19T14:21:59Z,2026-08-19
TKM,Turkmenistan,2000,299,15,0,0,0,27,0,,0,unhcr_population,2025-12-31,2026-08-19T14:21:59Z,2026-08-19
TKM,Turkmenistan,2001,305,36,0,0,0,0,0,,0,unhcr_population,2025-12-31,2026-08-19T14:21:59Z,2026-08-19
TKM,Turkmenistan,2002,797,124,0,0,0,0,0,,0,unhcr_population,2025-12-31,2026-08-19T14:21:59Z,2026-08-19
TKM,Turkmenistan,2003,836,159,0,0,0,0,0,,0,unhcr_population,2025-12-31,2026-08-19T14:21:59Z,2026-08-19
TKM,Turkmenistan,2004,815,180,0,0,0,0,0,,0,unhcr_population,2025-12-31,2026-08-19T14:21:59Z,2026-08-19
TKM,Turkmenistan,2005,818,170,0,0,0,0,0,,0,unhcr_population,2025-12-31,2026-08-19T14:21:59Z,2026-08-19
TKM,Turkmenistan,2006,689,146,0,0,0,0,0,,0,unhcr_population,2025-12-31,2026-08-19T14:21:59Z,2026-08-19
TKM,Turkmenistan,2007,667,134,0,0,0,0,0,,0,unhcr_population,2025-12-31,2026-08-19T14:21:59Z,2026-08-19
TKM,Turkmenistan,2008,735,110,0,0,0,0,0,,0,unhcr_population,2025-12-31,2026-08-19T14:21:59Z,2026-08-19
TKM,Turkmenistan,2009,734,77,0,0,0,0,0,,0,unhcr_population,2025-12-31,2026-08-19T14:21:59Z,2026-08-19
TKM,Turkmenistan,2010,723,47,0,0,0,0,0,,0,unhcr_population,2025-12-31,2026-08-19T14:21:59Z,2026-08-19
TKM,Turkmenistan,2011,711,70,0,0,0,0,0,,0,unhcr_population,2025-12-31,2026-08-19T14:21:59Z,2026-08-19
TKM,Turkmenistan,2012,708,125,0,0,0,0,0,,0,unhcr_population,2025-12-31,2026-08-19T14:21:59Z,2026-08-19
TKM,Turkmenistan,2013,502,317,0,0,0,0,0,,0,unhcr_population,2025-12-31,2026-08-19T14:21:59Z,2026-08-19
TKM,Turkmenistan,2014,470,743,0,0,0,0,0,,0,unhcr_population,2025-12-31,2026-08-19T14:21:59Z,2026-08-19
TKM,Turkmenistan,2015,446,1205,0,0,0,0,0,,0,unhcr_population,2025-12-31,2026-08-19T14:21:59Z,2026-08-19
TKM,Turkmenistan,2016,371,1069,0,0,0,0,0,,0,unhcr_population,2025-12-31,2026-08-19T14:21:59Z,2026-08-19
TKM,Turkmenistan,2017,365,1115,0,0,0,0,0,,0,unhcr_population,2025-12-31,2026-08-19T14:21:59Z,2026-08-19
TKM,Turkmenistan,2018,457,1264,0,0,0,0,0,,0,unhcr_population,2025-12-31,2026-08-19T14:21:59Z,2026-08-19
TKM,Turkmenistan,2019,478,576,0,0,0,0,0,,0,unhcr_population,2025-12-31,2026-08-19T14:21:59Z,2026-08-19
TKM,Turkmenistan,2020,498,585,0,0,0,0,0,,0,unhcr_population,2025-12-31,2026-08-19T14:21:59Z,2026-08-19
TKM,Turkmenistan,2021,563,722,0,0,0,0,0,,0,unhcr_population,2025-12-31,2026-08-19T14:21:59Z,2026-08-19
TKM,Turkmenistan,2022,2240,863,0,0,0,0,0,,0,unhcr_population,2025-12-31,2026-08-19T14:21:59Z,2026-08-19
TKM,Turkmenistan,2023,1848,1833,0,0,0,0,0,,0,unhcr_population,2025-12-31,2026-08-19T14:21:59Z,2026-08-19
TKM,Turkmenistan,2024,2580,2327,0,0,0,0,0,,0,unhcr_population,2025-12-31,2026-08-19T14:21:59Z,2026-08-19
TKM,Turkmenistan,2025,1864,1663,0,0,0,0,0,,0,unhcr_population,2025-12-31,2026-08-19T14:21:59Z,2026-08-19
TLS,Timor-Leste,1999,162472,0,0,0,0,127528,0,,0,unhcr_population,2025-12-31,2026-08-19T14:21:59Z,2026-08-19
TLS,Timor-Leste,2000,122202,19,0,0,0,48540,5000,,0,unhcr_population,2025-12-31,2026-08-19T14:21:59Z,2026-08-19
TLS,Timor-Leste,2001,73042,20,0,0,0,18183,0,,0,unhcr_population,2025-12-31,2026-08-19T14:21:59Z,2026-08-19
TLS,Timor-Leste,2002,28097,513,0,0,0,31882,0,,0,unhcr_population,2025-12-31,2026-08-19T14:21:59Z,2026-08-19
TLS,Timor-Leste,2003,127,5,0,0,837,0,0,,0,unhcr_population,2025-12-31,2026-08-19T14:21:59Z,2026-08-19
TLS,Timor-Leste,2004,221,0,0,0,0,445,0,,0,unhcr_population,2025-12-31,2026-08-19T14:21:59Z,2026-08-19
TLS,Timor-Leste,2005,251,0,0,0,0,0,0,,0,unhcr_population,2025-12-31,2026-08-19T14:21:59Z,2026-08-19
TLS,Timor-Leste,2006,251,8,155231,0,0,0,11727,,0,unhcr_population,2025-12-31,2026-08-19T14:21:59Z,2026-08-19
TLS,Timor-Leste,2007,6,0,62625,0,0,0,9965,,0,unhcr_population,2025-12-31,2026-08-19T14:21:59Z,2026-08-19
TLS,Timor-Leste,2008,7,0,15860,0,0,0,0,,0,unhcr_population,2025-12-31,2026-08-19T14:21:59Z,2026-08-19
TLS,Timor-Leste,2009,7,0,0,0,0,0,0,,0,unhcr_population,2025-12-31,2026-08-19T14:21:59Z,2026-08-19
TLS,Timor-Leste,2010,8,0,0,0,0,0,0,,0,unhcr_population,2025-12-31,2026-08-19T14:21:59Z,2026-08-19
TLS,Timor-Leste,2011,8,0,0,0,0,0,0,,0,unhcr_population,2025-12-31,2026-08-19T14:21:59Z,2026-08-19
TLS,Timor-Leste,2012,8,6,0,0,0,0,0,,0,unhcr_population,2025-12-31,2026-08-19T14:21:59Z,2026-08-19
TLS,Timor-Leste,2013,8,10,0,0,0,0,0,,0,unhcr_population,2025-12-31,2026-08-19T14:21:59Z,2026-08-19
TLS,Timor-Leste,2014,13,7,0,0,0,0,0,,0,unhcr_population,2025-12-31,2026-08-19T14:21:59Z,2026-08-19
TLS,Timor-Leste,2015,19,5,0,0,0,0,0,,0,unhcr_population,2025-12-31,2026-08-19T14:21:59Z,2026-08-19
TLS,Timor-Leste,2016,19,0,0,0,0,0,0,,0,unhcr_population,2025-12-31,2026-08-19T14:21:59Z,2026-08-19
TLS,Timor-Leste,2017,13,5,0,0,0,0,0,,0,unhcr_population,2025-12-31,2026-08-19T14:21:59Z,2026-08-19
TLS,Timor-Leste,2018,12,10,0,0,0,0,0,,0,unhcr_population,2025-12-31,2026-08-19T14:21:59Z,2026-08-19
TLS,Timor-Leste,2019,17,41,0,0,0,0,0,,0,unhcr_population,2025-12-31,2026-08-19T14:21:59Z,2026-08-19
TLS,Timor-Leste,2020,11,324,0,0,0,0,0,,0,unhcr_population,2025-12-31,2026-08-19T14:21:59Z,2026-08-19
TLS,Timor-Leste,2021,11,368,0,0,0,0,0,,0,unhcr_population,2025-12-31,2026-08-19T14:21:59Z,2026-08-19
TLS,Timor-Leste,2022,6,690,0,0,0,0,0,,0,unhcr_population,2025-12-31,2026-08-19T14:21:59Z,2026-08-19
TLS,Timor-Leste,2023,0,1085,0,0,0,0,0,,0,unhcr_population,2025-12-31,2026-08-19T14:21:59Z,2026-08-19
TLS,Timor-Leste,2024,5,1453,0,0,0,0,0,,0,unhcr_population,2025-12-31,2026-08-19T14:21:59Z,2026-08-19
TLS,Timor-Leste,2025,15,1520,0,0,0,0,0,,0,unhcr_population,2025-12-31,2026-08-19T14:21:59Z,2026-08-19
TON,Tonga,1996,5,0,0,0,0,0,0,,0,unhcr_population,2025-12-31,2026-08-19T14:21:59Z,2026-08-19
TON,Tonga,1997,5,0,0,0,0,0,0,,0,unhcr_population,2025-12-31,2026-08-19T14:21:59Z,2026-08-19
TON,Tonga,2000,5,22,0,0,0,0,0,,0,unhcr_population,2025-12-31,2026-08-19T14:21:59Z,2026-08-19
TON,Tonga,2001,0,47,0,0,0,0,0,,0,unhcr_population,2025-12-31,2026-08-19T14:21:59Z,2026-08-19
TON,Tonga,2002,7,65,0,0,0,0,0,,0,unhcr_population,2025-12-31,2026-08-19T14:21:59Z,2026-08-19
TON,Tonga,2003,11,38,0,0,0,0,0,,0,unhcr_population,2025-12-31,2026-08-19T14:21:59Z,2026-08-19
TON,Tonga,2004,5,13,0,0,0,0,0,,0,unhcr_population,2025-12-31,2026-08-19T14:21:59Z,2026-08-19
TON,Tonga,2005,0,6,0,0,0,0,0,,0,unhcr_population,2025-12-31,2026-08-19T14:21:59Z,2026-08-19
TON,Tonga,2006,5,14,0,0,0,0,0,,0,unhcr_population,2025-12-31,2026-08-19T14:21:59Z,2026-08-19
TON,Tonga,2007,0,14,0,0,0,0,0,,0,unhcr_population,2025-12-31,2026-08-19T14:21:59Z,2026-08-19
TON,Tonga,2008,5,21,0,0,0,0,0,,0,unhcr_population,2025-12-31,2026-08-19T14:21:59Z,2026-08-19
TON,Tonga,2009,5,21,0,0,0,0,0,,0,unhcr_population,2025-12-31,2026-08-19T14:21:59Z,2026-08-19
TON,Tonga,2010,5,10,0,0,0,0,0,,0,unhcr_population,2025-12-31,2026-08-19T14:21:59Z,2026-08-19
TON,Tonga,2011,7,21,0,0,0,0,0,,0,unhcr_population,2025-12-31,2026-08-19T14:21:59Z,2026-08-19
TON,Tonga,2012,11,39,0,0,0,0,0,,0,unhcr_population,2025-12-31,2026-08-19T14:21:59Z,2026-08-19
TON,Tonga,2013,16,61,0,0,0,0,0,,0,unhcr_population,2025-12-31,2026-08-19T14:21:59Z,2026-08-19
TON,Tonga,2014,19,82,0,0,0,0,0,,0,unhcr_population,2025-12-31,2026-08-19T14:21:59Z,2026-08-19
TON,Tonga,2015,22,62,0,0,0,0,0,,0,unhcr_population,2025-12-31,2026-08-19T14:21:59Z,2026-08-19
TON,Tonga,2016,25,77,0,0,0,0,0,,0,unhcr_population,2025-12-31,2026-08-19T14:21:59Z,2026-08-19
TON,Tonga,2017,34,106,0,0,0,0,0,,0,unhcr_population,2025-12-31,2026-08-19T14:21:59Z,2026-08-19
TON,Tonga,2018,32,170,0,0,0,0,0,,0,unhcr_population,2025-12-31,2026-08-19T14:21:59Z,2026-08-19
TON,Tonga,2019,32,419,0,0,0,0,0,,0,unhcr_population,2025-12-31,2026-08-19T14:21:59Z,2026-08-19
TON,Tonga,2020,31,731,0,0,0,0,0,,0,unhcr_population,2025-12-31,2026-08-19T14:21:59Z,2026-08-19
TON,Tonga,2021,28,816,0,0,0,0,0,,0,unhcr_population,2025-12-31,2026-08-19T14:21:59Z,2026-08-19
TON,Tonga,2022,30,1308,0,0,0,0,0,,0,unhcr_population,2025-12-31,2026-08-19T14:21:59Z,2026-08-19
TON,Tonga,2023,41,1327,0,0,0,0,0,,0,unhcr_population,2025-12-31,2026-08-19T14:21:59Z,2026-08-19
TON,Tonga,2024,42,1712,0,0,0,0,0,,0,unhcr_population,2025-12-31,2026-08-19T14:21:59Z,2026-08-19
TON,Tonga,2025,65,1324,0,0,0,0,0,,0,unhcr_population,2025-12-31,2026-08-19T14:21:59Z,2026-08-19
TTO,Trinidad and Tobago,1994,12,0,0,0,0,0,0,,0,unhcr_population,2025-12-31,2026-08-19T14:21:59Z,2026-08-19
TTO,Trinidad and Tobago,1995,12,0,0,0,0,0,0,,0,unhcr_population,2025-12-31,2026-08-19T14:21:59Z,2026-08-19
TTO,Trinidad and Tobago,1996,17,0,0,0,0,0,0,,0,unhcr_population,2025-12-31,2026-08-19T14:21:59Z,2026-08-19
TTO,Trinidad and Tobago,1997,20,0,0,0,0,0,0,,0,unhcr_population,2025-12-31,2026-08-19T14:21:59Z,2026-08-19
TTO,Trinidad and Tobago,1998,25,0,0,0,0,0,0,,0,unhcr_population,2025-12-31,2026-08-19T14:21:59Z,2026-08-19
TTO,Trinidad and Tobago,1999,24,0,0,0,0,0,0,,0,unhcr_population,2025-12-31,2026-08-19T14:21:59Z,2026-08-19
TTO,Trinidad and Tobago,2000,24,117,0,0,0,0,0,,0,unhcr_population,2025-12-31,2026-08-19T14:21:59Z,2026-08-19
TTO,Trinidad and Tobago,2001,16,179,0,0,0,0,0,,0,unhcr_population,2025-12-31,2026-08-19T14:21:59Z,2026-08-19
TTO,Trinidad and Tobago,2002,35,321,0,0,0,0,0,,0,unhcr_population,2025-12-31,2026-08-19T14:21:59Z,2026-08-19
TTO,Trinidad and Tobago,2003,39,288,0,0,0,0,0,,0,unhcr_population,2025-12-31,2026-08-19T14:21:59Z,2026-08-19
TTO,Trinidad and Tobago,2004,38,172,0,0,0,0,0,,0,unhcr_population,2025-12-31,2026-08-19T14:21:59Z,2026-08-19
TTO,Trinidad and Tobago,2005,61,209,0,0,0,0,0,,0,unhcr_population,2025-12-31,2026-08-19T14:21:59Z,2026-08-19
TTO,Trinidad and Tobago,2006,151,158,0,0,0,0,0,,0,unhcr_population,2025-12-31,2026-08-19T14:21:59Z,2026-08-19
TTO,Trinidad and Tobago,2007,210,175,0,0,0,0,0,,0,unhcr_population,2025-12-31,2026-08-19T14:21:59Z,2026-08-19
TTO,Trinidad and Tobago,2008,228,241,0,0,0,0,0,,0,unhcr_population,2025-12-31,2026-08-19T14:21:59Z,2026-08-19
TTO,Trinidad and Tobago,2009,239,271,0,0,0,0,0,,0,unhcr_population,2025-12-31,2026-08-19T14:21:59Z,2026-08-19
TTO,Trinidad and Tobago,2010,252,146,0,0,0,0,0,,0,unhcr_population,2025-12-31,2026-08-19T14:21:59Z,2026-08-19
TTO,Trinidad and Tobago,2011,296,103,0,0,0,0,0,,0,unhcr_population,2025-12-31,2026-08-19T14:21:59Z,2026-08-19
TTO,Trinidad and Tobago,2012,335,90,0,0,0,0,0,,0,unhcr_population,2025-12-31,2026-08-19T14:21:59Z,2026-08-19
TTO,Trinidad and Tobago,2013,336,127,0,0,0,0,0,,0,unhcr_population,2025-12-31,2026-08-19T14:21:59Z,2026-08-19
TTO,Trinidad and Tobago,2014,371,173,0,0,0,0,0,,0,unhcr_population,2025-12-31,2026-08-19T14:21:59Z,2026-08-19
TTO,Trinidad and Tobago,2015,369,195,0,0,5,0,0,,0,unhcr_population,2025-12-31,2026-08-19T14:21:59Z,2026-08-19
TTO,Trinidad and Tobago,2016,295,241,0,0,6,0,0,,0,unhcr_population,2025-12-31,2026-08-19T14:21:59Z,2026-08-19
TTO,Trinidad and Tobago,2017,310,303,0,0,15,0,0,,0,unhcr_population,2025-12-31,2026-08-19T14:21:59Z,2026-08-19
TTO,Trinidad and Tobago,2018,323,305,0,0,15,0,0,,0,unhcr_population,2025-12-31,2026-08-19T14:21:59Z,2026-08-19
TTO,Trinidad and Tobago,2019,307,408,0,0,200,0,0,,0,unhcr_population,2025-12-31,2026-08-19T14:21:59Z,2026-08-19
TTO,Trinidad and Tobago,2020,295,414,0,0,393,0,0,,0,unhcr_population,2025-12-31,2026-08-19T14:21:59Z,2026-08-19
TTO,Trinidad and Tobago,2021,285,508,0,0,590,0,0,,4605,unhcr_population,2025-12-31,2026-08-19T14:21:59Z,2026-08-19
TTO,Trinidad and Tobago,2022,296,627,0,0,789,0,0,,5433,unhcr_population,2025-12-31,2026-08-19T14:21:59Z,2026-08-19
TTO,Trinidad and Tobago,2023,351,819,0,0,1040,0,0,,5433,unhcr_population,2025-12-31,2026-08-19T14:21:59Z,2026-08-19
TTO,Trinidad and Tobago,2024,474,1110,0,0,1333,0,0,,711,unhcr_population,2025-12-31,2026-08-19T14:21:59Z,2026-08-19
TTO,Trinidad and Tobago,2025,576,704,0,0,1201,0,0,,87,unhcr_population,2025-12-31,2026-08-19T14:21:59Z,2026-08-19
TUN,Tunisia,1983,5,0,0,0,0,0,0,,0,unhcr_population,2025-12-31,2026-08-19T14:21:59Z,2026-08-19
TUN,Tunisia,1984,6,0,0,0,0,0,0,,0,unhcr_population,2025-12-31,2026-08-19T14:21:59Z,2026-08-19
TUN,Tunisia,1985,6,0,0,0,0,0,0,,0,unhcr_population,2025-12-31,2026-08-19T14:21:59Z,2026-08-19
TUN,Tunisia,1986,6,0,0,0,0,0,0,,0,unhcr_population,2025-12-31,2026-08-19T14:21:59Z,2026-08-19
TUN,Tunisia,1987,6,0,0,0,0,0,0,,0,unhcr_population,2025-12-31,2026-08-19T14:21:59Z,2026-08-19
TUN,Tunisia,1988,7,0,0,0,0,0,0,,0,unhcr_population,2025-12-31,2026-08-19T14:21:59Z,2026-08-19
TUN,Tunisia,1989,7,0,0,0,0,0,0,,0,unhcr_population,2025-12-31,2026-08-19T14:21:59Z,2026-08-19
TUN,Tunisia,1990,40,0,0,0,0,0,0,,0,unhcr_population,2025-12-31,2026-08-19T14:21:59Z,2026-08-19
TUN,Tunisia,1991,61,0,0,0,0,0,0,,0,unhcr_population,2025-12-31,2026-08-19T14:21:59Z,2026-08-19
TUN,Tunisia,1992,88,0,0,0,0,0,0,,0,unhcr_population,2025-12-31,2026-08-19T14:21:59Z,2026-08-19
TUN,Tunisia,1993,106,0,0,0,0,5,0,,0,unhcr_population,2025-12-31,2026-08-19T14:21:59Z,2026-08-19
TUN,Tunisia,1994,208,0,0,0,0,0,0,,0,unhcr_population,2025-12-31,2026-08-19T14:21:59Z,2026-08-19
TUN,Tunisia,1995,327,0,0,0,0,0,0,,0,unhcr_population,2025-12-31,2026-08-19T14:21:59Z,2026-08-19
TUN,Tunisia,1996,410,0,0,0,0,0,0,,0,unhcr_population,2025-12-31,2026-08-19T14:21:59Z,2026-08-19
TUN,Tunisia,1997,703,0,0,0,0,0,0,,0,unhcr_population,2025-12-31,2026-08-19T14:21:59Z,2026-08-19
TUN,Tunisia,1998,931,0,0,0,0,0,0,,0,unhcr_population,2025-12-31,2026-08-19T14:21:59Z,2026-08-19
TUN,Tunisia,1999,1236,0,0,0,0,0,0,,0,unhcr_population,2025-12-31,2026-08-19T14:21:59Z,2026-08-19
TUN,Tunisia,2000,1205,366,0,0,0,0,0,,0,unhcr_population,2025-12-31,2026-08-19T14:21:59Z,2026-08-19
TUN,Tunisia,2001,1364,396,0,0,0,0,0,,0,unhcr_population,2025-12-31,2026-08-19T14:21:59Z,2026-08-19
TUN,Tunisia,2002,2543,432,0,0,0,0,0,,0,unhcr_population,2025-12-31,2026-08-19T14:21:59Z,2026-08-19
TUN,Tunisia,2003,2562,370,0,0,0,0,0,,0,unhcr_population,2025-12-31,2026-08-19T14:21:59Z,2026-08-19
TUN,Tunisia,2004,2511,343,0,0,0,0,0,,0,unhcr_population,2025-12-31,2026-08-19T14:21:59Z,2026-08-19
TUN,Tunisia,2005,3120,357,0,0,0,0,0,,0,unhcr_population,2025-12-31,2026-08-19T14:21:59Z,2026-08-19
TUN,Tunisia,2006,2835,358,0,0,0,0,0,,0,unhcr_population,2025-12-31,2026-08-19T14:21:59Z,2026-08-19
TUN,Tunisia,2007,2488,334,0,0,0,0,0,,0,unhcr_population,2025-12-31,2026-08-19T14:21:59Z,2026-08-19
TUN,Tunisia,2008,2334,352,0,0,0,0,0,,0,unhcr_population,2025-12-31,2026-08-19T14:21:59Z,2026-08-19
TUN,Tunisia,2009,2237,488,0,0,0,0,0,,0,unhcr_population,2025-12-31,2026-08-19T14:21:59Z,2026-08-19
TUN,Tunisia,2010,2159,537,0,0,0,0,0,,0,unhcr_population,2025-12-31,2026-08-19T14:21:59Z,2026-08-19
TUN,Tunisia,2011,1930,1598,0,0,0,5,0,,0,unhcr_population,2025-12-31,2026-08-19T14:21:59Z,2026-08-19
TUN,Tunisia,2012,1918,2279,0,0,0,0,0,,0,unhcr_population,2025-12-31,2026-08-19T14:21:59Z,2026-08-19
TUN,Tunisia,2013,1359,1785,0,0,5,0,0,,0,unhcr_population,2025-12-31,2026-08-19T14:21:59Z,2026-08-19
TUN,Tunisia,2014,1476,1782,0,0,11,0,0,,0,unhcr_population,2025-12-31,2026-08-19T14:21:59Z,2026-08-19
TUN,Tunisia,2015,1554,2329,0,0,7,0,0,,0,unhcr_population,2025-12-31,2026-08-19T14:21:59Z,2026-08-19
TUN,Tunisia,2016,1687,2062,0,0,7,0,0,,0,unhcr_population,2025-12-31,2026-08-19T14:21:59Z,2026-08-19
TUN,Tunisia,2017,1826,2330,0,0,7,0,0,,0,unhcr_population,2025-12-31,2026-08-19T14:21:59Z,2026-08-19
TUN,Tunisia,2018,1985,2749,0,0,0,0,0,,0,unhcr_population,2025-12-31,2026-08-19T14:21:59Z,2026-08-19
TUN,Tunisia,2019,2068,2668,0,0,14,0,0,,0,unhcr_population,2025-12-31,2026-08-19T14:21:59Z,2026-08-19
TUN,Tunisia,2020,1636,2829,0,0,11,0,0,,0,unhcr_population,2025-12-31,2026-08-19T14:21:59Z,2026-08-19
TUN,Tunisia,2021,2201,4012,0,0,9,0,0,,0,unhcr_population,2025-12-31,2026-08-19T14:21:59Z,2026-08-19
TUN,Tunisia,2022,2691,7923,0,0,39,0,0,,0,unhcr_population,2025-12-31,2026-08-19T14:21:59Z,2026-08-19
TUN,Tunisia,2023,2800,9194,0,0,10,0,0,,0,unhcr_population,2025-12-31,2026-08-19T14:21:59Z,2026-08-19
TUN,Tunisia,2024,3593,11415,0,0,5,59,0,,0,unhcr_population,2025-12-31,2026-08-19T14:21:59Z,2026-08-19
TUN,Tunisia,2025,3711,10338,0,0,124,0,0,,0,unhcr_population,2025-12-31,2026-08-19T14:21:59Z,2026-08-19
TUR,Türkiye,1972,250,0,0,0,0,0,0,,0,unhcr_population,2025-12-31,2026-08-19T14:21:59Z,2026-08-19
TUR,Türkiye,1977,70,0,0,0,0,0,0,,0,unhcr_population,2025-12-31,2026-08-19T14:21:59Z,2026-08-19
TUR,Türkiye,1978,60,0,0,0,0,0,0,,0,unhcr_population,2025-12-31,2026-08-19T14:21:59Z,2026-08-19
TUR,Türkiye,1979,60,0,0,0,0,0,0,,0,unhcr_population,2025-12-31,2026-08-19T14:21:59Z,2026-08-19
TUR,Türkiye,1982,300,0,0,0,0,80,0,,0,unhcr_population,2025-12-31,2026-08-19T14:21:59Z,2026-08-19
TUR,Türkiye,1983,540,0,0,0,0,0,0,,0,unhcr_population,2025-12-31,2026-08-19T14:21:59Z,2026-08-19
TUR,Türkiye,1984,1040,0,0,0,0,0,0,,0,unhcr_population,2025-12-31,2026-08-19T14:21:59Z,2026-08-19
TUR,Türkiye,1985,810,0,0,0,0,310,0,,0,unhcr_population,2025-12-31,2026-08-19T14:21:59Z,2026-08-19
TUR,Türkiye,1986,850,0,0,0,0,0,0,,0,unhcr_population,2025-12-31,2026-08-19T14:21:59Z,2026-08-19
TUR,Türkiye,1987,1085,0,0,0,0,0,0,,0,unhcr_population,2025-12-31,2026-08-19T14:21:59Z,2026-08-19
TUR,Türkiye,1988,150,0,0,0,0,0,0,,0,unhcr_population,2025-12-31,2026-08-19T14:21:59Z,2026-08-19
TUR,Türkiye,1989,2764,0,0,0,0,70,0,,0,unhcr_population,2025-12-31,2026-08-19T14:21:59Z,2026-08-19
TUR,Türkiye,1990,5508,0,0,0,0,0,0,,0,unhcr_population,2025-12-31,2026-08-19T14:21:59Z,2026-08-19
TUR,Türkiye,1991,6452,0,0,0,0,0,0,,0,unhcr_population,2025-12-31,2026-08-19T14:21:59Z,2026-08-19
TUR,Türkiye,1992,10089,0,0,0,0,0,0,,0,unhcr_population,2025-12-31,2026-08-19T14:21:59Z,2026-08-19
TUR,Türkiye,1993,16767,0,0,0,0,0,0,,0,unhcr_population,2025-12-31,2026-08-19T14:21:59Z,2026-08-19
TUR,Türkiye,1994,28872,0,0,0,0,0,0,,0,unhcr_population,2025-12-31,2026-08-19T14:21:59Z,2026-08-19
TUR,Türkiye,1995,44866,0,0,0,0,0,0,,0,unhcr_population,2025-12-31,2026-08-19T14:21:59Z,2026-08-19
TUR,Türkiye,1996,50355,0,0,0,0,129,0,,0,unhcr_population,2025-12-31,2026-08-19T14:21:59Z,2026-08-19
TUR,Türkiye,1997,47339,0,0,0,0,1171,0,,0,unhcr_population,2025-12-31,2026-08-19T14:21:59Z,2026-08-19
TUR,Türkiye,1998,45019,0,0,0,0,626,0,,0,unhcr_population,2025-12-31,2026-08-19T14:21:59Z,2026-08-19
TUR,Türkiye,1999,44012,0,0,0,0,108,0,,0,unhcr_population,2025-12-31,2026-08-19T14:21:59Z,2026-08-19
TUR,Türkiye,2000,47154,10231,0,0,0,270,0,,0,unhcr_population,2025-12-31,2026-08-19T14:21:59Z,2026-08-19
TUR,Türkiye,2001,47085,13326,0,0,0,38,0,,0,unhcr_population,2025-12-31,2026-08-19T14:21:59Z,2026-08-19
TUR,Türkiye,2002,193697,12516,0,0,0,5,0,,0,unhcr_population,2025-12-31,2026-08-19T14:21:59Z,2026-08-19
TUR,Türkiye,2003,185086,8527,0,0,0,35,0,,0,unhcr_population,2025-12-31,2026-08-19T14:21:59Z,2026-08-19
TUR,Türkiye,2004,174572,5282,0,0,0,15,0,,0,unhcr_population,2025-12-31,2026-08-19T14:21:59Z,2026-08-19
TUR,Türkiye,2005,170557,11310,0,0,0,21,0,,0,unhcr_population,2025-12-31,2026-08-19T14:21:59Z,2026-08-19
TUR,Türkiye,2006,227236,12187,0,0,0,15,0,,0,unhcr_population,2025-12-31,2026-08-19T14:21:59Z,2026-08-19
TUR,Türkiye,2007,221937,9172,0,0,0,163,0,,0,unhcr_population,2025-12-31,2026-08-19T14:21:59Z,2026-08-19
TUR,Türkiye,2008,214365,8531,0,0,0,0,0,,0,unhcr_population,2025-12-31,2026-08-19T14:21:59Z,2026-08-19
TUR,Türkiye,2009,146378,9273,0,0,0,26,0,,0,unhcr_population,2025-12-31,2026-08-19T14:21:59Z,2026-08-19
TUR,Türkiye,2010,146785,7493,0,0,0,255,0,,0,unhcr_population,2025-12-31,2026-08-19T14:21:59Z,2026-08-19
TUR,Türkiye,2011,139763,6885,0,0,0,0,0,,0,unhcr_population,2025-12-31,2026-08-19T14:21:59Z,2026-08-19
TUR,Türkiye,2012,135353,8857,0,0,0,0,0,,0,unhcr_population,2025-12-31,2026-08-19T14:21:59Z,2026-08-19
TUR,Türkiye,2013,66558,10552,0,0,10,0,0,,0,unhcr_population,2025-12-31,2026-08-19T14:21:59Z,2026-08-19
TUR,Türkiye,2014,63882,11189,0,0,11,0,0,,0,unhcr_population,2025-12-31,2026-08-19T14:21:59Z,2026-08-19
TUR,Türkiye,2015,59545,12073,0,0,12,0,0,,0,unhcr_population,2025-12-31,2026-08-19T14:21:59Z,2026-08-19
TUR,Türkiye,2016,57915,23236,0,0,45,0,0,,0,unhcr_population,2025-12-31,2026-08-19T14:21:59Z,2026-08-19
TUR,Türkiye,2017,61383,33801,0,0,10,0,0,,0,unhcr_population,2025-12-31,2026-08-19T14:21:59Z,2026-08-19
TUR,Türkiye,2018,68900,42915,0,0,10,0,0,,0,unhcr_population,2025-12-31,2026-08-19T14:21:59Z,2026-08-19
TUR,Türkiye,2019,83239,46941,0,0,57,0,0,,0,unhcr_population,2025-12-31,2026-08-19T14:21:59Z,2026-08-19
TUR,Türkiye,2020,93730,44517,0,0,27,0,0,,0,unhcr_population,2025-12-31,2026-08-19T14:21:59Z,2026-08-19
TUR,Türkiye,2021,105019,46327,0,0,122,0,0,,0,unhcr_population,2025-12-31,2026-08-19T14:21:59Z,2026-08-19
TUR,Türkiye,2022,93537,82737,0,0,179,0,0,,0,unhcr_population,2025-12-31,2026-08-19T14:21:59Z,2026-08-19
TUR,Türkiye,2023,127738,153142,0,0,467,0,0,,0,unhcr_population,2025-12-31,2026-08-19T14:21:59Z,2026-08-19
TUR,Türkiye,2024,139640,158221,0,0,504,667,0,,0,unhcr_population,2025-12-31,2026-08-19T14:21:59Z,2026-08-19
TUR,Türkiye,2025,149405,117576,0,0,4862,17,0,,0,unhcr_population,2025-12-31,2026-08-19T14:21:59Z,2026-08-19
TUV,Tuvalu,1995,5,0,0,0,0,0,0,,0,unhcr_population,2025-12-31,2026-08-19T14:21:59Z,2026-08-19
TUV,Tuvalu,1996,5,0,0,0,0,0,0,,0,unhcr_population,2025-12-31,2026-08-19T14:21:59Z,2026-08-19
TUV,Tuvalu,1997,5,0,0,0,0,0,0,,0,unhcr_population,2025-12-31,2026-08-19T14:21:59Z,2026-08-19
TUV,Tuvalu,1998,5,0,0,0,0,0,0,,0,unhcr_population,2025-12-31,2026-08-19T14:21:59Z,2026-08-19
TUV,Tuvalu,1999,5,0,0,0,0,0,0,,0,unhcr_population,2025-12-31,2026-08-19T14:21:59Z,2026-08-19
TUV,Tuvalu,2000,5,0,0,0,0,0,0,,0,unhcr_population,2025-12-31,2026-08-19T14:21:59Z,2026-08-19
TUV,Tuvalu,2001,5,0,0,0,0,0,0,,0,unhcr_population,2025-12-31,2026-08-19T14:21:59Z,2026-08-19
TUV,Tuvalu,2002,5,0,0,0,0,0,0,,0,unhcr_population,2025-12-31,2026-08-19T14:21:59Z,2026-08-19
TUV,Tuvalu,2003,5,0,0,0,0,0,0,,0,unhcr_population,2025-12-31,2026-08-19T14:21:59Z,2026-08-19
TUV,Tuvalu,2004,5,0,0,0,0,0,0,,0,unhcr_population,2025-12-31,2026-08-19T14:21:59Z,2026-08-19
TUV,Tuvalu,2006,5,0,0,0,0,0,0,,0,unhcr_population,2025-12-31,2026-08-19T14:21:59Z,2026-08-19
TUV,Tuvalu,2012,0,5,0,0,0,0,0,,0,unhcr_population,2025-12-31,2026-08-19T14:21:59Z,2026-08-19
TUV,Tuvalu,2023,0,5,0,0,0,0,0,,0,unhcr_population,2025-12-31,2026-08-19T14:21:59Z,2026-08-19
TUV,Tuvalu,2024,0,11,0,0,0,0,0,,0,unhcr_population,2025-12-31,2026-08-19T14:21:59Z,2026-08-19
TUV,Tuvalu,2025,0,10,0,0,0,0,0,,0,unhcr_population,2025-12-31,2026-08-19T14:21:59Z,2026-08-19
TZA,United Rep. of Tanzania,1974,320,0,0,0,0,0,0,,0,unhcr_population,2025-12-31,2026-08-19T14:21:59Z,2026-08-19
TZA,United Rep. of Tanzania,1976,90,0,0,0,0,0,0,,0,unhcr_population,2025-12-31,2026-08-19T14:21:59Z,2026-08-19
TZA,United Rep. of Tanzania,1977,300,0,0,0,0,0,0,,0,unhcr_population,2025-12-31,2026-08-19T14:21:59Z,2026-08-19
TZA,United Rep. of Tanzania,1978,300,0,0,0,0,0,0,,0,unhcr_population,2025-12-31,2026-08-19T14:21:59Z,2026-08-19
TZA,United Rep. of Tanzania,1979,600,0,0,0,0,0,0,,0,unhcr_population,2025-12-31,2026-08-19T14:21:59Z,2026-08-19
TZA,United Rep. of Tanzania,1980,300,0,0,0,0,0,0,,0,unhcr_population,2025-12-31,2026-08-19T14:21:59Z,2026-08-19
TZA,United Rep. of Tanzania,1981,3000,0,0,0,0,0,0,,0,unhcr_population,2025-12-31,2026-08-19T14:21:59Z,2026-08-19
TZA,United Rep. of Tanzania,1982,500,0,0,0,0,0,0,,0,unhcr_population,2025-12-31,2026-08-19T14:21:59Z,2026-08-19
TZA,United Rep. of Tanzania,1983,500,0,0,0,0,0,0,,0,unhcr_population,2025-12-31,2026-08-19T14:21:59Z,2026-08-19
TZA,United Rep. of Tanzania,1984,500,0,0,0,0,0,0,,0,unhcr_population,2025-12-31,2026-08-19T14:21:59Z,2026-08-19
TZA,United Rep. of Tanzania,1987,2000,0,0,0,0,0,0,,0,unhcr_population,2025-12-31,2026-08-19T14:21:59Z,2026-08-19
TZA,United Rep. of Tanzania,1988,5,0,0,0,0,0,0,,0,unhcr_population,2025-12-31,2026-08-19T14:21:59Z,2026-08-19
TZA,United Rep. of Tanzania,1989,10,0,0,0,0,0,0,,0,unhcr_population,2025-12-31,2026-08-19T14:21:59Z,2026-08-19
TZA,United Rep. of Tanzania,1990,10,0,0,0,0,0,0,,0,unhcr_population,2025-12-31,2026-08-19T14:21:59Z,2026-08-19
TZA,United Rep. of Tanzania,1991,13,0,0,0,0,0,0,,0,unhcr_population,2025-12-31,2026-08-19T14:21:59Z,2026-08-19
TZA,United Rep. of Tanzania,1992,19,0,0,0,0,0,0,,0,unhcr_population,2025-12-31,2026-08-19T14:21:59Z,2026-08-19
TZA,United Rep. of Tanzania,1993,32,0,0,0,0,0,0,,0,unhcr_population,2025-12-31,2026-08-19T14:21:59Z,2026-08-19
TZA,United Rep. of Tanzania,1994,62,0,0,0,0,0,0,,0,unhcr_population,2025-12-31,2026-08-19T14:21:59Z,2026-08-19
TZA,United Rep. of Tanzania,1995,69,0,0,0,0,0,0,,0,unhcr_population,2025-12-31,2026-08-19T14:21:59Z,2026-08-19
TZA,United Rep. of Tanzania,1996,66,0,0,0,0,5,0,,0,unhcr_population,2025-12-31,2026-08-19T14:21:59Z,2026-08-19
TZA,United Rep. of Tanzania,1997,59,0,0,0,0,0,0,,0,unhcr_population,2025-12-31,2026-08-19T14:21:59Z,2026-08-19
TZA,United Rep. of Tanzania,1998,100,0,0,0,7320,0,0,,0,unhcr_population,2025-12-31,2026-08-19T14:21:59Z,2026-08-19
TZA,United Rep. of Tanzania,1999,117,0,0,0,7320,5,0,,0,unhcr_population,2025-12-31,2026-08-19T14:21:59Z,2026-08-19
TZA,United Rep. of Tanzania,2000,310,801,0,0,742,7,0,,0,unhcr_population,2025-12-31,2026-08-19T14:21:59Z,2026-08-19
TZA,United Rep. of Tanzania,2001,369,807,0,0,0,2000,0,,0,unhcr_population,2025-12-31,2026-08-19T14:21:59Z,2026-08-19
TZA,United Rep. of Tanzania,2002,578,2485,0,0,0,9,0,,0,unhcr_population,2025-12-31,2026-08-19T14:21:59Z,2026-08-19
TZA,United Rep. of Tanzania,2003,703,3562,0,0,0,5,0,,0,unhcr_population,2025-12-31,2026-08-19T14:21:59Z,2026-08-19
TZA,United Rep. of Tanzania,2004,982,4339,0,0,0,0,0,,0,unhcr_population,2025-12-31,2026-08-19T14:21:59Z,2026-08-19
TZA,United Rep. of Tanzania,2005,1542,5236,0,0,0,0,0,,0,unhcr_population,2025-12-31,2026-08-19T14:21:59Z,2026-08-19
TZA,United Rep. of Tanzania,2006,1665,205,0,0,0,5,0,,0,unhcr_population,2025-12-31,2026-08-19T14:21:59Z,2026-08-19
TZA,United Rep. of Tanzania,2007,1250,2906,0,0,0,0,0,,0,unhcr_population,2025-12-31,2026-08-19T14:21:59Z,2026-08-19
TZA,United Rep. of Tanzania,2008,1262,2898,0,0,0,0,0,,0,unhcr_population,2025-12-31,2026-08-19T14:21:59Z,2026-08-19
TZA,United Rep. of Tanzania,2009,1191,204,0,0,155051,0,0,,0,unhcr_population,2025-12-31,2026-08-19T14:21:59Z,2026-08-19
TZA,United Rep. of Tanzania,2010,1135,194,0,0,162256,0,0,,0,unhcr_population,2025-12-31,2026-08-19T14:21:59Z,2026-08-19
TZA,United Rep. of Tanzania,2011,1154,553,0,0,0,0,0,,0,unhcr_population,2025-12-31,2026-08-19T14:21:59Z,2026-08-19
TZA,United Rep. of Tanzania,2012,1109,807,0,0,0,44,0,,0,unhcr_population,2025-12-31,2026-08-19T14:21:59Z,2026-08-19
TZA,United Rep. of Tanzania,2013,1033,1017,0,0,0,0,0,,0,unhcr_population,2025-12-31,2026-08-19T14:21:59Z,2026-08-19
TZA,United Rep. of Tanzania,2014,843,1056,0,0,0,0,0,,0,unhcr_population,2025-12-31,2026-08-19T14:21:59Z,2026-08-19
TZA,United Rep. of Tanzania,2015,810,1577,0,0,15,0,0,,0,unhcr_population,2025-12-31,2026-08-19T14:21:59Z,2026-08-19
TZA,United Rep. of Tanzania,2016,579,1215,0,0,10,6,0,,0,unhcr_population,2025-12-31,2026-08-19T14:21:59Z,2026-08-19
TZA,United Rep. of Tanzania,2017,655,1455,0,0,15,0,0,,0,unhcr_population,2025-12-31,2026-08-19T14:21:59Z,2026-08-19
TZA,United Rep. of Tanzania,2018,723,1659,0,0,10,0,0,,0,unhcr_population,2025-12-31,2026-08-19T14:21:59Z,2026-08-19
TZA,United Rep. of Tanzania,2019,695,1963,0,0,45,0,0,,0,unhcr_population,2025-12-31,2026-08-19T14:21:59Z,2026-08-19
TZA,United Rep. of Tanzania,2020,689,1900,0,0,35,0,0,,0,unhcr_population,2025-12-31,2026-08-19T14:21:59Z,2026-08-19
TZA,United Rep. of Tanzania,2021,752,1841,0,0,33,0,0,,0,unhcr_population,2025-12-31,2026-08-19T14:21:59Z,2026-08-19
TZA,United Rep. of Tanzania,2022,790,1916,0,0,31,0,0,,0,unhcr_population,2025-12-31,2026-08-19T14:21:59Z,2026-08-19
TZA,United Rep. of Tanzania,2023,935,2954,0,0,10,0,0,,0,unhcr_population,2025-12-31,2026-08-19T14:21:59Z,2026-08-19
TZA,United Rep. of Tanzania,2024,1259,3900,0,0,10,5,0,,0,unhcr_population,2025-12-31,2026-08-19T14:21:59Z,2026-08-19
TZA,United Rep. of Tanzania,2025,1592,2777,0,0,0,0,0,,0,unhcr_population,2025-12-31,2026-08-19T14:21:59Z,2026-08-19
UGA,Uganda,1973,950,0,0,0,0,0,0,,0,unhcr_population,2025-12-31,2026-08-19T14:21:59Z,2026-08-19
UGA,Uganda,1974,2630,0,0,0,0,0,0,,0,unhcr_population,2025-12-31,2026-08-19T14:21:59Z,2026-08-19
UGA,Uganda,1975,2510,0,0,0,0,0,0,,0,unhcr_population,2025-12-31,2026-08-19T14:21:59Z,2026-08-19
UGA,Uganda,1976,3250,0,0,0,0,0,0,,0,unhcr_population,2025-12-31,2026-08-19T14:21:59Z,2026-08-19
UGA,Uganda,1977,8000,0,0,0,0,0,0,,0,unhcr_population,2025-12-31,2026-08-19T14:21:59Z,2026-08-19
UGA,Uganda,1978,8820,0,0,0,0,30000,0,,0,unhcr_population,2025-12-31,2026-08-19T14:21:59Z,2026-08-19
UGA,Uganda,1979,88710,0,0,0,0,24790,0,,0,unhcr_population,2025-12-31,2026-08-19T14:21:59Z,2026-08-19
UGA,Uganda,1980,224301,0,0,0,0,33200,0,,0,unhcr_population,2025-12-31,2026-08-19T14:21:59Z,2026-08-19
UGA,Uganda,1981,176691,0,0,0,0,42250,0,,0,unhcr_population,2025-12-31,2026-08-19T14:21:59Z,2026-08-19
UGA,Uganda,1982,271285,0,0,0,0,126000,0,,0,unhcr_population,2025-12-31,2026-08-19T14:21:59Z,2026-08-19
UGA,Uganda,1983,315346,0,0,0,0,6240,0,,0,unhcr_population,2025-12-31,2026-08-19T14:21:59Z,2026-08-19
UGA,Uganda,1984,293991,0,0,0,0,58500,0,,0,unhcr_population,2025-12-31,2026-08-19T14:21:59Z,2026-08-19
UGA,Uganda,1985,306060,0,0,0,0,56210,0,,0,unhcr_population,2025-12-31,2026-08-19T14:21:59Z,2026-08-19
UGA,Uganda,1986,238652,0,0,0,0,57270,0,,0,unhcr_population,2025-12-31,2026-08-19T14:21:59Z,2026-08-19
UGA,Uganda,1987,111071,0,0,0,0,83950,0,,0,unhcr_population,2025-12-31,2026-08-19T14:21:59Z,2026-08-19
UGA,Uganda,1988,21975,0,0,0,0,85160,0,,0,unhcr_population,2025-12-31,2026-08-19T14:21:59Z,2026-08-19
UGA,Uganda,1989,21358,0,0,0,0,19040,0,,0,unhcr_population,2025-12-31,2026-08-19T14:21:59Z,2026-08-19
UGA,Uganda,1990,58820,0,0,0,0,80,0,,0,unhcr_population,2025-12-31,2026-08-19T14:21:59Z,2026-08-19
UGA,Uganda,1991,39386,0,0,0,0,60,0,,0,unhcr_population,2025-12-31,2026-08-19T14:21:59Z,2026-08-19
UGA,Uganda,1992,32456,0,0,0,0,4990,0,,0,unhcr_population,2025-12-31,2026-08-19T14:21:59Z,2026-08-19
UGA,Uganda,1993,33406,0,0,0,0,1146,0,,0,unhcr_population,2025-12-31,2026-08-19T14:21:59Z,2026-08-19
UGA,Uganda,1994,31446,0,0,0,0,4017,0,,0,unhcr_population,2025-12-31,2026-08-19T14:21:59Z,2026-08-19
UGA,Uganda,1995,24161,0,0,0,0,4572,0,,0,unhcr_population,2025-12-31,2026-08-19T14:21:59Z,2026-08-19
UGA,Uganda,1996,28335,0,0,0,0,331,0,,0,unhcr_population,2025-12-31,2026-08-19T14:21:59Z,2026-08-19
UGA,Uganda,1997,55232,0,0,0,0,1254,0,,0,unhcr_population,2025-12-31,2026-08-19T14:21:59Z,2026-08-19
UGA,Uganda,1998,13294,0,0,0,0,1007,0,,0,unhcr_population,2025-12-31,2026-08-19T14:21:59Z,2026-08-19
UGA,Uganda,1999,13929,0,0,0,0,236,0,,0,unhcr_population,2025-12-31,2026-08-19T14:21:59Z,2026-08-19
UGA,Uganda,2000,32405,1050,0,0,0,435,0,,0,unhcr_population,2025-12-31,2026-08-19T14:21:59Z,2026-08-19
UGA,Uganda,2001,40133,943,0,0,0,153,0,,0,unhcr_population,2025-12-31,2026-08-19T14:21:59Z,2026-08-19
UGA,Uganda,2002,40414,2030,0,0,0,263,0,,0,unhcr_population,2025-12-31,2026-08-19T14:21:59Z,2026-08-19
UGA,Uganda,2003,35240,2818,0,0,0,4410,0,,0,unhcr_population,2025-12-31,2026-08-19T14:21:59Z,2026-08-19
UGA,Uganda,2004,31955,3202,0,0,0,91,0,,0,unhcr_population,2025-12-31,2026-08-19T14:21:59Z,2026-08-19
UGA,Uganda,2005,34208,4297,0,0,0,25,0,,0,unhcr_population,2025-12-31,2026-08-19T14:21:59Z,2026-08-19
UGA,Uganda,2006,21735,1344,1586174,0,0,5035,300000,,0,unhcr_population,2025-12-31,2026-08-19T14:21:59Z,2026-08-19
UGA,Uganda,2007,21325,3130,1235992,0,0,5,579000,,0,unhcr_population,2025-12-31,2026-08-19T14:21:59Z,2026-08-19
UGA,Uganda,2008,7533,3127,853000,0,0,100,603000,,0,unhcr_population,2025-12-31,2026-08-19T14:21:59Z,2026-08-19
UGA,Uganda,2009,7543,898,446300,0,0,88,407700,,0,unhcr_population,2025-12-31,2026-08-19T14:21:59Z,2026-08-19
UGA,Uganda,2010,6421,929,125598,0,0,58,302991,,0,unhcr_population,2025-12-31,2026-08-19T14:21:59Z,2026-08-19
UGA,Uganda,2011,5658,1970,29776,0,0,20,95822,,0,unhcr_population,2025-12-31,2026-08-19T14:21:59Z,2026-08-19
UGA,Uganda,2012,5588,3076,0,0,0,18,0,,0,unhcr_population,2025-12-31,2026-08-19T14:21:59Z,2026-08-19
UGA,Uganda,2013,8166,3754,0,0,50000,0,0,,0,unhcr_population,2025-12-31,2026-08-19T14:21:59Z,2026-08-19
UGA,Uganda,2014,7177,4748,0,0,180000,0,0,,0,unhcr_population,2025-12-31,2026-08-19T14:21:59Z,2026-08-19
UGA,Uganda,2015,6311,6426,0,0,180000,1191,0,,0,unhcr_population,2025-12-31,2026-08-19T14:21:59Z,2026-08-19
UGA,Uganda,2016,6229,5328,0,0,180000,0,0,,0,unhcr_population,2025-12-31,2026-08-19T14:21:59Z,2026-08-19
UGA,Uganda,2017,6409,10156,0,0,180000,0,0,,0,unhcr_population,2025-12-31,2026-08-19T14:21:59Z,2026-08-19
UGA,Uganda,2018,7034,10956,0,0,180000,0,0,,0,unhcr_population,2025-12-31,2026-08-19T14:21:59Z,2026-08-19
UGA,Uganda,2019,7301,11433,0,0,7,0,0,,2304506,unhcr_population,2025-12-31,2026-08-19T14:21:59Z,2026-08-19
UGA,Uganda,2020,7442,11742,0,0,7,0,0,,2351313,unhcr_population,2025-12-31,2026-08-19T14:21:59Z,2026-08-19
UGA,Uganda,2021,7887,11824,0,0,10,5,0,,2428906,unhcr_population,2025-12-31,2026-08-19T14:21:59Z,2026-08-19
UGA,Uganda,2022,7572,11833,0,0,35,0,0,,2581900,unhcr_population,2025-12-31,2026-08-19T14:21:59Z,2026-08-19
UGA,Uganda,2023,8376,14989,0,0,5,0,0,,2659400,unhcr_population,2025-12-31,2026-08-19T14:21:59Z,2026-08-19
UGA,Uganda,2024,10384,18311,0,0,0,5,0,,3200000,unhcr_population,2025-12-31,2026-08-19T14:21:59Z,2026-08-19
UGA,Uganda,2025,12792,11401,0,0,17,0,0,,3271000,unhcr_population,2025-12-31,2026-08-19T14:21:59Z,2026-08-19
UKR,Ukraine,1992,39,0,0,0,0,0,0,,0,unhcr_population,2025-12-31,2026-08-19T14:21:59Z,2026-08-19
UKR,Ukraine,1993,133,0,0,0,0,0,0,,0,unhcr_population,2025-12-31,2026-08-19T14:21:59Z,2026-08-19
UKR,Ukraine,1994,917,0,0,0,0,0,0,,0,unhcr_population,2025-12-31,2026-08-19T14:21:59Z,2026-08-19
UKR,Ukraine,1995,1702,0,0,0,0,0,0,,0,unhcr_population,2025-12-31,2026-08-19T14:21:59Z,2026-08-19
UKR,Ukraine,1996,6106,0,0,0,0,7,0,,0,unhcr_population,2025-12-31,2026-08-19T14:21:59Z,2026-08-19
UKR,Ukraine,1997,6348,0,0,0,0,0,0,,0,unhcr_population,2025-12-31,2026-08-19T14:21:59Z,2026-08-19
UKR,Ukraine,1998,4599,0,0,0,570,0,0,,0,unhcr_population,2025-12-31,2026-08-19T14:21:59Z,2026-08-19
UKR,Ukraine,1999,12235,0,0,0,0,0,0,,0,unhcr_population,2025-12-31,2026-08-19T14:21:59Z,2026-08-19
UKR,Ukraine,2000,19310,3038,0,0,96,5,0,,0,unhcr_population,2025-12-31,2026-08-19T14:21:59Z,2026-08-19
UKR,Ukraine,2001,26712,5896,0,0,0,0,0,,0,unhcr_population,2025-12-31,2026-08-19T14:21:59Z,2026-08-19
UKR,Ukraine,2002,85258,4872,0,0,0,0,0,,0,unhcr_population,2025-12-31,2026-08-19T14:21:59Z,2026-08-19
UKR,Ukraine,2003,94141,2850,0,0,0,0,0,,0,unhcr_population,2025-12-31,2026-08-19T14:21:59Z,2026-08-19
UKR,Ukraine,2004,89582,2642,0,0,0,0,0,,0,unhcr_population,2025-12-31,2026-08-19T14:21:59Z,2026-08-19
UKR,Ukraine,2005,84223,2664,0,0,0,0,0,,0,unhcr_population,2025-12-31,2026-08-19T14:21:59Z,2026-08-19
UKR,Ukraine,2006,63716,3478,0,0,0,0,0,,0,unhcr_population,2025-12-31,2026-08-19T14:21:59Z,2026-08-19
UKR,Ukraine,2007,25980,2418,0,0,0,0,0,,0,unhcr_population,2025-12-31,2026-08-19T14:21:59Z,2026-08-19
UKR,Ukraine,2008,28416,1900,0,0,0,0,0,,0,unhcr_population,2025-12-31,2026-08-19T14:21:59Z,2026-08-19
UKR,Ukraine,2009,24512,1530,0,0,0,0,0,,0,unhcr_population,2025-12-31,2026-08-19T14:21:59Z,2026-08-19
UKR,Ukraine,2010,25102,1250,0,0,0,0,0,,0,unhcr_population,2025-12-31,2026-08-19T14:21:59Z,2026-08-19
UKR,Ukraine,2011,25372,1039,0,0,0,0,0,,0,unhcr_population,2025-12-31,2026-08-19T14:21:59Z,2026-08-19
UKR,Ukraine,2012,25248,1209,0,0,0,0,0,,0,unhcr_population,2025-12-31,2026-08-19T14:21:59Z,2026-08-19
UKR,Ukraine,2013,5154,1631,0,0,6,0,0,,0,unhcr_population,2025-12-31,2026-08-19T14:21:59Z,2026-08-19
UKR,Ukraine,2014,237617,15085,823000,0,5,0,0,,0,unhcr_population,2025-12-31,2026-08-19T14:21:59Z,2026-08-19
UKR,Ukraine,2015,321399,22350,1600000,0,5,0,0,,0,unhcr_population,2025-12-31,2026-08-19T14:21:59Z,2026-08-19
UKR,Ukraine,2016,239062,34638,1800000,0,5,6,0,,0,unhcr_population,2025-12-31,2026-08-19T14:21:59Z,2026-08-19
UKR,Ukraine,2017,139581,37670,1800000,0,5,5,0,,0,unhcr_population,2025-12-31,2026-08-19T14:21:59Z,2026-08-19
UKR,Ukraine,2018,93248,31965,1500002,0,0,5,0,,0,unhcr_population,2025-12-31,2026-08-19T14:21:59Z,2026-08-19
UKR,Ukraine,2019,59844,27991,734000,0,1680257,0,0,,0,unhcr_population,2025-12-31,2026-08-19T14:21:59Z,2026-08-19
UKR,Ukraine,2020,35156,21426,734000,0,1620005,0,0,,0,unhcr_population,2025-12-31,2026-08-19T14:21:59Z,2026-08-19
UKR,Ukraine,2021,27562,19426,854000,0,1424805,0,0,,0,unhcr_population,2025-12-31,2026-08-19T14:21:59Z,2026-08-19
UKR,Ukraine,2022,5684177,34637,5914000,0,545130,660000,2616000,,0,unhcr_population,2025-12-31,2026-08-19T14:21:59Z,2026-08-19
UKR,Ukraine,2023,5960362,33988,3689000,0,988425,399050,1318680,,0,unhcr_population,2025-12-31,2026-08-19T14:21:59Z,2026-08-19
UKR,Ukraine,2024,5120036,44349,3665000,0,876727,209064,782000,,0,unhcr_population,2025-12-31,2026-08-19T14:21:59Z,2026-08-19
UKR,Ukraine,2025,5224131,26583,3712000,0,738502,139251,579000,,0,unhcr_population,2025-12-31,2026-08-19T14:21:59Z,2026-08-19
UNK,Unknown,1951,2116011,0,0,0,0,0,0,,0,unhcr_population,2025-12-31,2026-08-19T14:21:59Z,2026-08-19
UNK,Unknown,1952,1952928,0,0,0,0,0,0,,0,unhcr_population,2025-12-31,2026-08-19T14:21:59Z,2026-08-19
UNK,Unknown,1953,1847304,0,0,0,0,0,0,,0,unhcr_population,2025-12-31,2026-08-19T14:21:59Z,2026-08-19
UNK,Unknown,1954,1749628,0,0,0,0,0,0,,0,unhcr_population,2025-12-31,2026-08-19T14:21:59Z,2026-08-19
UNK,Unknown,1955,1717966,0,0,0,0,0,0,,0,unhcr_population,2025-12-31,2026-08-19T14:21:59Z,2026-08-19
UNK,Unknown,1956,1767975,0,0,0,0,0,0,,0,unhcr_population,2025-12-31,2026-08-19T14:21:59Z,2026-08-19
UNK,Unknown,1957,1742514,0,0,0,0,0,0,,0,unhcr_population,2025-12-31,2026-08-19T14:21:59Z,2026-08-19
UNK,Unknown,1958,1698310,0,0,0,0,0,0,,0,unhcr_population,2025-12-31,2026-08-19T14:21:59Z,2026-08-19
UNK,Unknown,1959,1674185,0,0,0,0,0,0,,0,unhcr_population,2025-12-31,2026-08-19T14:21:59Z,2026-08-19
UNK,Unknown,1960,1506664,0,0,0,0,0,0,,0,unhcr_population,2025-12-31,2026-08-19T14:21:59Z,2026-08-19
UNK,Unknown,1961,1487067,0,0,0,0,0,0,,0,unhcr_population,2025-12-31,2026-08-19T14:21:59Z,2026-08-19
UNK,Unknown,1962,1443622,0,0,0,0,0,0,,0,unhcr_population,2025-12-31,2026-08-19T14:21:59Z,2026-08-19
UNK,Unknown,1963,1329403,0,0,0,0,0,0,,0,unhcr_population,2025-12-31,2026-08-19T14:21:59Z,2026-08-19
UNK,Unknown,1964,1328259,0,0,0,0,0,0,,0,unhcr_population,2025-12-31,2026-08-19T14:21:59Z,2026-08-19
UNK,Unknown,1965,1529335,0,0,0,0,300,0,,0,unhcr_population,2025-12-31,2026-08-19T14:21:59Z,2026-08-19
UNK,Unknown,1966,1335693,0,0,0,0,190,0,,0,unhcr_population,2025-12-31,2026-08-19T14:21:59Z,2026-08-19
UNK,Unknown,1967,1341171,0,0,0,0,40,0,,0,unhcr_population,2025-12-31,2026-08-19T14:21:59Z,2026-08-19
UNK,Unknown,1968,1300846,0,0,0,0,70,0,,0,unhcr_population,2025-12-31,2026-08-19T14:21:59Z,2026-08-19
UNK,Unknown,1969,1394437,0,0,0,0,130,0,,0,unhcr_population,2025-12-31,2026-08-19T14:21:59Z,2026-08-19
UNK,Unknown,1970,1290370,0,0,0,0,270,0,,0,unhcr_population,2025-12-31,2026-08-19T14:21:59Z,2026-08-19
UNK,Unknown,1971,2045180,0,0,0,0,220,0,,0,unhcr_population,2025-12-31,2026-08-19T14:21:59Z,2026-08-19
UNK,Unknown,1972,1943380,0,0,0,0,80,0,,0,unhcr_population,2025-12-31,2026-08-19T14:21:59Z,2026-08-19
UNK,Unknown,1973,1803895,0,0,0,0,110,0,,0,unhcr_population,2025-12-31,2026-08-19T14:21:59Z,2026-08-19
UNK,Unknown,1974,1822433,0,0,0,0,90,0,,0,unhcr_population,2025-12-31,2026-08-19T14:21:59Z,2026-08-19
UNK,Unknown,1975,1920594,0,0,0,0,160,0,,0,unhcr_population,2025-12-31,2026-08-19T14:21:59Z,2026-08-19
UNK,Unknown,1976,2472611,0,0,0,0,70,0,,0,unhcr_population,2025-12-31,2026-08-19T14:21:59Z,2026-08-19
UNK,Unknown,1977,2178564,0,0,0,0,160,0,,0,unhcr_population,2025-12-31,2026-08-19T14:21:59Z,2026-08-19
UNK,Unknown,1978,1847004,0,0,0,0,750,0,,0,unhcr_population,2025-12-31,2026-08-19T14:21:59Z,2026-08-19
UNK,Unknown,1979,1898392,0,0,0,0,1080,0,,0,unhcr_population,2025-12-31,2026-08-19T14:21:59Z,2026-08-19
UNK,Unknown,1980,1589450,0,0,0,0,490,0,,0,unhcr_population,2025-12-31,2026-08-19T14:21:59Z,2026-08-19
UNK,Unknown,1981,1680386,0,0,0,0,6580,0,,0,unhcr_population,2025-12-31,2026-08-19T14:21:59Z,2026-08-19
UNK,Unknown,1982,1722228,0,0,0,0,3560,0,,0,unhcr_population,2025-12-31,2026-08-19T14:21:59Z,2026-08-19
UNK,Unknown,1983,1857092,0,0,0,0,470,0,,0,unhcr_population,2025-12-31,2026-08-19T14:21:59Z,2026-08-19
UNK,Unknown,1984,1668896,0,0,0,0,1030,0,,0,unhcr_population,2025-12-31,2026-08-19T14:21:59Z,2026-08-19
UNK,Unknown,1985,1885131,0,0,0,0,39820,0,,0,unhcr_population,2025-12-31,2026-08-19T14:21:59Z,2026-08-19
UNK,Unknown,1986,2355351,0,0,0,0,600,0,,0,unhcr_population,2025-12-31,2026-08-19T14:21:59Z,2026-08-19
UNK,Unknown,1987,2227318,0,0,0,0,800,0,,0,unhcr_population,2025-12-31,2026-08-19T14:21:59Z,2026-08-19
UNK,Unknown,1988,2246249,0,0,0,0,1670,0,,0,unhcr_population,2025-12-31,2026-08-19T14:21:59Z,2026-08-19
UNK,Unknown,1989,2434984,0,0,0,0,2785,0,,0,unhcr_population,2025-12-31,2026-08-19T14:21:59Z,2026-08-19
UNK,Unknown,1990,2568212,0,0,0,0,4040,0,,0,unhcr_population,2025-12-31,2026-08-19T14:21:59Z,2026-08-19
UNK,Unknown,1991,2247611,0,0,0,0,3010,0,,0,unhcr_population,2025-12-31,2026-08-19T14:21:59Z,2026-08-19
UNK,Unknown,1992,3118505,0,0,0,0,3900,0,,0,unhcr_population,2025-12-31,2026-08-19T14:21:59Z,2026-08-19
UNK,Unknown,1993,2239029,743601,0,0,0,676,0,,0,unhcr_population,2025-12-31,2026-08-19T14:21:59Z,2026-08-19
UNK,Unknown,1994,1803192,644640,0,0,0,1190,0,,0,unhcr_population,2025-12-31,2026-08-19T14:21:59Z,2026-08-19
UNK,Unknown,1995,2166467,986458,0,0,0,150,0,,0,unhcr_population,2025-12-31,2026-08-19T14:21:59Z,2026-08-19
UNK,Unknown,1996,1412812,977087,0,0,0,15780,0,,0,unhcr_population,2025-12-31,2026-08-19T14:21:59Z,2026-08-19
UNK,Unknown,1997,1065790,1028200,0,0,160800,0,0,,0,unhcr_population,2025-12-31,2026-08-19T14:21:59Z,2026-08-19
UNK,Unknown,1998,1070621,977800,0,0,180201,106,0,,0,unhcr_population,2025-12-31,2026-08-19T14:21:59Z,2026-08-19
UNK,Unknown,1999,1236832,1027400,0,0,181035,207,0,,0,unhcr_population,2025-12-31,2026-08-19T14:21:59Z,2026-08-19
UNK,Unknown,2000,1119368,191978,0,0,162073,5,0,,0,unhcr_population,2025-12-31,2026-08-19T14:21:59Z,2026-08-19
UNK,Unknown,2001,1099538,137003,0,0,22202,24,0,,0,unhcr_population,2025-12-31,2026-08-19T14:21:59Z,2026-08-19
UNK,Unknown,2002,289770,268359,0,0,7923,53,0,,0,unhcr_population,2025-12-31,2026-08-19T14:21:59Z,2026-08-19
UNK,Unknown,2003,320112,229290,0,0,23759,71,0,,0,unhcr_population,2025-12-31,2026-08-19T14:21:59Z,2026-08-19
UNK,Unknown,2004,351195,225548,0,0,7676,99,0,,0,unhcr_population,2025-12-31,2026-08-19T14:21:59Z,2026-08-19
UNK,Unknown,2005,187212,125969,0,0,12802,15,0,,0,unhcr_population,2025-12-31,2026-08-19T14:21:59Z,2026-08-19
UNK,Unknown,2006,246951,209493,0,0,67341,63,0,,0,unhcr_population,2025-12-31,2026-08-19T14:21:59Z,2026-08-19
UNK,Unknown,2007,194063,181384,0,0,5804,36,0,,0,unhcr_population,2025-12-31,2026-08-19T14:21:59Z,2026-08-19
UNK,Unknown,2008,190688,251072,0,0,4030,51,0,,0,unhcr_population,2025-12-31,2026-08-19T14:21:59Z,2026-08-19
UNK,Unknown,2009,186680,447280,0,0,431,23,0,,0,unhcr_population,2025-12-31,2026-08-19T14:21:59Z,2026-08-19
UNK,Unknown,2010,167115,271557,0,0,0,0,0,,0,unhcr_population,2025-12-31,2026-08-19T14:21:59Z,2026-08-19
UNK,Unknown,2011,145045,283844,0,0,0,0,0,,0,unhcr_population,2025-12-31,2026-08-19T14:21:59Z,2026-08-19
UNK,Unknown,2012,132803,226457,0,0,583,26,0,,0,unhcr_population,2025-12-31,2026-08-19T14:21:59Z,2026-08-19
UNK,Unknown,2013,107203,158920,0,0,12740,0,0,,0,unhcr_population,2025-12-31,2026-08-19T14:21:59Z,2026-08-19
UNK,Unknown,2014,101138,455851,0,0,16348,0,0,,0,unhcr_population,2025-12-31,2026-08-19T14:21:59Z,2026-08-19
UNK,Unknown,2015,120122,1047315,0,0,14244,0,0,,0,unhcr_population,2025-12-31,2026-08-19T14:21:59Z,2026-08-19
UNK,Unknown,2016,138787,216805,0,0,40875,0,0,,0,unhcr_population,2025-12-31,2026-08-19T14:21:59Z,2026-08-19
UNK,Unknown,2017,202190,34577,0,0,120348,0,0,,0,unhcr_population,2025-12-31,2026-08-19T14:21:59Z,2026-08-19
UNK,Unknown,2018,216540,65554,0,0,147254,0,0,,0,unhcr_population,2025-12-31,2026-08-19T14:21:59Z,2026-08-19
UNK,Unknown,2019,183117,122408,0,0,269211,0,0,,0,unhcr_population,2025-12-31,2026-08-19T14:21:59Z,2026-08-19
UNK,Unknown,2020,184067,108800,0,0,34456,0,0,,0,unhcr_population,2025-12-31,2026-08-19T14:21:59Z,2026-08-19
UNK,Unknown,2021,100632,53367,0,0,7439,0,0,,196208,unhcr_population,2025-12-31,2026-08-19T14:21:59Z,2026-08-19
UNK,Unknown,2022,100167,50027,0,0,280766,0,0,,182595,unhcr_population,2025-12-31,2026-08-19T14:21:59Z,2026-08-19
UNK,Unknown,2023,179252,95550,0,0,165807,0,0,,188688,unhcr_population,2025-12-31,2026-08-19T14:21:59Z,2026-08-19
UNK,Unknown,2024,191689,62717,0,0,200219,0,0,,198251,unhcr_population,2025-12-31,2026-08-19T14:21:59Z,2026-08-19
UNK,Unknown,2025,126784,1572774,0,0,53241,5,0,103809,4057,unhcr_population,2025-12-31,2026-08-19T14:21:59Z,2026-08-19
URY,Uruguay,1974,3000,0,0,0,0,0,0,,0,unhcr_population,2025-12-31,2026-08-19T14:21:59Z,2026-08-19
URY,Uruguay,1975,570,0,0,0,0,0,0,,0,unhcr_population,2025-12-31,2026-08-19T14:21:59Z,2026-08-19
URY,Uruguay,1976,1160,0,0,0,0,0,0,,0,unhcr_population,2025-12-31,2026-08-19T14:21:59Z,2026-08-19
URY,Uruguay,1980,24,0,0,0,0,0,0,,0,unhcr_population,2025-12-31,2026-08-19T14:21:59Z,2026-08-19
URY,Uruguay,1981,24,0,0,0,0,0,0,,0,unhcr_population,2025-12-31,2026-08-19T14:21:59Z,2026-08-19
URY,Uruguay,1982,525,0,0,0,0,0,0,,0,unhcr_population,2025-12-31,2026-08-19T14:21:59Z,2026-08-19
URY,Uruguay,1983,25,0,0,0,0,1960,0,,0,unhcr_population,2025-12-31,2026-08-19T14:21:59Z,2026-08-19
URY,Uruguay,1984,165,0,0,0,0,100,0,,0,unhcr_population,2025-12-31,2026-08-19T14:21:59Z,2026-08-19
URY,Uruguay,1985,537,0,0,0,0,1300,0,,0,unhcr_population,2025-12-31,2026-08-19T14:21:59Z,2026-08-19
URY,Uruguay,1986,47,0,0,0,0,60,0,,0,unhcr_population,2025-12-31,2026-08-19T14:21:59Z,2026-08-19
URY,Uruguay,1987,39,0,0,0,0,0,0,,0,unhcr_population,2025-12-31,2026-08-19T14:21:59Z,2026-08-19
URY,Uruguay,1988,33,0,0,0,0,0,0,,0,unhcr_population,2025-12-31,2026-08-19T14:21:59Z,2026-08-19
URY,Uruguay,1989,203,0,0,0,0,0,0,,0,unhcr_population,2025-12-31,2026-08-19T14:21:59Z,2026-08-19
URY,Uruguay,1990,843,0,0,0,0,0,0,,0,unhcr_population,2025-12-31,2026-08-19T14:21:59Z,2026-08-19
URY,Uruguay,1991,601,0,0,0,0,0,0,,0,unhcr_population,2025-12-31,2026-08-19T14:21:59Z,2026-08-19
URY,Uruguay,1992,431,0,0,0,0,0,0,,0,unhcr_population,2025-12-31,2026-08-19T14:21:59Z,2026-08-19
URY,Uruguay,1993,164,0,0,0,0,0,0,,0,unhcr_population,2025-12-31,2026-08-19T14:21:59Z,2026-08-19
URY,Uruguay,1994,363,0,0,0,0,16,0,,0,unhcr_population,2025-12-31,2026-08-19T14:21:59Z,2026-08-19
URY,Uruguay,1995,263,0,0,0,0,0,0,,0,unhcr_population,2025-12-31,2026-08-19T14:21:59Z,2026-08-19
URY,Uruguay,1996,202,0,0,0,0,0,0,,0,unhcr_population,2025-12-31,2026-08-19T14:21:59Z,2026-08-19
URY,Uruguay,1997,87,0,0,0,0,0,0,,0,unhcr_population,2025-12-31,2026-08-19T14:21:59Z,2026-08-19
URY,Uruguay,1998,72,0,0,0,0,0,0,,0,unhcr_population,2025-12-31,2026-08-19T14:21:59Z,2026-08-19
URY,Uruguay,1999,36,0,0,0,0,0,0,,0,unhcr_population,2025-12-31,2026-08-19T14:21:59Z,2026-08-19
URY,Uruguay,2000,48,162,0,0,0,5,0,,0,unhcr_population,2025-12-31,2026-08-19T14:21:59Z,2026-08-19
URY,Uruguay,2001,45,311,0,0,0,0,0,,0,unhcr_population,2025-12-31,2026-08-19T14:21:59Z,2026-08-19
URY,Uruguay,2002,60,510,0,0,0,0,0,,0,unhcr_population,2025-12-31,2026-08-19T14:21:59Z,2026-08-19
URY,Uruguay,2003,59,541,0,0,0,0,0,,0,unhcr_population,2025-12-31,2026-08-19T14:21:59Z,2026-08-19
URY,Uruguay,2004,76,129,0,0,0,0,0,,0,unhcr_population,2025-12-31,2026-08-19T14:21:59Z,2026-08-19
URY,Uruguay,2005,107,63,0,0,0,0,0,,0,unhcr_population,2025-12-31,2026-08-19T14:21:59Z,2026-08-19
URY,Uruguay,2006,158,54,0,0,0,0,0,,0,unhcr_population,2025-12-31,2026-08-19T14:21:59Z,2026-08-19
URY,Uruguay,2007,193,31,0,0,0,0,0,,0,unhcr_population,2025-12-31,2026-08-19T14:21:59Z,2026-08-19
URY,Uruguay,2008,194,52,0,0,0,0,0,,0,unhcr_population,2025-12-31,2026-08-19T14:21:59Z,2026-08-19
URY,Uruguay,2009,183,60,0,0,0,0,0,,0,unhcr_population,2025-12-31,2026-08-19T14:21:59Z,2026-08-19
URY,Uruguay,2010,185,49,0,0,0,0,0,,0,unhcr_population,2025-12-31,2026-08-19T14:21:59Z,2026-08-19
URY,Uruguay,2011,183,41,0,0,0,0,0,,0,unhcr_population,2025-12-31,2026-08-19T14:21:59Z,2026-08-19
URY,Uruguay,2012,168,33,0,0,0,0,0,,0,unhcr_population,2025-12-31,2026-08-19T14:21:59Z,2026-08-19
URY,Uruguay,2013,144,22,0,0,0,0,0,,0,unhcr_population,2025-12-31,2026-08-19T14:21:59Z,2026-08-19
URY,Uruguay,2014,119,42,0,0,0,0,0,,0,unhcr_population,2025-12-31,2026-08-19T14:21:59Z,2026-08-19
URY,Uruguay,2015,84,62,0,0,0,0,0,,0,unhcr_population,2025-12-31,2026-08-19T14:21:59Z,2026-08-19
URY,Uruguay,2016,23,103,0,0,0,0,0,,0,unhcr_population,2025-12-31,2026-08-19T14:21:59Z,2026-08-19
URY,Uruguay,2017,12,174,0,0,0,0,0,,0,unhcr_population,2025-12-31,2026-08-19T14:21:59Z,2026-08-19
URY,Uruguay,2018,7,203,0,0,0,0,0,,0,unhcr_population,2025-12-31,2026-08-19T14:21:59Z,2026-08-19
URY,Uruguay,2019,15,311,0,0,0,0,0,,0,unhcr_population,2025-12-31,2026-08-19T14:21:59Z,2026-08-19
URY,Uruguay,2020,15,435,0,0,0,0,0,,0,unhcr_population,2025-12-31,2026-08-19T14:21:59Z,2026-08-19
URY,Uruguay,2021,45,648,0,0,0,0,0,,0,unhcr_population,2025-12-31,2026-08-19T14:21:59Z,2026-08-19
URY,Uruguay,2022,82,578,0,0,0,0,0,,0,unhcr_population,2025-12-31,2026-08-19T14:21:59Z,2026-08-19
URY,Uruguay,2023,93,818,0,0,0,0,0,,0,unhcr_population,2025-12-31,2026-08-19T14:21:59Z,2026-08-19
URY,Uruguay,2024,131,989,0,0,0,0,0,,0,unhcr_population,2025-12-31,2026-08-19T14:21:59Z,2026-08-19
URY,Uruguay,2025,126,536,0,0,0,0,0,,0,unhcr_population,2025-12-31,2026-08-19T14:21:59Z,2026-08-19
USA,United States of America,1991,8,0,0,0,0,0,0,,0,unhcr_population,2025-12-31,2026-08-19T14:21:59Z,2026-08-19
USA,United States of America,1992,8,0,0,0,0,0,0,,0,unhcr_population,2025-12-31,2026-08-19T14:21:59Z,2026-08-19
USA,United States of America,1993,10,0,0,0,0,0,0,,0,unhcr_population,2025-12-31,2026-08-19T14:21:59Z,2026-08-19
USA,United States of America,1994,364,0,0,0,0,0,0,,0,unhcr_population,2025-12-31,2026-08-19T14:21:59Z,2026-08-19
USA,United States of America,1995,243,0,0,0,0,0,0,,0,unhcr_population,2025-12-31,2026-08-19T14:21:59Z,2026-08-19
USA,United States of America,1996,141,0,0,0,0,0,0,,0,unhcr_population,2025-12-31,2026-08-19T14:21:59Z,2026-08-19
USA,United States of America,1997,75,0,0,0,0,0,0,,0,unhcr_population,2025-12-31,2026-08-19T14:21:59Z,2026-08-19
USA,United States of America,1998,50,0,0,0,0,0,0,,0,unhcr_population,2025-12-31,2026-08-19T14:21:59Z,2026-08-19
USA,United States of America,1999,38,0,0,0,0,0,0,,0,unhcr_population,2025-12-31,2026-08-19T14:21:59Z,2026-08-19
USA,United States of America,2000,173,86,0,0,0,0,0,,0,unhcr_population,2025-12-31,2026-08-19T14:21:59Z,2026-08-19
USA,United States of America,2001,220,110,0,0,0,0,0,,0,unhcr_population,2025-12-31,2026-08-19T14:21:59Z,2026-08-19
USA,United States of America,2002,383,233,0,0,0,0,0,,0,unhcr_population,2025-12-31,2026-08-19T14:21:59Z,2026-08-19
USA,United States of America,2003,394,345,0,0,0,0,0,,0,unhcr_population,2025-12-31,2026-08-19T14:21:59Z,2026-08-19
USA,United States of America,2004,451,266,0,0,0,0,0,,0,unhcr_population,2025-12-31,2026-08-19T14:21:59Z,2026-08-19
USA,United States of America,2005,676,255,0,0,0,0,0,,0,unhcr_population,2025-12-31,2026-08-19T14:21:59Z,2026-08-19
USA,United States of America,2006,1353,390,0,0,0,0,0,,0,unhcr_population,2025-12-31,2026-08-19T14:21:59Z,2026-08-19
USA,United States of America,2007,2164,1100,0,0,0,0,0,,0,unhcr_population,2025-12-31,2026-08-19T14:21:59Z,2026-08-19
USA,United States of America,2008,2126,1740,0,0,0,0,0,,0,unhcr_population,2025-12-31,2026-08-19T14:21:59Z,2026-08-19
USA,United States of America,2009,2367,1443,0,0,0,0,0,,0,unhcr_population,2025-12-31,2026-08-19T14:21:59Z,2026-08-19
USA,United States of America,2010,3019,866,0,0,0,0,0,,0,unhcr_population,2025-12-31,2026-08-19T14:21:59Z,2026-08-19
USA,United States of America,2011,3775,591,0,0,0,0,0,,0,unhcr_population,2025-12-31,2026-08-19T14:21:59Z,2026-08-19
USA,United States of America,2012,4454,417,0,0,0,0,0,,0,unhcr_population,2025-12-31,2026-08-19T14:21:59Z,2026-08-19
USA,United States of America,2013,4755,283,0,0,8,0,0,,0,unhcr_population,2025-12-31,2026-08-19T14:21:59Z,2026-08-19
USA,United States of America,2014,4980,164,0,0,17,0,0,,0,unhcr_population,2025-12-31,2026-08-19T14:21:59Z,2026-08-19
USA,United States of America,2015,4824,245,0,0,10,0,0,,0,unhcr_population,2025-12-31,2026-08-19T14:21:59Z,2026-08-19
USA,United States of America,2016,302,286,0,0,7,0,0,,0,unhcr_population,2025-12-31,2026-08-19T14:21:59Z,2026-08-19
USA,United States of America,2017,310,2196,0,0,6,0,0,,0,unhcr_population,2025-12-31,2026-08-19T14:21:59Z,2026-08-19
USA,United States of America,2018,332,2834,0,0,0,0,0,,0,unhcr_population,2025-12-31,2026-08-19T14:21:59Z,2026-08-19
USA,United States of America,2019,297,2940,0,0,12,0,0,,0,unhcr_population,2025-12-31,2026-08-19T14:21:59Z,2026-08-19
USA,United States of America,2020,349,2491,0,0,7,0,0,,0,unhcr_population,2025-12-31,2026-08-19T14:21:59Z,2026-08-19
USA,United States of America,2021,426,1662,0,0,6,0,0,,0,unhcr_population,2025-12-31,2026-08-19T14:21:59Z,2026-08-19
USA,United States of America,2022,1327,2115,0,0,10,0,0,,0,unhcr_population,2025-12-31,2026-08-19T14:21:59Z,2026-08-19
USA,United States of America,2023,1229,2051,0,0,5,0,0,,0,unhcr_population,2025-12-31,2026-08-19T14:21:59Z,2026-08-19
USA,United States of America,2024,4004,2409,0,0,0,16,0,,0,unhcr_population,2025-12-31,2026-08-19T14:21:59Z,2026-08-19
USA,United States of America,2025,3667,3779,0,0,10,5,0,,0,unhcr_population,2025-12-31,2026-08-19T14:21:59Z,2026-08-19
UZB,Uzbekistan,1994,29060,0,0,0,0,0,0,,0,unhcr_population,2025-12-31,2026-08-19T14:21:59Z,2026-08-19
UZB,Uzbekistan,1995,142,0,0,0,0,0,0,,0,unhcr_population,2025-12-31,2026-08-19T14:21:59Z,2026-08-19
UZB,Uzbekistan,1996,69745,0,0,0,0,5,0,,0,unhcr_population,2025-12-31,2026-08-19T14:21:59Z,2026-08-19
UZB,Uzbekistan,1997,69068,0,0,0,0,0,0,,0,unhcr_population,2025-12-31,2026-08-19T14:21:59Z,2026-08-19
UZB,Uzbekistan,1998,51722,0,0,0,714,16,0,,0,unhcr_population,2025-12-31,2026-08-19T14:21:59Z,2026-08-19
UZB,Uzbekistan,1999,45527,0,0,0,0,0,0,,0,unhcr_population,2025-12-31,2026-08-19T14:21:59Z,2026-08-19
UZB,Uzbekistan,2000,3628,372,0,0,51649,0,0,,0,unhcr_population,2025-12-31,2026-08-19T14:21:59Z,2026-08-19
UZB,Uzbekistan,2001,3454,662,0,0,7427,0,0,,0,unhcr_population,2025-12-31,2026-08-19T14:21:59Z,2026-08-19
UZB,Uzbekistan,2002,6882,1532,0,0,2461,0,0,,0,unhcr_population,2025-12-31,2026-08-19T14:21:59Z,2026-08-19
UZB,Uzbekistan,2003,7394,1524,0,0,430,0,0,,0,unhcr_population,2025-12-31,2026-08-19T14:21:59Z,2026-08-19
UZB,Uzbekistan,2004,7292,1332,0,0,430,0,0,,0,unhcr_population,2025-12-31,2026-08-19T14:21:59Z,2026-08-19
UZB,Uzbekistan,2005,8322,1465,0,0,0,0,0,,0,unhcr_population,2025-12-31,2026-08-19T14:21:59Z,2026-08-19
UZB,Uzbekistan,2006,9095,2151,0,0,0,5,0,,0,unhcr_population,2025-12-31,2026-08-19T14:21:59Z,2026-08-19
UZB,Uzbekistan,2007,5658,1835,0,0,0,6,0,,0,unhcr_population,2025-12-31,2026-08-19T14:21:59Z,2026-08-19
UZB,Uzbekistan,2008,6297,1838,0,0,0,5,0,,0,unhcr_population,2025-12-31,2026-08-19T14:21:59Z,2026-08-19
UZB,Uzbekistan,2009,6662,1576,0,0,0,12,0,,0,unhcr_population,2025-12-31,2026-08-19T14:21:59Z,2026-08-19
UZB,Uzbekistan,2010,8841,1612,0,0,0,0,0,,0,unhcr_population,2025-12-31,2026-08-19T14:21:59Z,2026-08-19
UZB,Uzbekistan,2011,12667,1503,0,0,0,0,0,,0,unhcr_population,2025-12-31,2026-08-19T14:21:59Z,2026-08-19
UZB,Uzbekistan,2012,11593,1429,0,0,0,0,0,,0,unhcr_population,2025-12-31,2026-08-19T14:21:59Z,2026-08-19
UZB,Uzbekistan,2013,4953,1776,0,0,0,0,0,,0,unhcr_population,2025-12-31,2026-08-19T14:21:59Z,2026-08-19
UZB,Uzbekistan,2014,4790,1975,0,0,5,0,0,,0,unhcr_population,2025-12-31,2026-08-19T14:21:59Z,2026-08-19
UZB,Uzbekistan,2015,4197,2659,0,0,0,0,0,,0,unhcr_population,2025-12-31,2026-08-19T14:21:59Z,2026-08-19
UZB,Uzbekistan,2016,3824,3087,0,0,0,5,0,,0,unhcr_population,2025-12-31,2026-08-19T14:21:59Z,2026-08-19
UZB,Uzbekistan,2017,3405,3541,0,0,0,0,0,,0,unhcr_population,2025-12-31,2026-08-19T14:21:59Z,2026-08-19
UZB,Uzbekistan,2018,3276,4606,0,0,0,5,0,,0,unhcr_population,2025-12-31,2026-08-19T14:21:59Z,2026-08-19
UZB,Uzbekistan,2019,3217,5002,0,0,0,0,0,,0,unhcr_population,2025-12-31,2026-08-19T14:21:59Z,2026-08-19
UZB,Uzbekistan,2020,3112,5171,0,0,0,0,0,,0,unhcr_population,2025-12-31,2026-08-19T14:21:59Z,2026-08-19
UZB,Uzbekistan,2021,3014,4946,0,0,0,0,0,,0,unhcr_population,2025-12-31,2026-08-19T14:21:59Z,2026-08-19
UZB,Uzbekistan,2022,4347,8720,0,0,0,0,0,,0,unhcr_population,2025-12-31,2026-08-19T14:21:59Z,2026-08-19
UZB,Uzbekistan,2023,4440,17459,0,0,5,0,0,,0,unhcr_population,2025-12-31,2026-08-19T14:21:59Z,2026-08-19
UZB,Uzbekistan,2024,5152,22765,0,0,5,5,0,,0,unhcr_population,2025-12-31,2026-08-19T14:21:59Z,2026-08-19
UZB,Uzbekistan,2025,5164,17404,0,0,10,10,0,,0,unhcr_population,2025-12-31,2026-08-19T14:21:59Z,2026-08-19
VAT,Holy See,2007,0,5,0,0,0,0,0,,0,unhcr_population,2025-12-31,2026-08-19T14:21:59Z,2026-08-19
VAT,Holy See,2008,0,5,0,0,0,0,0,,0,unhcr_population,2025-12-31,2026-08-19T14:21:59Z,2026-08-19
VAT,Holy See,2019,0,5,0,0,0,0,0,,0,unhcr_population,2025-12-31,2026-08-19T14:21:59Z,2026-08-19
VAT,Holy See,2020,0,12,0,0,0,0,0,,0,unhcr_population,2025-12-31,2026-08-19T14:21:59Z,2026-08-19
VAT,Holy See,2021,0,12,0,0,0,0,0,,0,unhcr_population,2025-12-31,2026-08-19T14:21:59Z,2026-08-19
VAT,Holy See,2022,0,17,0,0,0,0,0,,0,unhcr_population,2025-12-31,2026-08-19T14:21:59Z,2026-08-19
VCT,Saint Vincent and the Grenadines,1994,7,0,0,0,0,0,0,,0,unhcr_population,2025-12-31,2026-08-19T14:21:59Z,2026-08-19
VCT,Saint Vincent and the Grenadines,1995,7,0,0,0,0,0,0,,0,unhcr_population,2025-12-31,2026-08-19T14:21:59Z,2026-08-19
VCT,Saint Vincent and the Grenadines,1996,13,0,0,0,0,0,0,,0,unhcr_population,2025-12-31,2026-08-19T14:21:59Z,2026-08-19
VCT,Saint Vincent and the Grenadines,1997,13,0,0,0,0,0,0,,0,unhcr_population,2025-12-31,2026-08-19T14:21:59Z,2026-08-19
VCT,Saint Vincent and the Grenadines,1998,24,0,0,0,0,0,0,,0,unhcr_population,2025-12-31,2026-08-19T14:21:59Z,2026-08-19
VCT,Saint Vincent and the Grenadines,1999,36,0,0,0,0,0,0,,0,unhcr_population,2025-12-31,2026-08-19T14:21:59Z,2026-08-19
VCT,Saint Vincent and the Grenadines,2000,48,78,0,0,0,0,0,,0,unhcr_population,2025-12-31,2026-08-19T14:21:59Z,2026-08-19
VCT,Saint Vincent and the Grenadines,2001,67,174,0,0,0,0,0,,0,unhcr_population,2025-12-31,2026-08-19T14:21:59Z,2026-08-19
VCT,Saint Vincent and the Grenadines,2002,81,510,0,0,0,0,0,,0,unhcr_population,2025-12-31,2026-08-19T14:21:59Z,2026-08-19
VCT,Saint Vincent and the Grenadines,2003,105,419,0,0,0,0,0,,0,unhcr_population,2025-12-31,2026-08-19T14:21:59Z,2026-08-19
VCT,Saint Vincent and the Grenadines,2004,181,213,0,0,0,0,0,,0,unhcr_population,2025-12-31,2026-08-19T14:21:59Z,2026-08-19
VCT,Saint Vincent and the Grenadines,2005,279,353,0,0,0,0,0,,0,unhcr_population,2025-12-31,2026-08-19T14:21:59Z,2026-08-19
VCT,Saint Vincent and the Grenadines,2006,386,318,0,0,0,0,0,,0,unhcr_population,2025-12-31,2026-08-19T14:21:59Z,2026-08-19
VCT,Saint Vincent and the Grenadines,2007,644,504,0,0,0,0,0,,0,unhcr_population,2025-12-31,2026-08-19T14:21:59Z,2026-08-19
VCT,Saint Vincent and the Grenadines,2008,748,744,0,0,0,0,0,,0,unhcr_population,2025-12-31,2026-08-19T14:21:59Z,2026-08-19
VCT,Saint Vincent and the Grenadines,2009,847,1072,0,0,0,0,0,,0,unhcr_population,2025-12-31,2026-08-19T14:21:59Z,2026-08-19
VCT,Saint Vincent and the Grenadines,2010,946,1047,0,0,0,0,0,,0,unhcr_population,2025-12-31,2026-08-19T14:21:59Z,2026-08-19
VCT,Saint Vincent and the Grenadines,2011,1126,905,0,0,0,0,0,,0,unhcr_population,2025-12-31,2026-08-19T14:21:59Z,2026-08-19
VCT,Saint Vincent and the Grenadines,2012,1315,486,0,0,0,0,0,,0,unhcr_population,2025-12-31,2026-08-19T14:21:59Z,2026-08-19
VCT,Saint Vincent and the Grenadines,2013,1535,223,0,0,0,0,0,,0,unhcr_population,2025-12-31,2026-08-19T14:21:59Z,2026-08-19
VCT,Saint Vincent and the Grenadines,2014,1736,45,0,0,0,0,0,,0,unhcr_population,2025-12-31,2026-08-19T14:21:59Z,2026-08-19
VCT,Saint Vincent and the Grenadines,2015,1823,43,0,0,0,0,0,,0,unhcr_population,2025-12-31,2026-08-19T14:21:59Z,2026-08-19
VCT,Saint Vincent and the Grenadines,2016,1335,131,0,0,0,0,0,,0,unhcr_population,2025-12-31,2026-08-19T14:21:59Z,2026-08-19
VCT,Saint Vincent and the Grenadines,2017,1311,136,0,0,0,0,0,,0,unhcr_population,2025-12-31,2026-08-19T14:21:59Z,2026-08-19
VCT,Saint Vincent and the Grenadines,2018,1258,56,0,0,0,0,0,,0,unhcr_population,2025-12-31,2026-08-19T14:21:59Z,2026-08-19
VCT,Saint Vincent and the Grenadines,2019,979,77,0,0,0,0,0,,0,unhcr_population,2025-12-31,2026-08-19T14:21:59Z,2026-08-19
VCT,Saint Vincent and the Grenadines,2020,742,38,0,0,0,0,0,,0,unhcr_population,2025-12-31,2026-08-19T14:21:59Z,2026-08-19
VCT,Saint Vincent and the Grenadines,2021,467,85,0,0,0,0,0,,0,unhcr_population,2025-12-31,2026-08-19T14:21:59Z,2026-08-19
VCT,Saint Vincent and the Grenadines,2022,136,120,0,0,0,0,0,,0,unhcr_population,2025-12-31,2026-08-19T14:21:59Z,2026-08-19
VCT,Saint Vincent and the Grenadines,2023,157,165,0,0,0,0,0,,0,unhcr_population,2025-12-31,2026-08-19T14:21:59Z,2026-08-19
VCT,Saint Vincent and the Grenadines,2024,186,229,0,0,0,0,0,,0,unhcr_population,2025-12-31,2026-08-19T14:21:59Z,2026-08-19
VCT,Saint Vincent and the Grenadines,2025,194,129,0,0,0,0,0,,0,unhcr_population,2025-12-31,2026-08-19T14:21:59Z,2026-08-19
VEN,Venezuela (Bolivarian Republic of),1992,5,0,0,0,0,0,0,,0,unhcr_population,2025-12-31,2026-08-19T14:21:59Z,2026-08-19
VEN,Venezuela (Bolivarian Republic of),1993,135,0,0,0,0,0,0,,0,unhcr_population,2025-12-31,2026-08-19T14:21:59Z,2026-08-19
VEN,Venezuela (Bolivarian Republic of),1994,370,0,0,0,0,131,0,,0,unhcr_population,2025-12-31,2026-08-19T14:21:59Z,2026-08-19
VEN,Venezuela (Bolivarian Republic of),1995,478,0,0,0,0,0,0,,0,unhcr_population,2025-12-31,2026-08-19T14:21:59Z,2026-08-19
VEN,Venezuela (Bolivarian Republic of),1996,558,0,0,0,0,5,0,,0,unhcr_population,2025-12-31,2026-08-19T14:21:59Z,2026-08-19
VEN,Venezuela (Bolivarian Republic of),1997,606,0,0,0,0,0,0,,0,unhcr_population,2025-12-31,2026-08-19T14:21:59Z,2026-08-19
VEN,Venezuela (Bolivarian Republic of),1998,568,0,0,0,0,0,0,,0,unhcr_population,2025-12-31,2026-08-19T14:21:59Z,2026-08-19
VEN,Venezuela (Bolivarian Republic of),1999,554,0,0,0,0,0,0,,0,unhcr_population,2025-12-31,2026-08-19T14:21:59Z,2026-08-19
VEN,Venezuela (Bolivarian Republic of),2000,469,172,0,0,0,5,0,,0,unhcr_population,2025-12-31,2026-08-19T14:21:59Z,2026-08-19
VEN,Venezuela (Bolivarian Republic of),2001,464,334,0,0,0,0,0,,0,unhcr_population,2025-12-31,2026-08-19T14:21:59Z,2026-08-19
VEN,Venezuela (Bolivarian Republic of),2002,525,779,0,0,0,0,0,,0,unhcr_population,2025-12-31,2026-08-19T14:21:59Z,2026-08-19
VEN,Venezuela (Bolivarian Republic of),2003,598,2016,0,0,0,0,0,,0,unhcr_population,2025-12-31,2026-08-19T14:21:59Z,2026-08-19
VEN,Venezuela (Bolivarian Republic of),2004,1251,2682,0,0,0,0,0,,0,unhcr_population,2025-12-31,2026-08-19T14:21:59Z,2026-08-19
VEN,Venezuela (Bolivarian Republic of),2005,2581,2816,0,0,0,0,0,,0,unhcr_population,2025-12-31,2026-08-19T14:21:59Z,2026-08-19
VEN,Venezuela (Bolivarian Republic of),2006,3821,2367,0,0,0,0,0,,0,unhcr_population,2025-12-31,2026-08-19T14:21:59Z,2026-08-19
VEN,Venezuela (Bolivarian Republic of),2007,5089,1751,0,0,0,5,0,,0,unhcr_population,2025-12-31,2026-08-19T14:21:59Z,2026-08-19
VEN,Venezuela (Bolivarian Republic of),2008,5801,1518,0,0,0,0,0,,0,unhcr_population,2025-12-31,2026-08-19T14:21:59Z,2026-08-19
VEN,Venezuela (Bolivarian Republic of),2009,6216,1571,0,0,0,0,0,,0,unhcr_population,2025-12-31,2026-08-19T14:21:59Z,2026-08-19
VEN,Venezuela (Bolivarian Republic of),2010,6697,626,0,0,0,0,0,,0,unhcr_population,2025-12-31,2026-08-19T14:21:59Z,2026-08-19
VEN,Venezuela (Bolivarian Republic of),2011,7575,570,0,0,0,0,0,,0,unhcr_population,2025-12-31,2026-08-19T14:21:59Z,2026-08-19
VEN,Venezuela (Bolivarian Republic of),2012,8204,496,0,0,0,0,0,,0,unhcr_population,2025-12-31,2026-08-19T14:21:59Z,2026-08-19
VEN,Venezuela (Bolivarian Republic of),2013,8396,1154,0,0,0,0,0,,0,unhcr_population,2025-12-31,2026-08-19T14:21:59Z,2026-08-19
VEN,Venezuela (Bolivarian Republic of),2014,8009,4822,0,0,0,0,0,,0,unhcr_population,2025-12-31,2026-08-19T14:21:59Z,2026-08-19
VEN,Venezuela (Bolivarian Republic of),2015,7455,15087,0,0,0,0,0,,0,unhcr_population,2025-12-31,2026-08-19T14:21:59Z,2026-08-19
VEN,Venezuela (Bolivarian Republic of),2016,7543,45074,0,0,0,0,0,,0,unhcr_population,2025-12-31,2026-08-19T14:21:59Z,2026-08-19
VEN,Venezuela (Bolivarian Republic of),2017,9272,148096,0,0,345585,0,0,,0,unhcr_population,2025-12-31,2026-08-19T14:21:59Z,2026-08-19
VEN,Venezuela (Bolivarian Republic of),2018,21047,464223,0,0,0,5,0,2592947,0,unhcr_population,2025-12-31,2026-08-19T14:21:59Z,2026-08-19
VEN,Venezuela (Bolivarian Republic of),2019,93239,794491,0,0,494503,0,0,3582202,0,unhcr_population,2025-12-31,2026-08-19T14:21:59Z,2026-08-19
VEN,Venezuela (Bolivarian Republic of),2020,171112,851265,0,0,1112517,0,0,3862102,0,unhcr_population,2025-12-31,2026-08-19T14:21:59Z,2026-08-19
VEN,Venezuela (Bolivarian Republic of),2021,199202,971106,0,0,1389980,0,0,4406432,0,unhcr_population,2025-12-31,2026-08-19T14:21:59Z,2026-08-19
VEN,Venezuela (Bolivarian Republic of),2022,230393,1137162,0,0,3388107,0,0,5217456,0,unhcr_population,2025-12-31,2026-08-19T14:21:59Z,2026-08-19
VEN,Venezuela (Bolivarian Republic of),2023,347695,1200130,0,0,3293301,0,0,5755363,0,unhcr_population,2025-12-31,2026-08-19T14:21:59Z,2026-08-19
VEN,Venezuela (Bolivarian Republic of),2024,370169,1360041,0,0,810870,18,0,5875359,0,unhcr_population,2025-12-31,2026-08-19T14:21:59Z,2026-08-19
VEN,Venezuela (Bolivarian Republic of),2025,417010,1181156,0,0,237702,0,0,6042706,0,unhcr_population,2025-12-31,2026-08-19T14:21:59Z,2026-08-19
VGB,British Virgin Islands,2021,20,0,0,0,0,0,0,,0,unhcr_population,2025-12-31,2026-08-19T14:21:59Z,2026-08-19
VGB,British Virgin Islands,2022,20,0,0,0,0,0,0,,0,unhcr_population,2025-12-31,2026-08-19T14:21:59Z,2026-08-19
VGB,British Virgin Islands,2023,0,5,0,0,0,0,0,,0,unhcr_population,2025-12-31,2026-08-19T14:21:59Z,2026-08-19
VGB,British Virgin Islands,2024,0,5,0,0,0,0,0,,0,unhcr_population,2025-12-31,2026-08-19T14:21:59Z,2026-08-19
VGB,British Virgin Islands,2025,0,7,0,0,0,0,0,,0,unhcr_population,2025-12-31,2026-08-19T14:21:59Z,2026-08-19
VNM,Viet Nam,1964,10000,0,0,0,0,0,0,,0,unhcr_population,2025-12-31,2026-08-19T14:21:59Z,2026-08-19
VNM,Viet Nam,1965,15000,0,0,0,0,0,0,,0,unhcr_population,2025-12-31,2026-08-19T14:21:59Z,2026-08-19
VNM,Viet Nam,1966,17000,0,0,0,0,0,0,,0,unhcr_population,2025-12-31,2026-08-19T14:21:59Z,2026-08-19
VNM,Viet Nam,1967,20000,0,0,0,0,0,0,,0,unhcr_population,2025-12-31,2026-08-19T14:21:59Z,2026-08-19
VNM,Viet Nam,1968,22000,0,0,0,0,0,0,,0,unhcr_population,2025-12-31,2026-08-19T14:21:59Z,2026-08-19
VNM,Viet Nam,1969,22000,0,0,0,0,0,0,,0,unhcr_population,2025-12-31,2026-08-19T14:21:59Z,2026-08-19
VNM,Viet Nam,1970,20000,0,0,0,0,0,0,,0,unhcr_population,2025-12-31,2026-08-19T14:21:59Z,2026-08-19
VNM,Viet Nam,1975,2110,0,0,0,0,100,0,,0,unhcr_population,2025-12-31,2026-08-19T14:21:59Z,2026-08-19
VNM,Viet Nam,1976,4000,0,0,0,0,0,0,,0,unhcr_population,2025-12-31,2026-08-19T14:21:59Z,2026-08-19
VNM,Viet Nam,1977,14380,0,0,0,0,0,0,,0,unhcr_population,2025-12-31,2026-08-19T14:21:59Z,2026-08-19
VNM,Viet Nam,1978,124210,0,0,0,0,0,0,,0,unhcr_population,2025-12-31,2026-08-19T14:21:59Z,2026-08-19
VNM,Viet Nam,1979,397290,0,0,0,0,760,0,,0,unhcr_population,2025-12-31,2026-08-19T14:21:59Z,2026-08-19
VNM,Viet Nam,1980,346928,0,0,0,0,50760,0,,0,unhcr_population,2025-12-31,2026-08-19T14:21:59Z,2026-08-19
VNM,Viet Nam,1981,312548,0,0,0,0,27180,0,,0,unhcr_population,2025-12-31,2026-08-19T14:21:59Z,2026-08-19
VNM,Viet Nam,1982,325343,0,0,0,0,0,0,,0,unhcr_population,2025-12-31,2026-08-19T14:21:59Z,2026-08-19
VNM,Viet Nam,1983,328399,0,0,0,0,0,0,,0,unhcr_population,2025-12-31,2026-08-19T14:21:59Z,2026-08-19
VNM,Viet Nam,1984,328095,0,0,0,0,0,0,,0,unhcr_population,2025-12-31,2026-08-19T14:21:59Z,2026-08-19
VNM,Viet Nam,1985,326617,0,0,0,0,2110,0,,0,unhcr_population,2025-12-31,2026-08-19T14:21:59Z,2026-08-19
VNM,Viet Nam,1986,326668,0,0,0,0,0,0,,0,unhcr_population,2025-12-31,2026-08-19T14:21:59Z,2026-08-19
VNM,Viet Nam,1987,325717,0,0,0,0,0,0,,0,unhcr_population,2025-12-31,2026-08-19T14:21:59Z,2026-08-19
VNM,Viet Nam,1988,440379,0,0,0,0,0,0,,0,unhcr_population,2025-12-31,2026-08-19T14:21:59Z,2026-08-19
VNM,Viet Nam,1989,456936,0,0,0,0,916,0,,0,unhcr_population,2025-12-31,2026-08-19T14:21:59Z,2026-08-19
VNM,Viet Nam,1990,496029,0,0,0,0,6298,0,,0,unhcr_population,2025-12-31,2026-08-19T14:21:59Z,2026-08-19
VNM,Viet Nam,1991,498323,0,0,0,0,12623,0,,0,unhcr_population,2025-12-31,2026-08-19T14:21:59Z,2026-08-19
VNM,Viet Nam,1992,517111,0,0,0,0,17030,0,,0,unhcr_population,2025-12-31,2026-08-19T14:21:59Z,2026-08-19
VNM,Viet Nam,1993,527625,0,0,0,0,19231,0,,0,unhcr_population,2025-12-31,2026-08-19T14:21:59Z,2026-08-19
VNM,Viet Nam,1994,539095,0,0,0,0,12870,0,,0,unhcr_population,2025-12-31,2026-08-19T14:21:59Z,2026-08-19
VNM,Viet Nam,1995,543536,0,0,0,0,6334,0,,0,unhcr_population,2025-12-31,2026-08-19T14:21:59Z,2026-08-19
VNM,Viet Nam,1996,518335,0,0,0,0,25361,0,,0,unhcr_population,2025-12-31,2026-08-19T14:21:59Z,2026-08-19
VNM,Viet Nam,1997,476795,0,0,0,0,4937,0,,0,unhcr_population,2025-12-31,2026-08-19T14:21:59Z,2026-08-19
VNM,Viet Nam,1998,435437,0,0,0,45,74,0,,0,unhcr_population,2025-12-31,2026-08-19T14:21:59Z,2026-08-19
VNM,Viet Nam,1999,405378,0,0,0,38,85,0,,0,unhcr_population,2025-12-31,2026-08-19T14:21:59Z,2026-08-19
VNM,Viet Nam,2000,370753,1525,0,0,37,26,0,,0,unhcr_population,2025-12-31,2026-08-19T14:21:59Z,2026-08-19
VNM,Viet Nam,2001,353211,3471,0,0,2036,0,0,,0,unhcr_population,2025-12-31,2026-08-19T14:21:59Z,2026-08-19
VNM,Viet Nam,2002,373732,2092,0,0,1954,0,0,,0,unhcr_population,2025-12-31,2026-08-19T14:21:59Z,2026-08-19
VNM,Viet Nam,2003,363170,1247,0,0,1691,0,0,,0,unhcr_population,2025-12-31,2026-08-19T14:21:59Z,2026-08-19
VNM,Viet Nam,2004,349793,1075,0,0,1829,13,0,,0,unhcr_population,2025-12-31,2026-08-19T14:21:59Z,2026-08-19
VNM,Viet Nam,2005,358268,1699,0,0,797,176,0,,0,unhcr_population,2025-12-31,2026-08-19T14:21:59Z,2026-08-19
VNM,Viet Nam,2006,374278,1762,0,0,476,63,0,,0,unhcr_population,2025-12-31,2026-08-19T14:21:59Z,2026-08-19
VNM,Viet Nam,2007,327770,1775,0,0,165,63,0,,0,unhcr_population,2025-12-31,2026-08-19T14:21:59Z,2026-08-19
VNM,Viet Nam,2008,328175,1706,0,0,87,315,0,,0,unhcr_population,2025-12-31,2026-08-19T14:21:59Z,2026-08-19
VNM,Viet Nam,2009,339299,1191,0,0,68,121,0,,0,unhcr_population,2025-12-31,2026-08-19T14:21:59Z,2026-08-19
VNM,Viet Nam,2010,338707,1123,0,0,68,0,0,,0,unhcr_population,2025-12-31,2026-08-19T14:21:59Z,2026-08-19
VNM,Viet Nam,2011,337828,1304,0,0,68,21,0,,0,unhcr_population,2025-12-31,2026-08-19T14:21:59Z,2026-08-19
VNM,Viet Nam,2012,336936,1394,0,0,68,0,0,,0,unhcr_population,2025-12-31,2026-08-19T14:21:59Z,2026-08-19
VNM,Viet Nam,2013,314109,1999,0,0,68,0,0,,0,unhcr_population,2025-12-31,2026-08-19T14:21:59Z,2026-08-19
VNM,Viet Nam,2014,313420,3132,0,0,68,0,0,,0,unhcr_population,2025-12-31,2026-08-19T14:21:59Z,2026-08-19
VNM,Viet Nam,2015,313152,4373,0,0,265,0,0,,0,unhcr_population,2025-12-31,2026-08-19T14:21:59Z,2026-08-19
VNM,Viet Nam,2016,329341,4538,0,0,68,0,0,,0,unhcr_population,2025-12-31,2026-08-19T14:21:59Z,2026-08-19
VNM,Viet Nam,2017,334064,7115,0,0,68,0,0,,0,unhcr_population,2025-12-31,2026-08-19T14:21:59Z,2026-08-19
VNM,Viet Nam,2018,334464,5571,0,0,68,0,0,,0,unhcr_population,2025-12-31,2026-08-19T14:21:59Z,2026-08-19
VNM,Viet Nam,2019,316441,8095,0,0,68,0,0,,0,unhcr_population,2025-12-31,2026-08-19T14:21:59Z,2026-08-19
VNM,Viet Nam,2020,316728,9440,0,0,68,0,0,,0,unhcr_population,2025-12-31,2026-08-19T14:21:59Z,2026-08-19
VNM,Viet Nam,2021,317737,10345,0,0,68,0,0,,0,unhcr_population,2025-12-31,2026-08-19T14:21:59Z,2026-08-19
VNM,Viet Nam,2022,17507,10627,0,0,68,0,0,,0,unhcr_population,2025-12-31,2026-08-19T14:21:59Z,2026-08-19
VNM,Viet Nam,2023,18339,13179,0,0,68,0,0,,0,unhcr_population,2025-12-31,2026-08-19T14:21:59Z,2026-08-19
VNM,Viet Nam,2024,19961,22594,0,0,68,5,0,,0,unhcr_population,2025-12-31,2026-08-19T14:21:59Z,2026-08-19
VNM,Viet Nam,2025,20636,19253,0,0,28,5,0,,0,unhcr_population,2025-12-31,2026-08-19T14:21:59Z,2026-08-19
VUT,Vanuatu,2017,0,14,0,0,0,0,0,,0,unhcr_population,2025-12-31,2026-08-19T14:21:59Z,2026-08-19
VUT,Vanuatu,2018,0,52,0,0,0,0,0,,0,unhcr_population,2025-12-31,2026-08-19T14:21:59Z,2026-08-19
VUT,Vanuatu,2019,0,75,0,0,0,0,0,,0,unhcr_population,2025-12-31,2026-08-19T14:21:59Z,2026-08-19
VUT,Vanuatu,2020,0,158,0,0,0,0,0,,0,unhcr_population,2025-12-31,2026-08-19T14:21:59Z,2026-08-19
VUT,Vanuatu,2021,0,172,0,0,0,0,0,,0,unhcr_population,2025-12-31,2026-08-19T14:21:59Z,2026-08-19
VUT,Vanuatu,2022,5,705,0,0,0,0,0,,0,unhcr_population,2025-12-31,2026-08-19T14:21:59Z,2026-08-19
VUT,Vanuatu,2023,5,725,0,0,0,0,0,,0,unhcr_population,2025-12-31,2026-08-19T14:21:59Z,2026-08-19
VUT,Vanuatu,2024,5,1151,0,0,0,0,0,,0,unhcr_population,2025-12-31,2026-08-19T14:21:59Z,2026-08-19
VUT,Vanuatu,2025,13,961,0,0,0,0,0,,0,unhcr_population,2025-12-31,2026-08-19T14:21:59Z,2026-08-19
WSM,Samoa,2001,0,6,0,0,0,0,0,,0,unhcr_population,2025-12-31,2026-08-19T14:21:59Z,2026-08-19
WSM,Samoa,2002,0,5,0,0,0,0,0,,0,unhcr_population,2025-12-31,2026-08-19T14:21:59Z,2026-08-19
WSM,Samoa,2008,5,0,0,0,0,0,0,,0,unhcr_population,2025-12-31,2026-08-19T14:21:59Z,2026-08-19
WSM,Samoa,2012,0,11,0,0,0,0,0,,0,unhcr_population,2025-12-31,2026-08-19T14:21:59Z,2026-08-19
WSM,Samoa,2013,0,7,0,0,0,0,0,,0,unhcr_population,2025-12-31,2026-08-19T14:21:59Z,2026-08-19
WSM,Samoa,2014,0,7,0,0,0,0,0,,0,unhcr_population,2025-12-31,2026-08-19T14:21:59Z,2026-08-19
WSM,Samoa,2015,0,9,0,0,0,0,0,,0,unhcr_population,2025-12-31,2026-08-19T14:21:59Z,2026-08-19
WSM,Samoa,2016,0,10,0,0,0,0,0,,0,unhcr_population,2025-12-31,2026-08-19T14:21:59Z,2026-08-19
WSM,Samoa,2017,0,11,0,0,0,0,0,,0,unhcr_population,2025-12-31,2026-08-19T14:21:59Z,2026-08-19
WSM,Samoa,2018,0,42,0,0,0,0,0,,0,unhcr_population,2025-12-31,2026-08-19T14:21:59Z,2026-08-19
WSM,Samoa,2019,0,84,0,0,0,0,0,,0,unhcr_population,2025-12-31,2026-08-19T14:21:59Z,2026-08-19
WSM,Samoa,2020,0,133,0,0,0,0,0,,0,unhcr_population,2025-12-31,2026-08-19T14:21:59Z,2026-08-19
WSM,Samoa,2021,5,160,0,0,0,0,0,,0,unhcr_population,2025-12-31,2026-08-19T14:21:59Z,2026-08-19
WSM,Samoa,2022,8,395,0,0,0,0,0,,0,unhcr_population,2025-12-31,2026-08-19T14:21:59Z,2026-08-19
WSM,Samoa,2023,16,375,0,0,0,0,0,,0,unhcr_population,2025-12-31,2026-08-19T14:21:59Z,2026-08-19
WSM,Samoa,2024,8,484,0,0,0,0,0,,0,unhcr_population,2025-12-31,2026-08-19T14:21:59Z,2026-08-19
WSM,Samoa,2025,17,496,0,0,0,0,0,,0,unhcr_population,2025-12-31,2026-08-19T14:21:59Z,2026-08-19
XXA,Stateless,1980,8,0,0,0,0,0,0,,0,unhcr_population,2025-12-31,2026-08-19T14:21:59Z,2026-08-19
XXA,Stateless,1981,29,0,0,0,0,0,0,,0,unhcr_population,2025-12-31,2026-08-19T14:21:59Z,2026-08-19
XXA,Stateless,1982,32,0,0,0,0,0,0,,0,unhcr_population,2025-12-31,2026-08-19T14:21:59Z,2026-08-19
XXA,Stateless,1983,32,0,0,0,0,0,0,,0,unhcr_population,2025-12-31,2026-08-19T14:21:59Z,2026-08-19
XXA,Stateless,1984,1132,0,0,0,0,0,0,,0,unhcr_population,2025-12-31,2026-08-19T14:21:59Z,2026-08-19
XXA,Stateless,1985,45534,0,0,0,0,0,0,,0,unhcr_population,2025-12-31,2026-08-19T14:21:59Z,2026-08-19
XXA,Stateless,1986,42832,0,0,0,0,0,0,,0,unhcr_population,2025-12-31,2026-08-19T14:21:59Z,2026-08-19
XXA,Stateless,1987,37032,0,0,0,0,0,0,,0,unhcr_population,2025-12-31,2026-08-19T14:21:59Z,2026-08-19
XXA,Stateless,1988,36578,0,0,0,0,0,0,,0,unhcr_population,2025-12-31,2026-08-19T14:21:59Z,2026-08-19
XXA,Stateless,1989,37195,0,0,0,0,0,0,,0,unhcr_population,2025-12-31,2026-08-19T14:21:59Z,2026-08-19
XXA,Stateless,1990,38216,0,0,0,0,0,0,,0,unhcr_population,2025-12-31,2026-08-19T14:21:59Z,2026-08-19
XXA,Stateless,1991,38059,0,0,0,0,0,0,,0,unhcr_population,2025-12-31,2026-08-19T14:21:59Z,2026-08-19
XXA,Stateless,1992,34202,0,0,0,0,0,0,,0,unhcr_population,2025-12-31,2026-08-19T14:21:59Z,2026-08-19
XXA,Stateless,1993,28594,0,0,0,0,0,0,,0,unhcr_population,2025-12-31,2026-08-19T14:21:59Z,2026-08-19
XXA,Stateless,1994,27929,0,0,0,0,0,0,,0,unhcr_population,2025-12-31,2026-08-19T14:21:59Z,2026-08-19
XXA,Stateless,1995,26139,0,0,0,0,0,0,,0,unhcr_population,2025-12-31,2026-08-19T14:21:59Z,2026-08-19
XXA,Stateless,1996,23693,0,0,0,0,12,0,,0,unhcr_population,2025-12-31,2026-08-19T14:21:59Z,2026-08-19
XXA,Stateless,1997,23330,0,0,0,155300,0,0,,0,unhcr_population,2025-12-31,2026-08-19T14:21:59Z,2026-08-19
XXA,Stateless,1998,7107,0,0,0,257594,0,0,,0,unhcr_population,2025-12-31,2026-08-19T14:21:59Z,2026-08-19
XXA,Stateless,1999,11807,0,0,0,412057,0,0,,0,unhcr_population,2025-12-31,2026-08-19T14:21:59Z,2026-08-19
XXA,Stateless,2000,6431,2029,0,0,550639,0,0,,0,unhcr_population,2025-12-31,2026-08-19T14:21:59Z,2026-08-19
XXA,Stateless,2001,7157,1813,0,0,254855,0,0,,0,unhcr_population,2025-12-31,2026-08-19T14:21:59Z,2026-08-19
XXA,Stateless,2002,14475,2545,0,0,242621,0,0,,0,unhcr_population,2025-12-31,2026-08-19T14:21:59Z,2026-08-19
XXA,Stateless,2003,13867,3492,0,0,206581,0,0,,0,unhcr_population,2025-12-31,2026-08-19T14:21:59Z,2026-08-19
XXA,Stateless,2004,13883,3153,0,1455861,0,0,0,,0,unhcr_population,2025-12-31,2026-08-19T14:21:59Z,2026-08-19
XXA,Stateless,2005,12280,1934,0,2383651,0,0,0,,0,unhcr_population,2025-12-31,2026-08-19T14:21:59Z,2026-08-19
XXA,Stateless,2006,11255,2105,0,5805941,0,0,0,,0,unhcr_population,2025-12-31,2026-08-19T14:21:59Z,2026-08-19
XXA,Stateless,2007,13164,2703,0,2938538,0,0,0,,0,unhcr_population,2025-12-31,2026-08-19T14:21:59Z,2026-08-19
XXA,Stateless,2008,14168,2935,0,6573465,0,0,0,,0,unhcr_population,2025-12-31,2026-08-19T14:21:59Z,2026-08-19
XXA,Stateless,2009,15867,3382,0,6559572,0,0,0,,0,unhcr_population,2025-12-31,2026-08-19T14:21:59Z,2026-08-19
XXA,Stateless,2010,16914,4149,0,3463073,0,0,0,,0,unhcr_population,2025-12-31,2026-08-19T14:21:59Z,2026-08-19
XXA,Stateless,2011,18170,2241,0,3477100,0,0,0,,0,unhcr_population,2025-12-31,2026-08-19T14:21:59Z,2026-08-19
XXA,Stateless,2012,19668,3212,0,3335772,0,0,0,,0,unhcr_population,2025-12-31,2026-08-19T14:21:59Z,2026-08-19
XXA,Stateless,2013,20198,5638,0,3469268,0,0,0,,0,unhcr_population,2025-12-31,2026-08-19T14:21:59Z,2026-08-19
XXA,Stateless,2014,27907,10532,0,3492255,0,0,0,,0,unhcr_population,2025-12-31,2026-08-19T14:21:59Z,2026-08-19
XXA,Stateless,2015,37415,18601,0,3687759,0,0,0,,0,unhcr_population,2025-12-31,2026-08-19T14:21:59Z,2026-08-19
XXA,Stateless,2016,48687,10745,0,3242206,0,0,0,,0,unhcr_population,2025-12-31,2026-08-19T14:21:59Z,2026-08-19
XXA,Stateless,2017,53352,8890,0,3853982,0,0,0,,0,unhcr_population,2025-12-31,2026-08-19T14:21:59Z,2026-08-19
XXA,Stateless,2018,55765,7090,0,3851981,16,0,0,,0,unhcr_population,2025-12-31,2026-08-19T14:21:59Z,2026-08-19
XXA,Stateless,2019,68784,7258,0,4217774,12467,0,0,,0,unhcr_population,2025-12-31,2026-08-19T14:21:59Z,2026-08-19
XXA,Stateless,2020,53725,5565,0,4179331,13806,0,0,,0,unhcr_population,2025-12-31,2026-08-19T14:21:59Z,2026-08-19
XXA,Stateless,2021,56534,5191,0,4338192,16192,0,0,,0,unhcr_population,2025-12-31,2026-08-19T14:21:59Z,2026-08-19
XXA,Stateless,2022,54102,5803,0,4428314,18843,0,0,,0,unhcr_population,2025-12-31,2026-08-19T14:21:59Z,2026-08-19
XXA,Stateless,2023,51912,5344,0,4358195,8998,6,0,,0,unhcr_population,2025-12-31,2026-08-19T14:21:59Z,2026-08-19
XXA,Stateless,2024,36296,4787,0,4360087,6109,0,0,,0,unhcr_population,2025-12-31,2026-08-19T14:21:59Z,2026-08-19
XXA,Stateless,2025,34736,3934,0,4477220,7409,142,0,,0,unhcr_population,2025-12-31,2026-08-19T14:21:59Z,2026-08-19
YEM,Yemen,1978,15000,0,0,0,0,0,0,,0,unhcr_population,2025-12-31,2026-08-19T14:21:59Z,2026-08-19
YEM,Yemen,1979,15000,0,0,0,0,0,0,,0,unhcr_population,2025-12-31,2026-08-19T14:21:59Z,2026-08-19
YEM,Yemen,1980,15000,0,0,0,0,0,0,,0,unhcr_population,2025-12-31,2026-08-19T14:21:59Z,2026-08-19
YEM,Yemen,1986,100000,0,0,0,0,0,0,,0,unhcr_population,2025-12-31,2026-08-19T14:21:59Z,2026-08-19
YEM,Yemen,1987,70000,0,0,0,0,0,0,,0,unhcr_population,2025-12-31,2026-08-19T14:21:59Z,2026-08-19
YEM,Yemen,1988,77000,0,0,0,0,0,0,,0,unhcr_population,2025-12-31,2026-08-19T14:21:59Z,2026-08-19
YEM,Yemen,1989,77000,0,0,0,0,0,0,,0,unhcr_population,2025-12-31,2026-08-19T14:21:59Z,2026-08-19
YEM,Yemen,1990,5,0,0,0,0,0,0,,0,unhcr_population,2025-12-31,2026-08-19T14:21:59Z,2026-08-19
YEM,Yemen,1991,74,0,0,0,0,0,0,,0,unhcr_population,2025-12-31,2026-08-19T14:21:59Z,2026-08-19
YEM,Yemen,1992,31,0,0,0,0,0,0,,0,unhcr_population,2025-12-31,2026-08-19T14:21:59Z,2026-08-19
YEM,Yemen,1993,37,0,0,0,0,0,0,,0,unhcr_population,2025-12-31,2026-08-19T14:21:59Z,2026-08-19
YEM,Yemen,1994,151,0,0,0,0,0,0,,0,unhcr_population,2025-12-31,2026-08-19T14:21:59Z,2026-08-19
YEM,Yemen,1995,366,0,0,0,0,0,0,,0,unhcr_population,2025-12-31,2026-08-19T14:21:59Z,2026-08-19
YEM,Yemen,1996,1154,0,0,0,0,98,0,,0,unhcr_population,2025-12-31,2026-08-19T14:21:59Z,2026-08-19
YEM,Yemen,1997,1721,0,0,0,0,0,0,,0,unhcr_population,2025-12-31,2026-08-19T14:21:59Z,2026-08-19
YEM,Yemen,1998,1928,0,0,0,0,0,0,,0,unhcr_population,2025-12-31,2026-08-19T14:21:59Z,2026-08-19
YEM,Yemen,1999,2021,0,0,0,0,0,0,,0,unhcr_population,2025-12-31,2026-08-19T14:21:59Z,2026-08-19
YEM,Yemen,2000,2104,848,0,0,0,10,0,,0,unhcr_population,2025-12-31,2026-08-19T14:21:59Z,2026-08-19
YEM,Yemen,2001,1976,743,0,0,0,210,0,,0,unhcr_population,2025-12-31,2026-08-19T14:21:59Z,2026-08-19
YEM,Yemen,2002,1595,633,0,0,0,671,0,,0,unhcr_population,2025-12-31,2026-08-19T14:21:59Z,2026-08-19
YEM,Yemen,2003,1588,474,0,0,0,111,0,,0,unhcr_population,2025-12-31,2026-08-19T14:21:59Z,2026-08-19
YEM,Yemen,2004,1599,338,0,0,0,39,0,,0,unhcr_population,2025-12-31,2026-08-19T14:21:59Z,2026-08-19
YEM,Yemen,2005,1322,411,0,0,0,5,0,,0,unhcr_population,2025-12-31,2026-08-19T14:21:59Z,2026-08-19
YEM,Yemen,2006,1364,351,0,0,0,0,0,,0,unhcr_population,2025-12-31,2026-08-19T14:21:59Z,2026-08-19
YEM,Yemen,2007,1621,306,77000,0,0,0,0,,0,unhcr_population,2025-12-31,2026-08-19T14:21:59Z,2026-08-19
YEM,Yemen,2008,1764,464,100000,0,0,0,0,,0,unhcr_population,2025-12-31,2026-08-19T14:21:59Z,2026-08-19
YEM,Yemen,2009,1927,602,250000,0,0,0,0,,0,unhcr_population,2025-12-31,2026-08-19T14:21:59Z,2026-08-19
YEM,Yemen,2010,2070,614,220994,0,0,0,94712,,0,unhcr_population,2025-12-31,2026-08-19T14:21:59Z,2026-08-19
YEM,Yemen,2011,2321,1152,347295,0,0,0,6024,,0,unhcr_population,2025-12-31,2026-08-19T14:21:59Z,2026-08-19
YEM,Yemen,2012,2582,1581,385320,0,0,0,106868,,0,unhcr_population,2025-12-31,2026-08-19T14:21:59Z,2026-08-19
YEM,Yemen,2013,2413,1868,306614,0,6,5,93055,,0,unhcr_population,2025-12-31,2026-08-19T14:21:59Z,2026-08-19
YEM,Yemen,2014,2623,2716,334093,0,13,0,85805,,0,unhcr_population,2025-12-31,2026-08-19T14:21:59Z,2026-08-19
YEM,Yemen,2015,15901,10056,2532032,0,12,0,0,,0,unhcr_population,2025-12-31,2026-08-19T14:21:59Z,2026-08-19
YEM,Yemen,2016,18427,15870,2025060,0,5,0,974058,,0,unhcr_population,2025-12-31,2026-08-19T14:21:59Z,2026-08-19
YEM,Yemen,2017,23555,24629,2014062,0,10,0,125034,,0,unhcr_population,2025-12-31,2026-08-19T14:21:59Z,2026-08-19
YEM,Yemen,2018,31145,35876,2144719,0,0,0,133600,,0,unhcr_population,2025-12-31,2026-08-19T14:21:59Z,2026-08-19
YEM,Yemen,2019,36522,34328,3625716,0,49,5,69174,,0,unhcr_population,2025-12-31,2026-08-19T14:21:59Z,2026-08-19
YEM,Yemen,2020,32433,34870,4002012,0,28,0,10788,,0,unhcr_population,2025-12-31,2026-08-19T14:21:59Z,2026-08-19
YEM,Yemen,2021,37615,35462,4288739,0,23,219,0,,0,unhcr_population,2025-12-31,2026-08-19T14:21:59Z,2026-08-19
YEM,Yemen,2022,40147,33524,4523022,0,28,7,0,,0,unhcr_population,2025-12-31,2026-08-19T14:21:59Z,2026-08-19
YEM,Yemen,2023,48044,33521,4516341,0,24,11,0,,0,unhcr_population,2025-12-31,2026-08-19T14:21:59Z,2026-08-19
YEM,Yemen,2024,51384,32810,4795983,0,21,23,0,,0,unhcr_population,2025-12-31,2026-08-19T14:21:59Z,2026-08-19
YEM,Yemen,2025,57327,25860,4795983,0,175,57,0,,0,unhcr_population,2025-12-31,2026-08-19T14:21:59Z,2026-08-19
ZAF,South Africa,1966,390,0,0,0,0,0,0,,0,unhcr_population,2025-12-31,2026-08-19T14:21:59Z,2026-08-19
ZAF,South Africa,1967,450,0,0,0,0,0,0,,0,unhcr_population,2025-12-31,2026-08-19T14:21:59Z,2026-08-19
ZAF,South Africa,1968,740,0,0,0,0,0,0,,0,unhcr_population,2025-12-31,2026-08-19T14:21:59Z,2026-08-19
ZAF,South Africa,1969,290,0,0,0,0,150,0,,0,unhcr_population,2025-12-31,2026-08-19T14:21:59Z,2026-08-19
ZAF,South Africa,1970,460,0,0,0,0,0,0,,0,unhcr_population,2025-12-31,2026-08-19T14:21:59Z,2026-08-19
ZAF,South Africa,1971,850,0,0,0,0,0,0,,0,unhcr_population,2025-12-31,2026-08-19T14:21:59Z,2026-08-19
ZAF,South Africa,1972,790,0,0,0,0,0,0,,0,unhcr_population,2025-12-31,2026-08-19T14:21:59Z,2026-08-19
ZAF,South Africa,1973,940,0,0,0,0,0,0,,0,unhcr_population,2025-12-31,2026-08-19T14:21:59Z,2026-08-19
ZAF,South Africa,1974,1380,0,0,0,0,0,0,,0,unhcr_population,2025-12-31,2026-08-19T14:21:59Z,2026-08-19
ZAF,South Africa,1975,1360,0,0,0,0,0,0,,0,unhcr_population,2025-12-31,2026-08-19T14:21:59Z,2026-08-19
ZAF,South Africa,1976,2180,0,0,0,0,0,0,,0,unhcr_population,2025-12-31,2026-08-19T14:21:59Z,2026-08-19
ZAF,South Africa,1977,2395,0,0,0,0,0,0,,0,unhcr_population,2025-12-31,2026-08-19T14:21:59Z,2026-08-19
ZAF,South Africa,1978,3840,0,0,0,0,380,0,,0,unhcr_population,2025-12-31,2026-08-19T14:21:59Z,2026-08-19
ZAF,South Africa,1979,7280,0,0,0,0,260,0,,0,unhcr_population,2025-12-31,2026-08-19T14:21:59Z,2026-08-19
ZAF,South Africa,1980,24250,0,0,0,0,0,0,,0,unhcr_population,2025-12-31,2026-08-19T14:21:59Z,2026-08-19
ZAF,South Africa,1981,24900,0,0,0,0,0,0,,0,unhcr_population,2025-12-31,2026-08-19T14:21:59Z,2026-08-19
ZAF,South Africa,1982,28430,0,0,0,0,80,0,,0,unhcr_population,2025-12-31,2026-08-19T14:21:59Z,2026-08-19
ZAF,South Africa,1983,34520,0,0,0,0,90,0,,0,unhcr_population,2025-12-31,2026-08-19T14:21:59Z,2026-08-19
ZAF,South Africa,1984,38560,0,0,0,0,0,0,,0,unhcr_population,2025-12-31,2026-08-19T14:21:59Z,2026-08-19
ZAF,South Africa,1985,38110,0,0,0,0,0,0,,0,unhcr_population,2025-12-31,2026-08-19T14:21:59Z,2026-08-19
ZAF,South Africa,1986,33220,0,0,0,0,0,0,,0,unhcr_population,2025-12-31,2026-08-19T14:21:59Z,2026-08-19
ZAF,South Africa,1987,26150,0,0,0,0,0,0,,0,unhcr_population,2025-12-31,2026-08-19T14:21:59Z,2026-08-19
ZAF,South Africa,1988,24906,0,0,0,0,50,0,,0,unhcr_population,2025-12-31,2026-08-19T14:21:59Z,2026-08-19
ZAF,South Africa,1989,17135,0,0,0,0,7100,0,,0,unhcr_population,2025-12-31,2026-08-19T14:21:59Z,2026-08-19
ZAF,South Africa,1990,14781,0,0,0,0,0,0,,0,unhcr_population,2025-12-31,2026-08-19T14:21:59Z,2026-08-19
ZAF,South Africa,1991,11205,0,0,0,0,4710,0,,0,unhcr_population,2025-12-31,2026-08-19T14:21:59Z,2026-08-19
ZAF,South Africa,1992,9241,0,0,0,0,2173,0,,0,unhcr_population,2025-12-31,2026-08-19T14:21:59Z,2026-08-19
ZAF,South Africa,1993,9087,0,0,0,0,421,0,,0,unhcr_population,2025-12-31,2026-08-19T14:21:59Z,2026-08-19
ZAF,South Africa,1994,1514,0,0,0,0,277,0,,0,unhcr_population,2025-12-31,2026-08-19T14:21:59Z,2026-08-19
ZAF,South Africa,1995,492,0,0,0,0,47,0,,0,unhcr_population,2025-12-31,2026-08-19T14:21:59Z,2026-08-19
ZAF,South Africa,1996,286,0,0,0,0,132,0,,0,unhcr_population,2025-12-31,2026-08-19T14:21:59Z,2026-08-19
ZAF,South Africa,1997,241,0,0,0,0,22,0,,0,unhcr_population,2025-12-31,2026-08-19T14:21:59Z,2026-08-19
ZAF,South Africa,1998,184,0,0,0,0,45,0,,0,unhcr_population,2025-12-31,2026-08-19T14:21:59Z,2026-08-19
ZAF,South Africa,1999,190,0,0,0,0,0,0,,0,unhcr_population,2025-12-31,2026-08-19T14:21:59Z,2026-08-19
ZAF,South Africa,2000,168,98,0,0,0,0,0,,0,unhcr_population,2025-12-31,2026-08-19T14:21:59Z,2026-08-19
ZAF,South Africa,2001,131,178,0,0,0,0,0,,0,unhcr_population,2025-12-31,2026-08-19T14:21:59Z,2026-08-19
ZAF,South Africa,2002,271,182,0,0,0,0,0,,0,unhcr_population,2025-12-31,2026-08-19T14:21:59Z,2026-08-19
ZAF,South Africa,2003,284,274,0,0,0,0,0,,0,unhcr_population,2025-12-31,2026-08-19T14:21:59Z,2026-08-19
ZAF,South Africa,2004,261,542,0,0,0,0,0,,0,unhcr_population,2025-12-31,2026-08-19T14:21:59Z,2026-08-19
ZAF,South Africa,2005,259,153,0,0,0,0,0,,0,unhcr_population,2025-12-31,2026-08-19T14:21:59Z,2026-08-19
ZAF,South Africa,2006,501,149,0,0,0,5,0,,0,unhcr_population,2025-12-31,2026-08-19T14:21:59Z,2026-08-19
ZAF,South Africa,2007,474,108,0,0,0,0,0,,0,unhcr_population,2025-12-31,2026-08-19T14:21:59Z,2026-08-19
ZAF,South Africa,2008,449,138,0,0,0,0,0,,0,unhcr_population,2025-12-31,2026-08-19T14:21:59Z,2026-08-19
ZAF,South Africa,2009,380,162,0,0,0,0,0,,0,unhcr_population,2025-12-31,2026-08-19T14:21:59Z,2026-08-19
ZAF,South Africa,2010,374,210,0,0,0,0,0,,0,unhcr_population,2025-12-31,2026-08-19T14:21:59Z,2026-08-19
ZAF,South Africa,2011,422,200,0,0,0,0,0,,0,unhcr_population,2025-12-31,2026-08-19T14:21:59Z,2026-08-19
ZAF,South Africa,2012,413,221,0,0,0,0,0,,0,unhcr_population,2025-12-31,2026-08-19T14:21:59Z,2026-08-19
ZAF,South Africa,2013,424,352,0,0,0,0,0,,0,unhcr_population,2025-12-31,2026-08-19T14:21:59Z,2026-08-19
ZAF,South Africa,2014,422,531,0,0,0,0,0,,0,unhcr_population,2025-12-31,2026-08-19T14:21:59Z,2026-08-19
ZAF,South Africa,2015,447,844,0,0,5,0,0,,0,unhcr_population,2025-12-31,2026-08-19T14:21:59Z,2026-08-19
ZAF,South Africa,2016,452,1075,0,0,7,0,0,,0,unhcr_population,2025-12-31,2026-08-19T14:21:59Z,2026-08-19
ZAF,South Africa,2017,461,1608,0,0,5,0,0,,0,unhcr_population,2025-12-31,2026-08-19T14:21:59Z,2026-08-19
ZAF,South Africa,2018,482,2399,0,0,5,0,0,,0,unhcr_population,2025-12-31,2026-08-19T14:21:59Z,2026-08-19
ZAF,South Africa,2019,441,2839,0,0,6,0,0,,0,unhcr_population,2025-12-31,2026-08-19T14:21:59Z,2026-08-19
ZAF,South Africa,2020,474,3230,0,0,6,0,0,,0,unhcr_population,2025-12-31,2026-08-19T14:21:59Z,2026-08-19
ZAF,South Africa,2021,643,3556,0,0,6,0,0,,0,unhcr_population,2025-12-31,2026-08-19T14:21:59Z,2026-08-19
ZAF,South Africa,2022,784,3474,0,0,6,0,0,,0,unhcr_population,2025-12-31,2026-08-19T14:21:59Z,2026-08-19
ZAF,South Africa,2023,919,4163,0,0,6,0,0,,0,unhcr_population,2025-12-31,2026-08-19T14:21:59Z,2026-08-19
ZAF,South Africa,2024,1174,4907,0,0,6,5,0,,0,unhcr_population,2025-12-31,2026-08-19T14:21:59Z,2026-08-19
ZAF,South Africa,2025,1319,2575,0,0,5,0,0,,0,unhcr_population,2025-12-31,2026-08-19T14:21:59Z,2026-08-19
ZMB,Zambia,1968,15000,0,0,0,0,0,0,,0,unhcr_population,2025-12-31,2026-08-19T14:21:59Z,2026-08-19
ZMB,Zambia,1969,13000,0,0,0,0,0,0,,0,unhcr_population,2025-12-31,2026-08-19T14:21:59Z,2026-08-19
ZMB,Zambia,1970,9000,0,0,0,0,4000,0,,0,unhcr_population,2025-12-31,2026-08-19T14:21:59Z,2026-08-19
ZMB,Zambia,1971,750,0,0,0,0,10000,0,,0,unhcr_population,2025-12-31,2026-08-19T14:21:59Z,2026-08-19
ZMB,Zambia,1972,750,0,0,0,0,0,0,,0,unhcr_population,2025-12-31,2026-08-19T14:21:59Z,2026-08-19
ZMB,Zambia,1973,750,0,0,0,0,0,0,,0,unhcr_population,2025-12-31,2026-08-19T14:21:59Z,2026-08-19
ZMB,Zambia,1974,4000,0,0,0,0,0,0,,0,unhcr_population,2025-12-31,2026-08-19T14:21:59Z,2026-08-19
ZMB,Zambia,1975,750,0,0,0,0,0,0,,0,unhcr_population,2025-12-31,2026-08-19T14:21:59Z,2026-08-19
ZMB,Zambia,1976,750,0,0,0,0,0,0,,0,unhcr_population,2025-12-31,2026-08-19T14:21:59Z,2026-08-19
ZMB,Zambia,1979,1000,0,0,0,0,0,0,,0,unhcr_population,2025-12-31,2026-08-19T14:21:59Z,2026-08-19
ZMB,Zambia,1980,1210,0,0,0,0,0,0,,0,unhcr_population,2025-12-31,2026-08-19T14:21:59Z,2026-08-19
ZMB,Zambia,1981,1200,0,0,0,0,0,0,,0,unhcr_population,2025-12-31,2026-08-19T14:21:59Z,2026-08-19
ZMB,Zambia,1982,1200,0,0,0,0,600,0,,0,unhcr_population,2025-12-31,2026-08-19T14:21:59Z,2026-08-19
ZMB,Zambia,1983,1200,0,0,0,0,0,0,,0,unhcr_population,2025-12-31,2026-08-19T14:21:59Z,2026-08-19
ZMB,Zambia,1992,1990,0,0,0,0,0,0,,0,unhcr_population,2025-12-31,2026-08-19T14:21:59Z,2026-08-19
ZMB,Zambia,1993,1573,0,0,0,0,464,0,,0,unhcr_population,2025-12-31,2026-08-19T14:21:59Z,2026-08-19
ZMB,Zambia,1994,15,0,0,0,0,1573,0,,0,unhcr_population,2025-12-31,2026-08-19T14:21:59Z,2026-08-19
ZMB,Zambia,1995,22,0,0,0,0,0,0,,0,unhcr_population,2025-12-31,2026-08-19T14:21:59Z,2026-08-19
ZMB,Zambia,1996,39,0,0,0,0,0,0,,0,unhcr_population,2025-12-31,2026-08-19T14:21:59Z,2026-08-19
ZMB,Zambia,1997,62,0,0,0,0,0,0,,0,unhcr_population,2025-12-31,2026-08-19T14:21:59Z,2026-08-19
ZMB,Zambia,1998,75,0,0,0,0,0,0,,0,unhcr_population,2025-12-31,2026-08-19T14:21:59Z,2026-08-19
ZMB,Zambia,1999,86,0,0,0,0,5,0,,0,unhcr_population,2025-12-31,2026-08-19T14:21:59Z,2026-08-19
ZMB,Zambia,2000,91,117,0,0,0,0,0,,0,unhcr_population,2025-12-31,2026-08-19T14:21:59Z,2026-08-19
ZMB,Zambia,2001,55,103,0,0,0,0,0,,0,unhcr_population,2025-12-31,2026-08-19T14:21:59Z,2026-08-19
ZMB,Zambia,2002,84,172,0,0,0,0,0,,0,unhcr_population,2025-12-31,2026-08-19T14:21:59Z,2026-08-19
ZMB,Zambia,2003,95,260,0,0,0,5,0,,0,unhcr_population,2025-12-31,2026-08-19T14:21:59Z,2026-08-19
ZMB,Zambia,2004,119,373,0,0,0,0,0,,0,unhcr_population,2025-12-31,2026-08-19T14:21:59Z,2026-08-19
ZMB,Zambia,2005,146,478,0,0,0,0,0,,0,unhcr_population,2025-12-31,2026-08-19T14:21:59Z,2026-08-19
ZMB,Zambia,2006,199,65,0,0,0,0,0,,0,unhcr_population,2025-12-31,2026-08-19T14:21:59Z,2026-08-19
ZMB,Zambia,2007,192,492,0,0,0,0,0,,0,unhcr_population,2025-12-31,2026-08-19T14:21:59Z,2026-08-19
ZMB,Zambia,2008,191,490,0,0,0,0,0,,0,unhcr_population,2025-12-31,2026-08-19T14:21:59Z,2026-08-19
ZMB,Zambia,2009,201,46,0,0,0,0,0,,0,unhcr_population,2025-12-31,2026-08-19T14:21:59Z,2026-08-19
ZMB,Zambia,2010,221,42,0,0,0,0,0,,0,unhcr_population,2025-12-31,2026-08-19T14:21:59Z,2026-08-19
ZMB,Zambia,2011,234,182,0,0,0,0,0,,0,unhcr_population,2025-12-31,2026-08-19T14:21:59Z,2026-08-19
ZMB,Zambia,2012,240,244,0,0,0,0,0,,0,unhcr_population,2025-12-31,2026-08-19T14:21:59Z,2026-08-19
ZMB,Zambia,2013,230,294,0,0,0,0,0,,0,unhcr_population,2025-12-31,2026-08-19T14:21:59Z,2026-08-19
ZMB,Zambia,2014,309,293,0,0,0,0,0,,0,unhcr_population,2025-12-31,2026-08-19T14:21:59Z,2026-08-19
ZMB,Zambia,2015,334,427,0,0,0,0,0,,0,unhcr_population,2025-12-31,2026-08-19T14:21:59Z,2026-08-19
ZMB,Zambia,2016,256,294,0,0,0,0,0,,0,unhcr_population,2025-12-31,2026-08-19T14:21:59Z,2026-08-19
ZMB,Zambia,2017,260,164,0,0,5,0,0,,0,unhcr_population,2025-12-31,2026-08-19T14:21:59Z,2026-08-19
ZMB,Zambia,2018,266,254,0,0,0,0,0,,0,unhcr_population,2025-12-31,2026-08-19T14:21:59Z,2026-08-19
ZMB,Zambia,2019,259,459,0,0,5,0,0,,0,unhcr_population,2025-12-31,2026-08-19T14:21:59Z,2026-08-19
ZMB,Zambia,2020,252,475,0,0,5,0,0,,0,unhcr_population,2025-12-31,2026-08-19T14:21:59Z,2026-08-19
ZMB,Zambia,2021,255,489,0,0,5,0,0,,0,unhcr_population,2025-12-31,2026-08-19T14:21:59Z,2026-08-19
ZMB,Zambia,2022,296,471,0,0,5,0,0,,0,unhcr_population,2025-12-31,2026-08-19T14:21:59Z,2026-08-19
ZMB,Zambia,2023,324,628,0,0,5,0,0,,0,unhcr_population,2025-12-31,2026-08-19T14:21:59Z,2026-08-19
ZMB,Zambia,2024,337,983,0,0,5,0,0,,0,unhcr_population,2025-12-31,2026-08-19T14:21:59Z,2026-08-19
ZMB,Zambia,2025,346,546,0,0,0,0,0,,0,unhcr_population,2025-12-31,2026-08-19T14:21:59Z,2026-08-19
ZWE,Zimbabwe,1975,14720,0,0,0,0,580,0,,0,unhcr_population,2025-12-31,2026-08-19T14:21:59Z,2026-08-19
ZWE,Zimbabwe,1976,31220,0,0,0,0,0,0,,0,unhcr_population,2025-12-31,2026-08-19T14:21:59Z,2026-08-19
ZWE,Zimbabwe,1977,76520,0,0,0,0,0,0,,0,unhcr_population,2025-12-31,2026-08-19T14:21:59Z,2026-08-19
ZWE,Zimbabwe,1978,163160,0,0,0,0,11600,0,,0,unhcr_population,2025-12-31,2026-08-19T14:21:59Z,2026-08-19
ZWE,Zimbabwe,1979,197640,0,0,0,0,0,0,,0,unhcr_population,2025-12-31,2026-08-19T14:21:59Z,2026-08-19
ZWE,Zimbabwe,1980,160,0,0,0,0,250000,0,,0,unhcr_population,2025-12-31,2026-08-19T14:21:59Z,2026-08-19
ZWE,Zimbabwe,1981,190,0,0,0,0,0,0,,0,unhcr_population,2025-12-31,2026-08-19T14:21:59Z,2026-08-19
ZWE,Zimbabwe,1983,3200,0,0,0,0,0,0,,0,unhcr_population,2025-12-31,2026-08-19T14:21:59Z,2026-08-19
ZWE,Zimbabwe,1984,3760,0,0,0,0,0,0,,0,unhcr_population,2025-12-31,2026-08-19T14:21:59Z,2026-08-19
ZWE,Zimbabwe,1985,4250,0,0,0,0,0,0,,0,unhcr_population,2025-12-31,2026-08-19T14:21:59Z,2026-08-19
ZWE,Zimbabwe,1986,3230,0,0,0,0,680,0,,0,unhcr_population,2025-12-31,2026-08-19T14:21:59Z,2026-08-19
ZWE,Zimbabwe,1987,3830,0,0,0,0,0,0,,0,unhcr_population,2025-12-31,2026-08-19T14:21:59Z,2026-08-19
ZWE,Zimbabwe,1988,629,0,0,0,0,490,0,,0,unhcr_population,2025-12-31,2026-08-19T14:21:59Z,2026-08-19
ZWE,Zimbabwe,1989,5,0,0,0,0,0,0,,0,unhcr_population,2025-12-31,2026-08-19T14:21:59Z,2026-08-19
ZWE,Zimbabwe,1990,5,0,0,0,0,0,0,,0,unhcr_population,2025-12-31,2026-08-19T14:21:59Z,2026-08-19
ZWE,Zimbabwe,1991,128,0,0,0,0,0,0,,0,unhcr_population,2025-12-31,2026-08-19T14:21:59Z,2026-08-19
ZWE,Zimbabwe,1992,8,0,0,0,0,0,0,,0,unhcr_population,2025-12-31,2026-08-19T14:21:59Z,2026-08-19
ZWE,Zimbabwe,1993,14,0,0,0,0,0,0,,0,unhcr_population,2025-12-31,2026-08-19T14:21:59Z,2026-08-19
ZWE,Zimbabwe,1994,38,0,0,0,0,0,0,,0,unhcr_population,2025-12-31,2026-08-19T14:21:59Z,2026-08-19
ZWE,Zimbabwe,1995,37,0,0,0,0,0,0,,0,unhcr_population,2025-12-31,2026-08-19T14:21:59Z,2026-08-19
ZWE,Zimbabwe,1996,36,0,0,0,0,0,0,,0,unhcr_population,2025-12-31,2026-08-19T14:21:59Z,2026-08-19
ZWE,Zimbabwe,1997,37,0,0,0,0,0,0,,0,unhcr_population,2025-12-31,2026-08-19T14:21:59Z,2026-08-19
ZWE,Zimbabwe,1998,40,0,0,0,0,0,0,,0,unhcr_population,2025-12-31,2026-08-19T14:21:59Z,2026-08-19
ZWE,Zimbabwe,1999,40,0,0,0,0,0,0,,0,unhcr_population,2025-12-31,2026-08-19T14:21:59Z,2026-08-19
ZWE,Zimbabwe,2000,109,204,0,0,0,0,0,,0,unhcr_population,2025-12-31,2026-08-19T14:21:59Z,2026-08-19
ZWE,Zimbabwe,2001,257,2694,0,0,0,0,0,,0,unhcr_population,2025-12-31,2026-08-19T14:21:59Z,2026-08-19
ZWE,Zimbabwe,2002,4024,1158,0,0,0,0,0,,0,unhcr_population,2025-12-31,2026-08-19T14:21:59Z,2026-08-19
ZWE,Zimbabwe,2003,7154,3471,0,0,0,0,0,,0,unhcr_population,2025-12-31,2026-08-19T14:21:59Z,2026-08-19
ZWE,Zimbabwe,2004,9557,9398,0,0,0,0,0,,0,unhcr_population,2025-12-31,2026-08-19T14:21:59Z,2026-08-19
ZWE,Zimbabwe,2005,11246,17330,0,0,0,0,0,,0,unhcr_population,2025-12-31,2026-08-19T14:21:59Z,2026-08-19
ZWE,Zimbabwe,2006,12774,1207,0,0,0,0,0,,0,unhcr_population,2025-12-31,2026-08-19T14:21:59Z,2026-08-19
ZWE,Zimbabwe,2007,14366,34318,0,0,0,0,0,,0,unhcr_population,2025-12-31,2026-08-19T14:21:59Z,2026-08-19
ZWE,Zimbabwe,2008,16824,34776,0,0,0,5,0,,0,unhcr_population,2025-12-31,2026-08-19T14:21:59Z,2026-08-19
ZWE,Zimbabwe,2009,22441,1394,0,0,0,19,0,,0,unhcr_population,2025-12-31,2026-08-19T14:21:59Z,2026-08-19
ZWE,Zimbabwe,2010,24080,1001,0,0,0,180,0,,0,unhcr_population,2025-12-31,2026-08-19T14:21:59Z,2026-08-19
ZWE,Zimbabwe,2011,25033,36685,54278,0,40,19,0,,0,unhcr_population,2025-12-31,2026-08-19T14:21:59Z,2026-08-19
ZWE,Zimbabwe,2012,22082,41723,57926,0,22,21,0,,0,unhcr_population,2025-12-31,2026-08-19T14:21:59Z,2026-08-19
ZWE,Zimbabwe,2013,19719,41822,60139,0,97,0,0,,0,unhcr_population,2025-12-31,2026-08-19T14:21:59Z,2026-08-19
ZWE,Zimbabwe,2014,22478,42419,0,0,116,55,0,,0,unhcr_population,2025-12-31,2026-08-19T14:21:59Z,2026-08-19
ZWE,Zimbabwe,2015,21332,57376,0,0,135,31,0,,0,unhcr_population,2025-12-31,2026-08-19T14:21:59Z,2026-08-19
ZWE,Zimbabwe,2016,18141,43191,0,0,161,6,0,,0,unhcr_population,2025-12-31,2026-08-19T14:21:59Z,2026-08-19
ZWE,Zimbabwe,2017,17420,21760,0,0,169,38,0,,0,unhcr_population,2025-12-31,2026-08-19T14:21:59Z,2026-08-19
ZWE,Zimbabwe,2018,15618,17121,0,0,110,21,0,,0,unhcr_population,2025-12-31,2026-08-19T14:21:59Z,2026-08-19
ZWE,Zimbabwe,2019,10045,16177,270000,0,121,132,0,,0,unhcr_population,2025-12-31,2026-08-19T14:21:59Z,2026-08-19
ZWE,Zimbabwe,2020,8575,14614,0,0,132,280,0,,0,unhcr_population,2025-12-31,2026-08-19T14:21:59Z,2026-08-19
ZWE,Zimbabwe,2021,8115,13513,0,0,137,178,0,,0,unhcr_population,2025-12-31,2026-08-19T14:21:59Z,2026-08-19
ZWE,Zimbabwe,2022,7017,7478,0,0,169,0,0,,0,unhcr_population,2025-12-31,2026-08-19T14:21:59Z,2026-08-19
ZWE,Zimbabwe,2023,7460,9125,0,0,170,0,0,,0,unhcr_population,2025-12-31,2026-08-19T14:21:59Z,2026-08-19
ZWE,Zimbabwe,2024,8002,10349,0,0,163,0,0,,0,unhcr_population,2025-12-31,2026-08-19T14:21:59Z,2026-08-19
ZWE,Zimbabwe,2025,6632,6373,0,0,81,0,0,,0,unhcr_population,2025-12-31,2026-08-19T14:21:59Z,2026-08-19
