iso3,country_name,year,refugees,asylum_seekers,idps,stateless,ooc,returned_refugees,returned_idps,oip,hst,source_id,data_as_of,retrieved_at,snapshot_id
ABW,Aruba,2011,0,5,0,0,0,0,0,,0,unhcr_population,2025-12-31,2026-08-19T14:21:59Z,2026-08-19
ABW,Aruba,2012,0,5,0,0,0,0,0,,0,unhcr_population,2025-12-31,2026-08-19T14:21:59Z,2026-08-19
ABW,Aruba,2013,0,5,0,0,0,0,0,,0,unhcr_population,2025-12-31,2026-08-19T14:21:59Z,2026-08-19
ABW,Aruba,2014,0,5,0,0,0,0,0,,0,unhcr_population,2025-12-31,2026-08-19T14:21:59Z,2026-08-19
ABW,Aruba,2016,0,5,0,0,0,0,0,,0,unhcr_population,2025-12-31,2026-08-19T14:21:59Z,2026-08-19
ABW,Aruba,2017,0,147,0,0,0,0,0,,0,unhcr_population,2025-12-31,2026-08-19T14:21:59Z,2026-08-19
ABW,Aruba,2018,0,407,0,0,0,0,0,15602,0,unhcr_population,2025-12-31,2026-08-19T14:21:59Z,2026-08-19
ABW,Aruba,2019,0,406,0,0,0,0,0,16602,0,unhcr_population,2025-12-31,2026-08-19T14:21:59Z,2026-08-19
ABW,Aruba,2020,0,0,0,0,13,0,0,17000,0,unhcr_population,2025-12-31,2026-08-19T14:21:59Z,2026-08-19
ABW,Aruba,2021,0,0,0,0,0,0,0,17000,6000,unhcr_population,2025-12-31,2026-08-19T14:21:59Z,2026-08-19
ABW,Aruba,2022,0,0,0,0,0,0,0,17000,1700,unhcr_population,2025-12-31,2026-08-19T14:21:59Z,2026-08-19
ABW,Aruba,2023,0,0,0,0,0,0,0,17085,0,unhcr_population,2025-12-31,2026-08-19T14:21:59Z,2026-08-19
ABW,Aruba,2024,0,0,0,0,522,0,0,11470,0,unhcr_population,2025-12-31,2026-08-19T14:21:59Z,2026-08-19
ABW,Aruba,2025,0,0,0,0,168,0,0,11470,0,unhcr_population,2025-12-31,2026-08-19T14:21:59Z,2026-08-19
AFG,Afghanistan,1990,50,0,0,0,0,0,0,,0,unhcr_population,2025-12-31,2026-08-19T14:21:59Z,2026-08-19
AFG,Afghanistan,1991,38,0,0,0,0,0,0,,0,unhcr_population,2025-12-31,2026-08-19T14:21:59Z,2026-08-19
AFG,Afghanistan,1992,60025,0,0,0,0,0,0,,0,unhcr_population,2025-12-31,2026-08-19T14:21:59Z,2026-08-19
AFG,Afghanistan,1993,32131,0,15000,0,0,0,0,,0,unhcr_population,2025-12-31,2026-08-19T14:21:59Z,2026-08-19
AFG,Afghanistan,1994,19134,0,332200,0,0,18325,0,,0,unhcr_population,2025-12-31,2026-08-19T14:21:59Z,2026-08-19
AFG,Afghanistan,1995,19605,0,159600,0,0,1338,0,,0,unhcr_population,2025-12-31,2026-08-19T14:21:59Z,2026-08-19
AFG,Afghanistan,1996,18779,0,273840,0,0,1383,0,,0,unhcr_population,2025-12-31,2026-08-19T14:21:59Z,2026-08-19
AFG,Afghanistan,1997,5,0,296795,0,0,10257,4000,,0,unhcr_population,2025-12-31,2026-08-19T14:21:59Z,2026-08-19
AFG,Afghanistan,1998,0,0,315800,0,0,1193,10000,,0,unhcr_population,2025-12-31,2026-08-19T14:21:59Z,2026-08-19
AFG,Afghanistan,1999,0,0,258625,0,0,63,0,,0,unhcr_population,2025-12-31,2026-08-19T14:21:59Z,2026-08-19
AFG,Afghanistan,2000,0,0,758625,0,0,25,0,,0,unhcr_population,2025-12-31,2026-08-19T14:21:59Z,2026-08-19
AFG,Afghanistan,2001,10,0,1200000,0,0,0,0,,0,unhcr_population,2025-12-31,2026-08-19T14:21:59Z,2026-08-19
AFG,Afghanistan,2002,0,18,665156,0,0,0,753344,,0,unhcr_population,2025-12-31,2026-08-19T14:21:59Z,2026-08-19
AFG,Afghanistan,2003,24,71,184269,0,0,0,82067,,0,unhcr_population,2025-12-31,2026-08-19T14:21:59Z,2026-08-19
AFG,Afghanistan,2004,31,28,159549,0,0,0,27391,,0,unhcr_population,2025-12-31,2026-08-19T14:21:59Z,2026-08-19
AFG,Afghanistan,2005,31,12,142505,0,0,0,17044,,0,unhcr_population,2025-12-31,2026-08-19T14:21:59Z,2026-08-19
AFG,Afghanistan,2006,34,5,129310,0,0,0,10443,,0,unhcr_population,2025-12-31,2026-08-19T14:21:59Z,2026-08-19
AFG,Afghanistan,2007,43,0,153718,0,0,0,8012,,0,unhcr_population,2025-12-31,2026-08-19T14:21:59Z,2026-08-19
AFG,Afghanistan,2008,37,10,230670,0,0,0,6453,,0,unhcr_population,2025-12-31,2026-08-19T14:21:59Z,2026-08-19
AFG,Afghanistan,2009,36,14,297129,0,0,0,7225,,0,unhcr_population,2025-12-31,2026-08-19T14:21:59Z,2026-08-19
AFG,Afghanistan,2010,6434,30,351907,0,838250,0,3366,,0,unhcr_population,2025-12-31,2026-08-19T14:21:59Z,2026-08-19
AFG,Afghanistan,2011,3011,52,447547,0,951167,3448,75453,,0,unhcr_population,2025-12-31,2026-08-19T14:21:59Z,2026-08-19
AFG,Afghanistan,2012,16184,49,486298,0,879376,0,18830,,0,unhcr_population,2025-12-31,2026-08-19T14:21:59Z,2026-08-19
AFG,Afghanistan,2013,16861,61,631286,0,275486,0,21830,,0,unhcr_population,2025-12-31,2026-08-19T14:21:59Z,2026-08-19
AFG,Afghanistan,2014,300421,59,805409,0,201284,0,0,,0,unhcr_population,2025-12-31,2026-08-19T14:21:59Z,2026-08-19
AFG,Afghanistan,2015,257553,78,1174306,0,150317,0,123653,,0,unhcr_population,2025-12-31,2026-08-19T14:21:59Z,2026-08-19
AFG,Afghanistan,2016,59770,123,1797551,0,114221,0,0,,0,unhcr_population,2025-12-31,2026-08-19T14:21:59Z,2026-08-19
AFG,Afghanistan,2017,75927,215,1837079,0,448032,5,32649,,0,unhcr_population,2025-12-31,2026-08-19T14:21:59Z,2026-08-19
AFG,Afghanistan,2018,72228,281,2106893,0,489854,0,73527,,0,unhcr_population,2025-12-31,2026-08-19T14:21:59Z,2026-08-19
AFG,Afghanistan,2019,72227,247,2553390,0,447093,0,0,,0,unhcr_population,2025-12-31,2026-08-19T14:21:59Z,2026-08-19
AFG,Afghanistan,2020,72278,167,2886317,0,82595,0,0,,0,unhcr_population,2025-12-31,2026-08-19T14:21:59Z,2026-08-19
AFG,Afghanistan,2021,66949,251,3457744,0,82742,0,791000,,494710,unhcr_population,2025-12-31,2026-08-19T14:21:59Z,2026-08-19
AFG,Afghanistan,2022,52159,218,3254002,0,88903,0,236166,,878451,unhcr_population,2025-12-31,2026-08-19T14:21:59Z,2026-08-19
AFG,Afghanistan,2023,34826,250,3222397,0,33712,0,31605,,1584157,unhcr_population,2025-12-31,2026-08-19T14:21:59Z,2026-08-19
AFG,Afghanistan,2024,20866,370,3199710,0,72886,0,22687,,600000,unhcr_population,2025-12-31,2026-08-19T14:21:59Z,2026-08-19
AFG,Afghanistan,2025,20869,382,3199023,0,432219,0,8056,,600000,unhcr_population,2025-12-31,2026-08-19T14:21:59Z,2026-08-19
AGO,Angola,1976,10000,0,0,0,0,0,0,,0,unhcr_population,2025-12-31,2026-08-19T14:21:59Z,2026-08-19
AGO,Angola,1977,235000,0,0,0,0,0,0,,0,unhcr_population,2025-12-31,2026-08-19T14:21:59Z,2026-08-19
AGO,Angola,1978,141550,0,0,0,0,107640,0,,0,unhcr_population,2025-12-31,2026-08-19T14:21:59Z,2026-08-19
AGO,Angola,1979,66000,0,0,0,0,80550,0,,0,unhcr_population,2025-12-31,2026-08-19T14:21:59Z,2026-08-19
AGO,Angola,1980,75000,0,0,0,0,0,0,,0,unhcr_population,2025-12-31,2026-08-19T14:21:59Z,2026-08-19
AGO,Angola,1981,91700,0,0,0,0,0,0,,0,unhcr_population,2025-12-31,2026-08-19T14:21:59Z,2026-08-19
AGO,Angola,1982,96280,0,0,0,0,0,0,,0,unhcr_population,2025-12-31,2026-08-19T14:21:59Z,2026-08-19
AGO,Angola,1983,96280,0,0,0,0,2600,0,,0,unhcr_population,2025-12-31,2026-08-19T14:21:59Z,2026-08-19
AGO,Angola,1984,92260,0,0,0,0,6870,0,,0,unhcr_population,2025-12-31,2026-08-19T14:21:59Z,2026-08-19
AGO,Angola,1985,91520,0,0,0,0,0,0,,0,unhcr_population,2025-12-31,2026-08-19T14:21:59Z,2026-08-19
AGO,Angola,1986,92250,0,0,0,0,0,0,,0,unhcr_population,2025-12-31,2026-08-19T14:21:59Z,2026-08-19
AGO,Angola,1987,91210,0,0,0,0,940,0,,0,unhcr_population,2025-12-31,2026-08-19T14:21:59Z,2026-08-19
AGO,Angola,1988,90350,0,0,0,0,50,0,,0,unhcr_population,2025-12-31,2026-08-19T14:21:59Z,2026-08-19
AGO,Angola,1989,12899,0,0,0,0,0,0,,0,unhcr_population,2025-12-31,2026-08-19T14:21:59Z,2026-08-19
AGO,Angola,1990,11557,0,0,0,0,0,0,,0,unhcr_population,2025-12-31,2026-08-19T14:21:59Z,2026-08-19
AGO,Angola,1991,11022,0,0,0,0,2100,0,,0,unhcr_population,2025-12-31,2026-08-19T14:21:59Z,2026-08-19
AGO,Angola,1992,11002,0,0,0,0,0,0,,0,unhcr_population,2025-12-31,2026-08-19T14:21:59Z,2026-08-19
AGO,Angola,1993,10873,0,88000,0,0,147,0,,0,unhcr_population,2025-12-31,2026-08-19T14:21:59Z,2026-08-19
AGO,Angola,1994,10684,0,303800,0,0,507,0,,0,unhcr_population,2025-12-31,2026-08-19T14:21:59Z,2026-08-19
AGO,Angola,1995,10878,0,0,0,0,923,0,,0,unhcr_population,2025-12-31,2026-08-19T14:21:59Z,2026-08-19
AGO,Angola,1996,9379,0,0,0,0,588,0,,0,unhcr_population,2025-12-31,2026-08-19T14:21:59Z,2026-08-19
AGO,Angola,1997,9361,0,0,0,0,0,0,,0,unhcr_population,2025-12-31,2026-08-19T14:21:59Z,2026-08-19
AGO,Angola,1998,10603,0,0,0,0,10,0,,0,unhcr_population,2025-12-31,2026-08-19T14:21:59Z,2026-08-19
AGO,Angola,1999,13068,0,0,0,0,5,0,,0,unhcr_population,2025-12-31,2026-08-19T14:21:59Z,2026-08-19
AGO,Angola,2000,12086,880,257508,0,0,544,0,,0,unhcr_population,2025-12-31,2026-08-19T14:21:59Z,2026-08-19
AGO,Angola,2001,12245,904,202000,0,0,0,0,,0,unhcr_population,2025-12-31,2026-08-19T14:21:59Z,2026-08-19
AGO,Angola,2002,12249,925,188728,0,0,0,13272,,0,unhcr_population,2025-12-31,2026-08-19T14:21:59Z,2026-08-19
AGO,Angola,2003,13375,999,0,0,0,0,0,,0,unhcr_population,2025-12-31,2026-08-19T14:21:59Z,2026-08-19
AGO,Angola,2004,13963,920,0,0,0,5,0,,0,unhcr_population,2025-12-31,2026-08-19T14:21:59Z,2026-08-19
AGO,Angola,2005,13978,878,0,0,0,43,0,,0,unhcr_population,2025-12-31,2026-08-19T14:21:59Z,2026-08-19
AGO,Angola,2006,13086,1586,0,0,0,0,0,,0,unhcr_population,2025-12-31,2026-08-19T14:21:59Z,2026-08-19
AGO,Angola,2007,12064,2918,0,0,0,0,0,,0,unhcr_population,2025-12-31,2026-08-19T14:21:59Z,2026-08-19
AGO,Angola,2008,12704,3179,0,0,0,0,0,,0,unhcr_population,2025-12-31,2026-08-19T14:21:59Z,2026-08-19
AGO,Angola,2009,14722,4228,0,0,14479,0,0,,0,unhcr_population,2025-12-31,2026-08-19T14:21:59Z,2026-08-19
AGO,Angola,2010,15142,4228,0,0,0,0,0,,0,unhcr_population,2025-12-31,2026-08-19T14:21:59Z,2026-08-19
AGO,Angola,2011,16212,3154,0,0,0,0,0,,0,unhcr_population,2025-12-31,2026-08-19T14:21:59Z,2026-08-19
AGO,Angola,2012,23401,20321,0,0,0,0,0,,0,unhcr_population,2025-12-31,2026-08-19T14:21:59Z,2026-08-19
AGO,Angola,2013,23771,20031,0,0,0,7,0,,0,unhcr_population,2025-12-31,2026-08-19T14:21:59Z,2026-08-19
AGO,Angola,2014,15468,30200,0,0,0,0,0,,0,unhcr_population,2025-12-31,2026-08-19T14:21:59Z,2026-08-19
AGO,Angola,2015,15547,30131,0,0,0,0,0,,0,unhcr_population,2025-12-31,2026-08-19T14:21:59Z,2026-08-19
AGO,Angola,2016,15547,30131,0,0,0,10,0,,0,unhcr_population,2025-12-31,2026-08-19T14:21:59Z,2026-08-19
AGO,Angola,2017,41119,30131,0,0,0,0,0,,0,unhcr_population,2025-12-31,2026-08-19T14:21:59Z,2026-08-19
AGO,Angola,2018,39856,30128,0,0,0,1663,0,,0,unhcr_population,2025-12-31,2026-08-19T14:21:59Z,2026-08-19
AGO,Angola,2019,25793,30178,0,0,61,18611,0,,0,unhcr_population,2025-12-31,2026-08-19T14:21:59Z,2026-08-19
AGO,Angola,2020,25791,30278,0,0,61,322,0,,0,unhcr_population,2025-12-31,2026-08-19T14:21:59Z,2026-08-19
AGO,Angola,2021,26045,30279,0,0,199,0,0,,0,unhcr_population,2025-12-31,2026-08-19T14:21:59Z,2026-08-19
AGO,Angola,2022,25514,30268,0,0,199,735,0,,0,unhcr_population,2025-12-31,2026-08-19T14:21:59Z,2026-08-19
AGO,Angola,2023,25174,30268,0,0,199,614,0,,0,unhcr_population,2025-12-31,2026-08-19T14:21:59Z,2026-08-19
AGO,Angola,2024,25275,30267,0,0,199,126,0,,0,unhcr_population,2025-12-31,2026-08-19T14:21:59Z,2026-08-19
AGO,Angola,2025,25396,30261,0,0,199,355,0,,0,unhcr_population,2025-12-31,2026-08-19T14:21:59Z,2026-08-19
AIA,Anguilla,2019,0,0,0,0,0,0,0,11,0,unhcr_population,2025-12-31,2026-08-19T14:21:59Z,2026-08-19
AIA,Anguilla,2020,0,0,0,0,0,0,0,21,0,unhcr_population,2025-12-31,2026-08-19T14:21:59Z,2026-08-19
AIA,Anguilla,2021,0,0,0,0,0,0,0,25,0,unhcr_population,2025-12-31,2026-08-19T14:21:59Z,2026-08-19
AIA,Anguilla,2022,0,0,0,0,39,0,0,,0,unhcr_population,2025-12-31,2026-08-19T14:21:59Z,2026-08-19
ALB,Albania,1992,3000,0,0,0,0,0,0,,0,unhcr_population,2025-12-31,2026-08-19T14:21:59Z,2026-08-19
ALB,Albania,1993,3000,0,0,0,0,0,0,,0,unhcr_population,2025-12-31,2026-08-19T14:21:59Z,2026-08-19
ALB,Albania,1994,3000,0,0,0,0,0,0,,0,unhcr_population,2025-12-31,2026-08-19T14:21:59Z,2026-08-19
ALB,Albania,1995,4721,0,0,0,0,0,0,,0,unhcr_population,2025-12-31,2026-08-19T14:21:59Z,2026-08-19
ALB,Albania,1996,4927,0,0,0,0,0,0,,0,unhcr_population,2025-12-31,2026-08-19T14:21:59Z,2026-08-19
ALB,Albania,1997,34,0,0,0,0,0,0,,0,unhcr_population,2025-12-31,2026-08-19T14:21:59Z,2026-08-19
ALB,Albania,1998,22334,0,0,0,0,0,0,,0,unhcr_population,2025-12-31,2026-08-19T14:21:59Z,2026-08-19
ALB,Albania,1999,3932,0,0,0,0,435790,0,,0,unhcr_population,2025-12-31,2026-08-19T14:21:59Z,2026-08-19
ALB,Albania,2000,521,5,0,0,0,146,0,,0,unhcr_population,2025-12-31,2026-08-19T14:21:59Z,2026-08-19
ALB,Albania,2001,291,71,0,0,0,4839,0,,0,unhcr_population,2025-12-31,2026-08-19T14:21:59Z,2026-08-19
ALB,Albania,2002,18,46,0,0,0,16,0,,0,unhcr_population,2025-12-31,2026-08-19T14:21:59Z,2026-08-19
ALB,Albania,2003,24,86,0,0,0,5,0,,0,unhcr_population,2025-12-31,2026-08-19T14:21:59Z,2026-08-19
ALB,Albania,2004,49,30,0,0,0,5,0,,0,unhcr_population,2025-12-31,2026-08-19T14:21:59Z,2026-08-19
ALB,Albania,2005,53,32,0,0,0,0,0,,0,unhcr_population,2025-12-31,2026-08-19T14:21:59Z,2026-08-19
ALB,Albania,2006,56,27,0,0,0,0,0,,0,unhcr_population,2025-12-31,2026-08-19T14:21:59Z,2026-08-19
ALB,Albania,2007,68,16,0,0,0,0,0,,0,unhcr_population,2025-12-31,2026-08-19T14:21:59Z,2026-08-19
ALB,Albania,2008,57,20,0,0,0,6,0,,0,unhcr_population,2025-12-31,2026-08-19T14:21:59Z,2026-08-19
ALB,Albania,2009,69,19,0,0,0,0,0,,0,unhcr_population,2025-12-31,2026-08-19T14:21:59Z,2026-08-19
ALB,Albania,2010,75,20,0,0,0,0,0,,0,unhcr_population,2025-12-31,2026-08-19T14:21:59Z,2026-08-19
ALB,Albania,2011,79,26,0,0,0,0,0,,0,unhcr_population,2025-12-31,2026-08-19T14:21:59Z,2026-08-19
ALB,Albania,2012,84,28,0,7443,0,0,0,,0,unhcr_population,2025-12-31,2026-08-19T14:21:59Z,2026-08-19
ALB,Albania,2013,96,228,0,7443,0,0,0,,0,unhcr_population,2025-12-31,2026-08-19T14:21:59Z,2026-08-19
ALB,Albania,2014,111,482,0,7443,0,0,0,,0,unhcr_population,2025-12-31,2026-08-19T14:21:59Z,2026-08-19
ALB,Albania,2015,109,830,0,7442,0,0,0,,0,unhcr_population,2025-12-31,2026-08-19T14:21:59Z,2026-08-19
ALB,Albania,2016,141,2750,0,4921,0,0,0,,0,unhcr_population,2025-12-31,2026-08-19T14:21:59Z,2026-08-19
ALB,Albania,2017,124,32,0,4460,2719,0,0,,0,unhcr_population,2025-12-31,2026-08-19T14:21:59Z,2026-08-19
ALB,Albania,2018,132,159,0,4160,76,0,0,,0,unhcr_population,2025-12-31,2026-08-19T14:21:59Z,2026-08-19
ALB,Albania,2019,120,5,0,3687,153,0,0,,0,unhcr_population,2025-12-31,2026-08-19T14:21:59Z,2026-08-19
ALB,Albania,2020,105,0,0,1031,10,0,0,,0,unhcr_population,2025-12-31,2026-08-19T14:21:59Z,2026-08-19
ALB,Albania,2021,109,6,0,1838,13,0,0,,0,unhcr_population,2025-12-31,2026-08-19T14:21:59Z,2026-08-19
ALB,Albania,2022,2676,5,0,1950,8,5,0,,0,unhcr_population,2025-12-31,2026-08-19T14:21:59Z,2026-08-19
ALB,Albania,2023,5079,8,0,2018,6,0,0,,0,unhcr_population,2025-12-31,2026-08-19T14:21:59Z,2026-08-19
ALB,Albania,2024,9381,0,0,2203,0,0,0,,0,unhcr_population,2025-12-31,2026-08-19T14:21:59Z,2026-08-19
ALB,Albania,2025,4673,11,0,2301,500,0,0,,0,unhcr_population,2025-12-31,2026-08-19T14:21:59Z,2026-08-19
ARE,United Arab Emirates,1968,300,0,0,0,0,0,0,,0,unhcr_population,2025-12-31,2026-08-19T14:21:59Z,2026-08-19
ARE,United Arab Emirates,1969,300,0,0,0,0,0,0,,0,unhcr_population,2025-12-31,2026-08-19T14:21:59Z,2026-08-19
ARE,United Arab Emirates,1971,870,0,0,0,0,0,0,,0,unhcr_population,2025-12-31,2026-08-19T14:21:59Z,2026-08-19
ARE,United Arab Emirates,1972,870,0,0,0,0,0,0,,0,unhcr_population,2025-12-31,2026-08-19T14:21:59Z,2026-08-19
ARE,United Arab Emirates,1973,3200,0,0,0,0,0,0,,0,unhcr_population,2025-12-31,2026-08-19T14:21:59Z,2026-08-19
ARE,United Arab Emirates,1974,1200,0,0,0,0,0,0,,0,unhcr_population,2025-12-31,2026-08-19T14:21:59Z,2026-08-19
ARE,United Arab Emirates,1976,4000,0,0,0,0,0,0,,0,unhcr_population,2025-12-31,2026-08-19T14:21:59Z,2026-08-19
ARE,United Arab Emirates,1977,390,0,0,0,0,0,0,,0,unhcr_population,2025-12-31,2026-08-19T14:21:59Z,2026-08-19
ARE,United Arab Emirates,1978,390,0,0,0,0,0,0,,0,unhcr_population,2025-12-31,2026-08-19T14:21:59Z,2026-08-19
ARE,United Arab Emirates,1979,590,0,0,0,0,0,0,,0,unhcr_population,2025-12-31,2026-08-19T14:21:59Z,2026-08-19
ARE,United Arab Emirates,1980,2490,0,0,0,0,0,0,,0,unhcr_population,2025-12-31,2026-08-19T14:21:59Z,2026-08-19
ARE,United Arab Emirates,1981,6090,0,0,0,0,0,0,,0,unhcr_population,2025-12-31,2026-08-19T14:21:59Z,2026-08-19
ARE,United Arab Emirates,1982,3690,0,0,0,0,0,0,,0,unhcr_population,2025-12-31,2026-08-19T14:21:59Z,2026-08-19
ARE,United Arab Emirates,1983,4090,0,0,0,0,0,0,,0,unhcr_population,2025-12-31,2026-08-19T14:21:59Z,2026-08-19
ARE,United Arab Emirates,1984,5170,0,0,0,0,0,0,,0,unhcr_population,2025-12-31,2026-08-19T14:21:59Z,2026-08-19
ARE,United Arab Emirates,1985,26350,0,0,0,0,0,0,,0,unhcr_population,2025-12-31,2026-08-19T14:21:59Z,2026-08-19
ARE,United Arab Emirates,1989,70,0,0,0,0,0,0,,0,unhcr_population,2025-12-31,2026-08-19T14:21:59Z,2026-08-19
ARE,United Arab Emirates,1993,434,0,0,0,0,0,0,,0,unhcr_population,2025-12-31,2026-08-19T14:21:59Z,2026-08-19
ARE,United Arab Emirates,1994,380,0,0,0,0,100,0,,0,unhcr_population,2025-12-31,2026-08-19T14:21:59Z,2026-08-19
ARE,United Arab Emirates,1995,409,0,0,0,0,17,0,,0,unhcr_population,2025-12-31,2026-08-19T14:21:59Z,2026-08-19
ARE,United Arab Emirates,1996,464,0,0,0,0,24,0,,0,unhcr_population,2025-12-31,2026-08-19T14:21:59Z,2026-08-19
ARE,United Arab Emirates,1997,519,0,0,0,0,0,0,,0,unhcr_population,2025-12-31,2026-08-19T14:21:59Z,2026-08-19
ARE,United Arab Emirates,1998,532,0,0,0,0,0,0,,0,unhcr_population,2025-12-31,2026-08-19T14:21:59Z,2026-08-19
ARE,United Arab Emirates,1999,501,0,0,0,0,0,0,,0,unhcr_population,2025-12-31,2026-08-19T14:21:59Z,2026-08-19
ARE,United Arab Emirates,2000,560,329,0,0,0,0,0,,0,unhcr_population,2025-12-31,2026-08-19T14:21:59Z,2026-08-19
ARE,United Arab Emirates,2001,554,355,0,0,0,0,0,,0,unhcr_population,2025-12-31,2026-08-19T14:21:59Z,2026-08-19
ARE,United Arab Emirates,2002,165,272,0,0,0,0,0,,0,unhcr_population,2025-12-31,2026-08-19T14:21:59Z,2026-08-19
ARE,United Arab Emirates,2003,160,61,0,0,0,232,0,,0,unhcr_population,2025-12-31,2026-08-19T14:21:59Z,2026-08-19
ARE,United Arab Emirates,2004,106,52,0,0,0,0,0,,0,unhcr_population,2025-12-31,2026-08-19T14:21:59Z,2026-08-19
ARE,United Arab Emirates,2005,104,77,0,0,0,0,0,,0,unhcr_population,2025-12-31,2026-08-19T14:21:59Z,2026-08-19
ARE,United Arab Emirates,2006,176,31,0,0,0,0,0,,0,unhcr_population,2025-12-31,2026-08-19T14:21:59Z,2026-08-19
ARE,United Arab Emirates,2007,161,66,0,0,0,0,0,,0,unhcr_population,2025-12-31,2026-08-19T14:21:59Z,2026-08-19
ARE,United Arab Emirates,2008,204,67,0,0,0,0,0,,0,unhcr_population,2025-12-31,2026-08-19T14:21:59Z,2026-08-19
ARE,United Arab Emirates,2009,280,76,0,0,0,570,0,,0,unhcr_population,2025-12-31,2026-08-19T14:21:59Z,2026-08-19
ARE,United Arab Emirates,2010,538,88,0,0,0,0,0,,0,unhcr_population,2025-12-31,2026-08-19T14:21:59Z,2026-08-19
ARE,United Arab Emirates,2011,675,41,0,0,0,1285,0,,0,unhcr_population,2025-12-31,2026-08-19T14:21:59Z,2026-08-19
ARE,United Arab Emirates,2012,628,91,0,0,0,1495,0,,0,unhcr_population,2025-12-31,2026-08-19T14:21:59Z,2026-08-19
ARE,United Arab Emirates,2013,602,74,0,0,0,835,0,,0,unhcr_population,2025-12-31,2026-08-19T14:21:59Z,2026-08-19
ARE,United Arab Emirates,2014,419,212,0,0,0,431,0,,0,unhcr_population,2025-12-31,2026-08-19T14:21:59Z,2026-08-19
ARE,United Arab Emirates,2015,663,422,0,0,0,169,0,,0,unhcr_population,2025-12-31,2026-08-19T14:21:59Z,2026-08-19
ARE,United Arab Emirates,2016,888,605,0,0,0,0,0,,0,unhcr_population,2025-12-31,2026-08-19T14:21:59Z,2026-08-19
ARE,United Arab Emirates,2017,884,1882,0,0,10,16,0,,0,unhcr_population,2025-12-31,2026-08-19T14:21:59Z,2026-08-19
ARE,United Arab Emirates,2018,1167,6500,0,0,97,0,0,,0,unhcr_population,2025-12-31,2026-08-19T14:21:59Z,2026-08-19
ARE,United Arab Emirates,2019,1242,7266,0,0,130,0,0,,0,unhcr_population,2025-12-31,2026-08-19T14:21:59Z,2026-08-19
ARE,United Arab Emirates,2020,1315,7229,0,0,127,0,0,,0,unhcr_population,2025-12-31,2026-08-19T14:21:59Z,2026-08-19
ARE,United Arab Emirates,2021,1355,7203,0,0,123,0,0,,0,unhcr_population,2025-12-31,2026-08-19T14:21:59Z,2026-08-19
ARE,United Arab Emirates,2022,1399,7110,0,0,121,5,0,,0,unhcr_population,2025-12-31,2026-08-19T14:21:59Z,2026-08-19
ARE,United Arab Emirates,2023,1416,7044,0,0,113,0,0,,0,unhcr_population,2025-12-31,2026-08-19T14:21:59Z,2026-08-19
ARE,United Arab Emirates,2024,1377,6257,0,0,100,0,0,,0,unhcr_population,2025-12-31,2026-08-19T14:21:59Z,2026-08-19
ARE,United Arab Emirates,2025,1377,6257,0,0,100,0,0,,0,unhcr_population,2025-12-31,2026-08-19T14:21:59Z,2026-08-19
ARG,Argentina,1969,32000,0,0,0,0,0,0,,0,unhcr_population,2025-12-31,2026-08-19T14:21:59Z,2026-08-19
ARG,Argentina,1970,35000,0,0,0,0,0,0,,0,unhcr_population,2025-12-31,2026-08-19T14:21:59Z,2026-08-19
ARG,Argentina,1971,34000,0,0,0,0,0,0,,0,unhcr_population,2025-12-31,2026-08-19T14:21:59Z,2026-08-19
ARG,Argentina,1972,33000,0,0,0,0,0,0,,0,unhcr_population,2025-12-31,2026-08-19T14:21:59Z,2026-08-19
ARG,Argentina,1973,37000,0,0,0,0,0,0,,0,unhcr_population,2025-12-31,2026-08-19T14:21:59Z,2026-08-19
ARG,Argentina,1974,47000,0,0,0,0,0,0,,0,unhcr_population,2025-12-31,2026-08-19T14:21:59Z,2026-08-19
ARG,Argentina,1975,46000,0,0,0,0,0,0,,0,unhcr_population,2025-12-31,2026-08-19T14:21:59Z,2026-08-19
ARG,Argentina,1976,41010,0,0,0,0,0,0,,0,unhcr_population,2025-12-31,2026-08-19T14:21:59Z,2026-08-19
ARG,Argentina,1977,35000,0,0,0,0,0,0,,0,unhcr_population,2025-12-31,2026-08-19T14:21:59Z,2026-08-19
ARG,Argentina,1978,26390,0,0,0,0,530,0,,0,unhcr_population,2025-12-31,2026-08-19T14:21:59Z,2026-08-19
ARG,Argentina,1979,27050,0,0,0,0,560,0,,0,unhcr_population,2025-12-31,2026-08-19T14:21:59Z,2026-08-19
ARG,Argentina,1980,26460,0,0,0,0,60,0,,0,unhcr_population,2025-12-31,2026-08-19T14:21:59Z,2026-08-19
ARG,Argentina,1981,26500,0,0,0,0,70,0,,0,unhcr_population,2025-12-31,2026-08-19T14:21:59Z,2026-08-19
ARG,Argentina,1982,11500,0,0,0,0,130,0,,0,unhcr_population,2025-12-31,2026-08-19T14:21:59Z,2026-08-19
ARG,Argentina,1983,11500,0,0,0,0,0,0,,0,unhcr_population,2025-12-31,2026-08-19T14:21:59Z,2026-08-19
ARG,Argentina,1984,11500,0,0,0,0,0,0,,0,unhcr_population,2025-12-31,2026-08-19T14:21:59Z,2026-08-19
ARG,Argentina,1985,14000,0,0,0,0,1300,0,,0,unhcr_population,2025-12-31,2026-08-19T14:21:59Z,2026-08-19
ARG,Argentina,1986,14000,0,0,0,0,0,0,,0,unhcr_population,2025-12-31,2026-08-19T14:21:59Z,2026-08-19
ARG,Argentina,1987,13580,0,0,0,0,210,0,,0,unhcr_population,2025-12-31,2026-08-19T14:21:59Z,2026-08-19
ARG,Argentina,1988,13578,0,0,0,0,390,0,,0,unhcr_population,2025-12-31,2026-08-19T14:21:59Z,2026-08-19
ARG,Argentina,1989,12634,0,0,0,0,1060,0,,0,unhcr_population,2025-12-31,2026-08-19T14:21:59Z,2026-08-19
ARG,Argentina,1990,11735,0,0,0,0,1550,0,,0,unhcr_population,2025-12-31,2026-08-19T14:21:59Z,2026-08-19
ARG,Argentina,1991,11529,0,0,0,0,810,0,,0,unhcr_population,2025-12-31,2026-08-19T14:21:59Z,2026-08-19
ARG,Argentina,1992,11515,0,0,0,0,570,0,,0,unhcr_population,2025-12-31,2026-08-19T14:21:59Z,2026-08-19
ARG,Argentina,1993,11623,0,0,0,0,380,0,,0,unhcr_population,2025-12-31,2026-08-19T14:21:59Z,2026-08-19
ARG,Argentina,1994,11903,0,0,0,0,976,0,,0,unhcr_population,2025-12-31,2026-08-19T14:21:59Z,2026-08-19
ARG,Argentina,1995,10314,0,0,0,0,305,0,,0,unhcr_population,2025-12-31,2026-08-19T14:21:59Z,2026-08-19
ARG,Argentina,1996,10430,0,0,0,0,87,0,,0,unhcr_population,2025-12-31,2026-08-19T14:21:59Z,2026-08-19
ARG,Argentina,1997,10522,0,0,0,0,0,0,,0,unhcr_population,2025-12-31,2026-08-19T14:21:59Z,2026-08-19
ARG,Argentina,1998,2259,0,0,0,0,5,0,,0,unhcr_population,2025-12-31,2026-08-19T14:21:59Z,2026-08-19
ARG,Argentina,1999,2335,0,0,0,0,23,0,,0,unhcr_population,2025-12-31,2026-08-19T14:21:59Z,2026-08-19
ARG,Argentina,2000,2383,1274,0,0,0,0,0,,0,unhcr_population,2025-12-31,2026-08-19T14:21:59Z,2026-08-19
ARG,Argentina,2001,2384,1544,0,0,0,0,0,,0,unhcr_population,2025-12-31,2026-08-19T14:21:59Z,2026-08-19
ARG,Argentina,2002,2428,1535,0,0,0,31,0,,0,unhcr_population,2025-12-31,2026-08-19T14:21:59Z,2026-08-19
ARG,Argentina,2003,2631,1188,0,0,0,12,0,,0,unhcr_population,2025-12-31,2026-08-19T14:21:59Z,2026-08-19
ARG,Argentina,2004,2898,973,0,0,0,0,0,,0,unhcr_population,2025-12-31,2026-08-19T14:21:59Z,2026-08-19
ARG,Argentina,2005,3051,804,0,0,0,0,0,,0,unhcr_population,2025-12-31,2026-08-19T14:21:59Z,2026-08-19
ARG,Argentina,2006,3132,854,0,0,0,21,0,,0,unhcr_population,2025-12-31,2026-08-19T14:21:59Z,2026-08-19
ARG,Argentina,2007,3247,1080,0,0,0,0,0,,0,unhcr_population,2025-12-31,2026-08-19T14:21:59Z,2026-08-19
ARG,Argentina,2008,2824,710,0,0,0,5,0,,0,unhcr_population,2025-12-31,2026-08-19T14:21:59Z,2026-08-19
ARG,Argentina,2009,3209,742,0,0,0,6,0,,0,unhcr_population,2025-12-31,2026-08-19T14:21:59Z,2026-08-19
ARG,Argentina,2010,3257,916,0,0,0,0,0,,0,unhcr_population,2025-12-31,2026-08-19T14:21:59Z,2026-08-19
ARG,Argentina,2011,3341,1196,0,0,0,0,0,,0,unhcr_population,2025-12-31,2026-08-19T14:21:59Z,2026-08-19
ARG,Argentina,2012,3468,1901,0,0,0,0,0,,0,unhcr_population,2025-12-31,2026-08-19T14:21:59Z,2026-08-19
ARG,Argentina,2013,3340,899,0,0,0,0,0,,0,unhcr_population,2025-12-31,2026-08-19T14:21:59Z,2026-08-19
ARG,Argentina,2014,3473,846,0,0,0,0,0,,0,unhcr_population,2025-12-31,2026-08-19T14:21:59Z,2026-08-19
ARG,Argentina,2015,3187,1062,0,0,0,9,0,,0,unhcr_population,2025-12-31,2026-08-19T14:21:59Z,2026-08-19
ARG,Argentina,2016,3267,3917,0,0,181,0,0,,0,unhcr_population,2025-12-31,2026-08-19T14:21:59Z,2026-08-19
ARG,Argentina,2017,3332,4111,0,0,56969,0,0,,0,unhcr_population,2025-12-31,2026-08-19T14:21:59Z,2026-08-19
ARG,Argentina,2018,3442,6102,0,0,410,0,0,127152,0,unhcr_population,2025-12-31,2026-08-19T14:21:59Z,2026-08-19
ARG,Argentina,2019,3857,7981,0,0,443,0,0,173343,0,unhcr_population,2025-12-31,2026-08-19T14:21:59Z,2026-08-19
ARG,Argentina,2020,3965,9176,0,0,448,0,0,171659,0,unhcr_population,2025-12-31,2026-08-19T14:21:59Z,2026-08-19
ARG,Argentina,2021,4050,11026,0,0,448,0,0,164622,68880,unhcr_population,2025-12-31,2026-08-19T14:21:59Z,2026-08-19
ARG,Argentina,2022,4094,11100,0,14,466,0,0,165174,81619,unhcr_population,2025-12-31,2026-08-19T14:21:59Z,2026-08-19
ARG,Argentina,2023,4104,7129,0,22,475,0,0,215541,60765,unhcr_population,2025-12-31,2026-08-19T14:21:59Z,2026-08-19
ARG,Argentina,2024,4409,4766,0,34,18,0,0,164616,75272,unhcr_population,2025-12-31,2026-08-19T14:21:59Z,2026-08-19
ARG,Argentina,2025,4941,3941,0,25,10,0,0,174216,530,unhcr_population,2025-12-31,2026-08-19T14:21:59Z,2026-08-19
ARM,Armenia,1992,300000,0,0,0,0,0,0,,0,unhcr_population,2025-12-31,2026-08-19T14:21:59Z,2026-08-19
ARM,Armenia,1993,334000,0,77000,0,0,0,0,,0,unhcr_population,2025-12-31,2026-08-19T14:21:59Z,2026-08-19
ARM,Armenia,1994,304040,0,72000,0,0,30000,0,,0,unhcr_population,2025-12-31,2026-08-19T14:21:59Z,2026-08-19
ARM,Armenia,1995,218950,0,72000,0,0,43500,0,,0,unhcr_population,2025-12-31,2026-08-19T14:21:59Z,2026-08-19
ARM,Armenia,1996,218950,0,72000,0,0,0,0,,0,unhcr_population,2025-12-31,2026-08-19T14:21:59Z,2026-08-19
ARM,Armenia,1997,219000,0,72000,0,0,0,0,,0,unhcr_population,2025-12-31,2026-08-19T14:21:59Z,2026-08-19
ARM,Armenia,1998,310012,0,0,0,0,0,0,,0,unhcr_population,2025-12-31,2026-08-19T14:21:59Z,2026-08-19
ARM,Armenia,1999,296215,0,0,0,0,0,0,,0,unhcr_population,2025-12-31,2026-08-19T14:21:59Z,2026-08-19
ARM,Armenia,2000,280586,0,0,0,0,0,0,,0,unhcr_population,2025-12-31,2026-08-19T14:21:59Z,2026-08-19
ARM,Armenia,2001,264337,0,0,0,0,0,0,,0,unhcr_population,2025-12-31,2026-08-19T14:21:59Z,2026-08-19
ARM,Armenia,2002,247549,0,0,0,0,0,0,,0,unhcr_population,2025-12-31,2026-08-19T14:21:59Z,2026-08-19
ARM,Armenia,2003,239289,30,0,0,0,0,0,,0,unhcr_population,2025-12-31,2026-08-19T14:21:59Z,2026-08-19
ARM,Armenia,2004,235233,64,0,0,0,0,0,,0,unhcr_population,2025-12-31,2026-08-19T14:21:59Z,2026-08-19
ARM,Armenia,2005,219547,64,0,0,0,0,0,,0,unhcr_population,2025-12-31,2026-08-19T14:21:59Z,2026-08-19
ARM,Armenia,2006,113713,75,0,0,0,0,0,,0,unhcr_population,2025-12-31,2026-08-19T14:21:59Z,2026-08-19
ARM,Armenia,2007,4564,97,0,0,0,0,0,,0,unhcr_population,2025-12-31,2026-08-19T14:21:59Z,2026-08-19
ARM,Armenia,2008,3952,170,0,0,0,0,0,,0,unhcr_population,2025-12-31,2026-08-19T14:21:59Z,2026-08-19
ARM,Armenia,2009,3605,38,0,0,82231,0,0,,0,unhcr_population,2025-12-31,2026-08-19T14:21:59Z,2026-08-19
ARM,Armenia,2010,3292,14,0,6,82519,0,0,,0,unhcr_population,2025-12-31,2026-08-19T14:21:59Z,2026-08-19
ARM,Armenia,2011,2913,17,0,11,82938,0,0,,0,unhcr_population,2025-12-31,2026-08-19T14:21:59Z,2026-08-19
ARM,Armenia,2012,2849,378,0,35,5500,0,0,,0,unhcr_population,2025-12-31,2026-08-19T14:21:59Z,2026-08-19
ARM,Armenia,2013,13727,70,0,180,0,0,0,,0,unhcr_population,2025-12-31,2026-08-19T14:21:59Z,2026-08-19
ARM,Armenia,2014,17635,57,0,206,0,0,0,,0,unhcr_population,2025-12-31,2026-08-19T14:21:59Z,2026-08-19
ARM,Armenia,2015,19314,51,0,311,0,0,0,,0,unhcr_population,2025-12-31,2026-08-19T14:21:59Z,2026-08-19
ARM,Armenia,2016,17883,73,0,512,0,0,0,,0,unhcr_population,2025-12-31,2026-08-19T14:21:59Z,2026-08-19
ARM,Armenia,2017,17968,62,0,773,0,5,0,,0,unhcr_population,2025-12-31,2026-08-19T14:21:59Z,2026-08-19
ARM,Armenia,2018,17966,105,0,848,0,0,0,,0,unhcr_population,2025-12-31,2026-08-19T14:21:59Z,2026-08-19
ARM,Armenia,2019,17980,158,0,961,0,0,0,,0,unhcr_population,2025-12-31,2026-08-19T14:21:59Z,2026-08-19
ARM,Armenia,2020,107910,136,0,1000,0,0,0,,0,unhcr_population,2025-12-31,2026-08-19T14:21:59Z,2026-08-19
ARM,Armenia,2021,34728,181,0,870,0,0,0,,0,unhcr_population,2025-12-31,2026-08-19T14:21:59Z,2026-08-19
ARM,Armenia,2022,34634,580,0,672,0,0,0,,0,unhcr_population,2025-12-31,2026-08-19T14:21:59Z,2026-08-19
ARM,Armenia,2023,150080,615,0,520,0,0,0,,0,unhcr_population,2025-12-31,2026-08-19T14:21:59Z,2026-08-19
ARM,Armenia,2024,144379,975,0,373,0,0,0,,0,unhcr_population,2025-12-31,2026-08-19T14:21:59Z,2026-08-19
ARM,Armenia,2025,123087,998,0,287,0,0,0,,0,unhcr_population,2025-12-31,2026-08-19T14:21:59Z,2026-08-19
ATG,Antigua and Barbuda,2007,0,0,0,0,0,5,0,,0,unhcr_population,2025-12-31,2026-08-19T14:21:59Z,2026-08-19
ATG,Antigua and Barbuda,2015,15,0,0,0,0,0,0,,0,unhcr_population,2025-12-31,2026-08-19T14:21:59Z,2026-08-19
ATG,Antigua and Barbuda,2016,5,0,0,0,0,0,0,,0,unhcr_population,2025-12-31,2026-08-19T14:21:59Z,2026-08-19
ATG,Antigua and Barbuda,2022,0,0,0,0,169,0,0,,0,unhcr_population,2025-12-31,2026-08-19T14:21:59Z,2026-08-19
ATG,Antigua and Barbuda,2024,0,5,0,0,0,0,0,,0,unhcr_population,2025-12-31,2026-08-19T14:21:59Z,2026-08-19
AUS,Australia,1951,180000,0,0,0,0,0,0,,0,unhcr_population,2025-12-31,2026-08-19T14:21:59Z,2026-08-19
AUS,Australia,1965,40000,0,0,0,0,0,0,,0,unhcr_population,2025-12-31,2026-08-19T14:21:59Z,2026-08-19
AUS,Australia,1966,40000,0,0,0,0,0,0,,0,unhcr_population,2025-12-31,2026-08-19T14:21:59Z,2026-08-19
AUS,Australia,1967,44000,0,0,0,0,0,0,,0,unhcr_population,2025-12-31,2026-08-19T14:21:59Z,2026-08-19
AUS,Australia,1968,43000,0,0,0,0,0,0,,0,unhcr_population,2025-12-31,2026-08-19T14:21:59Z,2026-08-19
AUS,Australia,1969,42000,0,0,0,0,0,0,,0,unhcr_population,2025-12-31,2026-08-19T14:21:59Z,2026-08-19
AUS,Australia,1970,42000,0,0,0,0,0,0,,0,unhcr_population,2025-12-31,2026-08-19T14:21:59Z,2026-08-19
AUS,Australia,1978,304000,0,0,0,0,0,0,,0,unhcr_population,2025-12-31,2026-08-19T14:21:59Z,2026-08-19
AUS,Australia,1979,304000,0,0,0,0,0,0,,0,unhcr_population,2025-12-31,2026-08-19T14:21:59Z,2026-08-19
AUS,Australia,1980,304000,0,0,0,0,0,0,,0,unhcr_population,2025-12-31,2026-08-19T14:21:59Z,2026-08-19
AUS,Australia,1981,317000,0,0,0,0,0,0,,0,unhcr_population,2025-12-31,2026-08-19T14:21:59Z,2026-08-19
AUS,Australia,1982,317000,0,0,0,0,0,0,,0,unhcr_population,2025-12-31,2026-08-19T14:21:59Z,2026-08-19
AUS,Australia,1983,317000,0,0,0,0,0,0,,0,unhcr_population,2025-12-31,2026-08-19T14:21:59Z,2026-08-19
AUS,Australia,1984,89000,0,0,0,0,0,0,,0,unhcr_population,2025-12-31,2026-08-19T14:21:59Z,2026-08-19
AUS,Australia,1985,89000,0,0,0,0,0,0,,0,unhcr_population,2025-12-31,2026-08-19T14:21:59Z,2026-08-19
AUS,Australia,1986,85900,0,0,0,0,0,0,,0,unhcr_population,2025-12-31,2026-08-19T14:21:59Z,2026-08-19
AUS,Australia,1987,87600,0,0,0,0,0,0,,0,unhcr_population,2025-12-31,2026-08-19T14:21:59Z,2026-08-19
AUS,Australia,1988,90970,0,0,0,0,0,0,,0,unhcr_population,2025-12-31,2026-08-19T14:21:59Z,2026-08-19
AUS,Australia,1989,97915,0,0,0,0,0,0,,0,unhcr_population,2025-12-31,2026-08-19T14:21:59Z,2026-08-19
AUS,Australia,1990,97915,0,0,0,0,0,0,,0,unhcr_population,2025-12-31,2026-08-19T14:21:59Z,2026-08-19
AUS,Australia,1991,53117,0,0,0,0,0,0,,0,unhcr_population,2025-12-31,2026-08-19T14:21:59Z,2026-08-19
AUS,Australia,1992,52604,0,0,0,0,0,0,,0,unhcr_population,2025-12-31,2026-08-19T14:21:59Z,2026-08-19
AUS,Australia,1993,53505,0,0,0,0,200,0,,0,unhcr_population,2025-12-31,2026-08-19T14:21:59Z,2026-08-19
AUS,Australia,1994,57575,0,0,0,0,72,0,,0,unhcr_population,2025-12-31,2026-08-19T14:21:59Z,2026-08-19
AUS,Australia,1995,62145,0,0,0,0,49,0,,0,unhcr_population,2025-12-31,2026-08-19T14:21:59Z,2026-08-19
AUS,Australia,1996,67298,0,0,0,0,54,0,,0,unhcr_population,2025-12-31,2026-08-19T14:21:59Z,2026-08-19
AUS,Australia,1997,66056,0,0,0,0,0,0,,0,unhcr_population,2025-12-31,2026-08-19T14:21:59Z,2026-08-19
AUS,Australia,1998,69714,0,0,0,0,0,0,,0,unhcr_population,2025-12-31,2026-08-19T14:21:59Z,2026-08-19
AUS,Australia,1999,64879,0,0,0,0,3449,0,,0,unhcr_population,2025-12-31,2026-08-19T14:21:59Z,2026-08-19
AUS,Australia,2000,60219,10877,0,0,0,870,0,,0,unhcr_population,2025-12-31,2026-08-19T14:21:59Z,2026-08-19
AUS,Australia,2001,57885,11558,0,0,0,0,0,,0,unhcr_population,2025-12-31,2026-08-19T14:21:59Z,2026-08-19
AUS,Australia,2002,59422,7271,0,0,0,290,0,,0,unhcr_population,2025-12-31,2026-08-19T14:21:59Z,2026-08-19
AUS,Australia,2003,56242,2978,0,0,0,110,0,,0,unhcr_population,2025-12-31,2026-08-19T14:21:59Z,2026-08-19
AUS,Australia,2004,63478,5017,0,0,0,9,0,,0,unhcr_population,2025-12-31,2026-08-19T14:21:59Z,2026-08-19
AUS,Australia,2005,64955,1756,0,0,0,10,0,,0,unhcr_population,2025-12-31,2026-08-19T14:21:59Z,2026-08-19
AUS,Australia,2006,68942,1366,0,0,0,16,0,,0,unhcr_population,2025-12-31,2026-08-19T14:21:59Z,2026-08-19
AUS,Australia,2007,22161,1459,0,0,0,16,0,,0,unhcr_population,2025-12-31,2026-08-19T14:21:59Z,2026-08-19
AUS,Australia,2008,20915,2140,0,0,0,10,0,,0,unhcr_population,2025-12-31,2026-08-19T14:21:59Z,2026-08-19
AUS,Australia,2009,22543,2306,0,0,0,5,0,,0,unhcr_population,2025-12-31,2026-08-19T14:21:59Z,2026-08-19
AUS,Australia,2010,21790,3714,0,0,0,15,0,,0,unhcr_population,2025-12-31,2026-08-19T14:21:59Z,2026-08-19
AUS,Australia,2011,23423,5210,0,0,0,685,0,,0,unhcr_population,2025-12-31,2026-08-19T14:21:59Z,2026-08-19
AUS,Australia,2012,30061,10991,0,0,0,665,0,,0,unhcr_population,2025-12-31,2026-08-19T14:21:59Z,2026-08-19
AUS,Australia,2013,34485,13509,0,0,0,345,0,,0,unhcr_population,2025-12-31,2026-08-19T14:21:59Z,2026-08-19
AUS,Australia,2014,35565,21462,0,0,0,0,0,,0,unhcr_population,2025-12-31,2026-08-19T14:21:59Z,2026-08-19
AUS,Australia,2015,36917,20752,0,0,0,0,0,,0,unhcr_population,2025-12-31,2026-08-19T14:21:59Z,2026-08-19
AUS,Australia,2016,42187,29633,0,0,0,0,0,,0,unhcr_population,2025-12-31,2026-08-19T14:21:59Z,2026-08-19
AUS,Australia,2017,48480,48029,0,52,0,24,0,,0,unhcr_population,2025-12-31,2026-08-19T14:21:59Z,2026-08-19
AUS,Australia,2018,56934,60645,0,132,0,0,0,,0,unhcr_population,2025-12-31,2026-08-19T14:21:59Z,2026-08-19
AUS,Australia,2019,58529,77362,0,6000,0,0,0,,0,unhcr_population,2025-12-31,2026-08-19T14:21:59Z,2026-08-19
AUS,Australia,2020,57411,80801,0,5221,46,0,0,,0,unhcr_population,2025-12-31,2026-08-19T14:21:59Z,2026-08-19
AUS,Australia,2021,55606,82810,0,7700,7526,0,0,,0,unhcr_population,2025-12-31,2026-08-19T14:21:59Z,2026-08-19
AUS,Australia,2022,54430,90549,0,8313,2500,10,0,,0,unhcr_population,2025-12-31,2026-08-19T14:21:59Z,2026-08-19
AUS,Australia,2023,34502,82625,0,8073,1514,197,0,,0,unhcr_population,2025-12-31,2026-08-19T14:21:59Z,2026-08-19
AUS,Australia,2024,29511,91278,0,6922,950,0,0,,0,unhcr_population,2025-12-31,2026-08-19T14:21:59Z,2026-08-19
AUS,Australia,2025,33415,82925,0,8183,4301,1172,0,,0,unhcr_population,2025-12-31,2026-08-19T14:21:59Z,2026-08-19
AUT,Austria,1951,282000,0,0,0,0,0,0,,0,unhcr_population,2025-12-31,2026-08-19T14:21:59Z,2026-08-19
AUT,Austria,1952,238200,0,0,0,0,0,0,,0,unhcr_population,2025-12-31,2026-08-19T14:21:59Z,2026-08-19
AUT,Austria,1953,215200,0,0,0,0,0,0,,0,unhcr_population,2025-12-31,2026-08-19T14:21:59Z,2026-08-19
AUT,Austria,1954,150000,0,0,0,0,0,0,,0,unhcr_population,2025-12-31,2026-08-19T14:21:59Z,2026-08-19
AUT,Austria,1955,110000,0,0,0,0,0,0,,0,unhcr_population,2025-12-31,2026-08-19T14:21:59Z,2026-08-19
AUT,Austria,1956,140000,0,0,0,0,0,0,,0,unhcr_population,2025-12-31,2026-08-19T14:21:59Z,2026-08-19
AUT,Austria,1957,68000,0,0,0,0,0,0,,0,unhcr_population,2025-12-31,2026-08-19T14:21:59Z,2026-08-19
AUT,Austria,1958,53000,0,0,0,0,0,0,,0,unhcr_population,2025-12-31,2026-08-19T14:21:59Z,2026-08-19
AUT,Austria,1959,44000,0,0,0,0,0,0,,0,unhcr_population,2025-12-31,2026-08-19T14:21:59Z,2026-08-19
AUT,Austria,1960,39000,0,0,0,0,0,0,,0,unhcr_population,2025-12-31,2026-08-19T14:21:59Z,2026-08-19
AUT,Austria,1961,34000,0,0,0,0,0,0,,0,unhcr_population,2025-12-31,2026-08-19T14:21:59Z,2026-08-19
AUT,Austria,1962,30000,0,0,0,0,0,0,,0,unhcr_population,2025-12-31,2026-08-19T14:21:59Z,2026-08-19
AUT,Austria,1963,27000,0,0,0,0,0,0,,0,unhcr_population,2025-12-31,2026-08-19T14:21:59Z,2026-08-19
AUT,Austria,1964,25000,0,0,0,0,0,0,,0,unhcr_population,2025-12-31,2026-08-19T14:21:59Z,2026-08-19
AUT,Austria,1965,25000,0,0,0,0,0,0,,0,unhcr_population,2025-12-31,2026-08-19T14:21:59Z,2026-08-19
AUT,Austria,1966,24500,0,0,0,0,0,0,,0,unhcr_population,2025-12-31,2026-08-19T14:21:59Z,2026-08-19
AUT,Austria,1967,24000,0,0,0,0,0,0,,0,unhcr_population,2025-12-31,2026-08-19T14:21:59Z,2026-08-19
AUT,Austria,1968,24000,0,0,0,0,0,0,,0,unhcr_population,2025-12-31,2026-08-19T14:21:59Z,2026-08-19
AUT,Austria,1969,25000,0,0,0,0,0,0,,0,unhcr_population,2025-12-31,2026-08-19T14:21:59Z,2026-08-19
AUT,Austria,1970,25300,0,0,0,0,0,0,,0,unhcr_population,2025-12-31,2026-08-19T14:21:59Z,2026-08-19
AUT,Austria,1971,25000,0,0,0,0,0,0,,0,unhcr_population,2025-12-31,2026-08-19T14:21:59Z,2026-08-19
AUT,Austria,1972,25000,0,0,0,0,0,0,,0,unhcr_population,2025-12-31,2026-08-19T14:21:59Z,2026-08-19
AUT,Austria,1973,25000,0,0,0,0,0,0,,0,unhcr_population,2025-12-31,2026-08-19T14:21:59Z,2026-08-19
AUT,Austria,1974,25000,0,0,0,0,0,0,,0,unhcr_population,2025-12-31,2026-08-19T14:21:59Z,2026-08-19
AUT,Austria,1975,20000,0,0,0,0,0,0,,0,unhcr_population,2025-12-31,2026-08-19T14:21:59Z,2026-08-19
AUT,Austria,1976,25000,0,0,0,0,0,0,,0,unhcr_population,2025-12-31,2026-08-19T14:21:59Z,2026-08-19
AUT,Austria,1977,20000,0,0,0,0,0,0,,0,unhcr_population,2025-12-31,2026-08-19T14:21:59Z,2026-08-19
AUT,Austria,1978,20000,0,0,0,0,0,0,,0,unhcr_population,2025-12-31,2026-08-19T14:21:59Z,2026-08-19
AUT,Austria,1979,25000,0,0,0,0,0,0,,0,unhcr_population,2025-12-31,2026-08-19T14:21:59Z,2026-08-19
AUT,Austria,1980,15525,0,0,0,0,0,0,,0,unhcr_population,2025-12-31,2026-08-19T14:21:59Z,2026-08-19
AUT,Austria,1981,17899,0,0,0,0,0,0,,0,unhcr_population,2025-12-31,2026-08-19T14:21:59Z,2026-08-19
AUT,Austria,1982,34963,0,0,0,0,0,0,,0,unhcr_population,2025-12-31,2026-08-19T14:21:59Z,2026-08-19
AUT,Austria,1983,37298,0,0,0,0,0,0,,0,unhcr_population,2025-12-31,2026-08-19T14:21:59Z,2026-08-19
AUT,Austria,1984,39099,0,0,0,0,0,0,,0,unhcr_population,2025-12-31,2026-08-19T14:21:59Z,2026-08-19
AUT,Austria,1985,40534,0,0,0,0,0,0,,0,unhcr_population,2025-12-31,2026-08-19T14:21:59Z,2026-08-19
AUT,Austria,1986,41176,0,0,0,0,0,0,,0,unhcr_population,2025-12-31,2026-08-19T14:21:59Z,2026-08-19
AUT,Austria,1987,41228,0,0,0,0,0,0,,0,unhcr_population,2025-12-31,2026-08-19T14:21:59Z,2026-08-19
AUT,Austria,1988,39830,0,0,0,0,0,0,,0,unhcr_population,2025-12-31,2026-08-19T14:21:59Z,2026-08-19
AUT,Austria,1989,39405,0,0,0,0,0,0,,0,unhcr_population,2025-12-31,2026-08-19T14:21:59Z,2026-08-19
AUT,Austria,1990,34938,0,0,0,0,0,0,,0,unhcr_population,2025-12-31,2026-08-19T14:21:59Z,2026-08-19
AUT,Austria,1991,34508,0,0,0,0,0,0,,0,unhcr_population,2025-12-31,2026-08-19T14:21:59Z,2026-08-19
AUT,Austria,1992,62355,0,0,0,0,0,0,,0,unhcr_population,2025-12-31,2026-08-19T14:21:59Z,2026-08-19
AUT,Austria,1993,57687,0,0,0,0,5,0,,0,unhcr_population,2025-12-31,2026-08-19T14:21:59Z,2026-08-19
AUT,Austria,1994,40703,0,0,0,0,34,0,,0,unhcr_population,2025-12-31,2026-08-19T14:21:59Z,2026-08-19
AUT,Austria,1995,34385,0,0,0,0,0,0,,0,unhcr_population,2025-12-31,2026-08-19T14:21:59Z,2026-08-19
AUT,Austria,1996,89116,0,0,0,0,4000,0,,0,unhcr_population,2025-12-31,2026-08-19T14:21:59Z,2026-08-19
AUT,Austria,1997,84394,0,0,0,0,4000,0,,0,unhcr_population,2025-12-31,2026-08-19T14:21:59Z,2026-08-19
AUT,Austria,1998,80294,0,0,0,0,794,0,,0,unhcr_population,2025-12-31,2026-08-19T14:21:59Z,2026-08-19
AUT,Austria,1999,82076,0,0,0,0,4117,0,,0,unhcr_population,2025-12-31,2026-08-19T14:21:59Z,2026-08-19
AUT,Austria,2000,15493,9945,0,0,0,1643,0,,0,unhcr_population,2025-12-31,2026-08-19T14:21:59Z,2026-08-19
AUT,Austria,2001,14375,15187,0,0,0,516,0,,0,unhcr_population,2025-12-31,2026-08-19T14:21:59Z,2026-08-19
AUT,Austria,2002,14122,29494,0,0,0,1035,0,,0,unhcr_population,2025-12-31,2026-08-19T14:21:59Z,2026-08-19
AUT,Austria,2003,16097,33564,0,0,0,778,0,,0,unhcr_population,2025-12-31,2026-08-19T14:21:59Z,2026-08-19
AUT,Austria,2004,17777,38262,0,524,0,230,0,,0,unhcr_population,2025-12-31,2026-08-19T14:21:59Z,2026-08-19
AUT,Austria,2005,21212,40710,0,500,0,330,0,,0,unhcr_population,2025-12-31,2026-08-19T14:21:59Z,2026-08-19
AUT,Austria,2006,25475,42385,0,501,0,584,0,,0,unhcr_population,2025-12-31,2026-08-19T14:21:59Z,2026-08-19
AUT,Austria,2007,30767,38424,0,472,0,304,0,,0,unhcr_population,2025-12-31,2026-08-19T14:21:59Z,2026-08-19
AUT,Austria,2008,37546,36687,0,464,0,299,0,,0,unhcr_population,2025-12-31,2026-08-19T14:21:59Z,2026-08-19
AUT,Austria,2009,38895,32133,0,523,0,982,0,,0,unhcr_population,2025-12-31,2026-08-19T14:21:59Z,2026-08-19
AUT,Austria,2010,42613,25602,0,401,0,69,0,,0,unhcr_population,2025-12-31,2026-08-19T14:21:59Z,2026-08-19
AUT,Austria,2011,47055,24464,0,464,0,29,0,,0,unhcr_population,2025-12-31,2026-08-19T14:21:59Z,2026-08-19
AUT,Austria,2012,51707,22418,0,542,0,11,0,,0,unhcr_population,2025-12-31,2026-08-19T14:21:59Z,2026-08-19
AUT,Austria,2013,55575,22731,0,604,0,9,0,,0,unhcr_population,2025-12-31,2026-08-19T14:21:59Z,2026-08-19
AUT,Austria,2014,60724,22745,0,570,0,366,0,,0,unhcr_population,2025-12-31,2026-08-19T14:21:59Z,2026-08-19
AUT,Austria,2015,72198,80060,0,828,0,143,0,,0,unhcr_population,2025-12-31,2026-08-19T14:21:59Z,2026-08-19
AUT,Austria,2016,93242,76382,0,937,0,0,0,,0,unhcr_population,2025-12-31,2026-08-19T14:21:59Z,2026-08-19
AUT,Austria,2017,115252,56279,0,1003,0,0,0,,0,unhcr_population,2025-12-31,2026-08-19T14:21:59Z,2026-08-19
AUT,Austria,2018,128779,37347,0,1062,0,0,0,,0,unhcr_population,2025-12-31,2026-08-19T14:21:59Z,2026-08-19
AUT,Austria,2019,135951,26696,0,1132,0,0,0,,0,unhcr_population,2025-12-31,2026-08-19T14:21:59Z,2026-08-19
AUT,Austria,2020,141816,20710,0,3267,0,0,0,,0,unhcr_population,2025-12-31,2026-08-19T14:21:59Z,2026-08-19
AUT,Austria,2021,152514,27847,0,3162,0,0,0,,0,unhcr_population,2025-12-31,2026-08-19T14:21:59Z,2026-08-19
AUT,Austria,2022,258613,53087,0,3256,0,5000,0,,0,unhcr_population,2025-12-31,2026-08-19T14:21:59Z,2026-08-19
AUT,Austria,2023,257811,38039,0,3194,0,5000,0,,0,unhcr_population,2025-12-31,2026-08-19T14:21:59Z,2026-08-19
AUT,Austria,2024,284828,28883,0,3919,0,8000,0,,0,unhcr_population,2025-12-31,2026-08-19T14:21:59Z,2026-08-19
AUT,Austria,2025,286651,22014,0,3199,0,0,0,,0,unhcr_population,2025-12-31,2026-08-19T14:21:59Z,2026-08-19
AZE,Azerbaijan,1992,246000,0,0,0,0,0,0,,0,unhcr_population,2025-12-31,2026-08-19T14:21:59Z,2026-08-19
AZE,Azerbaijan,1993,228840,0,778000,0,0,0,0,,0,unhcr_population,2025-12-31,2026-08-19T14:21:59Z,2026-08-19
AZE,Azerbaijan,1994,231635,0,663100,0,0,0,0,,0,unhcr_population,2025-12-31,2026-08-19T14:21:59Z,2026-08-19
AZE,Azerbaijan,1995,233682,0,622100,0,0,0,0,,0,unhcr_population,2025-12-31,2026-08-19T14:21:59Z,2026-08-19
AZE,Azerbaijan,1996,233693,0,549030,0,0,0,0,,0,unhcr_population,2025-12-31,2026-08-19T14:21:59Z,2026-08-19
AZE,Azerbaijan,1997,233716,0,551077,0,0,0,0,,0,unhcr_population,2025-12-31,2026-08-19T14:21:59Z,2026-08-19
AZE,Azerbaijan,1998,221636,0,576321,0,0,0,0,,0,unhcr_population,2025-12-31,2026-08-19T14:21:59Z,2026-08-19
AZE,Azerbaijan,1999,221642,0,569550,0,0,0,0,,0,unhcr_population,2025-12-31,2026-08-19T14:21:59Z,2026-08-19
AZE,Azerbaijan,2000,280,3378,572451,0,51649,27,0,,0,unhcr_population,2025-12-31,2026-08-19T14:21:59Z,2026-08-19
AZE,Azerbaijan,2001,363,6546,572955,0,7427,0,0,,0,unhcr_population,2025-12-31,2026-08-19T14:21:59Z,2026-08-19
AZE,Azerbaijan,2002,453,8116,577179,0,2461,19,0,,0,unhcr_population,2025-12-31,2026-08-19T14:21:59Z,2026-08-19
AZE,Azerbaijan,2003,324,8796,575609,0,430,25,0,,0,unhcr_population,2025-12-31,2026-08-19T14:21:59Z,2026-08-19
AZE,Azerbaijan,2004,8604,1228,578545,30000,430,5,0,,0,unhcr_population,2025-12-31,2026-08-19T14:21:59Z,2026-08-19
AZE,Azerbaijan,2005,3004,101,578545,2300,327,22,0,,0,unhcr_population,2025-12-31,2026-08-19T14:21:59Z,2026-08-19
AZE,Azerbaijan,2006,2619,83,686586,2300,395,34,0,,0,unhcr_population,2025-12-31,2026-08-19T14:21:59Z,2026-08-19
AZE,Azerbaijan,2007,2351,69,686586,2078,431,76,0,,0,unhcr_population,2025-12-31,2026-08-19T14:21:59Z,2026-08-19
AZE,Azerbaijan,2008,2060,40,603251,2078,474,30,0,,0,unhcr_population,2025-12-31,2026-08-19T14:21:59Z,2026-08-19
AZE,Azerbaijan,2009,1643,47,586013,2078,508,9,0,,0,unhcr_population,2025-12-31,2026-08-19T14:21:59Z,2026-08-19
AZE,Azerbaijan,2010,1894,15,592860,2078,0,29,0,,0,unhcr_population,2025-12-31,2026-08-19T14:21:59Z,2026-08-19
AZE,Azerbaijan,2011,1727,42,599192,1741,0,23,0,,0,unhcr_population,2025-12-31,2026-08-19T14:21:59Z,2026-08-19
AZE,Azerbaijan,2012,1467,137,600336,3585,0,0,0,,0,unhcr_population,2025-12-31,2026-08-19T14:21:59Z,2026-08-19
AZE,Azerbaijan,2013,1377,268,609029,3585,0,17,0,,0,unhcr_population,2025-12-31,2026-08-19T14:21:59Z,2026-08-19
AZE,Azerbaijan,2014,1298,398,622892,3585,0,19,0,,0,unhcr_population,2025-12-31,2026-08-19T14:21:59Z,2026-08-19
AZE,Azerbaijan,2015,1279,215,618220,3585,0,69,0,,0,unhcr_population,2025-12-31,2026-08-19T14:21:59Z,2026-08-19
AZE,Azerbaijan,2016,1193,255,613129,3585,0,185,0,,0,unhcr_population,2025-12-31,2026-08-19T14:21:59Z,2026-08-19
AZE,Azerbaijan,2017,1120,124,612785,3585,0,7,0,,0,unhcr_population,2025-12-31,2026-08-19T14:21:59Z,2026-08-19
AZE,Azerbaijan,2018,1130,209,620423,3585,0,32,0,,0,unhcr_population,2025-12-31,2026-08-19T14:21:59Z,2026-08-19
AZE,Azerbaijan,2019,1109,181,652326,3585,0,10,0,,0,unhcr_population,2025-12-31,2026-08-19T14:21:59Z,2026-08-19
AZE,Azerbaijan,2020,1572,48,653921,3585,0,6,0,,0,unhcr_population,2025-12-31,2026-08-19T14:21:59Z,2026-08-19
AZE,Azerbaijan,2021,1676,34,654839,3585,0,10,0,,0,unhcr_population,2025-12-31,2026-08-19T14:21:59Z,2026-08-19
AZE,Azerbaijan,2022,6414,152,658793,3585,0,9,0,,0,unhcr_population,2025-12-31,2026-08-19T14:21:59Z,2026-08-19
AZE,Azerbaijan,2023,5771,168,657749,513,0,8,0,,0,unhcr_population,2025-12-31,2026-08-19T14:21:59Z,2026-08-19
AZE,Azerbaijan,2024,6431,267,655212,271,18,6,0,,0,unhcr_population,2025-12-31,2026-08-19T14:21:59Z,2026-08-19
AZE,Azerbaijan,2025,6389,199,657155,241,19,0,0,,0,unhcr_population,2025-12-31,2026-08-19T14:21:59Z,2026-08-19
BDI,Burundi,1961,30000,0,0,0,0,0,0,,0,unhcr_population,2025-12-31,2026-08-19T14:21:59Z,2026-08-19
BDI,Burundi,1962,30000,0,0,0,0,0,0,,0,unhcr_population,2025-12-31,2026-08-19T14:21:59Z,2026-08-19
BDI,Burundi,1963,34000,0,0,0,0,0,0,,0,unhcr_population,2025-12-31,2026-08-19T14:21:59Z,2026-08-19
BDI,Burundi,1964,78000,0,0,0,0,0,0,,0,unhcr_population,2025-12-31,2026-08-19T14:21:59Z,2026-08-19
BDI,Burundi,1965,65000,0,0,0,0,16500,0,,0,unhcr_population,2025-12-31,2026-08-19T14:21:59Z,2026-08-19
BDI,Burundi,1966,79000,0,0,0,0,15700,0,,0,unhcr_population,2025-12-31,2026-08-19T14:21:59Z,2026-08-19
BDI,Burundi,1967,79000,0,0,0,0,0,0,,0,unhcr_population,2025-12-31,2026-08-19T14:21:59Z,2026-08-19
BDI,Burundi,1968,72200,0,0,0,0,5000,0,,0,unhcr_population,2025-12-31,2026-08-19T14:21:59Z,2026-08-19
BDI,Burundi,1969,46200,0,0,0,0,26000,0,,0,unhcr_population,2025-12-31,2026-08-19T14:21:59Z,2026-08-19
BDI,Burundi,1970,38800,0,0,0,0,7200,0,,0,unhcr_population,2025-12-31,2026-08-19T14:21:59Z,2026-08-19
BDI,Burundi,1971,32950,0,0,0,0,7000,0,,0,unhcr_population,2025-12-31,2026-08-19T14:21:59Z,2026-08-19
BDI,Burundi,1972,43390,0,0,0,0,0,0,,0,unhcr_population,2025-12-31,2026-08-19T14:21:59Z,2026-08-19
BDI,Burundi,1973,49000,0,0,0,0,100,0,,0,unhcr_population,2025-12-31,2026-08-19T14:21:59Z,2026-08-19
BDI,Burundi,1974,48500,0,0,0,0,230,0,,0,unhcr_population,2025-12-31,2026-08-19T14:21:59Z,2026-08-19
BDI,Burundi,1975,49500,0,0,0,0,50,0,,0,unhcr_population,2025-12-31,2026-08-19T14:21:59Z,2026-08-19
BDI,Burundi,1976,49500,0,0,0,0,80,0,,0,unhcr_population,2025-12-31,2026-08-19T14:21:59Z,2026-08-19
BDI,Burundi,1977,50000,0,0,0,0,0,0,,0,unhcr_population,2025-12-31,2026-08-19T14:21:59Z,2026-08-19
BDI,Burundi,1978,50340,0,0,0,0,32880,0,,0,unhcr_population,2025-12-31,2026-08-19T14:21:59Z,2026-08-19
BDI,Burundi,1979,50490,0,0,0,0,2120,0,,0,unhcr_population,2025-12-31,2026-08-19T14:21:59Z,2026-08-19
BDI,Burundi,1980,234560,0,0,0,0,0,0,,0,unhcr_population,2025-12-31,2026-08-19T14:21:59Z,2026-08-19
BDI,Burundi,1981,234590,0,0,0,0,160,0,,0,unhcr_population,2025-12-31,2026-08-19T14:21:59Z,2026-08-19
BDI,Burundi,1982,253170,0,0,0,0,160,0,,0,unhcr_population,2025-12-31,2026-08-19T14:21:59Z,2026-08-19
BDI,Burundi,1983,253820,0,0,0,0,2190,0,,0,unhcr_population,2025-12-31,2026-08-19T14:21:59Z,2026-08-19
BDI,Burundi,1984,273810,0,0,0,0,940,0,,0,unhcr_population,2025-12-31,2026-08-19T14:21:59Z,2026-08-19
BDI,Burundi,1985,267440,0,0,0,0,2550,0,,0,unhcr_population,2025-12-31,2026-08-19T14:21:59Z,2026-08-19
BDI,Burundi,1986,267500,0,0,0,0,250,0,,0,unhcr_population,2025-12-31,2026-08-19T14:21:59Z,2026-08-19
BDI,Burundi,1987,267500,0,0,0,0,0,0,,0,unhcr_population,2025-12-31,2026-08-19T14:21:59Z,2026-08-19
BDI,Burundi,1988,267500,0,0,0,0,0,0,,0,unhcr_population,2025-12-31,2026-08-19T14:21:59Z,2026-08-19
BDI,Burundi,1989,267455,0,0,0,0,0,0,,0,unhcr_population,2025-12-31,2026-08-19T14:21:59Z,2026-08-19
BDI,Burundi,1990,268403,0,0,0,0,0,0,,0,unhcr_population,2025-12-31,2026-08-19T14:21:59Z,2026-08-19
BDI,Burundi,1991,270136,0,0,0,0,0,0,,0,unhcr_population,2025-12-31,2026-08-19T14:21:59Z,2026-08-19
BDI,Burundi,1992,271745,0,0,0,0,210,0,,0,unhcr_population,2025-12-31,2026-08-19T14:21:59Z,2026-08-19
BDI,Burundi,1993,271883,0,0,0,0,168,0,,0,unhcr_population,2025-12-31,2026-08-19T14:21:59Z,2026-08-19
BDI,Burundi,1994,300302,0,89900,0,0,338099,0,,0,unhcr_population,2025-12-31,2026-08-19T14:21:59Z,2026-08-19
BDI,Burundi,1995,173016,0,216400,0,0,41264,0,,0,unhcr_population,2025-12-31,2026-08-19T14:21:59Z,2026-08-19
BDI,Burundi,1996,20734,0,882900,0,0,128229,0,,0,unhcr_population,2025-12-31,2026-08-19T14:21:59Z,2026-08-19
BDI,Burundi,1997,22027,0,586083,0,0,3567,0,,0,unhcr_population,2025-12-31,2026-08-19T14:21:59Z,2026-08-19
BDI,Burundi,1998,25092,0,100000,0,10600,5143,0,,0,unhcr_population,2025-12-31,2026-08-19T14:21:59Z,2026-08-19
BDI,Burundi,1999,22107,0,50000,0,10600,4317,5000,,0,unhcr_population,2025-12-31,2026-08-19T14:21:59Z,2026-08-19
BDI,Burundi,2000,27133,6014,56000,0,742,431,0,,0,unhcr_population,2025-12-31,2026-08-19T14:21:59Z,2026-08-19
BDI,Burundi,2001,27895,7990,20000,0,0,37,42000,,0,unhcr_population,2025-12-31,2026-08-19T14:21:59Z,2026-08-19
BDI,Burundi,2002,40532,8770,100000,0,0,455,0,,0,unhcr_population,2025-12-31,2026-08-19T14:21:59Z,2026-08-19
BDI,Burundi,2003,40970,10565,1970,0,0,606,0,,0,unhcr_population,2025-12-31,2026-08-19T14:21:59Z,2026-08-19
BDI,Burundi,2004,48807,10705,855,0,0,11530,0,,0,unhcr_population,2025-12-31,2026-08-19T14:21:59Z,2026-08-19
BDI,Burundi,2005,20679,19898,11500,0,0,1488,0,,0,unhcr_population,2025-12-31,2026-08-19T14:21:59Z,2026-08-19
BDI,Burundi,2006,13174,7139,13850,0,0,1102,0,,0,unhcr_population,2025-12-31,2026-08-19T14:21:59Z,2026-08-19
BDI,Burundi,2007,24482,7528,0,0,0,392,0,,0,unhcr_population,2025-12-31,2026-08-19T14:21:59Z,2026-08-19
BDI,Burundi,2008,21092,5269,100000,0,0,139,0,,0,unhcr_population,2025-12-31,2026-08-19T14:21:59Z,2026-08-19
BDI,Burundi,2009,24965,6337,100000,0,0,56,0,,0,unhcr_population,2025-12-31,2026-08-19T14:21:59Z,2026-08-19
BDI,Burundi,2010,29364,12059,157167,1059,0,1110,0,,0,unhcr_population,2025-12-31,2026-08-19T14:21:59Z,2026-08-19
BDI,Burundi,2011,35658,10054,78796,1059,250,491,0,,0,unhcr_population,2025-12-31,2026-08-19T14:21:59Z,2026-08-19
BDI,Burundi,2012,41811,6129,78948,1302,299,275,0,,0,unhcr_population,2025-12-31,2026-08-19T14:21:59Z,2026-08-19
BDI,Burundi,2013,45487,6046,78948,1302,463,358,0,,0,unhcr_population,2025-12-31,2026-08-19T14:21:59Z,2026-08-19
BDI,Burundi,2014,52931,3046,78948,1302,524,85,0,,0,unhcr_population,2025-12-31,2026-08-19T14:21:59Z,2026-08-19
BDI,Burundi,2015,53356,2930,25000,1302,644,42,1144,,0,unhcr_population,2025-12-31,2026-08-19T14:21:59Z,2026-08-19
BDI,Burundi,2016,57462,3608,141221,974,649,18,0,,0,unhcr_population,2025-12-31,2026-08-19T14:21:59Z,2026-08-19
BDI,Burundi,2017,62353,3551,57258,974,772,0,0,,0,unhcr_population,2025-12-31,2026-08-19T14:21:59Z,2026-08-19
BDI,Burundi,2018,71501,5658,31909,974,787,0,0,,0,unhcr_population,2025-12-31,2026-08-19T14:21:59Z,2026-08-19
BDI,Burundi,2019,78465,8995,33256,974,930,1562,0,,0,unhcr_population,2025-12-31,2026-08-19T14:21:59Z,2026-08-19
BDI,Burundi,2020,75461,4914,21863,974,1003,0,11393,,0,unhcr_population,2025-12-31,2026-08-19T14:21:59Z,2026-08-19
BDI,Burundi,2021,81491,4297,19176,783,1399,0,2687,,0,unhcr_population,2025-12-31,2026-08-19T14:21:59Z,2026-08-19
BDI,Burundi,2022,84636,3950,8495,783,1387,0,0,,0,unhcr_population,2025-12-31,2026-08-19T14:21:59Z,2026-08-19
BDI,Burundi,2023,85229,2270,8177,791,1292,0,0,,0,unhcr_population,2025-12-31,2026-08-19T14:21:59Z,2026-08-19
BDI,Burundi,2024,89075,2089,6877,791,1301,5,0,,0,unhcr_population,2025-12-31,2026-08-19T14:21:59Z,2026-08-19
BDI,Burundi,2025,110800,1466,6815,734,1368,0,0,,0,unhcr_population,2025-12-31,2026-08-19T14:21:59Z,2026-08-19
BEL,Belgium,1951,55000,0,0,0,0,0,0,,0,unhcr_population,2025-12-31,2026-08-19T14:21:59Z,2026-08-19
BEL,Belgium,1952,53500,0,0,0,0,0,0,,0,unhcr_population,2025-12-31,2026-08-19T14:21:59Z,2026-08-19
BEL,Belgium,1953,53000,0,0,0,0,0,0,,0,unhcr_population,2025-12-31,2026-08-19T14:21:59Z,2026-08-19
BEL,Belgium,1954,53000,0,0,0,0,0,0,,0,unhcr_population,2025-12-31,2026-08-19T14:21:59Z,2026-08-19
BEL,Belgium,1955,53000,0,0,0,0,0,0,,0,unhcr_population,2025-12-31,2026-08-19T14:21:59Z,2026-08-19
BEL,Belgium,1956,65000,0,0,0,0,0,0,,0,unhcr_population,2025-12-31,2026-08-19T14:21:59Z,2026-08-19
BEL,Belgium,1957,69000,0,0,0,0,0,0,,0,unhcr_population,2025-12-31,2026-08-19T14:21:59Z,2026-08-19
BEL,Belgium,1958,63000,0,0,0,0,0,0,,0,unhcr_population,2025-12-31,2026-08-19T14:21:59Z,2026-08-19
BEL,Belgium,1959,58000,0,0,0,0,0,0,,0,unhcr_population,2025-12-31,2026-08-19T14:21:59Z,2026-08-19
BEL,Belgium,1960,55000,0,0,0,0,0,0,,0,unhcr_population,2025-12-31,2026-08-19T14:21:59Z,2026-08-19
BEL,Belgium,1961,53000,0,0,0,0,0,0,,0,unhcr_population,2025-12-31,2026-08-19T14:21:59Z,2026-08-19
BEL,Belgium,1962,51000,0,0,0,0,0,0,,0,unhcr_population,2025-12-31,2026-08-19T14:21:59Z,2026-08-19
BEL,Belgium,1963,50000,0,0,0,0,0,0,,0,unhcr_population,2025-12-31,2026-08-19T14:21:59Z,2026-08-19
BEL,Belgium,1964,47000,0,0,0,0,0,0,,0,unhcr_population,2025-12-31,2026-08-19T14:21:59Z,2026-08-19
BEL,Belgium,1965,47000,0,0,0,0,0,0,,0,unhcr_population,2025-12-31,2026-08-19T14:21:59Z,2026-08-19
BEL,Belgium,1966,40000,0,0,0,0,0,0,,0,unhcr_population,2025-12-31,2026-08-19T14:21:59Z,2026-08-19
BEL,Belgium,1967,34000,0,0,0,0,0,0,,0,unhcr_population,2025-12-31,2026-08-19T14:21:59Z,2026-08-19
BEL,Belgium,1968,33000,0,0,0,0,0,0,,0,unhcr_population,2025-12-31,2026-08-19T14:21:59Z,2026-08-19
BEL,Belgium,1969,30000,0,0,0,0,0,0,,0,unhcr_population,2025-12-31,2026-08-19T14:21:59Z,2026-08-19
BEL,Belgium,1970,31500,0,0,0,0,0,0,,0,unhcr_population,2025-12-31,2026-08-19T14:21:59Z,2026-08-19
BEL,Belgium,1971,29000,0,0,0,0,0,0,,0,unhcr_population,2025-12-31,2026-08-19T14:21:59Z,2026-08-19
BEL,Belgium,1972,29000,0,0,0,0,0,0,,0,unhcr_population,2025-12-31,2026-08-19T14:21:59Z,2026-08-19
BEL,Belgium,1973,20000,0,0,0,0,0,0,,0,unhcr_population,2025-12-31,2026-08-19T14:21:59Z,2026-08-19
BEL,Belgium,1974,11100,0,0,0,0,0,0,,0,unhcr_population,2025-12-31,2026-08-19T14:21:59Z,2026-08-19
BEL,Belgium,1975,16788,0,0,0,0,0,0,,0,unhcr_population,2025-12-31,2026-08-19T14:21:59Z,2026-08-19
BEL,Belgium,1976,17000,0,0,0,0,0,0,,0,unhcr_population,2025-12-31,2026-08-19T14:21:59Z,2026-08-19
BEL,Belgium,1977,17000,0,0,0,0,0,0,,0,unhcr_population,2025-12-31,2026-08-19T14:21:59Z,2026-08-19
BEL,Belgium,1978,17000,0,0,0,0,0,0,,0,unhcr_population,2025-12-31,2026-08-19T14:21:59Z,2026-08-19
BEL,Belgium,1979,32000,0,0,0,0,0,0,,0,unhcr_population,2025-12-31,2026-08-19T14:21:59Z,2026-08-19
BEL,Belgium,1980,33000,0,0,0,0,0,0,,0,unhcr_population,2025-12-31,2026-08-19T14:21:59Z,2026-08-19
BEL,Belgium,1981,35000,0,0,0,0,0,0,,0,unhcr_population,2025-12-31,2026-08-19T14:21:59Z,2026-08-19
BEL,Belgium,1982,21000,0,0,0,0,0,0,,0,unhcr_population,2025-12-31,2026-08-19T14:21:59Z,2026-08-19
BEL,Belgium,1983,35000,0,0,0,0,0,0,,0,unhcr_population,2025-12-31,2026-08-19T14:21:59Z,2026-08-19
BEL,Belgium,1984,36400,0,0,0,0,0,0,,0,unhcr_population,2025-12-31,2026-08-19T14:21:59Z,2026-08-19
BEL,Belgium,1985,36600,0,0,0,0,0,0,,0,unhcr_population,2025-12-31,2026-08-19T14:21:59Z,2026-08-19
BEL,Belgium,1986,35900,0,0,0,0,0,0,,0,unhcr_population,2025-12-31,2026-08-19T14:21:59Z,2026-08-19
BEL,Belgium,1987,22000,0,0,0,0,0,0,,0,unhcr_population,2025-12-31,2026-08-19T14:21:59Z,2026-08-19
BEL,Belgium,1988,23117,0,0,0,0,0,0,,0,unhcr_population,2025-12-31,2026-08-19T14:21:59Z,2026-08-19
BEL,Belgium,1989,25531,0,0,0,0,0,0,,0,unhcr_population,2025-12-31,2026-08-19T14:21:59Z,2026-08-19
BEL,Belgium,1990,25911,0,0,0,0,0,0,,0,unhcr_population,2025-12-31,2026-08-19T14:21:59Z,2026-08-19
BEL,Belgium,1991,24071,0,0,0,0,0,0,,0,unhcr_population,2025-12-31,2026-08-19T14:21:59Z,2026-08-19
BEL,Belgium,1992,24292,0,0,0,0,0,0,,0,unhcr_population,2025-12-31,2026-08-19T14:21:59Z,2026-08-19
BEL,Belgium,1993,24908,0,0,0,0,0,0,,0,unhcr_population,2025-12-31,2026-08-19T14:21:59Z,2026-08-19
BEL,Belgium,1994,19497,0,0,0,0,8,0,,0,unhcr_population,2025-12-31,2026-08-19T14:21:59Z,2026-08-19
BEL,Belgium,1995,31691,0,0,0,0,11,0,,0,unhcr_population,2025-12-31,2026-08-19T14:21:59Z,2026-08-19
BEL,Belgium,1996,36060,0,0,0,0,80,0,,0,unhcr_population,2025-12-31,2026-08-19T14:21:59Z,2026-08-19
BEL,Belgium,1997,36060,0,0,0,0,0,0,,0,unhcr_population,2025-12-31,2026-08-19T14:21:59Z,2026-08-19
BEL,Belgium,1998,15501,0,0,0,0,98,0,,0,unhcr_population,2025-12-31,2026-08-19T14:21:59Z,2026-08-19
BEL,Belgium,1999,16747,0,0,0,0,1104,0,,0,unhcr_population,2025-12-31,2026-08-19T14:21:59Z,2026-08-19
BEL,Belgium,2000,18821,46240,0,0,0,2931,0,,0,unhcr_population,2025-12-31,2026-08-19T14:21:59Z,2026-08-19
BEL,Belgium,2001,12252,664,0,0,0,350,0,,0,unhcr_population,2025-12-31,2026-08-19T14:21:59Z,2026-08-19
BEL,Belgium,2002,12560,20027,0,0,0,477,0,,0,unhcr_population,2025-12-31,2026-08-19T14:21:59Z,2026-08-19
BEL,Belgium,2003,12583,22582,0,0,0,245,0,,0,unhcr_population,2025-12-31,2026-08-19T14:21:59Z,2026-08-19
BEL,Belgium,2004,13522,22857,0,93,0,214,0,,0,unhcr_population,2025-12-31,2026-08-19T14:21:59Z,2026-08-19
BEL,Belgium,2005,15277,18895,0,237,0,165,0,,0,unhcr_population,2025-12-31,2026-08-19T14:21:59Z,2026-08-19
BEL,Belgium,2006,16811,15715,0,426,0,168,0,,0,unhcr_population,2025-12-31,2026-08-19T14:21:59Z,2026-08-19
BEL,Belgium,2007,17578,15247,0,468,0,17,0,,0,unhcr_population,2025-12-31,2026-08-19T14:21:59Z,2026-08-19
BEL,Belgium,2008,17025,14261,0,548,0,29,0,,0,unhcr_population,2025-12-31,2026-08-19T14:21:59Z,2026-08-19
BEL,Belgium,2009,15536,18233,0,637,0,96,0,,0,unhcr_population,2025-12-31,2026-08-19T14:21:59Z,2026-08-19
BEL,Belgium,2010,17891,18288,0,691,0,5,0,,0,unhcr_population,2025-12-31,2026-08-19T14:21:59Z,2026-08-19
BEL,Belgium,2011,22396,19006,0,697,0,0,0,,0,unhcr_population,2025-12-31,2026-08-19T14:21:59Z,2026-08-19
BEL,Belgium,2012,22023,15023,0,3898,0,95,0,,0,unhcr_population,2025-12-31,2026-08-19T14:21:59Z,2026-08-19
BEL,Belgium,2013,25617,11479,0,2466,0,0,0,,0,unhcr_population,2025-12-31,2026-08-19T14:21:59Z,2026-08-19
BEL,Belgium,2014,29170,9943,0,2554,0,34,0,,0,unhcr_population,2025-12-31,2026-08-19T14:21:59Z,2026-08-19
BEL,Belgium,2015,35302,35996,0,5776,0,29,0,,0,unhcr_population,2025-12-31,2026-08-19T14:21:59Z,2026-08-19
BEL,Belgium,2016,42158,24098,0,2630,0,0,0,,0,unhcr_population,2025-12-31,2026-08-19T14:21:59Z,2026-08-19
BEL,Belgium,2017,42158,18760,0,7695,0,0,0,,0,unhcr_population,2025-12-31,2026-08-19T14:21:59Z,2026-08-19
BEL,Belgium,2018,42158,19550,0,7695,0,0,0,,0,unhcr_population,2025-12-31,2026-08-19T14:21:59Z,2026-08-19
BEL,Belgium,2019,61662,10862,0,11208,10933,0,0,,0,unhcr_population,2025-12-31,2026-08-19T14:21:59Z,2026-08-19
BEL,Belgium,2020,64973,29305,0,1264,940,0,0,,0,unhcr_population,2025-12-31,2026-08-19T14:21:59Z,2026-08-19
BEL,Belgium,2021,74063,28955,0,1178,854,0,0,,0,unhcr_population,2025-12-31,2026-08-19T14:21:59Z,2026-08-19
BEL,Belgium,2022,150713,41810,0,957,695,4000,0,,0,unhcr_population,2025-12-31,2026-08-19T14:21:59Z,2026-08-19
BEL,Belgium,2023,167831,44600,0,936,679,4000,0,,0,unhcr_population,2025-12-31,2026-08-19T14:21:59Z,2026-08-19
BEL,Belgium,2024,183551,53138,0,849,619,0,0,,0,unhcr_population,2025-12-31,2026-08-19T14:21:59Z,2026-08-19
BEL,Belgium,2025,186393,58725,0,837,580,0,0,,0,unhcr_population,2025-12-31,2026-08-19T14:21:59Z,2026-08-19
BEN,Benin,1969,1100,0,0,0,0,0,0,,0,unhcr_population,2025-12-31,2026-08-19T14:21:59Z,2026-08-19
BEN,Benin,1983,50,0,0,0,0,0,0,,0,unhcr_population,2025-12-31,2026-08-19T14:21:59Z,2026-08-19
BEN,Benin,1984,800,0,0,0,0,0,0,,0,unhcr_population,2025-12-31,2026-08-19T14:21:59Z,2026-08-19
BEN,Benin,1985,3700,0,0,0,0,0,0,,0,unhcr_population,2025-12-31,2026-08-19T14:21:59Z,2026-08-19
BEN,Benin,1986,3740,0,0,0,0,0,0,,0,unhcr_population,2025-12-31,2026-08-19T14:21:59Z,2026-08-19
BEN,Benin,1987,3050,0,0,0,0,0,0,,0,unhcr_population,2025-12-31,2026-08-19T14:21:59Z,2026-08-19
BEN,Benin,1988,1176,0,0,0,0,0,0,,0,unhcr_population,2025-12-31,2026-08-19T14:21:59Z,2026-08-19
BEN,Benin,1989,858,0,0,0,0,410,0,,0,unhcr_population,2025-12-31,2026-08-19T14:21:59Z,2026-08-19
BEN,Benin,1990,456,0,0,0,0,320,0,,0,unhcr_population,2025-12-31,2026-08-19T14:21:59Z,2026-08-19
BEN,Benin,1991,456,0,0,0,0,320,0,,0,unhcr_population,2025-12-31,2026-08-19T14:21:59Z,2026-08-19
BEN,Benin,1992,293,0,0,0,0,280,0,,0,unhcr_population,2025-12-31,2026-08-19T14:21:59Z,2026-08-19
BEN,Benin,1993,156239,0,0,0,0,412,0,,0,unhcr_population,2025-12-31,2026-08-19T14:21:59Z,2026-08-19
BEN,Benin,1994,70403,0,0,0,0,92726,0,,0,unhcr_population,2025-12-31,2026-08-19T14:21:59Z,2026-08-19
BEN,Benin,1995,23843,0,0,0,0,46672,0,,0,unhcr_population,2025-12-31,2026-08-19T14:21:59Z,2026-08-19
BEN,Benin,1996,5961,0,0,0,0,15776,0,,0,unhcr_population,2025-12-31,2026-08-19T14:21:59Z,2026-08-19
BEN,Benin,1997,2914,0,0,0,0,3539,0,,0,unhcr_population,2025-12-31,2026-08-19T14:21:59Z,2026-08-19
BEN,Benin,1998,2898,0,0,0,0,17,0,,0,unhcr_population,2025-12-31,2026-08-19T14:21:59Z,2026-08-19
BEN,Benin,1999,3652,0,0,0,0,14,0,,0,unhcr_population,2025-12-31,2026-08-19T14:21:59Z,2026-08-19
BEN,Benin,2000,4290,58,0,0,0,31,0,,0,unhcr_population,2025-12-31,2026-08-19T14:21:59Z,2026-08-19
BEN,Benin,2001,4794,208,0,0,0,24,0,,0,unhcr_population,2025-12-31,2026-08-19T14:21:59Z,2026-08-19
BEN,Benin,2002,5014,311,0,0,0,30,0,,0,unhcr_population,2025-12-31,2026-08-19T14:21:59Z,2026-08-19
BEN,Benin,2003,5032,804,0,0,0,226,0,,0,unhcr_population,2025-12-31,2026-08-19T14:21:59Z,2026-08-19
BEN,Benin,2004,4800,1040,0,0,0,275,0,,0,unhcr_population,2025-12-31,2026-08-19T14:21:59Z,2026-08-19
BEN,Benin,2005,30288,1682,0,0,0,76,0,,0,unhcr_population,2025-12-31,2026-08-19T14:21:59Z,2026-08-19
BEN,Benin,2006,10785,1338,0,0,0,2258,0,,0,unhcr_population,2025-12-31,2026-08-19T14:21:59Z,2026-08-19
BEN,Benin,2007,7611,527,0,0,0,2100,0,,0,unhcr_population,2025-12-31,2026-08-19T14:21:59Z,2026-08-19
BEN,Benin,2008,6927,197,0,0,0,569,0,,0,unhcr_population,2025-12-31,2026-08-19T14:21:59Z,2026-08-19
BEN,Benin,2009,7204,122,0,0,0,209,0,,0,unhcr_population,2025-12-31,2026-08-19T14:21:59Z,2026-08-19
BEN,Benin,2010,7136,93,0,0,0,45,0,,0,unhcr_population,2025-12-31,2026-08-19T14:21:59Z,2026-08-19
BEN,Benin,2011,7213,354,0,0,0,109,0,,0,unhcr_population,2025-12-31,2026-08-19T14:21:59Z,2026-08-19
BEN,Benin,2012,4960,133,0,0,0,136,0,,0,unhcr_population,2025-12-31,2026-08-19T14:21:59Z,2026-08-19
BEN,Benin,2013,190,106,0,0,0,244,0,,0,unhcr_population,2025-12-31,2026-08-19T14:21:59Z,2026-08-19
BEN,Benin,2014,414,68,0,0,0,10,0,,0,unhcr_population,2025-12-31,2026-08-19T14:21:59Z,2026-08-19
BEN,Benin,2015,526,176,0,0,0,6,0,,0,unhcr_population,2025-12-31,2026-08-19T14:21:59Z,2026-08-19
BEN,Benin,2016,804,224,0,0,0,5,0,,0,unhcr_population,2025-12-31,2026-08-19T14:21:59Z,2026-08-19
BEN,Benin,2017,1056,262,0,0,0,6,0,,0,unhcr_population,2025-12-31,2026-08-19T14:21:59Z,2026-08-19
BEN,Benin,2018,1167,308,0,0,0,87,0,,0,unhcr_population,2025-12-31,2026-08-19T14:21:59Z,2026-08-19
BEN,Benin,2019,1238,373,0,0,0,33,0,,0,unhcr_population,2025-12-31,2026-08-19T14:21:59Z,2026-08-19
BEN,Benin,2020,1396,464,0,0,0,22,0,,0,unhcr_population,2025-12-31,2026-08-19T14:21:59Z,2026-08-19
BEN,Benin,2021,1736,506,0,0,0,14,0,,0,unhcr_population,2025-12-31,2026-08-19T14:21:59Z,2026-08-19
BEN,Benin,2022,1779,1460,0,0,0,76,0,,0,unhcr_population,2025-12-31,2026-08-19T14:21:59Z,2026-08-19
BEN,Benin,2023,2825,10133,8785,0,0,0,0,,0,unhcr_population,2025-12-31,2026-08-19T14:21:59Z,2026-08-19
BEN,Benin,2024,16232,6993,8785,0,0,0,0,,0,unhcr_population,2025-12-31,2026-08-19T14:21:59Z,2026-08-19
BEN,Benin,2025,16974,11947,27294,0,0,0,0,,0,unhcr_population,2025-12-31,2026-08-19T14:21:59Z,2026-08-19
BFA,Burkina Faso,1983,70,0,0,0,0,0,0,,0,unhcr_population,2025-12-31,2026-08-19T14:21:59Z,2026-08-19
BFA,Burkina Faso,1984,100,0,0,0,0,0,0,,0,unhcr_population,2025-12-31,2026-08-19T14:21:59Z,2026-08-19
BFA,Burkina Faso,1985,90,0,0,0,0,0,0,,0,unhcr_population,2025-12-31,2026-08-19T14:21:59Z,2026-08-19
BFA,Burkina Faso,1986,220,0,0,0,0,0,0,,0,unhcr_population,2025-12-31,2026-08-19T14:21:59Z,2026-08-19
BFA,Burkina Faso,1987,270,0,0,0,0,0,0,,0,unhcr_population,2025-12-31,2026-08-19T14:21:59Z,2026-08-19
BFA,Burkina Faso,1988,260,0,0,0,0,0,0,,0,unhcr_population,2025-12-31,2026-08-19T14:21:59Z,2026-08-19
BFA,Burkina Faso,1989,360,0,0,0,0,0,0,,0,unhcr_population,2025-12-31,2026-08-19T14:21:59Z,2026-08-19
BFA,Burkina Faso,1990,350,0,0,0,0,0,0,,0,unhcr_population,2025-12-31,2026-08-19T14:21:59Z,2026-08-19
BFA,Burkina Faso,1991,320,0,0,0,0,60,0,,0,unhcr_population,2025-12-31,2026-08-19T14:21:59Z,2026-08-19
BFA,Burkina Faso,1992,5670,0,0,0,0,0,0,,0,unhcr_population,2025-12-31,2026-08-19T14:21:59Z,2026-08-19
BFA,Burkina Faso,1993,6597,0,0,0,0,0,0,,0,unhcr_population,2025-12-31,2026-08-19T14:21:59Z,2026-08-19
BFA,Burkina Faso,1994,49990,0,0,0,0,9,0,,0,unhcr_population,2025-12-31,2026-08-19T14:21:59Z,2026-08-19
BFA,Burkina Faso,1995,29777,0,0,0,0,4405,0,,0,unhcr_population,2025-12-31,2026-08-19T14:21:59Z,2026-08-19
BFA,Burkina Faso,1996,28381,0,0,0,0,1396,0,,0,unhcr_population,2025-12-31,2026-08-19T14:21:59Z,2026-08-19
BFA,Burkina Faso,1997,1799,0,0,0,0,17703,0,,0,unhcr_population,2025-12-31,2026-08-19T14:21:59Z,2026-08-19
BFA,Burkina Faso,1998,562,0,0,0,0,1664,0,,0,unhcr_population,2025-12-31,2026-08-19T14:21:59Z,2026-08-19
BFA,Burkina Faso,1999,672,0,0,0,0,0,0,,0,unhcr_population,2025-12-31,2026-08-19T14:21:59Z,2026-08-19
BFA,Burkina Faso,2000,692,309,0,0,0,0,0,,0,unhcr_population,2025-12-31,2026-08-19T14:21:59Z,2026-08-19
BFA,Burkina Faso,2001,457,250,0,0,0,5,0,,0,unhcr_population,2025-12-31,2026-08-19T14:21:59Z,2026-08-19
BFA,Burkina Faso,2002,457,371,0,0,0,0,0,,0,unhcr_population,2025-12-31,2026-08-19T14:21:59Z,2026-08-19
BFA,Burkina Faso,2003,466,491,0,0,0,15,0,,0,unhcr_population,2025-12-31,2026-08-19T14:21:59Z,2026-08-19
BFA,Burkina Faso,2004,494,515,0,0,0,5,0,,0,unhcr_population,2025-12-31,2026-08-19T14:21:59Z,2026-08-19
BFA,Burkina Faso,2005,513,774,0,0,0,5,0,,0,unhcr_population,2025-12-31,2026-08-19T14:21:59Z,2026-08-19
BFA,Burkina Faso,2006,512,760,0,0,0,5,0,,0,unhcr_population,2025-12-31,2026-08-19T14:21:59Z,2026-08-19
BFA,Burkina Faso,2007,535,601,0,0,0,17,0,,0,unhcr_population,2025-12-31,2026-08-19T14:21:59Z,2026-08-19
BFA,Burkina Faso,2008,556,608,0,0,0,0,0,,0,unhcr_population,2025-12-31,2026-08-19T14:21:59Z,2026-08-19
BFA,Burkina Faso,2009,543,512,0,0,0,10,0,,0,unhcr_population,2025-12-31,2026-08-19T14:21:59Z,2026-08-19
BFA,Burkina Faso,2010,530,531,0,0,0,8,0,,0,unhcr_population,2025-12-31,2026-08-19T14:21:59Z,2026-08-19
BFA,Burkina Faso,2011,549,667,0,0,0,0,0,,0,unhcr_population,2025-12-31,2026-08-19T14:21:59Z,2026-08-19
BFA,Burkina Faso,2012,39304,684,0,0,0,35,0,,0,unhcr_population,2025-12-31,2026-08-19T14:21:59Z,2026-08-19
BFA,Burkina Faso,2013,29233,786,0,0,0,3764,0,,0,unhcr_population,2025-12-31,2026-08-19T14:21:59Z,2026-08-19
BFA,Burkina Faso,2014,31894,201,0,0,0,7742,0,,0,unhcr_population,2025-12-31,2026-08-19T14:21:59Z,2026-08-19
BFA,Burkina Faso,2015,34017,141,0,0,0,1674,0,,0,unhcr_population,2025-12-31,2026-08-19T14:21:59Z,2026-08-19
BFA,Burkina Faso,2016,32551,126,0,0,0,3476,0,,0,unhcr_population,2025-12-31,2026-08-19T14:21:59Z,2026-08-19
BFA,Burkina Faso,2017,24152,43,2350,0,0,1417,0,,0,unhcr_population,2025-12-31,2026-08-19T14:21:59Z,2026-08-19
BFA,Burkina Faso,2018,25120,40,47030,0,0,1637,0,,0,unhcr_population,2025-12-31,2026-08-19T14:21:59Z,2026-08-19
BFA,Burkina Faso,2019,25869,29,560033,0,0,1039,0,,0,unhcr_population,2025-12-31,2026-08-19T14:21:59Z,2026-08-19
BFA,Burkina Faso,2020,20252,30,1074993,0,0,6052,0,,0,unhcr_population,2025-12-31,2026-08-19T14:21:59Z,2026-08-19
BFA,Burkina Faso,2021,25010,9413,1579976,0,0,1098,0,,0,unhcr_population,2025-12-31,2026-08-19T14:21:59Z,2026-08-19
BFA,Burkina Faso,2022,34375,551,1882391,0,0,472,0,,0,unhcr_population,2025-12-31,2026-08-19T14:21:59Z,2026-08-19
BFA,Burkina Faso,2023,37735,1146,2062534,0,0,316,0,,0,unhcr_population,2025-12-31,2026-08-19T14:21:59Z,2026-08-19
BFA,Burkina Faso,2024,39915,1493,2062534,0,0,546,0,,0,unhcr_population,2025-12-31,2026-08-19T14:21:59Z,2026-08-19
BFA,Burkina Faso,2025,40996,1957,2062534,0,0,385,0,,0,unhcr_population,2025-12-31,2026-08-19T14:21:59Z,2026-08-19
BGD,Bangladesh,1974,0,0,0,0,0,104320,0,,0,unhcr_population,2025-12-31,2026-08-19T14:21:59Z,2026-08-19
BGD,Bangladesh,1978,164000,0,0,0,0,36000,0,,0,unhcr_population,2025-12-31,2026-08-19T14:21:59Z,2026-08-19
BGD,Bangladesh,1979,0,0,0,0,0,150680,0,,0,unhcr_population,2025-12-31,2026-08-19T14:21:59Z,2026-08-19
BGD,Bangladesh,1990,145,0,0,0,0,0,0,,0,unhcr_population,2025-12-31,2026-08-19T14:21:59Z,2026-08-19
BGD,Bangladesh,1991,40260,0,0,0,0,0,0,,0,unhcr_population,2025-12-31,2026-08-19T14:21:59Z,2026-08-19
BGD,Bangladesh,1992,245154,0,0,0,0,8530,0,,0,unhcr_population,2025-12-31,2026-08-19T14:21:59Z,2026-08-19
BGD,Bangladesh,1993,198950,0,0,0,0,46129,0,,0,unhcr_population,2025-12-31,2026-08-19T14:21:59Z,2026-08-19
BGD,Bangladesh,1994,116227,0,0,0,0,85306,0,,0,unhcr_population,2025-12-31,2026-08-19T14:21:59Z,2026-08-19
BGD,Bangladesh,1995,51117,0,0,0,0,61504,0,,0,unhcr_population,2025-12-31,2026-08-19T14:21:59Z,2026-08-19
BGD,Bangladesh,1996,30690,0,0,0,0,23051,0,,0,unhcr_population,2025-12-31,2026-08-19T14:21:59Z,2026-08-19
BGD,Bangladesh,1997,21603,0,0,0,0,10070,0,,0,unhcr_population,2025-12-31,2026-08-19T14:21:59Z,2026-08-19
BGD,Bangladesh,1998,22275,0,0,0,0,106,0,,0,unhcr_population,2025-12-31,2026-08-19T14:21:59Z,2026-08-19
BGD,Bangladesh,1999,22209,0,0,0,0,1138,0,,0,unhcr_population,2025-12-31,2026-08-19T14:21:59Z,2026-08-19
BGD,Bangladesh,2000,21623,0,0,0,0,1328,0,,0,unhcr_population,2025-12-31,2026-08-19T14:21:59Z,2026-08-19
BGD,Bangladesh,2001,22169,20,0,0,0,283,0,,0,unhcr_population,2025-12-31,2026-08-19T14:21:59Z,2026-08-19
BGD,Bangladesh,2002,22024,21,0,0,0,760,0,,0,unhcr_population,2025-12-31,2026-08-19T14:21:59Z,2026-08-19
BGD,Bangladesh,2003,19791,8,0,0,0,3240,0,,0,unhcr_population,2025-12-31,2026-08-19T14:21:59Z,2026-08-19
BGD,Bangladesh,2004,20450,9,0,250000,0,210,0,,0,unhcr_population,2025-12-31,2026-08-19T14:21:59Z,2026-08-19
BGD,Bangladesh,2005,21099,57,0,250000,0,92,0,,0,unhcr_population,2025-12-31,2026-08-19T14:21:59Z,2026-08-19
BGD,Bangladesh,2006,26308,78,0,300000,0,0,0,,0,unhcr_population,2025-12-31,2026-08-19T14:21:59Z,2026-08-19
BGD,Bangladesh,2007,27571,50,0,0,0,0,0,,0,unhcr_population,2025-12-31,2026-08-19T14:21:59Z,2026-08-19
BGD,Bangladesh,2008,28384,0,0,0,0,0,0,,0,unhcr_population,2025-12-31,2026-08-19T14:21:59Z,2026-08-19
BGD,Bangladesh,2009,228587,0,0,0,0,0,0,,0,unhcr_population,2025-12-31,2026-08-19T14:21:59Z,2026-08-19
BGD,Bangladesh,2010,229256,0,0,0,0,0,0,,0,unhcr_population,2025-12-31,2026-08-19T14:21:59Z,2026-08-19
BGD,Bangladesh,2011,229669,0,0,0,0,0,0,,0,unhcr_population,2025-12-31,2026-08-19T14:21:59Z,2026-08-19
BGD,Bangladesh,2012,230696,0,0,0,0,0,0,,0,unhcr_population,2025-12-31,2026-08-19T14:21:59Z,2026-08-19
BGD,Bangladesh,2013,231142,8,0,0,0,5,0,,0,unhcr_population,2025-12-31,2026-08-19T14:21:59Z,2026-08-19
BGD,Bangladesh,2014,232468,14,0,0,0,0,0,,0,unhcr_population,2025-12-31,2026-08-19T14:21:59Z,2026-08-19
BGD,Bangladesh,2015,231954,0,0,0,0,0,0,,0,unhcr_population,2025-12-31,2026-08-19T14:21:59Z,2026-08-19
BGD,Bangladesh,2016,276203,0,0,0,0,0,0,,0,unhcr_population,2025-12-31,2026-08-19T14:21:59Z,2026-08-19
BGD,Bangladesh,2017,932209,115,0,932204,0,0,0,,0,unhcr_population,2025-12-31,2026-08-19T14:21:59Z,2026-08-19
BGD,Bangladesh,2018,906640,39,0,906635,0,0,0,,0,unhcr_population,2025-12-31,2026-08-19T14:21:59Z,2026-08-19
BGD,Bangladesh,2019,854779,34,0,854704,0,0,0,,0,unhcr_population,2025-12-31,2026-08-19T14:21:59Z,2026-08-19
BGD,Bangladesh,2020,866534,18,0,866457,0,0,0,,472000,unhcr_population,2025-12-31,2026-08-19T14:21:59Z,2026-08-19
BGD,Bangladesh,2021,918907,48,0,918841,0,0,0,,174850,unhcr_population,2025-12-31,2026-08-19T14:21:59Z,2026-08-19
BGD,Bangladesh,2022,952384,24,0,952309,0,0,0,,174850,unhcr_population,2025-12-31,2026-08-19T14:21:59Z,2026-08-19
BGD,Bangladesh,2023,971984,0,0,971898,0,0,0,,537900,unhcr_population,2025-12-31,2026-08-19T14:21:59Z,2026-08-19
BGD,Bangladesh,2024,1005602,35,0,1005520,0,0,0,,544641,unhcr_population,2025-12-31,2026-08-19T14:21:59Z,2026-08-19
BGD,Bangladesh,2025,1178038,67,0,1177962,0,0,0,,620593,unhcr_population,2025-12-31,2026-08-19T14:21:59Z,2026-08-19
BGR,Bulgaria,1992,218,0,0,0,0,0,0,,0,unhcr_population,2025-12-31,2026-08-19T14:21:59Z,2026-08-19
BGR,Bulgaria,1993,443,0,0,0,0,0,0,,0,unhcr_population,2025-12-31,2026-08-19T14:21:59Z,2026-08-19
BGR,Bulgaria,1994,1054,0,0,0,0,0,0,,0,unhcr_population,2025-12-31,2026-08-19T14:21:59Z,2026-08-19
BGR,Bulgaria,1995,1318,0,0,0,0,5,0,,0,unhcr_population,2025-12-31,2026-08-19T14:21:59Z,2026-08-19
BGR,Bulgaria,1996,1431,0,0,0,0,133,0,,0,unhcr_population,2025-12-31,2026-08-19T14:21:59Z,2026-08-19
BGR,Bulgaria,1997,382,0,0,0,0,8,0,,0,unhcr_population,2025-12-31,2026-08-19T14:21:59Z,2026-08-19
BGR,Bulgaria,1998,241,0,0,0,0,0,0,,0,unhcr_population,2025-12-31,2026-08-19T14:21:59Z,2026-08-19
BGR,Bulgaria,1999,542,0,0,0,0,19,0,,0,unhcr_population,2025-12-31,2026-08-19T14:21:59Z,2026-08-19
BGR,Bulgaria,2000,1470,1304,0,0,0,0,0,,0,unhcr_population,2025-12-31,2026-08-19T14:21:59Z,2026-08-19
BGR,Bulgaria,2001,2984,1534,0,0,0,0,0,,0,unhcr_population,2025-12-31,2026-08-19T14:21:59Z,2026-08-19
BGR,Bulgaria,2002,3642,1118,0,0,0,5,0,,0,unhcr_population,2025-12-31,2026-08-19T14:21:59Z,2026-08-19
BGR,Bulgaria,2003,4047,736,0,0,0,12,0,,0,unhcr_population,2025-12-31,2026-08-19T14:21:59Z,2026-08-19
BGR,Bulgaria,2004,4676,899,0,0,0,0,0,,0,unhcr_population,2025-12-31,2026-08-19T14:21:59Z,2026-08-19
BGR,Bulgaria,2005,4388,787,0,0,0,0,0,,0,unhcr_population,2025-12-31,2026-08-19T14:21:59Z,2026-08-19
BGR,Bulgaria,2006,4479,839,0,0,0,0,0,,0,unhcr_population,2025-12-31,2026-08-19T14:21:59Z,2026-08-19
BGR,Bulgaria,2007,4808,1002,0,0,0,0,0,,0,unhcr_population,2025-12-31,2026-08-19T14:21:59Z,2026-08-19
BGR,Bulgaria,2008,5108,1060,0,0,0,0,0,,0,unhcr_population,2025-12-31,2026-08-19T14:21:59Z,2026-08-19
BGR,Bulgaria,2009,5375,1175,0,0,0,0,0,,0,unhcr_population,2025-12-31,2026-08-19T14:21:59Z,2026-08-19
BGR,Bulgaria,2010,5519,1392,0,0,0,0,0,,0,unhcr_population,2025-12-31,2026-08-19T14:21:59Z,2026-08-19
BGR,Bulgaria,2011,5676,1381,0,0,0,0,0,,0,unhcr_population,2025-12-31,2026-08-19T14:21:59Z,2026-08-19
BGR,Bulgaria,2012,2273,1270,0,0,0,0,0,,0,unhcr_population,2025-12-31,2026-08-19T14:21:59Z,2026-08-19
BGR,Bulgaria,2013,4305,4539,0,0,0,0,0,,0,unhcr_population,2025-12-31,2026-08-19T14:21:59Z,2026-08-19
BGR,Bulgaria,2014,11026,6735,0,67,0,31,0,,0,unhcr_population,2025-12-31,2026-08-19T14:21:59Z,2026-08-19
BGR,Bulgaria,2015,16543,9488,0,67,0,11,0,,0,unhcr_population,2025-12-31,2026-08-19T14:21:59Z,2026-08-19
BGR,Bulgaria,2016,17794,16030,0,67,0,0,0,,0,unhcr_population,2025-12-31,2026-08-19T14:21:59Z,2026-08-19
BGR,Bulgaria,2017,19166,2712,0,48,0,0,0,,0,unhcr_population,2025-12-31,2026-08-19T14:21:59Z,2026-08-19
BGR,Bulgaria,2018,19906,1560,0,92,0,0,0,,0,unhcr_population,2025-12-31,2026-08-19T14:21:59Z,2026-08-19
BGR,Bulgaria,2019,20438,1054,0,1142,0,0,0,,0,unhcr_population,2025-12-31,2026-08-19T14:21:59Z,2026-08-19
BGR,Bulgaria,2020,21113,1938,0,1141,0,0,0,,0,unhcr_population,2025-12-31,2026-08-19T14:21:59Z,2026-08-19
BGR,Bulgaria,2021,22830,7547,0,1120,0,0,0,,0,unhcr_population,2025-12-31,2026-08-19T14:21:59Z,2026-08-19
BGR,Bulgaria,2022,176297,11165,0,1162,0,40000,0,,0,unhcr_population,2025-12-31,2026-08-19T14:21:59Z,2026-08-19
BGR,Bulgaria,2023,97618,11941,0,817,0,51000,0,,0,unhcr_population,2025-12-31,2026-08-19T14:21:59Z,2026-08-19
BGR,Bulgaria,2024,108747,5981,0,862,0,29000,0,,0,unhcr_population,2025-12-31,2026-08-19T14:21:59Z,2026-08-19
BGR,Bulgaria,2025,105596,1317,0,517,0,17149,0,,0,unhcr_population,2025-12-31,2026-08-19T14:21:59Z,2026-08-19
BHR,Bahrain,1974,60,0,0,0,0,0,0,,0,unhcr_population,2025-12-31,2026-08-19T14:21:59Z,2026-08-19
BHR,Bahrain,1985,800,0,0,0,0,0,0,,0,unhcr_population,2025-12-31,2026-08-19T14:21:59Z,2026-08-19
BHR,Bahrain,1987,2360,0,0,0,0,0,0,,0,unhcr_population,2025-12-31,2026-08-19T14:21:59Z,2026-08-19
BHR,Bahrain,1988,50,0,0,0,0,0,0,,0,unhcr_population,2025-12-31,2026-08-19T14:21:59Z,2026-08-19
BHR,Bahrain,1989,150,0,0,0,0,0,0,,0,unhcr_population,2025-12-31,2026-08-19T14:21:59Z,2026-08-19
BHR,Bahrain,1990,1780,0,0,0,0,0,0,,0,unhcr_population,2025-12-31,2026-08-19T14:21:59Z,2026-08-19
BHR,Bahrain,2004,0,5,0,0,0,0,0,,0,unhcr_population,2025-12-31,2026-08-19T14:21:59Z,2026-08-19
BHR,Bahrain,2005,0,14,0,0,0,0,0,,0,unhcr_population,2025-12-31,2026-08-19T14:21:59Z,2026-08-19
BHR,Bahrain,2006,0,15,0,0,0,0,0,,0,unhcr_population,2025-12-31,2026-08-19T14:21:59Z,2026-08-19
BHR,Bahrain,2007,0,33,0,0,0,0,0,,0,unhcr_population,2025-12-31,2026-08-19T14:21:59Z,2026-08-19
BHR,Bahrain,2008,48,48,0,0,0,0,0,,0,unhcr_population,2025-12-31,2026-08-19T14:21:59Z,2026-08-19
BHR,Bahrain,2009,139,13,0,0,0,0,0,,0,unhcr_population,2025-12-31,2026-08-19T14:21:59Z,2026-08-19
BHR,Bahrain,2010,165,66,0,0,0,0,0,,0,unhcr_population,2025-12-31,2026-08-19T14:21:59Z,2026-08-19
BHR,Bahrain,2011,199,156,0,0,0,0,0,,0,unhcr_population,2025-12-31,2026-08-19T14:21:59Z,2026-08-19
BHR,Bahrain,2012,289,46,0,0,0,0,0,,0,unhcr_population,2025-12-31,2026-08-19T14:21:59Z,2026-08-19
BHR,Bahrain,2013,294,52,0,0,0,0,0,,0,unhcr_population,2025-12-31,2026-08-19T14:21:59Z,2026-08-19
BHR,Bahrain,2014,310,44,0,0,0,0,0,,0,unhcr_population,2025-12-31,2026-08-19T14:21:59Z,2026-08-19
BHR,Bahrain,2015,246,113,0,0,0,11,0,,0,unhcr_population,2025-12-31,2026-08-19T14:21:59Z,2026-08-19
BHR,Bahrain,2016,270,111,0,0,0,0,0,,0,unhcr_population,2025-12-31,2026-08-19T14:21:59Z,2026-08-19
BHR,Bahrain,2017,255,111,0,0,0,0,0,,0,unhcr_population,2025-12-31,2026-08-19T14:21:59Z,2026-08-19
BHR,Bahrain,2018,262,58,0,0,0,0,0,,0,unhcr_population,2025-12-31,2026-08-19T14:21:59Z,2026-08-19
BHR,Bahrain,2019,251,58,0,0,0,0,0,,0,unhcr_population,2025-12-31,2026-08-19T14:21:59Z,2026-08-19
BHR,Bahrain,2020,256,104,0,0,0,0,0,,0,unhcr_population,2025-12-31,2026-08-19T14:21:59Z,2026-08-19
BHR,Bahrain,2021,256,190,0,0,0,0,0,,0,unhcr_population,2025-12-31,2026-08-19T14:21:59Z,2026-08-19
BHR,Bahrain,2022,255,122,0,0,0,0,0,,0,unhcr_population,2025-12-31,2026-08-19T14:21:59Z,2026-08-19
BHR,Bahrain,2023,254,122,0,0,0,0,0,,0,unhcr_population,2025-12-31,2026-08-19T14:21:59Z,2026-08-19
BHR,Bahrain,2024,250,121,0,0,0,0,0,,0,unhcr_population,2025-12-31,2026-08-19T14:21:59Z,2026-08-19
BHR,Bahrain,2025,240,122,0,0,0,0,0,,0,unhcr_population,2025-12-31,2026-08-19T14:21:59Z,2026-08-19
BHS,Bahamas,1992,374,0,0,0,0,980,0,,0,unhcr_population,2025-12-31,2026-08-19T14:21:59Z,2026-08-19
BHS,Bahamas,1993,59,0,0,0,0,363,0,,0,unhcr_population,2025-12-31,2026-08-19T14:21:59Z,2026-08-19
BHS,Bahamas,1995,8,0,0,0,0,0,0,,0,unhcr_population,2025-12-31,2026-08-19T14:21:59Z,2026-08-19
BHS,Bahamas,1996,47,0,0,0,0,0,0,,0,unhcr_population,2025-12-31,2026-08-19T14:21:59Z,2026-08-19
BHS,Bahamas,1997,58,0,0,0,0,0,0,,0,unhcr_population,2025-12-31,2026-08-19T14:21:59Z,2026-08-19
BHS,Bahamas,1998,78,0,0,0,0,0,0,,0,unhcr_population,2025-12-31,2026-08-19T14:21:59Z,2026-08-19
BHS,Bahamas,1999,98,0,0,0,0,0,0,,0,unhcr_population,2025-12-31,2026-08-19T14:21:59Z,2026-08-19
BHS,Bahamas,2000,98,0,0,0,0,0,0,,0,unhcr_population,2025-12-31,2026-08-19T14:21:59Z,2026-08-19
BHS,Bahamas,2010,27,8,0,0,0,0,0,,0,unhcr_population,2025-12-31,2026-08-19T14:21:59Z,2026-08-19
BHS,Bahamas,2011,27,13,0,0,0,0,0,,0,unhcr_population,2025-12-31,2026-08-19T14:21:59Z,2026-08-19
BHS,Bahamas,2012,36,13,0,0,0,0,0,,0,unhcr_population,2025-12-31,2026-08-19T14:21:59Z,2026-08-19
BHS,Bahamas,2013,14,13,0,0,0,0,0,,0,unhcr_population,2025-12-31,2026-08-19T14:21:59Z,2026-08-19
BHS,Bahamas,2014,12,19,0,0,75,0,0,,0,unhcr_population,2025-12-31,2026-08-19T14:21:59Z,2026-08-19
BHS,Bahamas,2015,7,20,0,0,86,0,0,,0,unhcr_population,2025-12-31,2026-08-19T14:21:59Z,2026-08-19
BHS,Bahamas,2016,9,17,0,0,0,0,0,,0,unhcr_population,2025-12-31,2026-08-19T14:21:59Z,2026-08-19
BHS,Bahamas,2017,8,15,0,0,0,0,0,,0,unhcr_population,2025-12-31,2026-08-19T14:21:59Z,2026-08-19
BHS,Bahamas,2018,14,24,0,0,0,0,0,,0,unhcr_population,2025-12-31,2026-08-19T14:21:59Z,2026-08-19
BHS,Bahamas,2019,10,13,0,0,0,0,0,,0,unhcr_population,2025-12-31,2026-08-19T14:21:59Z,2026-08-19
BHS,Bahamas,2020,15,13,0,0,0,0,0,,0,unhcr_population,2025-12-31,2026-08-19T14:21:59Z,2026-08-19
BHS,Bahamas,2021,10,13,0,0,0,0,0,,0,unhcr_population,2025-12-31,2026-08-19T14:21:59Z,2026-08-19
BHS,Bahamas,2022,10,31,0,0,723,0,0,,0,unhcr_population,2025-12-31,2026-08-19T14:21:59Z,2026-08-19
BHS,Bahamas,2023,0,31,0,0,723,0,0,,0,unhcr_population,2025-12-31,2026-08-19T14:21:59Z,2026-08-19
BHS,Bahamas,2024,10,20,0,0,723,0,0,,0,unhcr_population,2025-12-31,2026-08-19T14:21:59Z,2026-08-19
BHS,Bahamas,2025,10,0,0,0,0,0,0,,0,unhcr_population,2025-12-31,2026-08-19T14:21:59Z,2026-08-19
BIH,Bosnia and Herzegovina,1993,0,0,1290000,0,0,0,0,,0,unhcr_population,2025-12-31,2026-08-19T14:21:59Z,2026-08-19
BIH,Bosnia and Herzegovina,1994,0,0,1282600,0,0,0,0,,0,unhcr_population,2025-12-31,2026-08-19T14:21:59Z,2026-08-19
BIH,Bosnia and Herzegovina,1995,0,0,1097800,0,0,0,0,,0,unhcr_population,2025-12-31,2026-08-19T14:21:59Z,2026-08-19
BIH,Bosnia and Herzegovina,1996,0,0,760146,0,0,0,0,,0,unhcr_population,2025-12-31,2026-08-19T14:21:59Z,2026-08-19
BIH,Bosnia and Herzegovina,1997,40000,0,816000,0,0,0,58360,,0,unhcr_population,2025-12-31,2026-08-19T14:21:59Z,2026-08-19
BIH,Bosnia and Herzegovina,1998,40000,0,836430,0,0,117,29570,,0,unhcr_population,2025-12-31,2026-08-19T14:21:59Z,2026-08-19
BIH,Bosnia and Herzegovina,1999,65645,0,809545,0,0,46778,43385,,0,unhcr_population,2025-12-31,2026-08-19T14:21:59Z,2026-08-19
BIH,Bosnia and Herzegovina,2000,38150,73,518252,0,0,9048,59347,,0,unhcr_population,2025-12-31,2026-08-19T14:21:59Z,2026-08-19
BIH,Bosnia and Herzegovina,2001,32744,382,438253,0,0,6755,80172,,0,unhcr_population,2025-12-31,2026-08-19T14:21:59Z,2026-08-19
BIH,Bosnia and Herzegovina,2002,28020,453,367491,0,0,3029,70775,,0,unhcr_population,2025-12-31,2026-08-19T14:21:59Z,2026-08-19
BIH,Bosnia and Herzegovina,2003,22515,695,327188,0,0,2721,40303,,0,unhcr_population,2025-12-31,2026-08-19T14:21:59Z,2026-08-19
BIH,Bosnia and Herzegovina,2004,22209,456,309240,0,0,860,17948,,0,unhcr_population,2025-12-31,2026-08-19T14:21:59Z,2026-08-19
BIH,Bosnia and Herzegovina,2005,10566,210,182747,0,0,824,5164,,0,unhcr_population,2025-12-31,2026-08-19T14:21:59Z,2026-08-19
BIH,Bosnia and Herzegovina,2006,10315,91,135500,0,0,1227,4184,,0,unhcr_population,2025-12-31,2026-08-19T14:21:59Z,2026-08-19
BIH,Bosnia and Herzegovina,2007,7364,616,130984,0,0,645,4516,,0,unhcr_population,2025-12-31,2026-08-19T14:21:59Z,2026-08-19
BIH,Bosnia and Herzegovina,2008,7254,471,124529,10000,50496,486,715,,0,unhcr_population,2025-12-31,2026-08-19T14:21:59Z,2026-08-19
BIH,Bosnia and Herzegovina,2009,7130,350,113642,9688,50874,662,299,,0,unhcr_population,2025-12-31,2026-08-19T14:21:59Z,2026-08-19
BIH,Bosnia and Herzegovina,2010,7014,149,113365,5000,52713,435,277,,0,unhcr_population,2025-12-31,2026-08-19T14:21:59Z,2026-08-19
BIH,Bosnia and Herzegovina,2011,6932,32,113000,4500,52529,281,365,,0,unhcr_population,2025-12-31,2026-08-19T14:21:59Z,2026-08-19
BIH,Bosnia and Herzegovina,2012,6904,31,103449,4500,52717,97,9551,,0,unhcr_population,2025-12-31,2026-08-19T14:21:59Z,2026-08-19
BIH,Bosnia and Herzegovina,2013,6924,34,84500,792,52437,84,18949,,0,unhcr_population,2025-12-31,2026-08-19T14:21:59Z,2026-08-19
BIH,Bosnia and Herzegovina,2014,6883,7,84500,101,52437,164,0,,0,unhcr_population,2025-12-31,2026-08-19T14:21:59Z,2026-08-19
BIH,Bosnia and Herzegovina,2015,6789,20,98324,58,52437,68,0,,0,unhcr_population,2025-12-31,2026-08-19T14:21:59Z,2026-08-19
BIH,Bosnia and Herzegovina,2016,5266,51,98324,49,52437,37,0,,0,unhcr_population,2025-12-31,2026-08-19T14:21:59Z,2026-08-19
BIH,Bosnia and Herzegovina,2017,5224,223,98574,65,48907,40,0,,0,unhcr_population,2025-12-31,2026-08-19T14:21:59Z,2026-08-19
BIH,Bosnia and Herzegovina,2018,5227,1003,96830,90,48907,5,0,,0,unhcr_population,2025-12-31,2026-08-19T14:21:59Z,2026-08-19
BIH,Bosnia and Herzegovina,2019,5241,725,96421,72,53728,7,0,,0,unhcr_population,2025-12-31,2026-08-19T14:21:59Z,2026-08-19
BIH,Bosnia and Herzegovina,2020,5232,256,96305,65,7645,0,0,,0,unhcr_population,2025-12-31,2026-08-19T14:21:59Z,2026-08-19
BIH,Bosnia and Herzegovina,2021,240,150,96305,115,2337,0,0,,0,unhcr_population,2025-12-31,2026-08-19T14:21:59Z,2026-08-19
BIH,Bosnia and Herzegovina,2022,274,66,96305,26,1290,0,0,,0,unhcr_population,2025-12-31,2026-08-19T14:21:59Z,2026-08-19
BIH,Bosnia and Herzegovina,2023,348,81,91223,21,2545,0,0,,0,unhcr_population,2025-12-31,2026-08-19T14:21:59Z,2026-08-19
BIH,Bosnia and Herzegovina,2024,495,190,94796,23,673,0,0,,0,unhcr_population,2025-12-31,2026-08-19T14:21:59Z,2026-08-19
BIH,Bosnia and Herzegovina,2025,586,164,94796,25,10458,0,0,,0,unhcr_population,2025-12-31,2026-08-19T14:21:59Z,2026-08-19
BLR,Belarus,1994,1824,0,0,0,0,0,0,,0,unhcr_population,2025-12-31,2026-08-19T14:21:59Z,2026-08-19
BLR,Belarus,1995,28988,0,0,0,0,0,0,,0,unhcr_population,2025-12-31,2026-08-19T14:21:59Z,2026-08-19
BLR,Belarus,1996,30525,0,0,0,0,0,0,,0,unhcr_population,2025-12-31,2026-08-19T14:21:59Z,2026-08-19
BLR,Belarus,1997,50,0,0,0,160000,0,0,,0,unhcr_population,2025-12-31,2026-08-19T14:21:59Z,2026-08-19
BLR,Belarus,1998,75,0,0,0,175895,8,0,,0,unhcr_population,2025-12-31,2026-08-19T14:21:59Z,2026-08-19
BLR,Belarus,1999,261,0,0,0,160000,0,0,,0,unhcr_population,2025-12-31,2026-08-19T14:21:59Z,2026-08-19
BLR,Belarus,2000,453,410,0,0,160000,0,0,,0,unhcr_population,2025-12-31,2026-08-19T14:21:59Z,2026-08-19
BLR,Belarus,2001,581,354,0,0,34567,0,0,,0,unhcr_population,2025-12-31,2026-08-19T14:21:59Z,2026-08-19
BLR,Belarus,2002,612,333,0,0,19511,5,0,,0,unhcr_population,2025-12-31,2026-08-19T14:21:59Z,2026-08-19
BLR,Belarus,2003,631,318,0,0,16372,6,0,,0,unhcr_population,2025-12-31,2026-08-19T14:21:59Z,2026-08-19
BLR,Belarus,2004,719,65,0,10465,2458,20,0,,0,unhcr_population,2025-12-31,2026-08-19T14:21:59Z,2026-08-19
BLR,Belarus,2005,718,50,0,9983,2414,24,0,,0,unhcr_population,2025-12-31,2026-08-19T14:21:59Z,2026-08-19
BLR,Belarus,2006,683,24,0,8886,2431,15,0,,0,unhcr_population,2025-12-31,2026-08-19T14:21:59Z,2026-08-19
BLR,Belarus,2007,643,10,0,8025,2416,12,0,,0,unhcr_population,2025-12-31,2026-08-19T14:21:59Z,2026-08-19
BLR,Belarus,2008,602,54,0,7818,2420,0,0,,0,unhcr_population,2025-12-31,2026-08-19T14:21:59Z,2026-08-19
BLR,Belarus,2009,578,84,0,7799,0,0,0,,0,unhcr_population,2025-12-31,2026-08-19T14:21:59Z,2026-08-19
BLR,Belarus,2010,587,62,0,7731,0,5,0,,0,unhcr_population,2025-12-31,2026-08-19T14:21:59Z,2026-08-19
BLR,Belarus,2011,594,46,0,7391,0,0,0,,0,unhcr_population,2025-12-31,2026-08-19T14:21:59Z,2026-08-19
BLR,Belarus,2012,572,56,0,6969,0,0,0,,0,unhcr_population,2025-12-31,2026-08-19T14:21:59Z,2026-08-19
BLR,Belarus,2013,599,84,0,6712,0,0,0,,0,unhcr_population,2025-12-31,2026-08-19T14:21:59Z,2026-08-19
BLR,Belarus,2014,919,254,0,6440,0,0,0,,0,unhcr_population,2025-12-31,2026-08-19T14:21:59Z,2026-08-19
BLR,Belarus,2015,1805,273,0,5635,0,5,0,,0,unhcr_population,2025-12-31,2026-08-19T14:21:59Z,2026-08-19
BLR,Belarus,2016,1647,228,0,6182,0,0,0,,0,unhcr_population,2025-12-31,2026-08-19T14:21:59Z,2026-08-19
BLR,Belarus,2017,2155,273,0,6007,0,0,0,,0,unhcr_population,2025-12-31,2026-08-19T14:21:59Z,2026-08-19
BLR,Belarus,2018,2225,184,0,6025,0,0,0,,0,unhcr_population,2025-12-31,2026-08-19T14:21:59Z,2026-08-19
BLR,Belarus,2019,2725,131,0,6466,0,0,0,,0,unhcr_population,2025-12-31,2026-08-19T14:21:59Z,2026-08-19
BLR,Belarus,2020,2900,143,0,6296,0,0,0,,0,unhcr_population,2025-12-31,2026-08-19T14:21:59Z,2026-08-19
BLR,Belarus,2021,2729,114,0,5985,0,0,0,,0,unhcr_population,2025-12-31,2026-08-19T14:21:59Z,2026-08-19
BLR,Belarus,2022,19715,639,0,5611,0,0,0,,0,unhcr_population,2025-12-31,2026-08-19T14:21:59Z,2026-08-19
BLR,Belarus,2023,39981,405,0,5567,0,0,0,,0,unhcr_population,2025-12-31,2026-08-19T14:21:59Z,2026-08-19
BLR,Belarus,2024,43397,1224,0,5620,0,0,0,,0,unhcr_population,2025-12-31,2026-08-19T14:21:59Z,2026-08-19
BLR,Belarus,2025,40794,1470,0,5444,0,0,0,,0,unhcr_population,2025-12-31,2026-08-19T14:21:59Z,2026-08-19
BLZ,Belize,1980,4000,0,0,0,0,0,0,,0,unhcr_population,2025-12-31,2026-08-19T14:21:59Z,2026-08-19
BLZ,Belize,1981,7000,0,0,0,0,0,0,,0,unhcr_population,2025-12-31,2026-08-19T14:21:59Z,2026-08-19
BLZ,Belize,1982,3120,0,0,0,0,80,0,,0,unhcr_population,2025-12-31,2026-08-19T14:21:59Z,2026-08-19
BLZ,Belize,1983,7000,0,0,0,0,0,0,,0,unhcr_population,2025-12-31,2026-08-19T14:21:59Z,2026-08-19
BLZ,Belize,1984,8180,0,0,0,0,0,0,,0,unhcr_population,2025-12-31,2026-08-19T14:21:59Z,2026-08-19
BLZ,Belize,1985,9000,0,0,0,0,0,0,,0,unhcr_population,2025-12-31,2026-08-19T14:21:59Z,2026-08-19
BLZ,Belize,1986,9000,0,0,0,0,0,0,,0,unhcr_population,2025-12-31,2026-08-19T14:21:59Z,2026-08-19
BLZ,Belize,1987,10000,0,0,0,0,0,0,,0,unhcr_population,2025-12-31,2026-08-19T14:21:59Z,2026-08-19
BLZ,Belize,1988,30100,0,0,0,0,0,0,,0,unhcr_population,2025-12-31,2026-08-19T14:21:59Z,2026-08-19
BLZ,Belize,1989,30150,0,0,0,0,0,0,,0,unhcr_population,2025-12-31,2026-08-19T14:21:59Z,2026-08-19
BLZ,Belize,1990,30657,0,0,0,0,60,0,,0,unhcr_population,2025-12-31,2026-08-19T14:21:59Z,2026-08-19
BLZ,Belize,1991,29969,0,0,0,0,0,0,,0,unhcr_population,2025-12-31,2026-08-19T14:21:59Z,2026-08-19
BLZ,Belize,1992,20351,0,0,0,0,410,0,,0,unhcr_population,2025-12-31,2026-08-19T14:21:59Z,2026-08-19
BLZ,Belize,1993,8912,0,0,0,0,165,0,,0,unhcr_population,2025-12-31,2026-08-19T14:21:59Z,2026-08-19
BLZ,Belize,1994,8857,0,0,0,0,115,0,,0,unhcr_population,2025-12-31,2026-08-19T14:21:59Z,2026-08-19
BLZ,Belize,1995,8750,0,0,0,0,82,0,,0,unhcr_population,2025-12-31,2026-08-19T14:21:59Z,2026-08-19
BLZ,Belize,1996,8534,0,0,0,0,141,0,,0,unhcr_population,2025-12-31,2026-08-19T14:21:59Z,2026-08-19
BLZ,Belize,1997,8387,0,0,0,0,88,0,,0,unhcr_population,2025-12-31,2026-08-19T14:21:59Z,2026-08-19
BLZ,Belize,1998,3483,0,0,0,20000,54,0,,0,unhcr_population,2025-12-31,2026-08-19T14:21:59Z,2026-08-19
BLZ,Belize,1999,2891,0,0,0,20000,37,0,,0,unhcr_population,2025-12-31,2026-08-19T14:21:59Z,2026-08-19
BLZ,Belize,2000,1248,32,0,0,8526,0,0,,0,unhcr_population,2025-12-31,2026-08-19T14:21:59Z,2026-08-19
BLZ,Belize,2001,1128,20,0,0,0,0,0,,0,unhcr_population,2025-12-31,2026-08-19T14:21:59Z,2026-08-19
BLZ,Belize,2002,1048,8,0,0,0,0,0,,0,unhcr_population,2025-12-31,2026-08-19T14:21:59Z,2026-08-19
BLZ,Belize,2003,861,5,0,0,0,0,0,,0,unhcr_population,2025-12-31,2026-08-19T14:21:59Z,2026-08-19
BLZ,Belize,2004,732,26,0,0,0,0,0,,0,unhcr_population,2025-12-31,2026-08-19T14:21:59Z,2026-08-19
BLZ,Belize,2005,624,14,0,0,0,0,0,,0,unhcr_population,2025-12-31,2026-08-19T14:21:59Z,2026-08-19
BLZ,Belize,2006,488,0,0,0,0,0,0,,0,unhcr_population,2025-12-31,2026-08-19T14:21:59Z,2026-08-19
BLZ,Belize,2007,358,0,0,0,0,0,0,,0,unhcr_population,2025-12-31,2026-08-19T14:21:59Z,2026-08-19
BLZ,Belize,2008,277,10,0,0,0,0,0,,0,unhcr_population,2025-12-31,2026-08-19T14:21:59Z,2026-08-19
BLZ,Belize,2009,230,25,0,0,0,0,0,,0,unhcr_population,2025-12-31,2026-08-19T14:21:59Z,2026-08-19
BLZ,Belize,2010,134,31,0,0,0,0,0,,0,unhcr_population,2025-12-31,2026-08-19T14:21:59Z,2026-08-19
BLZ,Belize,2011,78,56,0,0,0,0,0,,0,unhcr_population,2025-12-31,2026-08-19T14:21:59Z,2026-08-19
BLZ,Belize,2012,27,75,0,0,0,0,0,,0,unhcr_population,2025-12-31,2026-08-19T14:21:59Z,2026-08-19
BLZ,Belize,2013,21,62,0,0,0,0,0,,0,unhcr_population,2025-12-31,2026-08-19T14:21:59Z,2026-08-19
BLZ,Belize,2014,10,114,0,0,0,0,0,,0,unhcr_population,2025-12-31,2026-08-19T14:21:59Z,2026-08-19
BLZ,Belize,2015,34,716,0,0,57,0,0,,0,unhcr_population,2025-12-31,2026-08-19T14:21:59Z,2026-08-19
BLZ,Belize,2016,0,2427,0,0,1709,0,0,,0,unhcr_population,2025-12-31,2026-08-19T14:21:59Z,2026-08-19
BLZ,Belize,2017,0,3120,0,0,2774,0,0,,0,unhcr_population,2025-12-31,2026-08-19T14:21:59Z,2026-08-19
BLZ,Belize,2018,29,3305,0,0,2774,0,0,,0,unhcr_population,2025-12-31,2026-08-19T14:21:59Z,2026-08-19
BLZ,Belize,2019,29,2144,0,0,3390,0,0,,0,unhcr_population,2025-12-31,2026-08-19T14:21:59Z,2026-08-19
BLZ,Belize,2020,29,2249,0,0,3390,0,0,,0,unhcr_population,2025-12-31,2026-08-19T14:21:59Z,2026-08-19
BLZ,Belize,2021,86,2015,0,0,3452,0,0,,0,unhcr_population,2025-12-31,2026-08-19T14:21:59Z,2026-08-19
BLZ,Belize,2022,145,1982,0,0,9452,0,0,,0,unhcr_population,2025-12-31,2026-08-19T14:21:59Z,2026-08-19
BLZ,Belize,2023,214,1973,0,0,9452,0,0,,0,unhcr_population,2025-12-31,2026-08-19T14:21:59Z,2026-08-19
BLZ,Belize,2024,286,2001,0,0,0,0,0,,0,unhcr_population,2025-12-31,2026-08-19T14:21:59Z,2026-08-19
BLZ,Belize,2025,347,1836,0,0,0,0,0,,0,unhcr_population,2025-12-31,2026-08-19T14:21:59Z,2026-08-19
BOL,Bolivia (Plurinational State of),1972,700,0,0,0,0,0,0,,0,unhcr_population,2025-12-31,2026-08-19T14:21:59Z,2026-08-19
BOL,Bolivia (Plurinational State of),1973,700,0,0,0,0,0,0,,0,unhcr_population,2025-12-31,2026-08-19T14:21:59Z,2026-08-19
BOL,Bolivia (Plurinational State of),1974,700,0,0,0,0,0,0,,0,unhcr_population,2025-12-31,2026-08-19T14:21:59Z,2026-08-19
BOL,Bolivia (Plurinational State of),1978,500,0,0,0,0,0,0,,0,unhcr_population,2025-12-31,2026-08-19T14:21:59Z,2026-08-19
BOL,Bolivia (Plurinational State of),1979,500,0,0,0,0,0,0,,0,unhcr_population,2025-12-31,2026-08-19T14:21:59Z,2026-08-19
BOL,Bolivia (Plurinational State of),1980,500,0,0,0,0,0,0,,0,unhcr_population,2025-12-31,2026-08-19T14:21:59Z,2026-08-19
BOL,Bolivia (Plurinational State of),1981,500,0,0,0,0,0,0,,0,unhcr_population,2025-12-31,2026-08-19T14:21:59Z,2026-08-19
BOL,Bolivia (Plurinational State of),1985,170,0,0,0,0,0,0,,0,unhcr_population,2025-12-31,2026-08-19T14:21:59Z,2026-08-19
BOL,Bolivia (Plurinational State of),1986,120,0,0,0,0,0,0,,0,unhcr_population,2025-12-31,2026-08-19T14:21:59Z,2026-08-19
BOL,Bolivia (Plurinational State of),1987,170,0,0,0,0,0,0,,0,unhcr_population,2025-12-31,2026-08-19T14:21:59Z,2026-08-19
BOL,Bolivia (Plurinational State of),1988,220,0,0,0,0,0,0,,0,unhcr_population,2025-12-31,2026-08-19T14:21:59Z,2026-08-19
BOL,Bolivia (Plurinational State of),1989,270,0,0,0,0,0,0,,0,unhcr_population,2025-12-31,2026-08-19T14:21:59Z,2026-08-19
BOL,Bolivia (Plurinational State of),1990,200,0,0,0,0,50,0,,0,unhcr_population,2025-12-31,2026-08-19T14:21:59Z,2026-08-19
BOL,Bolivia (Plurinational State of),1991,341,0,0,0,0,0,0,,0,unhcr_population,2025-12-31,2026-08-19T14:21:59Z,2026-08-19
BOL,Bolivia (Plurinational State of),1992,491,0,0,0,0,0,0,,0,unhcr_population,2025-12-31,2026-08-19T14:21:59Z,2026-08-19
BOL,Bolivia (Plurinational State of),1993,669,0,0,0,0,0,0,,0,unhcr_population,2025-12-31,2026-08-19T14:21:59Z,2026-08-19
BOL,Bolivia (Plurinational State of),1994,734,0,0,0,0,0,0,,0,unhcr_population,2025-12-31,2026-08-19T14:21:59Z,2026-08-19
BOL,Bolivia (Plurinational State of),1995,680,0,0,0,0,0,0,,0,unhcr_population,2025-12-31,2026-08-19T14:21:59Z,2026-08-19
BOL,Bolivia (Plurinational State of),1996,697,0,0,0,0,7,0,,0,unhcr_population,2025-12-31,2026-08-19T14:21:59Z,2026-08-19
BOL,Bolivia (Plurinational State of),1997,331,0,0,0,0,0,0,,0,unhcr_population,2025-12-31,2026-08-19T14:21:59Z,2026-08-19
BOL,Bolivia (Plurinational State of),1998,345,0,0,0,0,7,0,,0,unhcr_population,2025-12-31,2026-08-19T14:21:59Z,2026-08-19
BOL,Bolivia (Plurinational State of),1999,349,0,0,0,0,5,0,,0,unhcr_population,2025-12-31,2026-08-19T14:21:59Z,2026-08-19
BOL,Bolivia (Plurinational State of),2000,352,0,0,0,0,0,0,,0,unhcr_population,2025-12-31,2026-08-19T14:21:59Z,2026-08-19
BOL,Bolivia (Plurinational State of),2001,348,5,0,0,0,5,0,,0,unhcr_population,2025-12-31,2026-08-19T14:21:59Z,2026-08-19
BOL,Bolivia (Plurinational State of),2002,352,20,0,0,0,0,0,,0,unhcr_population,2025-12-31,2026-08-19T14:21:59Z,2026-08-19
BOL,Bolivia (Plurinational State of),2003,525,0,0,0,0,0,0,,0,unhcr_population,2025-12-31,2026-08-19T14:21:59Z,2026-08-19
BOL,Bolivia (Plurinational State of),2004,524,18,0,0,0,0,0,,0,unhcr_population,2025-12-31,2026-08-19T14:21:59Z,2026-08-19
BOL,Bolivia (Plurinational State of),2005,532,0,0,0,0,0,0,,0,unhcr_population,2025-12-31,2026-08-19T14:21:59Z,2026-08-19
BOL,Bolivia (Plurinational State of),2006,562,16,0,0,0,0,0,,0,unhcr_population,2025-12-31,2026-08-19T14:21:59Z,2026-08-19
BOL,Bolivia (Plurinational State of),2007,619,156,0,0,0,0,0,,0,unhcr_population,2025-12-31,2026-08-19T14:21:59Z,2026-08-19
BOL,Bolivia (Plurinational State of),2008,649,84,0,0,0,0,0,,0,unhcr_population,2025-12-31,2026-08-19T14:21:59Z,2026-08-19
BOL,Bolivia (Plurinational State of),2009,664,33,0,0,0,0,0,,0,unhcr_population,2025-12-31,2026-08-19T14:21:59Z,2026-08-19
BOL,Bolivia (Plurinational State of),2010,680,43,0,0,0,0,0,,0,unhcr_population,2025-12-31,2026-08-19T14:21:59Z,2026-08-19
BOL,Bolivia (Plurinational State of),2011,701,17,0,0,0,0,0,,0,unhcr_population,2025-12-31,2026-08-19T14:21:59Z,2026-08-19
BOL,Bolivia (Plurinational State of),2012,717,8,0,0,0,0,0,,0,unhcr_population,2025-12-31,2026-08-19T14:21:59Z,2026-08-19
BOL,Bolivia (Plurinational State of),2013,734,5,0,0,0,0,0,,0,unhcr_population,2025-12-31,2026-08-19T14:21:59Z,2026-08-19
BOL,Bolivia (Plurinational State of),2014,751,16,0,0,0,0,0,,0,unhcr_population,2025-12-31,2026-08-19T14:21:59Z,2026-08-19
BOL,Bolivia (Plurinational State of),2015,762,0,0,0,0,0,0,,0,unhcr_population,2025-12-31,2026-08-19T14:21:59Z,2026-08-19
BOL,Bolivia (Plurinational State of),2016,776,0,0,0,0,0,0,,0,unhcr_population,2025-12-31,2026-08-19T14:21:59Z,2026-08-19
BOL,Bolivia (Plurinational State of),2017,802,34,0,0,0,0,0,,0,unhcr_population,2025-12-31,2026-08-19T14:21:59Z,2026-08-19
BOL,Bolivia (Plurinational State of),2018,802,34,0,0,0,0,0,,0,unhcr_population,2025-12-31,2026-08-19T14:21:59Z,2026-08-19
BOL,Bolivia (Plurinational State of),2019,863,242,0,0,0,0,0,5472,0,unhcr_population,2025-12-31,2026-08-19T14:21:59Z,2026-08-19
BOL,Bolivia (Plurinational State of),2020,1116,157,0,0,0,0,0,9557,0,unhcr_population,2025-12-31,2026-08-19T14:21:59Z,2026-08-19
BOL,Bolivia (Plurinational State of),2021,1116,27,0,0,0,0,0,11828,9201,unhcr_population,2025-12-31,2026-08-19T14:21:59Z,2026-08-19
BOL,Bolivia (Plurinational State of),2022,1116,61,0,0,0,0,0,13531,5480,unhcr_population,2025-12-31,2026-08-19T14:21:59Z,2026-08-19
BOL,Bolivia (Plurinational State of),2023,1117,76,0,0,0,0,0,16103,13881,unhcr_population,2025-12-31,2026-08-19T14:21:59Z,2026-08-19
BOL,Bolivia (Plurinational State of),2024,1117,46,0,0,13501,0,0,18475,11079,unhcr_population,2025-12-31,2026-08-19T14:21:59Z,2026-08-19
BOL,Bolivia (Plurinational State of),2025,1147,0,0,0,11632,0,0,8259,1045,unhcr_population,2025-12-31,2026-08-19T14:21:59Z,2026-08-19
BRA,Brazil,1969,40000,0,0,0,0,0,0,,0,unhcr_population,2025-12-31,2026-08-19T14:21:59Z,2026-08-19
BRA,Brazil,1970,40000,0,0,0,0,0,0,,0,unhcr_population,2025-12-31,2026-08-19T14:21:59Z,2026-08-19
BRA,Brazil,1971,38000,0,0,0,0,0,0,,0,unhcr_population,2025-12-31,2026-08-19T14:21:59Z,2026-08-19
BRA,Brazil,1972,37000,0,0,0,0,0,0,,0,unhcr_population,2025-12-31,2026-08-19T14:21:59Z,2026-08-19
BRA,Brazil,1973,35200,0,0,0,0,0,0,,0,unhcr_population,2025-12-31,2026-08-19T14:21:59Z,2026-08-19
BRA,Brazil,1974,34000,0,0,0,0,0,0,,0,unhcr_population,2025-12-31,2026-08-19T14:21:59Z,2026-08-19
BRA,Brazil,1975,32000,0,0,0,0,0,0,,0,unhcr_population,2025-12-31,2026-08-19T14:21:59Z,2026-08-19
BRA,Brazil,1976,30000,0,0,0,0,0,0,,0,unhcr_population,2025-12-31,2026-08-19T14:21:59Z,2026-08-19
BRA,Brazil,1977,36000,0,0,0,0,0,0,,0,unhcr_population,2025-12-31,2026-08-19T14:21:59Z,2026-08-19
BRA,Brazil,1978,35000,0,0,0,0,0,0,,0,unhcr_population,2025-12-31,2026-08-19T14:21:59Z,2026-08-19
BRA,Brazil,1979,25000,0,0,0,0,0,0,,0,unhcr_population,2025-12-31,2026-08-19T14:21:59Z,2026-08-19
BRA,Brazil,1980,24000,0,0,0,0,0,0,,0,unhcr_population,2025-12-31,2026-08-19T14:21:59Z,2026-08-19
BRA,Brazil,1981,24000,0,0,0,0,0,0,,0,unhcr_population,2025-12-31,2026-08-19T14:21:59Z,2026-08-19
BRA,Brazil,1982,5400,0,0,0,0,0,0,,0,unhcr_population,2025-12-31,2026-08-19T14:21:59Z,2026-08-19
BRA,Brazil,1983,5400,0,0,0,0,0,0,,0,unhcr_population,2025-12-31,2026-08-19T14:21:59Z,2026-08-19
BRA,Brazil,1984,5300,0,0,0,0,100,0,,0,unhcr_population,2025-12-31,2026-08-19T14:21:59Z,2026-08-19
BRA,Brazil,1985,5300,0,0,0,0,50,0,,0,unhcr_population,2025-12-31,2026-08-19T14:21:59Z,2026-08-19
BRA,Brazil,1986,5300,0,0,0,0,0,0,,0,unhcr_population,2025-12-31,2026-08-19T14:21:59Z,2026-08-19
BRA,Brazil,1987,5280,0,0,0,0,0,0,,0,unhcr_population,2025-12-31,2026-08-19T14:21:59Z,2026-08-19
BRA,Brazil,1988,5332,0,0,0,0,0,0,,0,unhcr_population,2025-12-31,2026-08-19T14:21:59Z,2026-08-19
BRA,Brazil,1989,5331,0,0,0,0,0,0,,0,unhcr_population,2025-12-31,2026-08-19T14:21:59Z,2026-08-19
BRA,Brazil,1990,5335,0,0,0,0,0,0,,0,unhcr_population,2025-12-31,2026-08-19T14:21:59Z,2026-08-19
BRA,Brazil,1991,5389,0,0,0,0,0,0,,0,unhcr_population,2025-12-31,2026-08-19T14:21:59Z,2026-08-19
BRA,Brazil,1992,5439,0,0,0,0,50,0,,0,unhcr_population,2025-12-31,2026-08-19T14:21:59Z,2026-08-19
BRA,Brazil,1993,6198,0,0,0,0,27,0,,0,unhcr_population,2025-12-31,2026-08-19T14:21:59Z,2026-08-19
BRA,Brazil,1994,2223,0,0,0,0,117,0,,0,unhcr_population,2025-12-31,2026-08-19T14:21:59Z,2026-08-19
BRA,Brazil,1995,2050,0,0,0,0,68,0,,0,unhcr_population,2025-12-31,2026-08-19T14:21:59Z,2026-08-19
BRA,Brazil,1996,2212,0,0,0,0,10,0,,0,unhcr_population,2025-12-31,2026-08-19T14:21:59Z,2026-08-19
BRA,Brazil,1997,2260,0,0,0,0,5,0,,0,unhcr_population,2025-12-31,2026-08-19T14:21:59Z,2026-08-19
BRA,Brazil,1998,2345,0,0,0,0,0,0,,0,unhcr_population,2025-12-31,2026-08-19T14:21:59Z,2026-08-19
BRA,Brazil,1999,2374,0,0,0,0,0,0,,0,unhcr_population,2025-12-31,2026-08-19T14:21:59Z,2026-08-19
BRA,Brazil,2000,2718,528,0,0,0,0,0,,0,unhcr_population,2025-12-31,2026-08-19T14:21:59Z,2026-08-19
BRA,Brazil,2001,2877,642,0,0,0,0,0,,0,unhcr_population,2025-12-31,2026-08-19T14:21:59Z,2026-08-19
BRA,Brazil,2002,3176,549,0,0,0,0,0,,0,unhcr_population,2025-12-31,2026-08-19T14:21:59Z,2026-08-19
BRA,Brazil,2003,3190,551,0,0,0,13,0,,0,unhcr_population,2025-12-31,2026-08-19T14:21:59Z,2026-08-19
BRA,Brazil,2004,3333,424,0,0,0,5,0,,0,unhcr_population,2025-12-31,2026-08-19T14:21:59Z,2026-08-19
BRA,Brazil,2005,3446,176,0,91,4000,0,0,,0,unhcr_population,2025-12-31,2026-08-19T14:21:59Z,2026-08-19
BRA,Brazil,2006,3478,374,0,0,17000,14,0,,0,unhcr_population,2025-12-31,2026-08-19T14:21:59Z,2026-08-19
BRA,Brazil,2007,20764,404,0,0,0,0,0,,0,unhcr_population,2025-12-31,2026-08-19T14:21:59Z,2026-08-19
BRA,Brazil,2008,3831,496,0,0,0,13,0,,0,unhcr_population,2025-12-31,2026-08-19T14:21:59Z,2026-08-19
BRA,Brazil,2009,4218,162,0,106,0,0,0,,0,unhcr_population,2025-12-31,2026-08-19T14:21:59Z,2026-08-19
BRA,Brazil,2010,4346,852,0,0,0,7,0,,0,unhcr_population,2025-12-31,2026-08-19T14:21:59Z,2026-08-19
BRA,Brazil,2011,4466,4644,0,0,0,5,0,,0,unhcr_population,2025-12-31,2026-08-19T14:21:59Z,2026-08-19
BRA,Brazil,2012,4681,1425,0,0,5580,0,0,,0,unhcr_population,2025-12-31,2026-08-19T14:21:59Z,2026-08-19
BRA,Brazil,2013,5185,4626,0,0,12318,13,0,,0,unhcr_population,2025-12-31,2026-08-19T14:21:59Z,2026-08-19
BRA,Brazil,2014,7478,11200,0,0,29238,0,0,,0,unhcr_population,2025-12-31,2026-08-19T14:21:59Z,2026-08-19
BRA,Brazil,2015,8703,20798,0,5,6264,0,0,,0,unhcr_population,2025-12-31,2026-08-19T14:21:59Z,2026-08-19
BRA,Brazil,2016,9674,35451,0,5,22930,0,0,,0,unhcr_population,2025-12-31,2026-08-19T14:21:59Z,2026-08-19
BRA,Brazil,2017,10260,85739,0,294,52341,5,0,,0,unhcr_population,2025-12-31,2026-08-19T14:21:59Z,2026-08-19
BRA,Brazil,2018,11304,152670,0,0,0,0,0,39771,0,unhcr_population,2025-12-31,2026-08-19T14:21:59Z,2026-08-19
BRA,Brazil,2019,32844,207294,0,7,0,0,0,123507,0,unhcr_population,2025-12-31,2026-08-19T14:21:59Z,2026-08-19
BRA,Brazil,2020,59092,202661,0,12,0,0,0,163754,0,unhcr_population,2025-12-31,2026-08-19T14:21:59Z,2026-08-19
BRA,Brazil,2021,61956,199233,0,12,0,0,0,175992,26596,unhcr_population,2025-12-31,2026-08-19T14:21:59Z,2026-08-19
BRA,Brazil,2022,67522,206764,0,5,0,0,0,264040,0,unhcr_population,2025-12-31,2026-08-19T14:21:59Z,2026-08-19
BRA,Brazil,2023,235765,68101,0,5,0,0,0,363081,0,unhcr_population,2025-12-31,2026-08-19T14:21:59Z,2026-08-19
BRA,Brazil,2024,257079,74018,0,27,496,0,0,464395,0,unhcr_population,2025-12-31,2026-08-19T14:21:59Z,2026-08-19
BRA,Brazil,2025,278966,119651,0,15,0,0,0,549534,0,unhcr_population,2025-12-31,2026-08-19T14:21:59Z,2026-08-19
BRB,Barbados,2018,0,5,0,0,0,0,0,,0,unhcr_population,2025-12-31,2026-08-19T14:21:59Z,2026-08-19
BRB,Barbados,2019,0,10,0,0,0,0,0,,0,unhcr_population,2025-12-31,2026-08-19T14:21:59Z,2026-08-19
BRB,Barbados,2020,0,5,0,0,0,0,0,,0,unhcr_population,2025-12-31,2026-08-19T14:21:59Z,2026-08-19
BRB,Barbados,2021,0,10,0,0,0,0,0,,0,unhcr_population,2025-12-31,2026-08-19T14:21:59Z,2026-08-19
BRB,Barbados,2023,5,10,0,0,0,0,0,,0,unhcr_population,2025-12-31,2026-08-19T14:21:59Z,2026-08-19
BRB,Barbados,2024,5,8,0,0,0,0,0,,0,unhcr_population,2025-12-31,2026-08-19T14:21:59Z,2026-08-19
BRB,Barbados,2025,5,8,0,0,0,0,0,,0,unhcr_population,2025-12-31,2026-08-19T14:21:59Z,2026-08-19
BRN,Brunei Darussalam,2010,0,0,0,20992,0,0,0,,0,unhcr_population,2025-12-31,2026-08-19T14:21:59Z,2026-08-19
BRN,Brunei Darussalam,2011,0,0,0,20992,0,0,0,,0,unhcr_population,2025-12-31,2026-08-19T14:21:59Z,2026-08-19
BRN,Brunei Darussalam,2012,0,0,0,21009,0,0,0,,0,unhcr_population,2025-12-31,2026-08-19T14:21:59Z,2026-08-19
BRN,Brunei Darussalam,2013,0,0,0,20524,0,0,0,,0,unhcr_population,2025-12-31,2026-08-19T14:21:59Z,2026-08-19
BRN,Brunei Darussalam,2014,0,0,0,20524,0,0,0,,0,unhcr_population,2025-12-31,2026-08-19T14:21:59Z,2026-08-19
BRN,Brunei Darussalam,2015,0,0,0,20524,0,0,0,,0,unhcr_population,2025-12-31,2026-08-19T14:21:59Z,2026-08-19
BRN,Brunei Darussalam,2016,0,0,0,20524,0,0,0,,0,unhcr_population,2025-12-31,2026-08-19T14:21:59Z,2026-08-19
BRN,Brunei Darussalam,2017,0,0,0,20524,0,0,0,,0,unhcr_population,2025-12-31,2026-08-19T14:21:59Z,2026-08-19
BRN,Brunei Darussalam,2018,0,0,0,20863,0,0,0,,0,unhcr_population,2025-12-31,2026-08-19T14:21:59Z,2026-08-19
BRN,Brunei Darussalam,2019,0,0,0,20863,0,0,0,,0,unhcr_population,2025-12-31,2026-08-19T14:21:59Z,2026-08-19
BRN,Brunei Darussalam,2020,0,0,0,20863,0,0,0,,0,unhcr_population,2025-12-31,2026-08-19T14:21:59Z,2026-08-19
BRN,Brunei Darussalam,2021,0,0,0,20863,0,0,0,,0,unhcr_population,2025-12-31,2026-08-19T14:21:59Z,2026-08-19
BRN,Brunei Darussalam,2022,0,0,0,20863,0,0,0,,0,unhcr_population,2025-12-31,2026-08-19T14:21:59Z,2026-08-19
BRN,Brunei Darussalam,2023,0,0,0,20863,0,0,0,,0,unhcr_population,2025-12-31,2026-08-19T14:21:59Z,2026-08-19
BRN,Brunei Darussalam,2024,0,0,0,20863,0,0,0,,0,unhcr_population,2025-12-31,2026-08-19T14:21:59Z,2026-08-19
BRN,Brunei Darussalam,2025,0,0,0,20863,0,0,0,,0,unhcr_population,2025-12-31,2026-08-19T14:21:59Z,2026-08-19
BTN,Bhutan,1966,3000,0,0,0,0,0,0,,0,unhcr_population,2025-12-31,2026-08-19T14:21:59Z,2026-08-19
BWA,Botswana,1968,3980,0,0,0,0,0,0,,0,unhcr_population,2025-12-31,2026-08-19T14:21:59Z,2026-08-19
BWA,Botswana,1969,3600,0,0,0,0,0,0,,0,unhcr_population,2025-12-31,2026-08-19T14:21:59Z,2026-08-19
BWA,Botswana,1970,4360,0,0,0,0,0,0,,0,unhcr_population,2025-12-31,2026-08-19T14:21:59Z,2026-08-19
BWA,Botswana,1971,8890,0,0,0,0,0,0,,0,unhcr_population,2025-12-31,2026-08-19T14:21:59Z,2026-08-19
BWA,Botswana,1972,4500,0,0,0,0,0,0,,0,unhcr_population,2025-12-31,2026-08-19T14:21:59Z,2026-08-19
BWA,Botswana,1973,4500,0,0,0,0,0,0,,0,unhcr_population,2025-12-31,2026-08-19T14:21:59Z,2026-08-19
BWA,Botswana,1974,2480,0,0,0,0,0,0,,0,unhcr_population,2025-12-31,2026-08-19T14:21:59Z,2026-08-19
BWA,Botswana,1975,2400,0,0,0,0,750,0,,0,unhcr_population,2025-12-31,2026-08-19T14:21:59Z,2026-08-19
BWA,Botswana,1976,2840,0,0,0,0,0,0,,0,unhcr_population,2025-12-31,2026-08-19T14:21:59Z,2026-08-19
BWA,Botswana,1977,4810,0,0,0,0,0,0,,0,unhcr_population,2025-12-31,2026-08-19T14:21:59Z,2026-08-19
BWA,Botswana,1978,19000,0,0,0,0,12080,0,,0,unhcr_population,2025-12-31,2026-08-19T14:21:59Z,2026-08-19
BWA,Botswana,1979,23290,0,0,0,0,410,0,,0,unhcr_population,2025-12-31,2026-08-19T14:21:59Z,2026-08-19
BWA,Botswana,1980,1300,0,0,0,0,22440,0,,0,unhcr_population,2025-12-31,2026-08-19T14:21:59Z,2026-08-19
BWA,Botswana,1981,1290,0,0,0,0,0,0,,0,unhcr_population,2025-12-31,2026-08-19T14:21:59Z,2026-08-19
BWA,Botswana,1982,1300,0,0,0,0,0,0,,0,unhcr_population,2025-12-31,2026-08-19T14:21:59Z,2026-08-19
BWA,Botswana,1983,4600,0,0,0,0,60,0,,0,unhcr_population,2025-12-31,2026-08-19T14:21:59Z,2026-08-19
BWA,Botswana,1984,4970,0,0,0,0,0,0,,0,unhcr_population,2025-12-31,2026-08-19T14:21:59Z,2026-08-19
BWA,Botswana,1985,5680,0,0,0,0,0,0,,0,unhcr_population,2025-12-31,2026-08-19T14:21:59Z,2026-08-19
BWA,Botswana,1986,4830,0,0,0,0,730,0,,0,unhcr_population,2025-12-31,2026-08-19T14:21:59Z,2026-08-19
BWA,Botswana,1987,5300,0,0,0,0,0,0,,0,unhcr_population,2025-12-31,2026-08-19T14:21:59Z,2026-08-19
BWA,Botswana,1988,2325,0,0,0,0,700,0,,0,unhcr_population,2025-12-31,2026-08-19T14:21:59Z,2026-08-19
BWA,Botswana,1989,1261,0,0,0,0,0,0,,0,unhcr_population,2025-12-31,2026-08-19T14:21:59Z,2026-08-19
BWA,Botswana,1990,1178,0,0,0,0,70,0,,0,unhcr_population,2025-12-31,2026-08-19T14:21:59Z,2026-08-19
BWA,Botswana,1991,1054,0,0,0,0,350,0,,0,unhcr_population,2025-12-31,2026-08-19T14:21:59Z,2026-08-19
BWA,Botswana,1992,497,0,0,0,0,600,0,,0,unhcr_population,2025-12-31,2026-08-19T14:21:59Z,2026-08-19
BWA,Botswana,1993,517,0,0,0,0,76,0,,0,unhcr_population,2025-12-31,2026-08-19T14:21:59Z,2026-08-19
BWA,Botswana,1994,503,0,0,0,0,0,0,,0,unhcr_population,2025-12-31,2026-08-19T14:21:59Z,2026-08-19
BWA,Botswana,1995,266,0,0,0,0,7,0,,0,unhcr_population,2025-12-31,2026-08-19T14:21:59Z,2026-08-19
BWA,Botswana,1996,211,0,0,0,0,15,0,,0,unhcr_population,2025-12-31,2026-08-19T14:21:59Z,2026-08-19
BWA,Botswana,1997,280,0,0,0,0,0,0,,0,unhcr_population,2025-12-31,2026-08-19T14:21:59Z,2026-08-19
BWA,Botswana,1998,2133,0,0,0,0,0,0,,0,unhcr_population,2025-12-31,2026-08-19T14:21:59Z,2026-08-19
BWA,Botswana,1999,1291,0,0,0,0,1381,0,,0,unhcr_population,2025-12-31,2026-08-19T14:21:59Z,2026-08-19
BWA,Botswana,2000,3549,65,0,0,0,5,0,,0,unhcr_population,2025-12-31,2026-08-19T14:21:59Z,2026-08-19
BWA,Botswana,2001,3577,716,0,0,0,0,0,,0,unhcr_population,2025-12-31,2026-08-19T14:21:59Z,2026-08-19
BWA,Botswana,2002,2798,974,0,0,0,1019,0,,0,unhcr_population,2025-12-31,2026-08-19T14:21:59Z,2026-08-19
BWA,Botswana,2003,2831,1075,0,0,0,5,0,,0,unhcr_population,2025-12-31,2026-08-19T14:21:59Z,2026-08-19
BWA,Botswana,2004,2831,1030,0,0,0,62,0,,0,unhcr_population,2025-12-31,2026-08-19T14:21:59Z,2026-08-19
BWA,Botswana,2005,3101,52,0,0,0,591,0,,0,unhcr_population,2025-12-31,2026-08-19T14:21:59Z,2026-08-19
BWA,Botswana,2006,3154,0,0,0,0,35,0,,0,unhcr_population,2025-12-31,2026-08-19T14:21:59Z,2026-08-19
BWA,Botswana,2007,2462,5,0,0,473,60,0,,0,unhcr_population,2025-12-31,2026-08-19T14:21:59Z,2026-08-19
BWA,Botswana,2008,3020,181,0,0,0,11,0,,0,unhcr_population,2025-12-31,2026-08-19T14:21:59Z,2026-08-19
BWA,Botswana,2009,3023,202,0,0,0,50,0,,0,unhcr_population,2025-12-31,2026-08-19T14:21:59Z,2026-08-19
BWA,Botswana,2010,2983,251,0,0,0,110,0,,0,unhcr_population,2025-12-31,2026-08-19T14:21:59Z,2026-08-19
BWA,Botswana,2011,3312,244,0,0,0,89,0,,0,unhcr_population,2025-12-31,2026-08-19T14:21:59Z,2026-08-19
BWA,Botswana,2012,2784,212,0,0,443,94,0,,0,unhcr_population,2025-12-31,2026-08-19T14:21:59Z,2026-08-19
BWA,Botswana,2013,2771,173,0,0,49,457,0,,0,unhcr_population,2025-12-31,2026-08-19T14:21:59Z,2026-08-19
BWA,Botswana,2014,2642,195,0,0,0,69,0,,0,unhcr_population,2025-12-31,2026-08-19T14:21:59Z,2026-08-19
BWA,Botswana,2015,2127,133,0,0,0,52,0,,0,unhcr_population,2025-12-31,2026-08-19T14:21:59Z,2026-08-19
BWA,Botswana,2016,2090,78,0,0,660,11,0,,0,unhcr_population,2025-12-31,2026-08-19T14:21:59Z,2026-08-19
BWA,Botswana,2017,2116,65,0,0,293,56,0,,0,unhcr_population,2025-12-31,2026-08-19T14:21:59Z,2026-08-19
BWA,Botswana,2018,2044,268,0,0,6,127,0,,0,unhcr_population,2025-12-31,2026-08-19T14:21:59Z,2026-08-19
BWA,Botswana,2019,1113,150,0,0,6,146,0,,0,unhcr_population,2025-12-31,2026-08-19T14:21:59Z,2026-08-19
BWA,Botswana,2020,617,422,0,0,6,280,0,,0,unhcr_population,2025-12-31,2026-08-19T14:21:59Z,2026-08-19
BWA,Botswana,2021,688,58,0,0,12,230,0,,0,unhcr_population,2025-12-31,2026-08-19T14:21:59Z,2026-08-19
BWA,Botswana,2022,733,97,0,0,70,0,0,,0,unhcr_population,2025-12-31,2026-08-19T14:21:59Z,2026-08-19
BWA,Botswana,2023,761,97,0,0,71,0,0,,0,unhcr_population,2025-12-31,2026-08-19T14:21:59Z,2026-08-19
BWA,Botswana,2024,816,7,0,0,71,7,0,,0,unhcr_population,2025-12-31,2026-08-19T14:21:59Z,2026-08-19
BWA,Botswana,2025,847,21,0,0,46,0,0,,0,unhcr_population,2025-12-31,2026-08-19T14:21:59Z,2026-08-19
CAF,Central African Rep.,1964,3300,0,0,0,0,0,0,,0,unhcr_population,2025-12-31,2026-08-19T14:21:59Z,2026-08-19
CAF,Central African Rep.,1965,20560,0,0,0,0,0,0,,0,unhcr_population,2025-12-31,2026-08-19T14:21:59Z,2026-08-19
CAF,Central African Rep.,1966,43000,0,0,0,0,0,0,,0,unhcr_population,2025-12-31,2026-08-19T14:21:59Z,2026-08-19
CAF,Central African Rep.,1967,35000,0,0,0,0,3700,0,,0,unhcr_population,2025-12-31,2026-08-19T14:21:59Z,2026-08-19
CAF,Central African Rep.,1968,23000,0,0,0,0,11000,0,,0,unhcr_population,2025-12-31,2026-08-19T14:21:59Z,2026-08-19
CAF,Central African Rep.,1969,23000,0,0,0,0,1900,0,,0,unhcr_population,2025-12-31,2026-08-19T14:21:59Z,2026-08-19
CAF,Central African Rep.,1970,27150,0,0,0,0,70,0,,0,unhcr_population,2025-12-31,2026-08-19T14:21:59Z,2026-08-19
CAF,Central African Rep.,1971,28000,0,0,0,0,2000,0,,0,unhcr_population,2025-12-31,2026-08-19T14:21:59Z,2026-08-19
CAF,Central African Rep.,1972,21970,0,0,0,0,36320,0,,0,unhcr_population,2025-12-31,2026-08-19T14:21:59Z,2026-08-19
CAF,Central African Rep.,1973,7000,0,0,0,0,16000,0,,0,unhcr_population,2025-12-31,2026-08-19T14:21:59Z,2026-08-19
CAF,Central African Rep.,1974,5000,0,0,0,0,0,0,,0,unhcr_population,2025-12-31,2026-08-19T14:21:59Z,2026-08-19
CAF,Central African Rep.,1975,5000,0,0,0,0,0,0,,0,unhcr_population,2025-12-31,2026-08-19T14:21:59Z,2026-08-19
CAF,Central African Rep.,1979,1000,0,0,0,0,0,0,,0,unhcr_population,2025-12-31,2026-08-19T14:21:59Z,2026-08-19
CAF,Central African Rep.,1980,7000,0,0,0,0,0,0,,0,unhcr_population,2025-12-31,2026-08-19T14:21:59Z,2026-08-19
CAF,Central African Rep.,1981,4000,0,0,0,0,4030,0,,0,unhcr_population,2025-12-31,2026-08-19T14:21:59Z,2026-08-19
CAF,Central African Rep.,1982,7450,0,0,0,0,860,0,,0,unhcr_population,2025-12-31,2026-08-19T14:21:59Z,2026-08-19
CAF,Central African Rep.,1983,6790,0,0,0,0,0,0,,0,unhcr_population,2025-12-31,2026-08-19T14:21:59Z,2026-08-19
CAF,Central African Rep.,1984,42000,0,0,0,0,210,0,,0,unhcr_population,2025-12-31,2026-08-19T14:21:59Z,2026-08-19
CAF,Central African Rep.,1985,46330,0,0,0,0,26870,0,,0,unhcr_population,2025-12-31,2026-08-19T14:21:59Z,2026-08-19
CAF,Central African Rep.,1986,12980,0,0,0,0,15220,0,,0,unhcr_population,2025-12-31,2026-08-19T14:21:59Z,2026-08-19
CAF,Central African Rep.,1987,4250,0,0,0,0,7050,0,,0,unhcr_population,2025-12-31,2026-08-19T14:21:59Z,2026-08-19
CAF,Central African Rep.,1988,3148,0,0,0,0,1290,0,,0,unhcr_population,2025-12-31,2026-08-19T14:21:59Z,2026-08-19
CAF,Central African Rep.,1989,2493,0,0,0,0,670,0,,0,unhcr_population,2025-12-31,2026-08-19T14:21:59Z,2026-08-19
CAF,Central African Rep.,1990,4284,0,0,0,0,1330,0,,0,unhcr_population,2025-12-31,2026-08-19T14:21:59Z,2026-08-19
CAF,Central African Rep.,1991,12223,0,0,0,0,900,0,,0,unhcr_population,2025-12-31,2026-08-19T14:21:59Z,2026-08-19
CAF,Central African Rep.,1992,19040,0,0,0,0,960,0,,0,unhcr_population,2025-12-31,2026-08-19T14:21:59Z,2026-08-19
CAF,Central African Rep.,1993,44129,0,0,0,0,394,0,,0,unhcr_population,2025-12-31,2026-08-19T14:21:59Z,2026-08-19
CAF,Central African Rep.,1994,47790,0,0,0,0,107,0,,0,unhcr_population,2025-12-31,2026-08-19T14:21:59Z,2026-08-19
CAF,Central African Rep.,1995,33856,0,0,0,0,10232,0,,0,unhcr_population,2025-12-31,2026-08-19T14:21:59Z,2026-08-19
CAF,Central African Rep.,1996,36564,0,0,0,0,1229,0,,0,unhcr_population,2025-12-31,2026-08-19T14:21:59Z,2026-08-19
CAF,Central African Rep.,1997,38490,0,0,0,0,3670,0,,0,unhcr_population,2025-12-31,2026-08-19T14:21:59Z,2026-08-19
CAF,Central African Rep.,1998,43006,0,0,0,0,886,0,,0,unhcr_population,2025-12-31,2026-08-19T14:21:59Z,2026-08-19
CAF,Central African Rep.,1999,49310,0,0,0,0,2368,0,,0,unhcr_population,2025-12-31,2026-08-19T14:21:59Z,2026-08-19
CAF,Central African Rep.,2000,55658,1735,0,0,0,399,0,,0,unhcr_population,2025-12-31,2026-08-19T14:21:59Z,2026-08-19
CAF,Central African Rep.,2001,49233,3667,0,0,0,615,0,,0,unhcr_population,2025-12-31,2026-08-19T14:21:59Z,2026-08-19
CAF,Central African Rep.,2002,50720,5345,0,0,0,1311,0,,0,unhcr_population,2025-12-31,2026-08-19T14:21:59Z,2026-08-19
CAF,Central African Rep.,2003,44751,3419,0,0,0,440,0,,0,unhcr_population,2025-12-31,2026-08-19T14:21:59Z,2026-08-19
CAF,Central African Rep.,2004,25019,2748,0,0,0,2036,0,,0,unhcr_population,2025-12-31,2026-08-19T14:21:59Z,2026-08-19
CAF,Central African Rep.,2005,24564,1956,0,0,0,2167,0,,0,unhcr_population,2025-12-31,2026-08-19T14:21:59Z,2026-08-19
CAF,Central African Rep.,2006,12351,1903,147000,0,0,12844,0,,0,unhcr_population,2025-12-31,2026-08-19T14:21:59Z,2026-08-19
CAF,Central African Rep.,2007,7530,1970,197000,0,0,7881,5000,,0,unhcr_population,2025-12-31,2026-08-19T14:21:59Z,2026-08-19
CAF,Central African Rep.,2008,7423,1447,197000,0,0,12,0,,0,unhcr_population,2025-12-31,2026-08-19T14:21:59Z,2026-08-19
CAF,Central African Rep.,2009,27041,1213,197000,0,0,17,0,,0,unhcr_population,2025-12-31,2026-08-19T14:21:59Z,2026-08-19
CAF,Central African Rep.,2010,21568,1213,192529,0,0,0,0,,0,unhcr_population,2025-12-31,2026-08-19T14:21:59Z,2026-08-19
CAF,Central African Rep.,2011,16737,2447,105206,0,0,11641,66545,,0,unhcr_population,2025-12-31,2026-08-19T14:21:59Z,2026-08-19
CAF,Central African Rep.,2012,14015,2603,51679,0,0,804,35433,,0,unhcr_population,2025-12-31,2026-08-19T14:21:59Z,2026-08-19
CAF,Central African Rep.,2013,14323,2635,894421,0,0,323,0,,0,unhcr_population,2025-12-31,2026-08-19T14:21:59Z,2026-08-19
CAF,Central African Rep.,2014,7692,408,438538,0,0,7243,610903,,0,unhcr_population,2025-12-31,2026-08-19T14:21:59Z,2026-08-19
CAF,Central African Rep.,2015,7332,332,216392,0,0,811,258276,,0,unhcr_population,2025-12-31,2026-08-19T14:21:59Z,2026-08-19
CAF,Central African Rep.,2016,12117,310,411785,0,0,10,0,,0,unhcr_population,2025-12-31,2026-08-19T14:21:59Z,2026-08-19
CAF,Central African Rep.,2017,10033,571,688700,0,0,3573,89019,,0,unhcr_population,2025-12-31,2026-08-19T14:21:59Z,2026-08-19
CAF,Central African Rep.,2018,6652,397,640970,0,0,6158,306246,,0,unhcr_population,2025-12-31,2026-08-19T14:21:59Z,2026-08-19
CAF,Central African Rep.,2019,7170,309,669906,0,0,1065,90672,,0,unhcr_population,2025-12-31,2026-08-19T14:21:59Z,2026-08-19
CAF,Central African Rep.,2020,9083,285,681930,0,0,3000,158247,,0,unhcr_population,2025-12-31,2026-08-19T14:21:59Z,2026-08-19
CAF,Central African Rep.,2021,9305,765,691791,0,0,963,371285,,0,unhcr_population,2025-12-31,2026-08-19T14:21:59Z,2026-08-19
CAF,Central African Rep.,2022,11213,470,515665,0,0,1542,404628,,0,unhcr_population,2025-12-31,2026-08-19T14:21:59Z,2026-08-19
CAF,Central African Rep.,2023,32913,32506,511803,0,0,1274,325938,,0,unhcr_population,2025-12-31,2026-08-19T14:21:59Z,2026-08-19
CAF,Central African Rep.,2024,45108,8270,469342,0,0,1539,151765,,0,unhcr_population,2025-12-31,2026-08-19T14:21:59Z,2026-08-19
CAF,Central African Rep.,2025,55307,8454,427479,0,0,497,183922,,0,unhcr_population,2025-12-31,2026-08-19T14:21:59Z,2026-08-19
CAN,Canada,1951,168511,0,0,0,0,0,0,,0,unhcr_population,2025-12-31,2026-08-19T14:21:59Z,2026-08-19
CAN,Canada,1952,154828,0,0,0,0,0,0,,0,unhcr_population,2025-12-31,2026-08-19T14:21:59Z,2026-08-19
CAN,Canada,1953,107004,0,0,0,0,0,0,,0,unhcr_population,2025-12-31,2026-08-19T14:21:59Z,2026-08-19
CAN,Canada,1954,75828,0,0,0,0,0,0,,0,unhcr_population,2025-12-31,2026-08-19T14:21:59Z,2026-08-19
CAN,Canada,1955,52551,0,0,0,0,0,0,,0,unhcr_population,2025-12-31,2026-08-19T14:21:59Z,2026-08-19
CAN,Canada,1956,17485,0,0,0,0,0,0,,0,unhcr_population,2025-12-31,2026-08-19T14:21:59Z,2026-08-19
CAN,Canada,1957,46334,0,0,0,0,0,0,,0,unhcr_population,2025-12-31,2026-08-19T14:21:59Z,2026-08-19
CAN,Canada,1958,46908,0,0,0,0,0,0,,0,unhcr_population,2025-12-31,2026-08-19T14:21:59Z,2026-08-19
CAN,Canada,1959,47934,0,0,0,0,0,0,,0,unhcr_population,2025-12-31,2026-08-19T14:21:59Z,2026-08-19
CAN,Canada,1960,48629,0,0,0,0,0,0,,0,unhcr_population,2025-12-31,2026-08-19T14:21:59Z,2026-08-19
CAN,Canada,1961,44492,0,0,0,0,0,0,,0,unhcr_population,2025-12-31,2026-08-19T14:21:59Z,2026-08-19
CAN,Canada,1962,12282,0,0,0,0,0,0,,0,unhcr_population,2025-12-31,2026-08-19T14:21:59Z,2026-08-19
CAN,Canada,1963,10946,0,0,0,0,0,0,,0,unhcr_population,2025-12-31,2026-08-19T14:21:59Z,2026-08-19
CAN,Canada,1964,10178,0,0,0,0,0,0,,0,unhcr_population,2025-12-31,2026-08-19T14:21:59Z,2026-08-19
CAN,Canada,1965,9980,0,0,0,0,0,0,,0,unhcr_population,2025-12-31,2026-08-19T14:21:59Z,2026-08-19
CAN,Canada,1966,10225,0,0,0,0,0,0,,0,unhcr_population,2025-12-31,2026-08-19T14:21:59Z,2026-08-19
CAN,Canada,1967,9991,0,0,0,0,0,0,,0,unhcr_population,2025-12-31,2026-08-19T14:21:59Z,2026-08-19
CAN,Canada,1968,17950,0,0,0,0,0,0,,0,unhcr_population,2025-12-31,2026-08-19T14:21:59Z,2026-08-19
CAN,Canada,1969,19275,0,0,0,0,0,0,,0,unhcr_population,2025-12-31,2026-08-19T14:21:59Z,2026-08-19
CAN,Canada,1970,18518,0,0,0,0,0,0,,0,unhcr_population,2025-12-31,2026-08-19T14:21:59Z,2026-08-19
CAN,Canada,1971,17196,0,0,0,0,0,0,,0,unhcr_population,2025-12-31,2026-08-19T14:21:59Z,2026-08-19
CAN,Canada,1972,20933,0,0,0,0,0,0,,0,unhcr_population,2025-12-31,2026-08-19T14:21:59Z,2026-08-19
CAN,Canada,1973,13358,0,0,0,0,0,0,,0,unhcr_population,2025-12-31,2026-08-19T14:21:59Z,2026-08-19
CAN,Canada,1974,11410,0,0,0,0,0,0,,0,unhcr_population,2025-12-31,2026-08-19T14:21:59Z,2026-08-19
CAN,Canada,1975,16349,0,0,0,0,0,0,,0,unhcr_population,2025-12-31,2026-08-19T14:21:59Z,2026-08-19
CAN,Canada,1976,27387,0,0,0,0,0,0,,0,unhcr_population,2025-12-31,2026-08-19T14:21:59Z,2026-08-19
CAN,Canada,1977,29537,0,0,0,0,0,0,,0,unhcr_population,2025-12-31,2026-08-19T14:21:59Z,2026-08-19
CAN,Canada,1978,31295,0,0,0,0,0,0,,0,unhcr_population,2025-12-31,2026-08-19T14:21:59Z,2026-08-19
CAN,Canada,1979,57913,0,0,0,0,0,0,,0,unhcr_population,2025-12-31,2026-08-19T14:21:59Z,2026-08-19
CAN,Canada,1980,92679,0,0,0,0,0,0,,0,unhcr_population,2025-12-31,2026-08-19T14:21:59Z,2026-08-19
CAN,Canada,1981,96415,0,0,0,0,0,0,,0,unhcr_population,2025-12-31,2026-08-19T14:21:59Z,2026-08-19
CAN,Canada,1982,107591,0,0,0,0,0,0,,0,unhcr_population,2025-12-31,2026-08-19T14:21:59Z,2026-08-19
CAN,Canada,1983,120947,0,0,0,0,0,0,,0,unhcr_population,2025-12-31,2026-08-19T14:21:59Z,2026-08-19
CAN,Canada,1984,112966,0,0,0,0,0,0,,0,unhcr_population,2025-12-31,2026-08-19T14:21:59Z,2026-08-19
CAN,Canada,1985,92194,0,0,0,0,0,0,,0,unhcr_population,2025-12-31,2026-08-19T14:21:59Z,2026-08-19
CAN,Canada,1986,98743,0,0,0,0,0,0,,0,unhcr_population,2025-12-31,2026-08-19T14:21:59Z,2026-08-19
CAN,Canada,1987,104843,0,0,0,0,0,0,,0,unhcr_population,2025-12-31,2026-08-19T14:21:59Z,2026-08-19
CAN,Canada,1988,116434,0,0,0,0,0,0,,0,unhcr_population,2025-12-31,2026-08-19T14:21:59Z,2026-08-19
CAN,Canada,1989,135752,0,0,0,0,0,0,,0,unhcr_population,2025-12-31,2026-08-19T14:21:59Z,2026-08-19
CAN,Canada,1990,154761,0,0,0,0,0,0,,0,unhcr_population,2025-12-31,2026-08-19T14:21:59Z,2026-08-19
CAN,Canada,1991,170916,0,0,0,0,0,0,,0,unhcr_population,2025-12-31,2026-08-19T14:21:59Z,2026-08-19
CAN,Canada,1992,183723,0,0,0,0,0,0,,0,unhcr_population,2025-12-31,2026-08-19T14:21:59Z,2026-08-19
CAN,Canada,1993,183241,0,0,0,0,74,0,,0,unhcr_population,2025-12-31,2026-08-19T14:21:59Z,2026-08-19
CAN,Canada,1994,186555,0,0,0,0,37,0,,0,unhcr_population,2025-12-31,2026-08-19T14:21:59Z,2026-08-19
CAN,Canada,1995,152110,0,0,0,0,0,0,,0,unhcr_population,2025-12-31,2026-08-19T14:21:59Z,2026-08-19
CAN,Canada,1996,138427,0,0,0,0,0,0,,0,unhcr_population,2025-12-31,2026-08-19T14:21:59Z,2026-08-19
CAN,Canada,1997,125176,0,0,0,0,0,0,,0,unhcr_population,2025-12-31,2026-08-19T14:21:59Z,2026-08-19
CAN,Canada,1998,119355,0,0,0,0,0,0,,0,unhcr_population,2025-12-31,2026-08-19T14:21:59Z,2026-08-19
CAN,Canada,1999,123303,0,0,0,0,1787,0,,0,unhcr_population,2025-12-31,2026-08-19T14:21:59Z,2026-08-19
CAN,Canada,2000,126991,30170,0,0,0,437,0,,0,unhcr_population,2025-12-31,2026-08-19T14:21:59Z,2026-08-19
CAN,Canada,2001,129227,45795,0,0,0,196,0,,0,unhcr_population,2025-12-31,2026-08-19T14:21:59Z,2026-08-19
CAN,Canada,2002,129935,52755,0,0,0,494,0,,0,unhcr_population,2025-12-31,2026-08-19T14:21:59Z,2026-08-19
CAN,Canada,2003,133088,41570,0,0,0,121,0,,0,unhcr_population,2025-12-31,2026-08-19T14:21:59Z,2026-08-19
CAN,Canada,2004,141402,27276,0,0,0,28,0,,0,unhcr_population,2025-12-31,2026-08-19T14:21:59Z,2026-08-19
CAN,Canada,2005,147164,20533,0,0,0,11,0,,0,unhcr_population,2025-12-31,2026-08-19T14:21:59Z,2026-08-19
CAN,Canada,2006,151832,23575,0,0,0,22,0,,0,unhcr_population,2025-12-31,2026-08-19T14:21:59Z,2026-08-19
CAN,Canada,2007,175728,37509,0,0,0,5,0,,0,unhcr_population,2025-12-31,2026-08-19T14:21:59Z,2026-08-19
CAN,Canada,2008,173642,54187,0,0,0,18,0,,0,unhcr_population,2025-12-31,2026-08-19T14:21:59Z,2026-08-19
CAN,Canada,2009,169424,61167,0,0,0,6,0,,0,unhcr_population,2025-12-31,2026-08-19T14:21:59Z,2026-08-19
CAN,Canada,2010,165544,50998,0,0,0,7,0,,0,unhcr_population,2025-12-31,2026-08-19T14:21:59Z,2026-08-19
CAN,Canada,2011,164879,41835,0,0,0,620,0,,0,unhcr_population,2025-12-31,2026-08-19T14:21:59Z,2026-08-19
CAN,Canada,2012,163751,32647,0,0,0,550,0,,0,unhcr_population,2025-12-31,2026-08-19T14:21:59Z,2026-08-19
CAN,Canada,2013,160347,22145,0,0,0,295,0,,0,unhcr_population,2025-12-31,2026-08-19T14:21:59Z,2026-08-19
CAN,Canada,2014,149164,16699,0,0,0,39,0,,0,unhcr_population,2025-12-31,2026-08-19T14:21:59Z,2026-08-19
CAN,Canada,2015,135890,19631,0,0,0,24,0,,0,unhcr_population,2025-12-31,2026-08-19T14:21:59Z,2026-08-19
CAN,Canada,2016,97322,23946,0,0,0,0,0,,0,unhcr_population,2025-12-31,2026-08-19T14:21:59Z,2026-08-19
CAN,Canada,2017,104768,51859,0,3790,0,33,0,,0,unhcr_population,2025-12-31,2026-08-19T14:21:59Z,2026-08-19
CAN,Canada,2018,114101,78766,0,3790,0,0,0,,0,unhcr_population,2025-12-31,2026-08-19T14:21:59Z,2026-08-19
CAN,Canada,2019,101757,97017,0,4985,0,0,0,,0,unhcr_population,2025-12-31,2026-08-19T14:21:59Z,2026-08-19
CAN,Canada,2020,109214,85352,0,4139,0,0,0,,0,unhcr_population,2025-12-31,2026-08-19T14:21:59Z,2026-08-19
CAN,Canada,2021,130125,63144,0,4287,0,0,0,,0,unhcr_population,2025-12-31,2026-08-19T14:21:59Z,2026-08-19
CAN,Canada,2022,140621,113066,0,4802,0,5,0,,0,unhcr_population,2025-12-31,2026-08-19T14:21:59Z,2026-08-19
CAN,Canada,2023,169448,197961,0,5222,0,4000,0,,0,unhcr_population,2025-12-31,2026-08-19T14:21:59Z,2026-08-19
CAN,Canada,2024,269496,292055,0,8166,0,3000,0,,0,unhcr_population,2025-12-31,2026-08-19T14:21:59Z,2026-08-19
CAN,Canada,2025,416028,314475,0,10288,0,0,0,,0,unhcr_population,2025-12-31,2026-08-19T14:21:59Z,2026-08-19
CHE,Switzerland,1951,10000,0,0,0,0,0,0,,0,unhcr_population,2025-12-31,2026-08-19T14:21:59Z,2026-08-19
CHE,Switzerland,1952,9800,0,0,0,0,0,0,,0,unhcr_population,2025-12-31,2026-08-19T14:21:59Z,2026-08-19
CHE,Switzerland,1953,9500,0,0,0,0,0,0,,0,unhcr_population,2025-12-31,2026-08-19T14:21:59Z,2026-08-19
CHE,Switzerland,1954,9400,0,0,0,0,0,0,,0,unhcr_population,2025-12-31,2026-08-19T14:21:59Z,2026-08-19
CHE,Switzerland,1955,9200,0,0,0,0,0,0,,0,unhcr_population,2025-12-31,2026-08-19T14:21:59Z,2026-08-19
CHE,Switzerland,1956,20700,0,0,0,0,0,0,,0,unhcr_population,2025-12-31,2026-08-19T14:21:59Z,2026-08-19
CHE,Switzerland,1957,20500,0,0,0,0,0,0,,0,unhcr_population,2025-12-31,2026-08-19T14:21:59Z,2026-08-19
CHE,Switzerland,1958,20000,0,0,0,0,0,0,,0,unhcr_population,2025-12-31,2026-08-19T14:21:59Z,2026-08-19
CHE,Switzerland,1959,20000,0,0,0,0,0,0,,0,unhcr_population,2025-12-31,2026-08-19T14:21:59Z,2026-08-19
CHE,Switzerland,1960,20000,0,0,0,0,0,0,,0,unhcr_population,2025-12-31,2026-08-19T14:21:59Z,2026-08-19
CHE,Switzerland,1961,20000,0,0,0,0,0,0,,0,unhcr_population,2025-12-31,2026-08-19T14:21:59Z,2026-08-19
CHE,Switzerland,1962,20000,0,0,0,0,0,0,,0,unhcr_population,2025-12-31,2026-08-19T14:21:59Z,2026-08-19
CHE,Switzerland,1963,20000,0,0,0,0,0,0,,0,unhcr_population,2025-12-31,2026-08-19T14:21:59Z,2026-08-19
CHE,Switzerland,1964,20000,0,0,0,0,0,0,,0,unhcr_population,2025-12-31,2026-08-19T14:21:59Z,2026-08-19
CHE,Switzerland,1965,20000,0,0,0,0,0,0,,0,unhcr_population,2025-12-31,2026-08-19T14:21:59Z,2026-08-19
CHE,Switzerland,1966,20500,0,0,0,0,0,0,,0,unhcr_population,2025-12-31,2026-08-19T14:21:59Z,2026-08-19
CHE,Switzerland,1967,21000,0,0,0,0,0,0,,0,unhcr_population,2025-12-31,2026-08-19T14:21:59Z,2026-08-19
CHE,Switzerland,1968,26000,0,0,0,0,0,0,,0,unhcr_population,2025-12-31,2026-08-19T14:21:59Z,2026-08-19
CHE,Switzerland,1969,30000,0,0,0,0,0,0,,0,unhcr_population,2025-12-31,2026-08-19T14:21:59Z,2026-08-19
CHE,Switzerland,1970,31000,0,0,0,0,0,0,,0,unhcr_population,2025-12-31,2026-08-19T14:21:59Z,2026-08-19
CHE,Switzerland,1971,30000,0,0,0,0,0,0,,0,unhcr_population,2025-12-31,2026-08-19T14:21:59Z,2026-08-19
CHE,Switzerland,1972,35000,0,0,0,0,0,0,,0,unhcr_population,2025-12-31,2026-08-19T14:21:59Z,2026-08-19
CHE,Switzerland,1973,35000,0,0,0,0,0,0,,0,unhcr_population,2025-12-31,2026-08-19T14:21:59Z,2026-08-19
CHE,Switzerland,1974,35000,0,0,0,0,0,0,,0,unhcr_population,2025-12-31,2026-08-19T14:21:59Z,2026-08-19
CHE,Switzerland,1975,35000,0,0,0,0,0,0,,0,unhcr_population,2025-12-31,2026-08-19T14:21:59Z,2026-08-19
CHE,Switzerland,1976,35000,0,0,0,0,0,0,,0,unhcr_population,2025-12-31,2026-08-19T14:21:59Z,2026-08-19
CHE,Switzerland,1977,30000,0,0,0,0,0,0,,0,unhcr_population,2025-12-31,2026-08-19T14:21:59Z,2026-08-19
CHE,Switzerland,1978,30000,0,0,0,0,0,0,,0,unhcr_population,2025-12-31,2026-08-19T14:21:59Z,2026-08-19
CHE,Switzerland,1979,30000,0,0,0,0,0,0,,0,unhcr_population,2025-12-31,2026-08-19T14:21:59Z,2026-08-19
CHE,Switzerland,1980,32000,0,0,0,0,0,0,,0,unhcr_population,2025-12-31,2026-08-19T14:21:59Z,2026-08-19
CHE,Switzerland,1981,40000,0,0,0,0,0,0,,0,unhcr_population,2025-12-31,2026-08-19T14:21:59Z,2026-08-19
CHE,Switzerland,1982,33404,0,0,0,0,0,0,,0,unhcr_population,2025-12-31,2026-08-19T14:21:59Z,2026-08-19
CHE,Switzerland,1983,32312,0,0,0,0,0,0,,0,unhcr_population,2025-12-31,2026-08-19T14:21:59Z,2026-08-19
CHE,Switzerland,1984,31201,0,0,0,0,0,0,,0,unhcr_population,2025-12-31,2026-08-19T14:21:59Z,2026-08-19
CHE,Switzerland,1985,30726,0,0,0,0,0,0,,0,unhcr_population,2025-12-31,2026-08-19T14:21:59Z,2026-08-19
CHE,Switzerland,1986,31343,0,0,0,0,0,0,,0,unhcr_population,2025-12-31,2026-08-19T14:21:59Z,2026-08-19
CHE,Switzerland,1987,31707,0,0,0,0,0,0,,0,unhcr_population,2025-12-31,2026-08-19T14:21:59Z,2026-08-19
CHE,Switzerland,1988,31949,0,0,0,0,0,0,,0,unhcr_population,2025-12-31,2026-08-19T14:21:59Z,2026-08-19
CHE,Switzerland,1989,36763,0,0,0,0,0,0,,0,unhcr_population,2025-12-31,2026-08-19T14:21:59Z,2026-08-19
CHE,Switzerland,1990,40943,0,0,0,0,0,0,,0,unhcr_population,2025-12-31,2026-08-19T14:21:59Z,2026-08-19
CHE,Switzerland,1991,45622,0,0,0,0,0,0,,0,unhcr_population,2025-12-31,2026-08-19T14:21:59Z,2026-08-19
CHE,Switzerland,1992,51930,0,0,0,0,0,0,,0,unhcr_population,2025-12-31,2026-08-19T14:21:59Z,2026-08-19
CHE,Switzerland,1993,56586,0,0,0,0,0,0,,0,unhcr_population,2025-12-31,2026-08-19T14:21:59Z,2026-08-19
CHE,Switzerland,1994,75295,0,0,0,0,0,0,,0,unhcr_population,2025-12-31,2026-08-19T14:21:59Z,2026-08-19
CHE,Switzerland,1995,82943,0,0,0,0,25,0,,0,unhcr_population,2025-12-31,2026-08-19T14:21:59Z,2026-08-19
CHE,Switzerland,1996,84413,0,0,0,0,1800,0,,0,unhcr_population,2025-12-31,2026-08-19T14:21:59Z,2026-08-19
CHE,Switzerland,1997,83205,0,0,0,0,3921,0,,0,unhcr_population,2025-12-31,2026-08-19T14:21:59Z,2026-08-19
CHE,Switzerland,1998,81875,0,0,0,0,4821,0,,0,unhcr_population,2025-12-31,2026-08-19T14:21:59Z,2026-08-19
CHE,Switzerland,1999,82273,0,0,0,0,15928,0,,0,unhcr_population,2025-12-31,2026-08-19T14:21:59Z,2026-08-19
CHE,Switzerland,2000,57624,27454,0,0,0,26864,0,,0,unhcr_population,2025-12-31,2026-08-19T14:21:59Z,2026-08-19
CHE,Switzerland,2001,58471,25637,0,0,0,1388,0,,0,unhcr_population,2025-12-31,2026-08-19T14:21:59Z,2026-08-19
CHE,Switzerland,2002,54081,28080,0,0,0,1500,0,,0,unhcr_population,2025-12-31,2026-08-19T14:21:59Z,2026-08-19
CHE,Switzerland,2003,50126,24529,0,0,0,1498,0,,0,unhcr_population,2025-12-31,2026-08-19T14:21:59Z,2026-08-19
CHE,Switzerland,2004,47654,18616,0,25,0,991,0,,0,unhcr_population,2025-12-31,2026-08-19T14:21:59Z,2026-08-19
CHE,Switzerland,2005,48010,14405,0,28,0,962,0,,0,unhcr_population,2025-12-31,2026-08-19T14:21:59Z,2026-08-19
CHE,Switzerland,2006,48508,12374,0,153,0,704,0,,0,unhcr_population,2025-12-31,2026-08-19T14:21:59Z,2026-08-19
CHE,Switzerland,2007,45642,10729,0,80,0,353,0,,0,unhcr_population,2025-12-31,2026-08-19T14:21:59Z,2026-08-19
CHE,Switzerland,2008,46131,17155,0,75,0,170,0,,0,unhcr_population,2025-12-31,2026-08-19T14:21:59Z,2026-08-19
CHE,Switzerland,2009,46204,17127,0,67,0,277,0,,0,unhcr_population,2025-12-31,2026-08-19T14:21:59Z,2026-08-19
CHE,Switzerland,2010,48813,12884,0,62,0,65,0,,0,unhcr_population,2025-12-31,2026-08-19T14:21:59Z,2026-08-19
CHE,Switzerland,2011,50401,16893,0,54,0,41,0,,0,unhcr_population,2025-12-31,2026-08-19T14:21:59Z,2026-08-19
CHE,Switzerland,2012,50733,21670,0,69,0,7,0,,0,unhcr_population,2025-12-31,2026-08-19T14:21:59Z,2026-08-19
CHE,Switzerland,2013,52448,22087,0,79,0,5,0,,0,unhcr_population,2025-12-31,2026-08-19T14:21:59Z,2026-08-19
CHE,Switzerland,2014,62596,20805,0,76,0,108,0,,0,unhcr_population,2025-12-31,2026-08-19T14:21:59Z,2026-08-19
CHE,Switzerland,2015,73326,32691,0,69,0,42,0,,0,unhcr_population,2025-12-31,2026-08-19T14:21:59Z,2026-08-19
CHE,Switzerland,2016,82668,30778,0,66,0,0,0,,0,unhcr_population,2025-12-31,2026-08-19T14:21:59Z,2026-08-19
CHE,Switzerland,2017,93030,23728,0,62,0,0,0,,0,unhcr_population,2025-12-31,2026-08-19T14:21:59Z,2026-08-19
CHE,Switzerland,2018,104011,14776,0,49,0,0,0,,0,unhcr_population,2025-12-31,2026-08-19T14:21:59Z,2026-08-19
CHE,Switzerland,2019,110162,11200,0,47,0,0,0,,0,unhcr_population,2025-12-31,2026-08-19T14:21:59Z,2026-08-19
CHE,Switzerland,2020,115798,6547,0,711,60,0,0,,0,unhcr_population,2025-12-31,2026-08-19T14:21:59Z,2026-08-19
CHE,Switzerland,2021,118829,7109,0,740,98,0,0,,0,unhcr_population,2025-12-31,2026-08-19T14:21:59Z,2026-08-19
CHE,Switzerland,2022,182474,14904,0,938,88,5000,0,,0,unhcr_population,2025-12-31,2026-08-19T14:21:59Z,2026-08-19
CHE,Switzerland,2023,192507,18884,0,1185,98,0,0,,0,unhcr_population,2025-12-31,2026-08-19T14:21:59Z,2026-08-19
CHE,Switzerland,2024,196167,17010,0,1267,97,8490,0,,0,unhcr_population,2025-12-31,2026-08-19T14:21:59Z,2026-08-19
CHE,Switzerland,2025,208287,17039,0,1332,93,0,0,,0,unhcr_population,2025-12-31,2026-08-19T14:21:59Z,2026-08-19
CHL,Chile,1969,6500,0,0,0,0,0,0,,0,unhcr_population,2025-12-31,2026-08-19T14:21:59Z,2026-08-19
CHL,Chile,1970,6000,0,0,0,0,0,0,,0,unhcr_population,2025-12-31,2026-08-19T14:21:59Z,2026-08-19
CHL,Chile,1971,7000,0,0,0,0,0,0,,0,unhcr_population,2025-12-31,2026-08-19T14:21:59Z,2026-08-19
CHL,Chile,1972,7000,0,0,0,0,0,0,,0,unhcr_population,2025-12-31,2026-08-19T14:21:59Z,2026-08-19
CHL,Chile,1973,9500,0,0,0,0,0,0,,0,unhcr_population,2025-12-31,2026-08-19T14:21:59Z,2026-08-19
CHL,Chile,1974,3700,0,0,0,0,0,0,,0,unhcr_population,2025-12-31,2026-08-19T14:21:59Z,2026-08-19
CHL,Chile,1975,3300,0,0,0,0,0,0,,0,unhcr_population,2025-12-31,2026-08-19T14:21:59Z,2026-08-19
CHL,Chile,1976,4000,0,0,0,0,0,0,,0,unhcr_population,2025-12-31,2026-08-19T14:21:59Z,2026-08-19
CHL,Chile,1977,5200,0,0,0,0,0,0,,0,unhcr_population,2025-12-31,2026-08-19T14:21:59Z,2026-08-19
CHL,Chile,1978,3080,0,0,0,0,0,0,,0,unhcr_population,2025-12-31,2026-08-19T14:21:59Z,2026-08-19
CHL,Chile,1979,2000,0,0,0,0,0,0,,0,unhcr_population,2025-12-31,2026-08-19T14:21:59Z,2026-08-19
CHL,Chile,1980,1500,0,0,0,0,0,0,,0,unhcr_population,2025-12-31,2026-08-19T14:21:59Z,2026-08-19
CHL,Chile,1981,1500,0,0,0,0,0,0,,0,unhcr_population,2025-12-31,2026-08-19T14:21:59Z,2026-08-19
CHL,Chile,1982,2500,0,0,0,0,0,0,,0,unhcr_population,2025-12-31,2026-08-19T14:21:59Z,2026-08-19
CHL,Chile,1983,2500,0,0,0,0,0,0,,0,unhcr_population,2025-12-31,2026-08-19T14:21:59Z,2026-08-19
CHL,Chile,1984,2500,0,0,0,0,0,0,,0,unhcr_population,2025-12-31,2026-08-19T14:21:59Z,2026-08-19
CHL,Chile,1985,540,0,0,0,0,0,0,,0,unhcr_population,2025-12-31,2026-08-19T14:21:59Z,2026-08-19
CHL,Chile,1988,300,0,0,0,0,0,0,,0,unhcr_population,2025-12-31,2026-08-19T14:21:59Z,2026-08-19
CHL,Chile,1989,300,0,0,0,0,0,0,,0,unhcr_population,2025-12-31,2026-08-19T14:21:59Z,2026-08-19
CHL,Chile,1990,58,0,0,0,0,0,0,,0,unhcr_population,2025-12-31,2026-08-19T14:21:59Z,2026-08-19
CHL,Chile,1991,72,0,0,0,0,0,0,,0,unhcr_population,2025-12-31,2026-08-19T14:21:59Z,2026-08-19
CHL,Chile,1992,142,0,0,0,0,0,0,,0,unhcr_population,2025-12-31,2026-08-19T14:21:59Z,2026-08-19
CHL,Chile,1993,237,0,0,0,0,0,0,,0,unhcr_population,2025-12-31,2026-08-19T14:21:59Z,2026-08-19
CHL,Chile,1994,216,0,0,0,0,0,0,,0,unhcr_population,2025-12-31,2026-08-19T14:21:59Z,2026-08-19
CHL,Chile,1995,280,0,0,0,0,0,0,,0,unhcr_population,2025-12-31,2026-08-19T14:21:59Z,2026-08-19
CHL,Chile,1996,307,0,0,0,0,44,0,,0,unhcr_population,2025-12-31,2026-08-19T14:21:59Z,2026-08-19
CHL,Chile,1997,270,0,0,0,0,0,0,,0,unhcr_population,2025-12-31,2026-08-19T14:21:59Z,2026-08-19
CHL,Chile,1998,306,0,0,0,0,0,0,,0,unhcr_population,2025-12-31,2026-08-19T14:21:59Z,2026-08-19
CHL,Chile,1999,326,0,0,0,0,14,0,,0,unhcr_population,2025-12-31,2026-08-19T14:21:59Z,2026-08-19
CHL,Chile,2000,366,63,0,0,0,11,0,,0,unhcr_population,2025-12-31,2026-08-19T14:21:59Z,2026-08-19
CHL,Chile,2001,389,60,0,0,0,0,0,,0,unhcr_population,2025-12-31,2026-08-19T14:21:59Z,2026-08-19
CHL,Chile,2002,414,12,0,0,0,19,0,,0,unhcr_population,2025-12-31,2026-08-19T14:21:59Z,2026-08-19
CHL,Chile,2003,472,48,0,0,0,0,0,,0,unhcr_population,2025-12-31,2026-08-19T14:21:59Z,2026-08-19
CHL,Chile,2004,566,75,0,0,0,0,0,,0,unhcr_population,2025-12-31,2026-08-19T14:21:59Z,2026-08-19
CHL,Chile,2005,807,101,0,0,0,0,0,,0,unhcr_population,2025-12-31,2026-08-19T14:21:59Z,2026-08-19
CHL,Chile,2006,1135,334,0,0,0,6,0,,0,unhcr_population,2025-12-31,2026-08-19T14:21:59Z,2026-08-19
CHL,Chile,2007,1375,507,0,0,0,0,0,,0,unhcr_population,2025-12-31,2026-08-19T14:21:59Z,2026-08-19
CHL,Chile,2008,1607,875,0,0,0,0,0,,0,unhcr_population,2025-12-31,2026-08-19T14:21:59Z,2026-08-19
CHL,Chile,2009,1539,498,0,0,0,0,0,,0,unhcr_population,2025-12-31,2026-08-19T14:21:59Z,2026-08-19
CHL,Chile,2010,1613,271,0,0,0,0,0,,0,unhcr_population,2025-12-31,2026-08-19T14:21:59Z,2026-08-19
CHL,Chile,2011,1669,356,0,0,0,0,0,,0,unhcr_population,2025-12-31,2026-08-19T14:21:59Z,2026-08-19
CHL,Chile,2012,1692,353,0,0,0,0,0,,0,unhcr_population,2025-12-31,2026-08-19T14:21:59Z,2026-08-19
CHL,Chile,2013,1738,416,0,0,0,0,0,,0,unhcr_population,2025-12-31,2026-08-19T14:21:59Z,2026-08-19
CHL,Chile,2014,1764,571,0,0,0,0,0,,0,unhcr_population,2025-12-31,2026-08-19T14:21:59Z,2026-08-19
CHL,Chile,2015,1840,1055,0,0,0,0,0,,0,unhcr_population,2025-12-31,2026-08-19T14:21:59Z,2026-08-19
CHL,Chile,2016,1730,3218,0,0,0,0,0,,0,unhcr_population,2025-12-31,2026-08-19T14:21:59Z,2026-08-19
CHL,Chile,2017,1861,8462,0,0,86687,10,0,,0,unhcr_population,2025-12-31,2026-08-19T14:21:59Z,2026-08-19
CHL,Chile,2018,2026,11993,0,0,1989,0,0,285122,0,unhcr_population,2025-12-31,2026-08-19T14:21:59Z,2026-08-19
CHL,Chile,2019,2046,8521,0,0,2073,0,0,452712,0,unhcr_population,2025-12-31,2026-08-19T14:21:59Z,2026-08-19
CHL,Chile,2020,2053,8069,0,0,1866,0,0,454547,0,unhcr_population,2025-12-31,2026-08-19T14:21:59Z,2026-08-19
CHL,Chile,2021,2065,10159,0,0,1847,0,0,500271,110526,unhcr_population,2025-12-31,2026-08-19T14:21:59Z,2026-08-19
CHL,Chile,2022,2133,11896,0,0,1927,0,0,436845,83995,unhcr_population,2025-12-31,2026-08-19T14:21:59Z,2026-08-19
CHL,Chile,2023,2338,12694,0,1708,1708,0,0,435728,101855,unhcr_population,2025-12-31,2026-08-19T14:21:59Z,2026-08-19
CHL,Chile,2024,2443,13345,0,1688,0,0,0,523727,101855,unhcr_population,2025-12-31,2026-08-19T14:21:59Z,2026-08-19
CHL,Chile,2025,2631,9561,0,1694,0,0,0,662504,874,unhcr_population,2025-12-31,2026-08-19T14:21:59Z,2026-08-19
CHN,China,1966,970,0,0,0,0,100,0,,0,unhcr_population,2025-12-31,2026-08-19T14:21:59Z,2026-08-19
CHN,China,1979,250000,0,0,0,0,0,0,,0,unhcr_population,2025-12-31,2026-08-19T14:21:59Z,2026-08-19
CHN,China,1980,263000,0,0,0,0,0,0,,0,unhcr_population,2025-12-31,2026-08-19T14:21:59Z,2026-08-19
CHN,China,1981,265000,0,0,0,0,0,0,,0,unhcr_population,2025-12-31,2026-08-19T14:21:59Z,2026-08-19
CHN,China,1982,272100,0,0,0,0,0,0,,0,unhcr_population,2025-12-31,2026-08-19T14:21:59Z,2026-08-19
CHN,China,1983,276630,0,0,0,0,0,0,,0,unhcr_population,2025-12-31,2026-08-19T14:21:59Z,2026-08-19
CHN,China,1984,279750,0,0,0,0,0,0,,0,unhcr_population,2025-12-31,2026-08-19T14:21:59Z,2026-08-19
CHN,China,1985,279670,0,0,0,0,0,0,,0,unhcr_population,2025-12-31,2026-08-19T14:21:59Z,2026-08-19
CHN,China,1986,281790,0,0,0,0,0,0,,0,unhcr_population,2025-12-31,2026-08-19T14:21:59Z,2026-08-19
CHN,China,1987,280600,0,0,0,0,0,0,,0,unhcr_population,2025-12-31,2026-08-19T14:21:59Z,2026-08-19
CHN,China,1988,284300,0,0,0,0,0,0,,0,unhcr_population,2025-12-31,2026-08-19T14:21:59Z,2026-08-19
CHN,China,1989,284300,0,0,0,0,0,0,,0,unhcr_population,2025-12-31,2026-08-19T14:21:59Z,2026-08-19
CHN,China,1990,287276,0,0,0,0,0,0,,0,unhcr_population,2025-12-31,2026-08-19T14:21:59Z,2026-08-19
CHN,China,1991,289061,0,0,0,0,1253,0,,0,unhcr_population,2025-12-31,2026-08-19T14:21:59Z,2026-08-19
CHN,China,1992,288123,0,0,0,0,1711,0,,0,unhcr_population,2025-12-31,2026-08-19T14:21:59Z,2026-08-19
CHN,China,1993,287424,0,0,0,0,281,0,,0,unhcr_population,2025-12-31,2026-08-19T14:21:59Z,2026-08-19
CHN,China,1994,287065,0,0,0,0,408,0,,0,unhcr_population,2025-12-31,2026-08-19T14:21:59Z,2026-08-19
CHN,China,1995,288310,0,0,0,0,66,0,,0,unhcr_population,2025-12-31,2026-08-19T14:21:59Z,2026-08-19
CHN,China,1996,290099,0,0,0,0,755,0,,0,unhcr_population,2025-12-31,2026-08-19T14:21:59Z,2026-08-19
CHN,China,1997,291506,0,0,0,0,554,0,,0,unhcr_population,2025-12-31,2026-08-19T14:21:59Z,2026-08-19
CHN,China,1998,292345,0,0,0,0,182,0,,0,unhcr_population,2025-12-31,2026-08-19T14:21:59Z,2026-08-19
CHN,China,1999,293297,0,0,0,0,0,0,,0,unhcr_population,2025-12-31,2026-08-19T14:21:59Z,2026-08-19
CHN,China,2000,294109,10,0,0,0,0,0,,0,unhcr_population,2025-12-31,2026-08-19T14:21:59Z,2026-08-19
CHN,China,2001,295321,0,0,0,0,0,0,,0,unhcr_population,2025-12-31,2026-08-19T14:21:59Z,2026-08-19
CHN,China,2002,297273,5,0,0,0,0,0,,0,unhcr_population,2025-12-31,2026-08-19T14:21:59Z,2026-08-19
CHN,China,2003,299347,39,0,0,0,0,0,,0,unhcr_population,2025-12-31,2026-08-19T14:21:59Z,2026-08-19
CHN,China,2004,299367,35,0,0,0,5,0,,0,unhcr_population,2025-12-31,2026-08-19T14:21:59Z,2026-08-19
CHN,China,2005,301039,68,0,0,0,0,0,,0,unhcr_population,2025-12-31,2026-08-19T14:21:59Z,2026-08-19
CHN,China,2006,301024,72,0,0,19,0,0,,0,unhcr_population,2025-12-31,2026-08-19T14:21:59Z,2026-08-19
CHN,China,2007,301075,59,0,0,22,0,0,,0,unhcr_population,2025-12-31,2026-08-19T14:21:59Z,2026-08-19
CHN,China,2008,300966,12,0,0,5,12,0,,0,unhcr_population,2025-12-31,2026-08-19T14:21:59Z,2026-08-19
CHN,China,2009,300985,39,0,0,5,0,0,,0,unhcr_population,2025-12-31,2026-08-19T14:21:59Z,2026-08-19
CHN,China,2010,300984,120,0,0,0,0,0,,0,unhcr_population,2025-12-31,2026-08-19T14:21:59Z,2026-08-19
CHN,China,2011,301016,26,0,0,0,0,0,,0,unhcr_population,2025-12-31,2026-08-19T14:21:59Z,2026-08-19
CHN,China,2012,301037,253,0,0,0,0,0,,0,unhcr_population,2025-12-31,2026-08-19T14:21:59Z,2026-08-19
CHN,China,2013,301045,374,0,0,0,0,0,,0,unhcr_population,2025-12-31,2026-08-19T14:21:59Z,2026-08-19
CHN,China,2014,301052,447,0,0,0,0,0,,0,unhcr_population,2025-12-31,2026-08-19T14:21:59Z,2026-08-19
CHN,China,2015,301044,672,0,0,0,0,0,,0,unhcr_population,2025-12-31,2026-08-19T14:21:59Z,2026-08-19
CHN,China,2016,317254,647,0,0,0,0,0,,0,unhcr_population,2025-12-31,2026-08-19T14:21:59Z,2026-08-19
CHN,China,2017,321714,691,0,0,0,0,0,,0,unhcr_population,2025-12-31,2026-08-19T14:21:59Z,2026-08-19
CHN,China,2018,321758,583,0,0,0,0,0,,0,unhcr_population,2025-12-31,2026-08-19T14:21:59Z,2026-08-19
CHN,China,2019,303379,644,0,0,0,5,0,,0,unhcr_population,2025-12-31,2026-08-19T14:21:59Z,2026-08-19
CHN,China,2020,303405,743,0,0,0,0,0,,0,unhcr_population,2025-12-31,2026-08-19T14:21:59Z,2026-08-19
CHN,China,2021,303436,785,0,0,0,0,0,,0,unhcr_population,2025-12-31,2026-08-19T14:21:59Z,2026-08-19
CHN,China,2022,320,785,0,0,0,0,0,,0,unhcr_population,2025-12-31,2026-08-19T14:21:59Z,2026-08-19
CHN,China,2023,296,699,0,0,0,5,0,,0,unhcr_population,2025-12-31,2026-08-19T14:21:59Z,2026-08-19
CHN,China,2024,261,553,0,0,0,0,0,,0,unhcr_population,2025-12-31,2026-08-19T14:21:59Z,2026-08-19
CHN,China,2025,230,482,0,0,0,10,0,,0,unhcr_population,2025-12-31,2026-08-19T14:21:59Z,2026-08-19
CIV,Cote d'Ivoire,1969,12000,0,0,0,0,0,0,,0,unhcr_population,2025-12-31,2026-08-19T14:21:59Z,2026-08-19
CIV,Cote d'Ivoire,1971,300,0,0,0,0,0,0,,0,unhcr_population,2025-12-31,2026-08-19T14:21:59Z,2026-08-19
CIV,Cote d'Ivoire,1975,300000,0,0,0,0,0,0,,0,unhcr_population,2025-12-31,2026-08-19T14:21:59Z,2026-08-19
CIV,Cote d'Ivoire,1976,500070,0,0,0,0,0,0,,0,unhcr_population,2025-12-31,2026-08-19T14:21:59Z,2026-08-19
CIV,Cote d'Ivoire,1983,450,0,0,0,0,0,0,,0,unhcr_population,2025-12-31,2026-08-19T14:21:59Z,2026-08-19
CIV,Cote d'Ivoire,1984,650,0,0,0,0,0,0,,0,unhcr_population,2025-12-31,2026-08-19T14:21:59Z,2026-08-19
CIV,Cote d'Ivoire,1985,810,0,0,0,0,0,0,,0,unhcr_population,2025-12-31,2026-08-19T14:21:59Z,2026-08-19
CIV,Cote d'Ivoire,1986,880,0,0,0,0,0,0,,0,unhcr_population,2025-12-31,2026-08-19T14:21:59Z,2026-08-19
CIV,Cote d'Ivoire,1987,800,0,0,0,0,60,0,,0,unhcr_population,2025-12-31,2026-08-19T14:21:59Z,2026-08-19
CIV,Cote d'Ivoire,1988,800,0,0,0,0,0,0,,0,unhcr_population,2025-12-31,2026-08-19T14:21:59Z,2026-08-19
CIV,Cote d'Ivoire,1989,480,0,0,0,0,0,0,,0,unhcr_population,2025-12-31,2026-08-19T14:21:59Z,2026-08-19
CIV,Cote d'Ivoire,1990,272281,0,0,0,0,0,0,,0,unhcr_population,2025-12-31,2026-08-19T14:21:59Z,2026-08-19
CIV,Cote d'Ivoire,1991,230290,0,0,0,0,0,0,,0,unhcr_population,2025-12-31,2026-08-19T14:21:59Z,2026-08-19
CIV,Cote d'Ivoire,1992,174076,0,0,0,0,0,0,,0,unhcr_population,2025-12-31,2026-08-19T14:21:59Z,2026-08-19
CIV,Cote d'Ivoire,1993,251578,0,0,0,0,9357,0,,0,unhcr_population,2025-12-31,2026-08-19T14:21:59Z,2026-08-19
CIV,Cote d'Ivoire,1994,360106,0,0,0,0,3030,0,,0,unhcr_population,2025-12-31,2026-08-19T14:21:59Z,2026-08-19
CIV,Cote d'Ivoire,1995,297908,0,0,0,0,400,0,,0,unhcr_population,2025-12-31,2026-08-19T14:21:59Z,2026-08-19
CIV,Cote d'Ivoire,1996,327696,0,0,0,0,132,0,,0,unhcr_population,2025-12-31,2026-08-19T14:21:59Z,2026-08-19
CIV,Cote d'Ivoire,1997,208509,0,0,0,0,587,0,,0,unhcr_population,2025-12-31,2026-08-19T14:21:59Z,2026-08-19
CIV,Cote d'Ivoire,1998,151187,0,0,0,0,100563,0,,0,unhcr_population,2025-12-31,2026-08-19T14:21:59Z,2026-08-19
CIV,Cote d'Ivoire,1999,138433,0,0,0,0,31633,0,,0,unhcr_population,2025-12-31,2026-08-19T14:21:59Z,2026-08-19
CIV,Cote d'Ivoire,2000,120694,2239,0,0,0,28284,0,,0,unhcr_population,2025-12-31,2026-08-19T14:21:59Z,2026-08-19
CIV,Cote d'Ivoire,2001,126239,2321,0,0,0,2119,0,,0,unhcr_population,2025-12-31,2026-08-19T14:21:59Z,2026-08-19
CIV,Cote d'Ivoire,2002,44751,1139,100000,0,0,22112,0,,0,unhcr_population,2025-12-31,2026-08-19T14:21:59Z,2026-08-19
CIV,Cote d'Ivoire,2003,75967,1318,38039,0,0,21056,0,,0,unhcr_population,2025-12-31,2026-08-19T14:21:59Z,2026-08-19
CIV,Cote d'Ivoire,2004,72084,2102,38039,0,0,16826,0,,0,unhcr_population,2025-12-31,2026-08-19T14:21:59Z,2026-08-19
CIV,Cote d'Ivoire,2005,41624,2436,38039,0,0,33011,0,,0,unhcr_population,2025-12-31,2026-08-19T14:21:59Z,2026-08-19
CIV,Cote d'Ivoire,2006,27279,2301,709228,0,0,14993,149,,0,unhcr_population,2025-12-31,2026-08-19T14:21:59Z,2026-08-19
CIV,Cote d'Ivoire,2007,24640,1770,709048,0,0,5771,180,,0,unhcr_population,2025-12-31,2026-08-19T14:21:59Z,2026-08-19
CIV,Cote d'Ivoire,2008,24802,293,683956,0,0,15,25092,,0,unhcr_population,2025-12-31,2026-08-19T14:21:59Z,2026-08-19
CIV,Cote d'Ivoire,2009,24598,217,519140,0,0,427,166816,,0,unhcr_population,2025-12-31,2026-08-19T14:21:59Z,2026-08-19
CIV,Cote d'Ivoire,2010,26213,246,514515,0,0,926,22625,,0,unhcr_population,2025-12-31,2026-08-19T14:21:59Z,2026-08-19
CIV,Cote d'Ivoire,2011,24212,659,126668,0,938,1179,466808,,0,unhcr_population,2025-12-31,2026-08-19T14:21:59Z,2026-08-19
CIV,Cote d'Ivoire,2012,3972,508,45000,700000,332,17590,96010,,0,unhcr_population,2025-12-31,2026-08-19T14:21:59Z,2026-08-19
CIV,Cote d'Ivoire,2013,2970,596,24000,700000,132,48,21000,,0,unhcr_population,2025-12-31,2026-08-19T14:21:59Z,2026-08-19
CIV,Cote d'Ivoire,2014,1918,660,24000,700000,59,0,0,,0,unhcr_population,2025-12-31,2026-08-19T14:21:59Z,2026-08-19
CIV,Cote d'Ivoire,2015,1972,644,308272,700000,54,63,399,,0,unhcr_population,2025-12-31,2026-08-19T14:21:59Z,2026-08-19
CIV,Cote d'Ivoire,2016,1397,276,0,694000,118,5,0,,0,unhcr_population,2025-12-31,2026-08-19T14:21:59Z,2026-08-19
CIV,Cote d'Ivoire,2017,1559,368,0,692000,165,21,0,,0,unhcr_population,2025-12-31,2026-08-19T14:21:59Z,2026-08-19
CIV,Cote d'Ivoire,2018,1808,198,0,692000,104,14,0,,0,unhcr_population,2025-12-31,2026-08-19T14:21:59Z,2026-08-19
CIV,Cote d'Ivoire,2019,2020,151,0,955399,65,10,0,,0,unhcr_population,2025-12-31,2026-08-19T14:21:59Z,2026-08-19
CIV,Cote d'Ivoire,2020,2086,224,5394,954531,50,37,11338,,0,unhcr_population,2025-12-31,2026-08-19T14:21:59Z,2026-08-19
CIV,Cote d'Ivoire,2021,4349,129,0,931166,138,17,0,,0,unhcr_population,2025-12-31,2026-08-19T14:21:59Z,2026-08-19
CIV,Cote d'Ivoire,2022,2251,3561,0,931076,139,13,0,,0,unhcr_population,2025-12-31,2026-08-19T14:21:59Z,2026-08-19
CIV,Cote d'Ivoire,2023,2370,37460,0,930978,0,0,0,,0,unhcr_population,2025-12-31,2026-08-19T14:21:59Z,2026-08-19
CIV,Cote d'Ivoire,2024,2377,66799,0,930978,93,8,0,,0,unhcr_population,2025-12-31,2026-08-19T14:21:59Z,2026-08-19
CIV,Cote d'Ivoire,2025,74630,8177,0,930958,169,8,0,,0,unhcr_population,2025-12-31,2026-08-19T14:21:59Z,2026-08-19
CMR,Cameroon,1970,8000,0,0,0,0,0,0,,0,unhcr_population,2025-12-31,2026-08-19T14:21:59Z,2026-08-19
CMR,Cameroon,1975,30000,0,0,0,0,0,0,,0,unhcr_population,2025-12-31,2026-08-19T14:21:59Z,2026-08-19
CMR,Cameroon,1976,30000,0,0,0,0,0,0,,0,unhcr_population,2025-12-31,2026-08-19T14:21:59Z,2026-08-19
CMR,Cameroon,1977,30000,0,0,0,0,0,0,,0,unhcr_population,2025-12-31,2026-08-19T14:21:59Z,2026-08-19
CMR,Cameroon,1978,30000,0,0,0,0,0,0,,0,unhcr_population,2025-12-31,2026-08-19T14:21:59Z,2026-08-19
CMR,Cameroon,1979,19990,0,0,0,0,250,0,,0,unhcr_population,2025-12-31,2026-08-19T14:21:59Z,2026-08-19
CMR,Cameroon,1980,128000,0,0,0,0,0,0,,0,unhcr_population,2025-12-31,2026-08-19T14:21:59Z,2026-08-19
CMR,Cameroon,1981,172710,0,0,0,0,93310,0,,0,unhcr_population,2025-12-31,2026-08-19T14:21:59Z,2026-08-19
CMR,Cameroon,1982,36820,0,0,0,0,135890,0,,0,unhcr_population,2025-12-31,2026-08-19T14:21:59Z,2026-08-19
CMR,Cameroon,1983,4190,0,0,0,0,60,0,,0,unhcr_population,2025-12-31,2026-08-19T14:21:59Z,2026-08-19
CMR,Cameroon,1984,13690,0,0,0,0,5000,0,,0,unhcr_population,2025-12-31,2026-08-19T14:21:59Z,2026-08-19
CMR,Cameroon,1985,35150,0,0,0,0,0,0,,0,unhcr_population,2025-12-31,2026-08-19T14:21:59Z,2026-08-19
CMR,Cameroon,1986,53600,0,0,0,0,930,0,,0,unhcr_population,2025-12-31,2026-08-19T14:21:59Z,2026-08-19
CMR,Cameroon,1987,59190,0,0,0,0,370,0,,0,unhcr_population,2025-12-31,2026-08-19T14:21:59Z,2026-08-19
CMR,Cameroon,1988,51160,0,0,0,0,2820,0,,0,unhcr_population,2025-12-31,2026-08-19T14:21:59Z,2026-08-19
CMR,Cameroon,1989,48630,0,0,0,0,2730,0,,0,unhcr_population,2025-12-31,2026-08-19T14:21:59Z,2026-08-19
CMR,Cameroon,1990,49876,0,0,0,0,2430,0,,0,unhcr_population,2025-12-31,2026-08-19T14:21:59Z,2026-08-19
CMR,Cameroon,1991,45237,0,0,0,0,5500,0,,0,unhcr_population,2025-12-31,2026-08-19T14:21:59Z,2026-08-19
CMR,Cameroon,1992,42233,0,0,0,0,3430,0,,0,unhcr_population,2025-12-31,2026-08-19T14:21:59Z,2026-08-19
CMR,Cameroon,1993,44013,0,0,0,0,602,0,,0,unhcr_population,2025-12-31,2026-08-19T14:21:59Z,2026-08-19
CMR,Cameroon,1994,44036,0,0,0,0,310,0,,0,unhcr_population,2025-12-31,2026-08-19T14:21:59Z,2026-08-19
CMR,Cameroon,1995,45781,0,0,0,0,11,0,,0,unhcr_population,2025-12-31,2026-08-19T14:21:59Z,2026-08-19
CMR,Cameroon,1996,46407,0,0,0,0,734,0,,0,unhcr_population,2025-12-31,2026-08-19T14:21:59Z,2026-08-19
CMR,Cameroon,1997,47057,0,0,0,0,674,0,,0,unhcr_population,2025-12-31,2026-08-19T14:21:59Z,2026-08-19
CMR,Cameroon,1998,47826,0,0,0,0,210,0,,0,unhcr_population,2025-12-31,2026-08-19T14:21:59Z,2026-08-19
CMR,Cameroon,1999,49227,0,0,0,0,19,0,,0,unhcr_population,2025-12-31,2026-08-19T14:21:59Z,2026-08-19
CMR,Cameroon,2000,43680,1633,0,0,0,2289,0,,0,unhcr_population,2025-12-31,2026-08-19T14:21:59Z,2026-08-19
CMR,Cameroon,2001,41186,2577,0,0,0,3093,0,,0,unhcr_population,2025-12-31,2026-08-19T14:21:59Z,2026-08-19
CMR,Cameroon,2002,58288,5308,0,0,0,0,0,,0,unhcr_population,2025-12-31,2026-08-19T14:21:59Z,2026-08-19
CMR,Cameroon,2003,58583,5675,0,0,0,156,0,,0,unhcr_population,2025-12-31,2026-08-19T14:21:59Z,2026-08-19
CMR,Cameroon,2004,58861,6123,0,0,0,408,0,,0,unhcr_population,2025-12-31,2026-08-19T14:21:59Z,2026-08-19
CMR,Cameroon,2005,52042,6766,0,0,0,7444,0,,0,unhcr_population,2025-12-31,2026-08-19T14:21:59Z,2026-08-19
CMR,Cameroon,2006,35083,4160,0,0,0,41,0,,0,unhcr_population,2025-12-31,2026-08-19T14:21:59Z,2026-08-19
CMR,Cameroon,2007,60137,2149,0,0,0,140,0,,0,unhcr_population,2025-12-31,2026-08-19T14:21:59Z,2026-08-19
CMR,Cameroon,2008,81033,2221,0,0,0,4430,0,,0,unhcr_population,2025-12-31,2026-08-19T14:21:59Z,2026-08-19
CMR,Cameroon,2009,99950,1313,0,0,0,1054,0,,0,unhcr_population,2025-12-31,2026-08-19T14:21:59Z,2026-08-19
CMR,Cameroon,2010,104269,2378,0,0,0,64,0,,0,unhcr_population,2025-12-31,2026-08-19T14:21:59Z,2026-08-19
CMR,Cameroon,2011,100368,3289,0,0,0,2602,0,,0,unhcr_population,2025-12-31,2026-08-19T14:21:59Z,2026-08-19
CMR,Cameroon,2012,98961,3122,0,0,0,2099,0,,0,unhcr_population,2025-12-31,2026-08-19T14:21:59Z,2026-08-19
CMR,Cameroon,2013,114744,8324,0,0,0,395,0,,0,unhcr_population,2025-12-31,2026-08-19T14:21:59Z,2026-08-19
CMR,Cameroon,2014,264122,11736,0,0,0,43,0,,0,unhcr_population,2025-12-31,2026-08-19T14:21:59Z,2026-08-19
CMR,Cameroon,2015,342970,5356,92657,0,9,11250,18636,,0,unhcr_population,2025-12-31,2026-08-19T14:21:59Z,2026-08-19
CMR,Cameroon,2016,375413,3237,198889,0,28,6193,18213,,0,unhcr_population,2025-12-31,2026-08-19T14:21:59Z,2026-08-19
CMR,Cameroon,2017,337382,5765,221695,0,38,16512,33662,,0,unhcr_population,2025-12-31,2026-08-19T14:21:59Z,2026-08-19
CMR,Cameroon,2018,380327,8092,668494,0,25,17140,67653,,0,unhcr_population,2025-12-31,2026-08-19T14:21:59Z,2026-08-19
CMR,Cameroon,2019,406259,9930,950263,0,20,13718,347923,,0,unhcr_population,2025-12-31,2026-08-19T14:21:59Z,2026-08-19
CMR,Cameroon,2020,436396,6809,1032942,0,215,6545,465757,,0,unhcr_population,2025-12-31,2026-08-19T14:21:59Z,2026-08-19
CMR,Cameroon,2021,457269,8018,933138,0,1183,10573,53095,,0,unhcr_population,2025-12-31,2026-08-19T14:21:59Z,2026-08-19
CMR,Cameroon,2022,473887,9247,989079,0,1081,10774,38159,,0,unhcr_population,2025-12-31,2026-08-19T14:21:59Z,2026-08-19
CMR,Cameroon,2023,485285,10288,1075252,0,13827,5648,15050,,0,unhcr_population,2025-12-31,2026-08-19T14:21:59Z,2026-08-19
CMR,Cameroon,2024,427706,16034,1036775,0,848,24190,12811,,0,unhcr_population,2025-12-31,2026-08-19T14:21:59Z,2026-08-19
CMR,Cameroon,2025,408613,18553,1004257,0,809,13849,0,,0,unhcr_population,2025-12-31,2026-08-19T14:21:59Z,2026-08-19
COD,Dem. Rep. of the Congo,1960,150000,0,0,0,0,0,0,,0,unhcr_population,2025-12-31,2026-08-19T14:21:59Z,2026-08-19
COD,Dem. Rep. of the Congo,1961,203000,0,0,0,0,0,0,,0,unhcr_population,2025-12-31,2026-08-19T14:21:59Z,2026-08-19
COD,Dem. Rep. of the Congo,1962,223000,0,0,0,0,0,0,,0,unhcr_population,2025-12-31,2026-08-19T14:21:59Z,2026-08-19
COD,Dem. Rep. of the Congo,1963,237000,0,0,0,0,0,0,,0,unhcr_population,2025-12-31,2026-08-19T14:21:59Z,2026-08-19
COD,Dem. Rep. of the Congo,1964,236000,0,0,0,0,0,0,,0,unhcr_population,2025-12-31,2026-08-19T14:21:59Z,2026-08-19
COD,Dem. Rep. of the Congo,1965,265000,0,0,0,0,1300,0,,0,unhcr_population,2025-12-31,2026-08-19T14:21:59Z,2026-08-19
COD,Dem. Rep. of the Congo,1966,357100,0,0,0,0,0,0,,0,unhcr_population,2025-12-31,2026-08-19T14:21:59Z,2026-08-19
COD,Dem. Rep. of the Congo,1967,434100,0,0,0,0,0,0,,0,unhcr_population,2025-12-31,2026-08-19T14:21:59Z,2026-08-19
COD,Dem. Rep. of the Congo,1968,475400,0,0,0,0,0,0,,0,unhcr_population,2025-12-31,2026-08-19T14:21:59Z,2026-08-19
COD,Dem. Rep. of the Congo,1969,496300,0,0,0,0,250,0,,0,unhcr_population,2025-12-31,2026-08-19T14:21:59Z,2026-08-19
COD,Dem. Rep. of the Congo,1970,489000,0,0,0,0,4000,0,,0,unhcr_population,2025-12-31,2026-08-19T14:21:59Z,2026-08-19
COD,Dem. Rep. of the Congo,1971,474250,0,0,0,0,10000,0,,0,unhcr_population,2025-12-31,2026-08-19T14:21:59Z,2026-08-19
COD,Dem. Rep. of the Congo,1972,495250,0,0,0,0,15000,0,,0,unhcr_population,2025-12-31,2026-08-19T14:21:59Z,2026-08-19
COD,Dem. Rep. of the Congo,1973,460050,0,0,0,0,36010,0,,0,unhcr_population,2025-12-31,2026-08-19T14:21:59Z,2026-08-19
COD,Dem. Rep. of the Congo,1974,503250,0,0,0,0,0,0,,0,unhcr_population,2025-12-31,2026-08-19T14:21:59Z,2026-08-19
COD,Dem. Rep. of the Congo,1975,510000,0,0,0,0,0,0,,0,unhcr_population,2025-12-31,2026-08-19T14:21:59Z,2026-08-19
COD,Dem. Rep. of the Congo,1976,515000,0,0,0,0,0,0,,0,unhcr_population,2025-12-31,2026-08-19T14:21:59Z,2026-08-19
COD,Dem. Rep. of the Congo,1977,530300,0,0,0,0,0,0,,0,unhcr_population,2025-12-31,2026-08-19T14:21:59Z,2026-08-19
COD,Dem. Rep. of the Congo,1978,653000,0,0,0,0,60330,0,,0,unhcr_population,2025-12-31,2026-08-19T14:21:59Z,2026-08-19
COD,Dem. Rep. of the Congo,1979,710480,0,0,0,0,70000,0,,0,unhcr_population,2025-12-31,2026-08-19T14:21:59Z,2026-08-19
COD,Dem. Rep. of the Congo,1980,611110,0,0,0,0,230000,0,,0,unhcr_population,2025-12-31,2026-08-19T14:21:59Z,2026-08-19
COD,Dem. Rep. of the Congo,1981,576740,0,0,0,0,40000,0,,0,unhcr_population,2025-12-31,2026-08-19T14:21:59Z,2026-08-19
COD,Dem. Rep. of the Congo,1982,497600,0,0,0,0,123800,0,,0,unhcr_population,2025-12-31,2026-08-19T14:21:59Z,2026-08-19
COD,Dem. Rep. of the Congo,1983,303500,0,0,0,0,3110,0,,0,unhcr_population,2025-12-31,2026-08-19T14:21:59Z,2026-08-19
COD,Dem. Rep. of the Congo,1984,337330,0,0,0,0,16190,0,,0,unhcr_population,2025-12-31,2026-08-19T14:21:59Z,2026-08-19
COD,Dem. Rep. of the Congo,1985,283000,0,0,0,0,59140,0,,0,unhcr_population,2025-12-31,2026-08-19T14:21:59Z,2026-08-19
COD,Dem. Rep. of the Congo,1986,301230,0,0,0,0,2770,0,,0,unhcr_population,2025-12-31,2026-08-19T14:21:59Z,2026-08-19
COD,Dem. Rep. of the Congo,1987,320000,0,0,0,0,16050,0,,0,unhcr_population,2025-12-31,2026-08-19T14:21:59Z,2026-08-19
COD,Dem. Rep. of the Congo,1988,340675,0,0,0,0,1810,0,,0,unhcr_population,2025-12-31,2026-08-19T14:21:59Z,2026-08-19
COD,Dem. Rep. of the Congo,1989,340689,0,0,0,0,5880,0,,0,unhcr_population,2025-12-31,2026-08-19T14:21:59Z,2026-08-19
COD,Dem. Rep. of the Congo,1990,416435,0,0,0,0,7000,0,,0,unhcr_population,2025-12-31,2026-08-19T14:21:59Z,2026-08-19
COD,Dem. Rep. of the Congo,1991,482959,0,0,0,0,35210,0,,0,unhcr_population,2025-12-31,2026-08-19T14:21:59Z,2026-08-19
COD,Dem. Rep. of the Congo,1992,391127,0,0,0,0,114840,0,,0,unhcr_population,2025-12-31,2026-08-19T14:21:59Z,2026-08-19
COD,Dem. Rep. of the Congo,1993,572070,0,0,0,0,10609,0,,0,unhcr_population,2025-12-31,2026-08-19T14:21:59Z,2026-08-19
COD,Dem. Rep. of the Congo,1994,1724365,0,0,0,0,455016,0,,0,unhcr_population,2025-12-31,2026-08-19T14:21:59Z,2026-08-19
COD,Dem. Rep. of the Congo,1995,1433760,0,0,0,0,102598,0,,0,unhcr_population,2025-12-31,2026-08-19T14:21:59Z,2026-08-19
COD,Dem. Rep. of the Congo,1996,675972,0,0,0,0,882617,0,,0,unhcr_population,2025-12-31,2026-08-19T14:21:59Z,2026-08-19
COD,Dem. Rep. of the Congo,1997,297536,0,0,0,0,243592,0,,0,unhcr_population,2025-12-31,2026-08-19T14:21:59Z,2026-08-19
COD,Dem. Rep. of the Congo,1998,240214,0,0,0,0,51676,0,,0,unhcr_population,2025-12-31,2026-08-19T14:21:59Z,2026-08-19
COD,Dem. Rep. of the Congo,1999,285270,0,0,0,0,108251,0,,0,unhcr_population,2025-12-31,2026-08-19T14:21:59Z,2026-08-19
COD,Dem. Rep. of the Congo,2000,332509,143,3000,0,0,36253,0,,0,unhcr_population,2025-12-31,2026-08-19T14:21:59Z,2026-08-19
COD,Dem. Rep. of the Congo,2001,362014,299,3458,0,0,28124,0,,0,unhcr_population,2025-12-31,2026-08-19T14:21:59Z,2026-08-19
COD,Dem. Rep. of the Congo,2002,332978,391,9000,0,0,49656,0,,0,unhcr_population,2025-12-31,2026-08-19T14:21:59Z,2026-08-19
COD,Dem. Rep. of the Congo,2003,234033,441,0,0,0,104157,0,,0,unhcr_population,2025-12-31,2026-08-19T14:21:59Z,2026-08-19
COD,Dem. Rep. of the Congo,2004,199323,348,0,0,0,46313,0,,0,unhcr_population,2025-12-31,2026-08-19T14:21:59Z,2026-08-19
COD,Dem. Rep. of the Congo,2005,204341,139,0,0,0,47434,0,,0,unhcr_population,2025-12-31,2026-08-19T14:21:59Z,2026-08-19
COD,Dem. Rep. of the Congo,2006,208371,93,1075297,0,0,47735,490000,,0,unhcr_population,2025-12-31,2026-08-19T14:21:59Z,2026-08-19
COD,Dem. Rep. of the Congo,2007,177390,96,1317879,0,0,20379,1000000,,0,unhcr_population,2025-12-31,2026-08-19T14:21:59Z,2026-08-19
COD,Dem. Rep. of the Congo,2008,155162,5,1460102,0,10,20942,0,,0,unhcr_population,2025-12-31,2026-08-19T14:21:59Z,2026-08-19
COD,Dem. Rep. of the Congo,2009,185809,637,2052677,0,8,14901,78859,,0,unhcr_population,2025-12-31,2026-08-19T14:21:59Z,2026-08-19
COD,Dem. Rep. of the Congo,2010,166333,920,1721382,0,0,14454,460754,,0,unhcr_population,2025-12-31,2026-08-19T14:21:59Z,2026-08-19
COD,Dem. Rep. of the Congo,2011,152748,1131,1709278,0,0,13872,822688,,0,unhcr_population,2025-12-31,2026-08-19T14:21:59Z,2026-08-19
COD,Dem. Rep. of the Congo,2012,65106,1821,2669069,0,71815,26829,304596,,0,unhcr_population,2025-12-31,2026-08-19T14:21:59Z,2026-08-19
COD,Dem. Rep. of the Congo,2013,113357,1453,2963799,0,71257,8697,595200,,0,unhcr_population,2025-12-31,2026-08-19T14:21:59Z,2026-08-19
COD,Dem. Rep. of the Congo,2014,119752,1182,2756585,0,153136,19028,561073,,0,unhcr_population,2025-12-31,2026-08-19T14:21:59Z,2026-08-19
COD,Dem. Rep. of the Congo,2015,383095,978,1555112,0,14474,10822,736837,,0,unhcr_population,2025-12-31,2026-08-19T14:21:59Z,2026-08-19
COD,Dem. Rep. of the Congo,2016,451957,1324,2232900,0,0,21881,619600,,0,unhcr_population,2025-12-31,2026-08-19T14:21:59Z,2026-08-19
COD,Dem. Rep. of the Congo,2017,537089,807,4351376,0,0,51625,255635,,0,unhcr_population,2025-12-31,2026-08-19T14:21:59Z,2026-08-19
COD,Dem. Rep. of the Congo,2018,529065,5770,4516866,0,0,7885,0,,0,unhcr_population,2025-12-31,2026-08-19T14:21:59Z,2026-08-19
COD,Dem. Rep. of the Congo,2019,523733,3192,5014253,0,0,20766,2134349,,0,unhcr_population,2025-12-31,2026-08-19T14:21:59Z,2026-08-19
COD,Dem. Rep. of the Congo,2020,490243,1480,5198131,0,0,9937,1434272,,0,unhcr_population,2025-12-31,2026-08-19T14:21:59Z,2026-08-19
COD,Dem. Rep. of the Congo,2021,524148,2218,5407840,0,0,29258,1041368,,0,unhcr_population,2025-12-31,2026-08-19T14:21:59Z,2026-08-19
COD,Dem. Rep. of the Congo,2022,520544,2147,5541021,0,49,10166,1216942,,0,unhcr_population,2025-12-31,2026-08-19T14:21:59Z,2026-08-19
COD,Dem. Rep. of the Congo,2023,523392,3106,6251790,0,61,10423,1833092,,0,unhcr_population,2025-12-31,2026-08-19T14:21:59Z,2026-08-19
COD,Dem. Rep. of the Congo,2024,517404,1041,6905511,0,82,15466,2361409,,0,unhcr_population,2025-12-31,2026-08-19T14:21:59Z,2026-08-19
COD,Dem. Rep. of the Congo,2025,503732,100112,5669479,0,92,23262,3582665,,0,unhcr_population,2025-12-31,2026-08-19T14:21:59Z,2026-08-19
COG,Congo,1969,500,0,0,0,0,0,0,,0,unhcr_population,2025-12-31,2026-08-19T14:21:59Z,2026-08-19
COG,Congo,1970,500,0,0,0,0,0,0,,0,unhcr_population,2025-12-31,2026-08-19T14:21:59Z,2026-08-19
COG,Congo,1974,10000,0,0,0,0,0,0,,0,unhcr_population,2025-12-31,2026-08-19T14:21:59Z,2026-08-19
COG,Congo,1975,5000,0,0,0,0,0,0,,0,unhcr_population,2025-12-31,2026-08-19T14:21:59Z,2026-08-19
COG,Congo,1978,150,0,0,0,0,850,0,,0,unhcr_population,2025-12-31,2026-08-19T14:21:59Z,2026-08-19
COG,Congo,1981,0,0,0,0,0,80,0,,0,unhcr_population,2025-12-31,2026-08-19T14:21:59Z,2026-08-19
COG,Congo,1983,1000,0,0,0,0,0,0,,0,unhcr_population,2025-12-31,2026-08-19T14:21:59Z,2026-08-19
COG,Congo,1984,1000,0,0,0,0,0,0,,0,unhcr_population,2025-12-31,2026-08-19T14:21:59Z,2026-08-19
COG,Congo,1985,1200,0,0,0,0,0,0,,0,unhcr_population,2025-12-31,2026-08-19T14:21:59Z,2026-08-19
COG,Congo,1986,1580,0,0,0,0,0,0,,0,unhcr_population,2025-12-31,2026-08-19T14:21:59Z,2026-08-19
COG,Congo,1987,2120,0,0,0,0,0,0,,0,unhcr_population,2025-12-31,2026-08-19T14:21:59Z,2026-08-19
COG,Congo,1988,2160,0,0,0,0,50,0,,0,unhcr_population,2025-12-31,2026-08-19T14:21:59Z,2026-08-19
COG,Congo,1989,3401,0,0,0,0,90,0,,0,unhcr_population,2025-12-31,2026-08-19T14:21:59Z,2026-08-19
COG,Congo,1990,2990,0,0,0,0,50,0,,0,unhcr_population,2025-12-31,2026-08-19T14:21:59Z,2026-08-19
COG,Congo,1991,3395,0,0,0,0,200,0,,0,unhcr_population,2025-12-31,2026-08-19T14:21:59Z,2026-08-19
COG,Congo,1992,3385,0,0,0,0,180,0,,0,unhcr_population,2025-12-31,2026-08-19T14:21:59Z,2026-08-19
COG,Congo,1993,13646,0,0,0,0,110,0,,0,unhcr_population,2025-12-31,2026-08-19T14:21:59Z,2026-08-19
COG,Congo,1994,15522,0,0,0,0,0,0,,0,unhcr_population,2025-12-31,2026-08-19T14:21:59Z,2026-08-19
COG,Congo,1995,19404,0,0,0,0,27,0,,0,unhcr_population,2025-12-31,2026-08-19T14:21:59Z,2026-08-19
COG,Congo,1996,20451,0,0,0,0,0,0,,0,unhcr_population,2025-12-31,2026-08-19T14:21:59Z,2026-08-19
COG,Congo,1997,20700,0,0,0,0,1755,0,,0,unhcr_population,2025-12-31,2026-08-19T14:21:59Z,2026-08-19
COG,Congo,1998,27176,0,0,0,0,1045,0,,0,unhcr_population,2025-12-31,2026-08-19T14:21:59Z,2026-08-19
COG,Congo,1999,39870,0,0,0,0,849,0,,0,unhcr_population,2025-12-31,2026-08-19T14:21:59Z,2026-08-19
COG,Congo,2000,123190,875,0,0,0,1407,0,,0,unhcr_population,2025-12-31,2026-08-19T14:21:59Z,2026-08-19
COG,Congo,2001,119146,2436,0,0,0,2385,0,,0,unhcr_population,2025-12-31,2026-08-19T14:21:59Z,2026-08-19
COG,Congo,2002,109201,2754,0,0,0,36,0,,0,unhcr_population,2025-12-31,2026-08-19T14:21:59Z,2026-08-19
COG,Congo,2003,91362,3222,0,0,0,7931,0,,0,unhcr_population,2025-12-31,2026-08-19T14:21:59Z,2026-08-19
COG,Congo,2004,68536,3230,0,0,0,1162,0,,0,unhcr_population,2025-12-31,2026-08-19T14:21:59Z,2026-08-19
COG,Congo,2005,66075,3482,0,0,0,8077,0,,0,unhcr_population,2025-12-31,2026-08-19T14:21:59Z,2026-08-19
COG,Congo,2006,55788,4287,3492,0,0,10628,1008,,0,unhcr_population,2025-12-31,2026-08-19T14:21:59Z,2026-08-19
COG,Congo,2007,38472,4791,0,0,0,21751,0,,0,unhcr_population,2025-12-31,2026-08-19T14:21:59Z,2026-08-19
COG,Congo,2008,24771,3250,0,0,0,13598,0,,0,unhcr_population,2025-12-31,2026-08-19T14:21:59Z,2026-08-19
COG,Congo,2009,111403,4915,0,0,0,122,0,,0,unhcr_population,2025-12-31,2026-08-19T14:21:59Z,2026-08-19
COG,Congo,2010,133099,5518,0,0,0,60,0,,0,unhcr_population,2025-12-31,2026-08-19T14:21:59Z,2026-08-19
COG,Congo,2011,141224,3008,0,0,334,818,0,,0,unhcr_population,2025-12-31,2026-08-19T14:21:59Z,2026-08-19
COG,Congo,2012,98446,3315,0,0,980,46593,0,,0,unhcr_population,2025-12-31,2026-08-19T14:21:59Z,2026-08-19
COG,Congo,2013,51033,2644,0,0,1055,62935,0,,0,unhcr_population,2025-12-31,2026-08-19T14:21:59Z,2026-08-19
COG,Congo,2014,54842,3192,0,0,1050,10277,0,,0,unhcr_population,2025-12-31,2026-08-19T14:21:59Z,2026-08-19
COG,Congo,2015,44952,4340,0,0,2858,274,0,,0,unhcr_population,2025-12-31,2026-08-19T14:21:59Z,2026-08-19
COG,Congo,2016,46454,6672,15303,0,3155,22,0,,0,unhcr_population,2025-12-31,2026-08-19T14:21:59Z,2026-08-19
COG,Congo,2017,48509,7092,107828,0,3862,30,0,,0,unhcr_population,2025-12-31,2026-08-19T14:21:59Z,2026-08-19
COG,Congo,2018,37491,9176,138000,0,12399,3557,0,,0,unhcr_population,2025-12-31,2026-08-19T14:21:59Z,2026-08-19
COG,Congo,2019,25668,14417,134430,0,11770,6226,5312,,0,unhcr_population,2025-12-31,2026-08-19T14:21:59Z,2026-08-19
COG,Congo,2020,27097,13622,134430,0,11920,737,0,,0,unhcr_population,2025-12-31,2026-08-19T14:21:59Z,2026-08-19
COG,Congo,2021,40765,13670,134430,0,10206,6,0,,0,unhcr_population,2025-12-31,2026-08-19T14:21:59Z,2026-08-19
COG,Congo,2022,41557,18356,26875,0,10286,198,0,,0,unhcr_population,2025-12-31,2026-08-19T14:21:59Z,2026-08-19
COG,Congo,2023,60637,6585,0,0,12545,0,0,,0,unhcr_population,2025-12-31,2026-08-19T14:21:59Z,2026-08-19
COG,Congo,2024,62052,7714,0,0,13377,46,0,,0,unhcr_population,2025-12-31,2026-08-19T14:21:59Z,2026-08-19
COG,Congo,2025,62500,8109,0,0,13201,321,0,,0,unhcr_population,2025-12-31,2026-08-19T14:21:59Z,2026-08-19
COL,Colombia,1970,1500,0,0,0,0,0,0,,0,unhcr_population,2025-12-31,2026-08-19T14:21:59Z,2026-08-19
COL,Colombia,1971,1400,0,0,0,0,0,0,,0,unhcr_population,2025-12-31,2026-08-19T14:21:59Z,2026-08-19
COL,Colombia,1972,1350,0,0,0,0,0,0,,0,unhcr_population,2025-12-31,2026-08-19T14:21:59Z,2026-08-19
COL,Colombia,1973,1450,0,0,0,0,0,0,,0,unhcr_population,2025-12-31,2026-08-19T14:21:59Z,2026-08-19
COL,Colombia,1974,1200,0,0,0,0,0,0,,0,unhcr_population,2025-12-31,2026-08-19T14:21:59Z,2026-08-19
COL,Colombia,1977,1800,0,0,0,0,0,0,,0,unhcr_population,2025-12-31,2026-08-19T14:21:59Z,2026-08-19
COL,Colombia,1978,1500,0,0,0,0,0,0,,0,unhcr_population,2025-12-31,2026-08-19T14:21:59Z,2026-08-19
COL,Colombia,1979,2000,0,0,0,0,0,0,,0,unhcr_population,2025-12-31,2026-08-19T14:21:59Z,2026-08-19
COL,Colombia,1980,2000,0,0,0,0,0,0,,0,unhcr_population,2025-12-31,2026-08-19T14:21:59Z,2026-08-19
COL,Colombia,1981,1800,0,0,0,0,0,0,,0,unhcr_population,2025-12-31,2026-08-19T14:21:59Z,2026-08-19
COL,Colombia,1982,150,0,0,0,0,0,0,,0,unhcr_population,2025-12-31,2026-08-19T14:21:59Z,2026-08-19
COL,Colombia,1983,210,0,0,0,0,0,0,,0,unhcr_population,2025-12-31,2026-08-19T14:21:59Z,2026-08-19
COL,Colombia,1984,330,0,0,0,0,0,0,,0,unhcr_population,2025-12-31,2026-08-19T14:21:59Z,2026-08-19
COL,Colombia,1985,400,0,0,0,0,0,0,,0,unhcr_population,2025-12-31,2026-08-19T14:21:59Z,2026-08-19
COL,Colombia,1986,240,0,0,0,0,0,0,,0,unhcr_population,2025-12-31,2026-08-19T14:21:59Z,2026-08-19
COL,Colombia,1987,680,0,0,0,0,0,0,,0,unhcr_population,2025-12-31,2026-08-19T14:21:59Z,2026-08-19
COL,Colombia,1988,720,0,0,0,0,0,0,,0,unhcr_population,2025-12-31,2026-08-19T14:21:59Z,2026-08-19
COL,Colombia,1989,700,0,0,0,0,0,0,,0,unhcr_population,2025-12-31,2026-08-19T14:21:59Z,2026-08-19
COL,Colombia,1990,460,0,0,0,0,110,0,,0,unhcr_population,2025-12-31,2026-08-19T14:21:59Z,2026-08-19
COL,Colombia,1991,450,0,0,0,0,60,0,,0,unhcr_population,2025-12-31,2026-08-19T14:21:59Z,2026-08-19
COL,Colombia,1992,478,0,0,0,0,0,0,,0,unhcr_population,2025-12-31,2026-08-19T14:21:59Z,2026-08-19
COL,Colombia,1993,296,0,0,0,0,13,0,,0,unhcr_population,2025-12-31,2026-08-19T14:21:59Z,2026-08-19
COL,Colombia,1994,312,0,0,0,0,16,0,,0,unhcr_population,2025-12-31,2026-08-19T14:21:59Z,2026-08-19
COL,Colombia,1995,220,0,0,0,0,5,0,,0,unhcr_population,2025-12-31,2026-08-19T14:21:59Z,2026-08-19
COL,Colombia,1996,222,0,0,0,0,0,0,,0,unhcr_population,2025-12-31,2026-08-19T14:21:59Z,2026-08-19
COL,Colombia,1997,223,0,0,0,0,0,0,,0,unhcr_population,2025-12-31,2026-08-19T14:21:59Z,2026-08-19
COL,Colombia,1998,226,0,0,0,0,0,0,,0,unhcr_population,2025-12-31,2026-08-19T14:21:59Z,2026-08-19
COL,Colombia,1999,232,0,0,0,0,5,0,,0,unhcr_population,2025-12-31,2026-08-19T14:21:59Z,2026-08-19
COL,Colombia,2000,244,12,525000,0,0,259,0,,0,unhcr_population,2025-12-31,2026-08-19T14:21:59Z,2026-08-19
COL,Colombia,2001,213,18,720000,0,0,12,0,,0,unhcr_population,2025-12-31,2026-08-19T14:21:59Z,2026-08-19
COL,Colombia,2002,208,7,950000,0,0,0,0,,0,unhcr_population,2025-12-31,2026-08-19T14:21:59Z,2026-08-19
COL,Colombia,2003,189,15,1244072,0,0,120,0,,0,unhcr_population,2025-12-31,2026-08-19T14:21:59Z,2026-08-19
COL,Colombia,2004,146,28,2000000,0,0,0,0,,0,unhcr_population,2025-12-31,2026-08-19T14:21:59Z,2026-08-19
COL,Colombia,2005,152,35,2000000,9,0,0,0,,0,unhcr_population,2025-12-31,2026-08-19T14:21:59Z,2026-08-19
COL,Colombia,2006,137,72,3000000,9,0,6,0,,0,unhcr_population,2025-12-31,2026-08-19T14:21:59Z,2026-08-19
COL,Colombia,2007,164,83,3000000,11,0,5,0,,0,unhcr_population,2025-12-31,2026-08-19T14:21:59Z,2026-08-19
COL,Colombia,2008,165,71,3000000,11,0,0,0,,0,unhcr_population,2025-12-31,2026-08-19T14:21:59Z,2026-08-19
COL,Colombia,2009,184,118,3303979,11,0,0,0,,0,unhcr_population,2025-12-31,2026-08-19T14:21:59Z,2026-08-19
COL,Colombia,2010,198,165,3672054,11,0,0,0,,0,unhcr_population,2025-12-31,2026-08-19T14:21:59Z,2026-08-19
COL,Colombia,2011,208,115,3888309,12,0,0,0,,0,unhcr_population,2025-12-31,2026-08-19T14:21:59Z,2026-08-19
COL,Colombia,2012,204,70,3943509,12,0,0,0,,0,unhcr_population,2025-12-31,2026-08-19T14:21:59Z,2026-08-19
COL,Colombia,2013,207,58,5368138,12,0,0,0,,0,unhcr_population,2025-12-31,2026-08-19T14:21:59Z,2026-08-19
COL,Colombia,2014,198,154,6044151,12,0,0,0,,0,unhcr_population,2025-12-31,2026-08-19T14:21:59Z,2026-08-19
COL,Colombia,2015,212,105,6939067,12,0,0,0,,0,unhcr_population,2025-12-31,2026-08-19T14:21:59Z,2026-08-19
COL,Colombia,2016,241,368,7410816,11,0,0,0,,0,unhcr_population,2025-12-31,2026-08-19T14:21:59Z,2026-08-19
COL,Colombia,2017,260,525,7677609,11,68734,0,0,,0,unhcr_population,2025-12-31,2026-08-19T14:21:59Z,2026-08-19
COL,Colombia,2018,294,2851,7816473,11,0,0,0,1171552,0,unhcr_population,2025-12-31,2026-08-19T14:21:59Z,2026-08-19
COL,Colombia,2019,634,9094,7976412,11,400000,0,0,1771237,0,unhcr_population,2025-12-31,2026-08-19T14:21:59Z,2026-08-19
COL,Colombia,2020,957,19933,8252788,11,500000,0,0,1729537,741889,unhcr_population,2025-12-31,2026-08-19T14:21:59Z,2026-08-19
COL,Colombia,2021,1504,28920,6766002,11,500000,0,0,1842390,741889,unhcr_population,2025-12-31,2026-08-19T14:21:59Z,2026-08-19
COL,Colombia,2022,1607,22675,6834492,11,522523,0,0,2453862,1102358,unhcr_population,2025-12-31,2026-08-19T14:21:59Z,2026-08-19
COL,Colombia,2023,1382,23842,6918373,0,516614,0,0,2851160,885300,unhcr_population,2025-12-31,2026-08-19T14:21:59Z,2026-08-19
COL,Colombia,2024,1306,29305,7031498,5,329,0,0,2779604,807700,unhcr_population,2025-12-31,2026-08-19T14:21:59Z,2026-08-19
COL,Colombia,2025,1464,17421,7157716,0,0,0,0,2810778,1124158,unhcr_population,2025-12-31,2026-08-19T14:21:59Z,2026-08-19
COM,Comoros,1990,0,0,0,0,0,60,0,,0,unhcr_population,2025-12-31,2026-08-19T14:21:59Z,2026-08-19
COM,Comoros,1992,0,0,0,0,0,350,0,,0,unhcr_population,2025-12-31,2026-08-19T14:21:59Z,2026-08-19
COM,Comoros,1999,9,0,0,0,0,0,0,,0,unhcr_population,2025-12-31,2026-08-19T14:21:59Z,2026-08-19
COM,Comoros,2000,13,0,0,0,0,0,0,,0,unhcr_population,2025-12-31,2026-08-19T14:21:59Z,2026-08-19
COM,Comoros,2001,12,0,0,0,0,0,0,,0,unhcr_population,2025-12-31,2026-08-19T14:21:59Z,2026-08-19
COM,Comoros,2002,0,0,0,0,0,5,0,,0,unhcr_population,2025-12-31,2026-08-19T14:21:59Z,2026-08-19
COM,Comoros,2021,27,0,0,0,0,0,0,,0,unhcr_population,2025-12-31,2026-08-19T14:21:59Z,2026-08-19
COM,Comoros,2022,12,5,0,0,0,0,0,,0,unhcr_population,2025-12-31,2026-08-19T14:21:59Z,2026-08-19
COM,Comoros,2023,10,0,0,0,0,5,0,,0,unhcr_population,2025-12-31,2026-08-19T14:21:59Z,2026-08-19
COM,Comoros,2024,5,13,0,0,0,0,0,,0,unhcr_population,2025-12-31,2026-08-19T14:21:59Z,2026-08-19
COM,Comoros,2025,5,14,0,0,0,5,0,,0,unhcr_population,2025-12-31,2026-08-19T14:21:59Z,2026-08-19
CPV,Cabo Verde,1991,5,0,0,0,0,0,0,,0,unhcr_population,2025-12-31,2026-08-19T14:21:59Z,2026-08-19
CPV,Cabo Verde,1999,0,0,0,0,0,456,0,,0,unhcr_population,2025-12-31,2026-08-19T14:21:59Z,2026-08-19
CPV,Cabo Verde,2000,0,0,0,0,0,73,0,,0,unhcr_population,2025-12-31,2026-08-19T14:21:59Z,2026-08-19
CPV,Cabo Verde,2014,0,0,0,115,0,0,0,,0,unhcr_population,2025-12-31,2026-08-19T14:21:59Z,2026-08-19
CPV,Cabo Verde,2015,0,0,0,115,0,0,0,,0,unhcr_population,2025-12-31,2026-08-19T14:21:59Z,2026-08-19
CPV,Cabo Verde,2016,0,0,0,115,0,0,0,,0,unhcr_population,2025-12-31,2026-08-19T14:21:59Z,2026-08-19
CPV,Cabo Verde,2017,0,0,0,115,0,0,0,,0,unhcr_population,2025-12-31,2026-08-19T14:21:59Z,2026-08-19
CPV,Cabo Verde,2018,0,0,0,115,0,0,0,,0,unhcr_population,2025-12-31,2026-08-19T14:21:59Z,2026-08-19
CPV,Cabo Verde,2019,0,0,0,115,0,0,0,,0,unhcr_population,2025-12-31,2026-08-19T14:21:59Z,2026-08-19
CPV,Cabo Verde,2020,0,0,0,115,0,0,0,,0,unhcr_population,2025-12-31,2026-08-19T14:21:59Z,2026-08-19
CPV,Cabo Verde,2021,0,0,0,115,0,0,0,,0,unhcr_population,2025-12-31,2026-08-19T14:21:59Z,2026-08-19
CPV,Cabo Verde,2022,0,0,0,115,0,0,0,,0,unhcr_population,2025-12-31,2026-08-19T14:21:59Z,2026-08-19
CPV,Cabo Verde,2023,0,0,0,115,0,0,0,,0,unhcr_population,2025-12-31,2026-08-19T14:21:59Z,2026-08-19
CPV,Cabo Verde,2024,0,0,0,115,0,0,0,,0,unhcr_population,2025-12-31,2026-08-19T14:21:59Z,2026-08-19
CPV,Cabo Verde,2025,0,0,0,115,0,0,0,,0,unhcr_population,2025-12-31,2026-08-19T14:21:59Z,2026-08-19
CRI,Costa Rica,1972,700,0,0,0,0,0,0,,0,unhcr_population,2025-12-31,2026-08-19T14:21:59Z,2026-08-19
CRI,Costa Rica,1974,200,0,0,0,0,0,0,,0,unhcr_population,2025-12-31,2026-08-19T14:21:59Z,2026-08-19
CRI,Costa Rica,1977,3500,0,0,0,0,0,0,,0,unhcr_population,2025-12-31,2026-08-19T14:21:59Z,2026-08-19
CRI,Costa Rica,1978,133000,0,0,0,0,0,0,,0,unhcr_population,2025-12-31,2026-08-19T14:21:59Z,2026-08-19
CRI,Costa Rica,1979,18610,0,0,0,0,35000,0,,0,unhcr_population,2025-12-31,2026-08-19T14:21:59Z,2026-08-19
CRI,Costa Rica,1980,10060,0,0,0,0,15000,0,,0,unhcr_population,2025-12-31,2026-08-19T14:21:59Z,2026-08-19
CRI,Costa Rica,1981,15000,0,0,0,0,0,0,,0,unhcr_population,2025-12-31,2026-08-19T14:21:59Z,2026-08-19
CRI,Costa Rica,1982,16360,0,0,0,0,240,0,,0,unhcr_population,2025-12-31,2026-08-19T14:21:59Z,2026-08-19
CRI,Costa Rica,1983,16910,0,0,0,0,0,0,,0,unhcr_population,2025-12-31,2026-08-19T14:21:59Z,2026-08-19
CRI,Costa Rica,1984,16910,0,0,0,0,300,0,,0,unhcr_population,2025-12-31,2026-08-19T14:21:59Z,2026-08-19
CRI,Costa Rica,1985,24000,0,0,0,0,0,0,,0,unhcr_population,2025-12-31,2026-08-19T14:21:59Z,2026-08-19
CRI,Costa Rica,1986,31200,0,0,0,0,0,0,,0,unhcr_population,2025-12-31,2026-08-19T14:21:59Z,2026-08-19
CRI,Costa Rica,1987,31600,0,0,0,0,260,0,,0,unhcr_population,2025-12-31,2026-08-19T14:21:59Z,2026-08-19
CRI,Costa Rica,1988,278800,0,0,0,0,760,0,,0,unhcr_population,2025-12-31,2026-08-19T14:21:59Z,2026-08-19
CRI,Costa Rica,1989,278800,0,0,0,0,1110,0,,0,unhcr_population,2025-12-31,2026-08-19T14:21:59Z,2026-08-19
CRI,Costa Rica,1990,276210,0,0,0,0,6810,0,,0,unhcr_population,2025-12-31,2026-08-19T14:21:59Z,2026-08-19
CRI,Costa Rica,1991,117492,0,0,0,0,5640,0,,0,unhcr_population,2025-12-31,2026-08-19T14:21:59Z,2026-08-19
CRI,Costa Rica,1992,114392,0,0,0,0,2240,0,,0,unhcr_population,2025-12-31,2026-08-19T14:21:59Z,2026-08-19
CRI,Costa Rica,1993,24834,0,0,0,0,355,0,,0,unhcr_population,2025-12-31,2026-08-19T14:21:59Z,2026-08-19
CRI,Costa Rica,1994,24630,0,0,0,0,21,0,,0,unhcr_population,2025-12-31,2026-08-19T14:21:59Z,2026-08-19
CRI,Costa Rica,1995,24226,0,0,0,0,5,0,,0,unhcr_population,2025-12-31,2026-08-19T14:21:59Z,2026-08-19
CRI,Costa Rica,1996,23176,0,0,0,0,1129,0,,0,unhcr_population,2025-12-31,2026-08-19T14:21:59Z,2026-08-19
CRI,Costa Rica,1997,23114,0,0,0,0,0,0,,0,unhcr_population,2025-12-31,2026-08-19T14:21:59Z,2026-08-19
CRI,Costa Rica,1998,22986,0,0,0,0,56,0,,0,unhcr_population,2025-12-31,2026-08-19T14:21:59Z,2026-08-19
CRI,Costa Rica,1999,22903,0,0,0,0,25,0,,0,unhcr_population,2025-12-31,2026-08-19T14:21:59Z,2026-08-19
CRI,Costa Rica,2000,5519,1089,0,0,0,8,0,,0,unhcr_population,2025-12-31,2026-08-19T14:21:59Z,2026-08-19
CRI,Costa Rica,2001,8104,2588,0,0,0,8,0,,0,unhcr_population,2025-12-31,2026-08-19T14:21:59Z,2026-08-19
CRI,Costa Rica,2002,12433,85,0,0,0,5,0,,0,unhcr_population,2025-12-31,2026-08-19T14:21:59Z,2026-08-19
CRI,Costa Rica,2003,13508,79,0,0,0,0,0,,0,unhcr_population,2025-12-31,2026-08-19T14:21:59Z,2026-08-19
CRI,Costa Rica,2004,10413,223,0,0,0,0,0,,0,unhcr_population,2025-12-31,2026-08-19T14:21:59Z,2026-08-19
CRI,Costa Rica,2005,11253,223,0,0,0,0,0,,0,unhcr_population,2025-12-31,2026-08-19T14:21:59Z,2026-08-19
CRI,Costa Rica,2006,11515,332,0,0,5055,0,0,,0,unhcr_population,2025-12-31,2026-08-19T14:21:59Z,2026-08-19
CRI,Costa Rica,2007,17176,503,0,0,0,0,0,,0,unhcr_population,2025-12-31,2026-08-19T14:21:59Z,2026-08-19
CRI,Costa Rica,2008,18119,441,0,0,0,0,0,,0,unhcr_population,2025-12-31,2026-08-19T14:21:59Z,2026-08-19
CRI,Costa Rica,2009,19101,575,0,0,0,0,0,,0,unhcr_population,2025-12-31,2026-08-19T14:21:59Z,2026-08-19
CRI,Costa Rica,2010,19486,377,0,0,0,40,0,,0,unhcr_population,2025-12-31,2026-08-19T14:21:59Z,2026-08-19
CRI,Costa Rica,2011,20044,451,0,0,0,5,0,,0,unhcr_population,2025-12-31,2026-08-19T14:21:59Z,2026-08-19
CRI,Costa Rica,2012,20435,624,0,0,0,5,0,,0,unhcr_population,2025-12-31,2026-08-19T14:21:59Z,2026-08-19
CRI,Costa Rica,2013,20554,593,0,0,0,0,0,,0,unhcr_population,2025-12-31,2026-08-19T14:21:59Z,2026-08-19
CRI,Costa Rica,2014,20726,1751,0,1200,0,0,0,,0,unhcr_population,2025-12-31,2026-08-19T14:21:59Z,2026-08-19
CRI,Costa Rica,2015,3603,3259,0,1806,0,0,0,,0,unhcr_population,2025-12-31,2026-08-19T14:21:59Z,2026-08-19
CRI,Costa Rica,2016,4162,3626,0,127,0,0,0,,0,unhcr_population,2025-12-31,2026-08-19T14:21:59Z,2026-08-19
CRI,Costa Rica,2017,4479,7428,0,71,0,0,0,,0,unhcr_population,2025-12-31,2026-08-19T14:21:59Z,2026-08-19
CRI,Costa Rica,2018,4531,32595,0,82,40,0,0,,0,unhcr_population,2025-12-31,2026-08-19T14:21:59Z,2026-08-19
CRI,Costa Rica,2019,6204,87154,0,231,69,0,0,20828,0,unhcr_population,2025-12-31,2026-08-19T14:21:59Z,2026-08-19
CRI,Costa Rica,2020,9593,89744,0,199,0,0,0,22401,0,unhcr_population,2025-12-31,2026-08-19T14:21:59Z,2026-08-19
CRI,Costa Rica,2021,10224,152507,0,168,10,0,0,21766,1863,unhcr_population,2025-12-31,2026-08-19T14:21:59Z,2026-08-19
CRI,Costa Rica,2022,14088,239640,0,235,45,0,0,16598,3051,unhcr_population,2025-12-31,2026-08-19T14:21:59Z,2026-08-19
CRI,Costa Rica,2023,23422,193718,0,327,32853,0,0,18448,3109,unhcr_population,2025-12-31,2026-08-19T14:21:59Z,2026-08-19
CRI,Costa Rica,2024,31632,217889,0,345,17101,0,0,13283,3115,unhcr_population,2025-12-31,2026-08-19T14:21:59Z,2026-08-19
CRI,Costa Rica,2025,36395,178212,0,465,662,0,0,19120,3203,unhcr_population,2025-12-31,2026-08-19T14:21:59Z,2026-08-19
CUB,Cuba,1974,1300,0,0,0,0,0,0,,0,unhcr_population,2025-12-31,2026-08-19T14:21:59Z,2026-08-19
CUB,Cuba,1977,2600,0,0,0,0,0,0,,0,unhcr_population,2025-12-31,2026-08-19T14:21:59Z,2026-08-19
CUB,Cuba,1978,4000,0,0,0,0,0,0,,0,unhcr_population,2025-12-31,2026-08-19T14:21:59Z,2026-08-19
CUB,Cuba,1979,3060,0,0,0,0,0,0,,0,unhcr_population,2025-12-31,2026-08-19T14:21:59Z,2026-08-19
CUB,Cuba,1980,2970,0,0,0,0,180,0,,0,unhcr_population,2025-12-31,2026-08-19T14:21:59Z,2026-08-19
CUB,Cuba,1981,2000,0,0,0,0,0,0,,0,unhcr_population,2025-12-31,2026-08-19T14:21:59Z,2026-08-19
CUB,Cuba,1982,2000,0,0,0,0,0,0,,0,unhcr_population,2025-12-31,2026-08-19T14:21:59Z,2026-08-19
CUB,Cuba,1983,2000,0,0,0,0,0,0,,0,unhcr_population,2025-12-31,2026-08-19T14:21:59Z,2026-08-19
CUB,Cuba,1984,2000,0,0,0,0,0,0,,0,unhcr_population,2025-12-31,2026-08-19T14:21:59Z,2026-08-19
CUB,Cuba,1985,2000,0,0,0,0,0,0,,0,unhcr_population,2025-12-31,2026-08-19T14:21:59Z,2026-08-19
CUB,Cuba,1986,2000,0,0,0,0,120,0,,0,unhcr_population,2025-12-31,2026-08-19T14:21:59Z,2026-08-19
CUB,Cuba,1987,2000,0,0,0,0,0,0,,0,unhcr_population,2025-12-31,2026-08-19T14:21:59Z,2026-08-19
CUB,Cuba,1988,2000,0,0,0,0,0,0,,0,unhcr_population,2025-12-31,2026-08-19T14:21:59Z,2026-08-19
CUB,Cuba,1989,3990,0,0,0,0,0,0,,0,unhcr_population,2025-12-31,2026-08-19T14:21:59Z,2026-08-19
CUB,Cuba,1990,3988,0,0,0,0,0,0,,0,unhcr_population,2025-12-31,2026-08-19T14:21:59Z,2026-08-19
CUB,Cuba,1992,5092,0,0,0,0,3060,0,,0,unhcr_population,2025-12-31,2026-08-19T14:21:59Z,2026-08-19
CUB,Cuba,1993,3611,0,0,0,0,1803,0,,0,unhcr_population,2025-12-31,2026-08-19T14:21:59Z,2026-08-19
CUB,Cuba,1994,1993,0,0,0,0,747,0,,0,unhcr_population,2025-12-31,2026-08-19T14:21:59Z,2026-08-19
CUB,Cuba,1995,1831,0,0,0,0,142,0,,0,unhcr_population,2025-12-31,2026-08-19T14:21:59Z,2026-08-19
CUB,Cuba,1996,1700,0,0,0,0,59,0,,0,unhcr_population,2025-12-31,2026-08-19T14:21:59Z,2026-08-19
CUB,Cuba,1997,1274,0,0,0,0,0,0,,0,unhcr_population,2025-12-31,2026-08-19T14:21:59Z,2026-08-19
CUB,Cuba,1998,1065,0,0,0,0,10,0,,0,unhcr_population,2025-12-31,2026-08-19T14:21:59Z,2026-08-19
CUB,Cuba,1999,956,0,0,0,0,5,0,,0,unhcr_population,2025-12-31,2026-08-19T14:21:59Z,2026-08-19
CUB,Cuba,2000,951,12,0,0,0,0,0,,0,unhcr_population,2025-12-31,2026-08-19T14:21:59Z,2026-08-19
CUB,Cuba,2001,1033,12,0,0,0,0,0,,0,unhcr_population,2025-12-31,2026-08-19T14:21:59Z,2026-08-19
CUB,Cuba,2002,1001,0,0,0,0,0,0,,0,unhcr_population,2025-12-31,2026-08-19T14:21:59Z,2026-08-19
CUB,Cuba,2003,833,5,0,0,0,0,0,,0,unhcr_population,2025-12-31,2026-08-19T14:21:59Z,2026-08-19
CUB,Cuba,2004,791,0,0,0,0,0,0,,0,unhcr_population,2025-12-31,2026-08-19T14:21:59Z,2026-08-19
CUB,Cuba,2005,697,26,0,0,0,0,0,,0,unhcr_population,2025-12-31,2026-08-19T14:21:59Z,2026-08-19
CUB,Cuba,2006,656,20,0,0,0,0,0,,0,unhcr_population,2025-12-31,2026-08-19T14:21:59Z,2026-08-19
CUB,Cuba,2007,617,9,0,0,0,0,0,,0,unhcr_population,2025-12-31,2026-08-19T14:21:59Z,2026-08-19
CUB,Cuba,2008,523,6,0,0,0,0,0,,0,unhcr_population,2025-12-31,2026-08-19T14:21:59Z,2026-08-19
CUB,Cuba,2009,445,0,0,0,0,0,0,,0,unhcr_population,2025-12-31,2026-08-19T14:21:59Z,2026-08-19
CUB,Cuba,2010,406,11,0,0,0,0,0,,0,unhcr_population,2025-12-31,2026-08-19T14:21:59Z,2026-08-19
CUB,Cuba,2011,381,0,0,0,0,0,0,,0,unhcr_population,2025-12-31,2026-08-19T14:21:59Z,2026-08-19
CUB,Cuba,2012,366,5,0,0,0,0,0,,0,unhcr_population,2025-12-31,2026-08-19T14:21:59Z,2026-08-19
CUB,Cuba,2013,377,0,0,0,0,0,0,,0,unhcr_population,2025-12-31,2026-08-19T14:21:59Z,2026-08-19
CUB,Cuba,2014,276,6,0,0,0,0,0,,0,unhcr_population,2025-12-31,2026-08-19T14:21:59Z,2026-08-19
CUB,Cuba,2015,300,23,0,0,0,0,0,,0,unhcr_population,2025-12-31,2026-08-19T14:21:59Z,2026-08-19
CUB,Cuba,2016,312,28,0,0,0,0,0,,0,unhcr_population,2025-12-31,2026-08-19T14:21:59Z,2026-08-19
CUB,Cuba,2017,343,15,0,0,0,0,0,,0,unhcr_population,2025-12-31,2026-08-19T14:21:59Z,2026-08-19
CUB,Cuba,2018,287,24,0,0,0,0,0,,0,unhcr_population,2025-12-31,2026-08-19T14:21:59Z,2026-08-19
CUB,Cuba,2019,233,32,0,0,0,0,0,,0,unhcr_population,2025-12-31,2026-08-19T14:21:59Z,2026-08-19
CUB,Cuba,2020,222,10,0,0,0,0,0,,0,unhcr_population,2025-12-31,2026-08-19T14:21:59Z,2026-08-19
CUB,Cuba,2021,199,14,0,0,7,0,0,,0,unhcr_population,2025-12-31,2026-08-19T14:21:59Z,2026-08-19
CUB,Cuba,2022,174,8,0,0,0,5,0,,0,unhcr_population,2025-12-31,2026-08-19T14:21:59Z,2026-08-19
CUB,Cuba,2023,136,25,0,0,6,6,0,,0,unhcr_population,2025-12-31,2026-08-19T14:21:59Z,2026-08-19
CUB,Cuba,2024,130,41,0,0,5,0,0,,0,unhcr_population,2025-12-31,2026-08-19T14:21:59Z,2026-08-19
CUB,Cuba,2025,115,40,0,0,0,0,0,,0,unhcr_population,2025-12-31,2026-08-19T14:21:59Z,2026-08-19
CUW,Curacao,2010,7,0,0,0,0,0,0,,0,unhcr_population,2025-12-31,2026-08-19T14:21:59Z,2026-08-19
CUW,Curacao,2011,6,5,0,0,0,0,0,,0,unhcr_population,2025-12-31,2026-08-19T14:21:59Z,2026-08-19
CUW,Curacao,2012,13,24,0,0,0,0,0,,0,unhcr_population,2025-12-31,2026-08-19T14:21:59Z,2026-08-19
CUW,Curacao,2013,13,45,0,0,0,0,0,,0,unhcr_population,2025-12-31,2026-08-19T14:21:59Z,2026-08-19
CUW,Curacao,2014,34,40,0,0,0,0,0,,0,unhcr_population,2025-12-31,2026-08-19T14:21:59Z,2026-08-19
CUW,Curacao,2015,46,34,0,0,0,0,0,,0,unhcr_population,2025-12-31,2026-08-19T14:21:59Z,2026-08-19
CUW,Curacao,2016,53,55,0,0,0,0,0,,0,unhcr_population,2025-12-31,2026-08-19T14:21:59Z,2026-08-19
CUW,Curacao,2017,74,729,0,0,0,0,0,,0,unhcr_population,2025-12-31,2026-08-19T14:21:59Z,2026-08-19
CUW,Curacao,2018,99,342,0,0,0,0,0,25686,0,unhcr_population,2025-12-31,2026-08-19T14:21:59Z,2026-08-19
CUW,Curacao,2019,42,345,0,0,0,0,0,16190,0,unhcr_population,2025-12-31,2026-08-19T14:21:59Z,2026-08-19
CUW,Curacao,2020,68,318,0,0,0,0,0,16691,0,unhcr_population,2025-12-31,2026-08-19T14:21:59Z,2026-08-19
CUW,Curacao,2021,0,0,0,0,0,0,0,17000,5226,unhcr_population,2025-12-31,2026-08-19T14:21:59Z,2026-08-19
CUW,Curacao,2022,0,0,0,0,0,0,0,14000,1700,unhcr_population,2025-12-31,2026-08-19T14:21:59Z,2026-08-19
CUW,Curacao,2023,0,0,0,0,0,0,0,14000,0,unhcr_population,2025-12-31,2026-08-19T14:21:59Z,2026-08-19
CUW,Curacao,2024,0,0,0,0,1278,0,0,11593,0,unhcr_population,2025-12-31,2026-08-19T14:21:59Z,2026-08-19
CUW,Curacao,2025,0,0,0,0,665,0,0,6903,0,unhcr_population,2025-12-31,2026-08-19T14:21:59Z,2026-08-19
CYM,Cayman Islands,2009,0,5,0,0,0,0,0,,0,unhcr_population,2025-12-31,2026-08-19T14:21:59Z,2026-08-19
CYM,Cayman Islands,2010,0,5,0,0,0,0,0,,0,unhcr_population,2025-12-31,2026-08-19T14:21:59Z,2026-08-19
CYM,Cayman Islands,2013,5,5,0,0,0,0,0,,0,unhcr_population,2025-12-31,2026-08-19T14:21:59Z,2026-08-19
CYM,Cayman Islands,2014,5,0,0,0,45,0,0,,0,unhcr_population,2025-12-31,2026-08-19T14:21:59Z,2026-08-19
CYM,Cayman Islands,2015,10,5,0,0,0,0,0,,0,unhcr_population,2025-12-31,2026-08-19T14:21:59Z,2026-08-19
CYM,Cayman Islands,2016,18,24,0,0,0,0,0,,0,unhcr_population,2025-12-31,2026-08-19T14:21:59Z,2026-08-19
CYM,Cayman Islands,2017,29,28,0,0,0,0,0,,0,unhcr_population,2025-12-31,2026-08-19T14:21:59Z,2026-08-19
CYM,Cayman Islands,2018,34,27,0,0,0,0,0,,0,unhcr_population,2025-12-31,2026-08-19T14:21:59Z,2026-08-19
CYM,Cayman Islands,2019,34,14,0,0,0,0,0,52,0,unhcr_population,2025-12-31,2026-08-19T14:21:59Z,2026-08-19
CYM,Cayman Islands,2020,38,28,0,0,0,0,0,39,0,unhcr_population,2025-12-31,2026-08-19T14:21:59Z,2026-08-19
CYM,Cayman Islands,2021,57,30,0,0,0,0,0,92,0,unhcr_population,2025-12-31,2026-08-19T14:21:59Z,2026-08-19
CYM,Cayman Islands,2022,47,242,0,0,222,0,0,,0,unhcr_population,2025-12-31,2026-08-19T14:21:59Z,2026-08-19
CYM,Cayman Islands,2023,49,93,0,0,222,0,0,,0,unhcr_population,2025-12-31,2026-08-19T14:21:59Z,2026-08-19
CYM,Cayman Islands,2024,50,15,0,0,90,0,0,,0,unhcr_population,2025-12-31,2026-08-19T14:21:59Z,2026-08-19
CYM,Cayman Islands,2025,53,15,0,0,84,0,0,,0,unhcr_population,2025-12-31,2026-08-19T14:21:59Z,2026-08-19
CYP,Cyprus,1968,200,0,0,0,0,0,0,,0,unhcr_population,2025-12-31,2026-08-19T14:21:59Z,2026-08-19
CYP,Cyprus,1969,200,0,0,0,0,0,0,,0,unhcr_population,2025-12-31,2026-08-19T14:21:59Z,2026-08-19
CYP,Cyprus,1970,200,0,0,0,0,0,0,,0,unhcr_population,2025-12-31,2026-08-19T14:21:59Z,2026-08-19
CYP,Cyprus,1971,200,0,0,0,0,0,0,,0,unhcr_population,2025-12-31,2026-08-19T14:21:59Z,2026-08-19
CYP,Cyprus,1972,200,0,0,0,0,0,0,,0,unhcr_population,2025-12-31,2026-08-19T14:21:59Z,2026-08-19
CYP,Cyprus,1977,700,0,0,0,0,0,0,,0,unhcr_population,2025-12-31,2026-08-19T14:21:59Z,2026-08-19
CYP,Cyprus,1982,0,0,0,0,0,7240,0,,0,unhcr_population,2025-12-31,2026-08-19T14:21:59Z,2026-08-19
CYP,Cyprus,1988,60,0,0,0,0,340,0,,0,unhcr_population,2025-12-31,2026-08-19T14:21:59Z,2026-08-19
CYP,Cyprus,1990,31,0,0,0,0,240,0,,0,unhcr_population,2025-12-31,2026-08-19T14:21:59Z,2026-08-19
CYP,Cyprus,1991,61,0,0,0,0,50,0,,0,unhcr_population,2025-12-31,2026-08-19T14:21:59Z,2026-08-19
CYP,Cyprus,1992,80,0,0,0,0,0,0,,0,unhcr_population,2025-12-31,2026-08-19T14:21:59Z,2026-08-19
CYP,Cyprus,1993,81,0,265000,0,0,0,0,,0,unhcr_population,2025-12-31,2026-08-19T14:21:59Z,2026-08-19
CYP,Cyprus,1994,67,0,265000,0,0,5,0,,0,unhcr_population,2025-12-31,2026-08-19T14:21:59Z,2026-08-19
CYP,Cyprus,1995,53,0,265000,0,0,0,0,,0,unhcr_population,2025-12-31,2026-08-19T14:21:59Z,2026-08-19
CYP,Cyprus,1996,45,0,265000,0,0,22,0,,0,unhcr_population,2025-12-31,2026-08-19T14:21:59Z,2026-08-19
CYP,Cyprus,1997,38,0,265000,0,0,6,0,,0,unhcr_population,2025-12-31,2026-08-19T14:21:59Z,2026-08-19
CYP,Cyprus,1998,77,0,265000,0,0,0,0,,0,unhcr_population,2025-12-31,2026-08-19T14:21:59Z,2026-08-19
CYP,Cyprus,1999,112,0,0,0,18,0,0,,0,unhcr_population,2025-12-31,2026-08-19T14:21:59Z,2026-08-19
CYP,Cyprus,2000,73,488,0,0,5,0,0,,0,unhcr_population,2025-12-31,2026-08-19T14:21:59Z,2026-08-19
CYP,Cyprus,2001,84,1855,0,0,0,0,0,,0,unhcr_population,2025-12-31,2026-08-19T14:21:59Z,2026-08-19
CYP,Cyprus,2002,171,2026,0,0,0,0,0,,0,unhcr_population,2025-12-31,2026-08-19T14:21:59Z,2026-08-19
CYP,Cyprus,2003,339,5065,0,0,0,0,0,,0,unhcr_population,2025-12-31,2026-08-19T14:21:59Z,2026-08-19
CYP,Cyprus,2004,525,9995,0,0,0,0,0,,0,unhcr_population,2025-12-31,2026-08-19T14:21:59Z,2026-08-19
CYP,Cyprus,2005,700,13054,0,0,0,0,0,,0,unhcr_population,2025-12-31,2026-08-19T14:21:59Z,2026-08-19
CYP,Cyprus,2006,926,12491,0,0,0,0,0,,0,unhcr_population,2025-12-31,2026-08-19T14:21:59Z,2026-08-19
CYP,Cyprus,2007,1194,11879,0,0,0,0,0,,0,unhcr_population,2025-12-31,2026-08-19T14:21:59Z,2026-08-19
CYP,Cyprus,2008,1458,8003,0,0,0,0,0,,0,unhcr_population,2025-12-31,2026-08-19T14:21:59Z,2026-08-19
CYP,Cyprus,2009,2888,5003,0,0,0,0,0,,0,unhcr_population,2025-12-31,2026-08-19T14:21:59Z,2026-08-19
CYP,Cyprus,2010,3397,5385,0,0,0,0,0,,0,unhcr_population,2025-12-31,2026-08-19T14:21:59Z,2026-08-19
CYP,Cyprus,2011,3498,3042,0,0,0,0,0,,0,unhcr_population,2025-12-31,2026-08-19T14:21:59Z,2026-08-19
CYP,Cyprus,2012,3627,2624,0,0,0,0,0,,0,unhcr_population,2025-12-31,2026-08-19T14:21:59Z,2026-08-19
CYP,Cyprus,2013,3879,2629,0,0,0,0,0,,0,unhcr_population,2025-12-31,2026-08-19T14:21:59Z,2026-08-19
CYP,Cyprus,2014,5120,2436,0,0,0,10,0,,0,unhcr_population,2025-12-31,2026-08-19T14:21:59Z,2026-08-19
CYP,Cyprus,2015,7062,2210,0,0,6000,0,0,,0,unhcr_population,2025-12-31,2026-08-19T14:21:59Z,2026-08-19
CYP,Cyprus,2016,8478,3049,0,0,6000,0,0,,0,unhcr_population,2025-12-31,2026-08-19T14:21:59Z,2026-08-19
CYP,Cyprus,2017,9790,5216,0,0,6000,0,0,,0,unhcr_population,2025-12-31,2026-08-19T14:21:59Z,2026-08-19
CYP,Cyprus,2018,11002,10267,0,0,6000,0,0,,0,unhcr_population,2025-12-31,2026-08-19T14:21:59Z,2026-08-19
CYP,Cyprus,2019,12311,18799,0,56,4000,0,0,,0,unhcr_population,2025-12-31,2026-08-19T14:21:59Z,2026-08-19
CYP,Cyprus,2020,13997,20483,0,56,4000,0,0,,0,unhcr_population,2025-12-31,2026-08-19T14:21:59Z,2026-08-19
CYP,Cyprus,2021,16277,25336,0,66,0,0,0,,0,unhcr_population,2025-12-31,2026-08-19T14:21:59Z,2026-08-19
CYP,Cyprus,2022,29280,36497,0,76,0,0,0,,0,unhcr_population,2025-12-31,2026-08-19T14:21:59Z,2026-08-19
CYP,Cyprus,2023,39044,31664,0,86,0,0,0,,0,unhcr_population,2025-12-31,2026-08-19T14:21:59Z,2026-08-19
CYP,Cyprus,2024,45750,27553,0,130,0,0,0,,0,unhcr_population,2025-12-31,2026-08-19T14:21:59Z,2026-08-19
CYP,Cyprus,2025,48207,23162,0,122,0,3006,0,,0,unhcr_population,2025-12-31,2026-08-19T14:21:59Z,2026-08-19
CZE,Czechia,1991,691,0,0,0,0,0,0,,0,unhcr_population,2025-12-31,2026-08-19T14:21:59Z,2026-08-19
CZE,Czechia,1992,9399,0,0,0,0,0,0,,0,unhcr_population,2025-12-31,2026-08-19T14:21:59Z,2026-08-19
CZE,Czechia,1993,188,0,0,0,0,8,0,,0,unhcr_population,2025-12-31,2026-08-19T14:21:59Z,2026-08-19
CZE,Czechia,1994,1186,0,0,0,0,0,0,,0,unhcr_population,2025-12-31,2026-08-19T14:21:59Z,2026-08-19
CZE,Czechia,1995,2655,0,0,0,0,0,0,,0,unhcr_population,2025-12-31,2026-08-19T14:21:59Z,2026-08-19
CZE,Czechia,1996,2266,0,0,0,0,289,0,,0,unhcr_population,2025-12-31,2026-08-19T14:21:59Z,2026-08-19
CZE,Czechia,1997,1731,0,0,0,3300,200,0,,0,unhcr_population,2025-12-31,2026-08-19T14:21:59Z,2026-08-19
CZE,Czechia,1998,1805,0,0,0,3738,5,0,,0,unhcr_population,2025-12-31,2026-08-19T14:21:59Z,2026-08-19
CZE,Czechia,1999,1232,0,0,0,2287,883,0,,0,unhcr_population,2025-12-31,2026-08-19T14:21:59Z,2026-08-19
CZE,Czechia,2000,1186,5015,0,0,62,31,0,,0,unhcr_population,2025-12-31,2026-08-19T14:21:59Z,2026-08-19
CZE,Czechia,2001,1217,11586,0,0,0,20,0,,0,unhcr_population,2025-12-31,2026-08-19T14:21:59Z,2026-08-19
CZE,Czechia,2002,1296,7645,0,0,0,169,0,,0,unhcr_population,2025-12-31,2026-08-19T14:21:59Z,2026-08-19
CZE,Czechia,2003,1516,3737,0,0,0,7,0,,0,unhcr_population,2025-12-31,2026-08-19T14:21:59Z,2026-08-19
CZE,Czechia,2004,1624,1113,0,0,0,0,0,,0,unhcr_population,2025-12-31,2026-08-19T14:21:59Z,2026-08-19
CZE,Czechia,2005,1803,923,0,0,0,0,0,,0,unhcr_population,2025-12-31,2026-08-19T14:21:59Z,2026-08-19
CZE,Czechia,2006,1886,2874,0,0,0,0,0,,0,unhcr_population,2025-12-31,2026-08-19T14:21:59Z,2026-08-19
CZE,Czechia,2007,2015,2180,0,0,0,0,0,,0,unhcr_population,2025-12-31,2026-08-19T14:21:59Z,2026-08-19
CZE,Czechia,2008,2095,1422,0,0,0,0,0,,0,unhcr_population,2025-12-31,2026-08-19T14:21:59Z,2026-08-19
CZE,Czechia,2009,2299,1235,0,0,0,0,0,,0,unhcr_population,2025-12-31,2026-08-19T14:21:59Z,2026-08-19
CZE,Czechia,2010,2424,1031,0,0,0,0,0,,0,unhcr_population,2025-12-31,2026-08-19T14:21:59Z,2026-08-19
CZE,Czechia,2011,2424,909,0,0,0,0,0,,0,unhcr_population,2025-12-31,2026-08-19T14:21:59Z,2026-08-19
CZE,Czechia,2012,2780,566,0,1502,0,0,0,,0,unhcr_population,2025-12-31,2026-08-19T14:21:59Z,2026-08-19
CZE,Czechia,2013,2966,292,0,1502,0,0,0,,0,unhcr_population,2025-12-31,2026-08-19T14:21:59Z,2026-08-19
CZE,Czechia,2014,3129,459,0,1502,0,0,0,,0,unhcr_population,2025-12-31,2026-08-19T14:21:59Z,2026-08-19
CZE,Czechia,2015,3640,654,0,1502,0,0,0,,0,unhcr_population,2025-12-31,2026-08-19T14:21:59Z,2026-08-19
CZE,Czechia,2016,3640,769,0,1502,0,0,0,,0,unhcr_population,2025-12-31,2026-08-19T14:21:59Z,2026-08-19
CZE,Czechia,2017,3640,799,0,1502,0,0,0,,0,unhcr_population,2025-12-31,2026-08-19T14:21:59Z,2026-08-19
CZE,Czechia,2018,2186,1910,0,1502,0,0,0,,0,unhcr_population,2025-12-31,2026-08-19T14:21:59Z,2026-08-19
CZE,Czechia,2019,2054,1632,0,1500,440,0,0,,0,unhcr_population,2025-12-31,2026-08-19T14:21:59Z,2026-08-19
CZE,Czechia,2020,1919,1537,0,1490,1502,0,0,,0,unhcr_population,2025-12-31,2026-08-19T14:21:59Z,2026-08-19
CZE,Czechia,2021,1909,1073,0,1587,552,0,0,,0,unhcr_population,2025-12-31,2026-08-19T14:21:59Z,2026-08-19
CZE,Czechia,2022,435212,986,0,1557,537,42000,0,,0,unhcr_population,2025-12-31,2026-08-19T14:21:59Z,2026-08-19
CZE,Czechia,2023,377120,1239,0,1611,537,23000,0,,0,unhcr_population,2025-12-31,2026-08-19T14:21:59Z,2026-08-19
CZE,Czechia,2024,391133,1065,0,588,478,10000,0,,0,unhcr_population,2025-12-31,2026-08-19T14:21:59Z,2026-08-19
CZE,Czechia,2025,395559,993,0,433,377,7000,0,,0,unhcr_population,2025-12-31,2026-08-19T14:21:59Z,2026-08-19
DEU,Germany,1951,265000,0,0,0,0,0,0,,0,unhcr_population,2025-12-31,2026-08-19T14:21:59Z,2026-08-19
DEU,Germany,1952,240000,0,0,0,0,0,0,,0,unhcr_population,2025-12-31,2026-08-19T14:21:59Z,2026-08-19
DEU,Germany,1953,228000,0,0,0,0,0,0,,0,unhcr_population,2025-12-31,2026-08-19T14:21:59Z,2026-08-19
DEU,Germany,1954,225000,0,0,0,0,0,0,,0,unhcr_population,2025-12-31,2026-08-19T14:21:59Z,2026-08-19
DEU,Germany,1955,219000,0,0,0,0,0,0,,0,unhcr_population,2025-12-31,2026-08-19T14:21:59Z,2026-08-19
DEU,Germany,1956,221000,0,0,0,0,0,0,,0,unhcr_population,2025-12-31,2026-08-19T14:21:59Z,2026-08-19
DEU,Germany,1957,217000,0,0,0,0,0,0,,0,unhcr_population,2025-12-31,2026-08-19T14:21:59Z,2026-08-19
DEU,Germany,1958,212000,0,0,0,0,0,0,,0,unhcr_population,2025-12-31,2026-08-19T14:21:59Z,2026-08-19
DEU,Germany,1959,205000,0,0,0,0,0,0,,0,unhcr_population,2025-12-31,2026-08-19T14:21:59Z,2026-08-19
DEU,Germany,1960,197000,0,0,0,0,0,0,,0,unhcr_population,2025-12-31,2026-08-19T14:21:59Z,2026-08-19
DEU,Germany,1961,190000,0,0,0,0,0,0,,0,unhcr_population,2025-12-31,2026-08-19T14:21:59Z,2026-08-19
DEU,Germany,1962,185000,0,0,0,0,0,0,,0,unhcr_population,2025-12-31,2026-08-19T14:21:59Z,2026-08-19
DEU,Germany,1963,182000,0,0,0,0,0,0,,0,unhcr_population,2025-12-31,2026-08-19T14:21:59Z,2026-08-19
DEU,Germany,1964,180000,0,0,0,0,0,0,,0,unhcr_population,2025-12-31,2026-08-19T14:21:59Z,2026-08-19
DEU,Germany,1965,180000,0,0,0,0,0,0,,0,unhcr_population,2025-12-31,2026-08-19T14:21:59Z,2026-08-19
DEU,Germany,1966,140000,0,0,0,0,0,0,,0,unhcr_population,2025-12-31,2026-08-19T14:21:59Z,2026-08-19
DEU,Germany,1967,112000,0,0,0,0,0,0,,0,unhcr_population,2025-12-31,2026-08-19T14:21:59Z,2026-08-19
DEU,Germany,1968,110000,0,0,0,0,0,0,,0,unhcr_population,2025-12-31,2026-08-19T14:21:59Z,2026-08-19
DEU,Germany,1969,113000,0,0,0,0,0,0,,0,unhcr_population,2025-12-31,2026-08-19T14:21:59Z,2026-08-19
DEU,Germany,1970,115000,0,0,0,0,0,0,,0,unhcr_population,2025-12-31,2026-08-19T14:21:59Z,2026-08-19
DEU,Germany,1971,125000,0,0,0,0,0,0,,0,unhcr_population,2025-12-31,2026-08-19T14:21:59Z,2026-08-19
DEU,Germany,1972,125000,0,0,0,0,0,0,,0,unhcr_population,2025-12-31,2026-08-19T14:21:59Z,2026-08-19
DEU,Germany,1973,125000,0,0,0,0,0,0,,0,unhcr_population,2025-12-31,2026-08-19T14:21:59Z,2026-08-19
DEU,Germany,1974,123000,0,0,0,0,0,0,,0,unhcr_population,2025-12-31,2026-08-19T14:21:59Z,2026-08-19
DEU,Germany,1975,122000,0,0,0,0,0,0,,0,unhcr_population,2025-12-31,2026-08-19T14:21:59Z,2026-08-19
DEU,Germany,1976,122000,0,0,0,0,0,0,,0,unhcr_population,2025-12-31,2026-08-19T14:21:59Z,2026-08-19
DEU,Germany,1977,120000,0,0,0,0,0,0,,0,unhcr_population,2025-12-31,2026-08-19T14:21:59Z,2026-08-19
DEU,Germany,1978,83500,0,0,0,0,0,0,,0,unhcr_population,2025-12-31,2026-08-19T14:21:59Z,2026-08-19
DEU,Germany,1979,87000,0,0,0,0,0,0,,0,unhcr_population,2025-12-31,2026-08-19T14:21:59Z,2026-08-19
DEU,Germany,1980,94000,0,0,0,0,0,0,,0,unhcr_population,2025-12-31,2026-08-19T14:21:59Z,2026-08-19
DEU,Germany,1981,100000,0,0,0,0,0,0,,0,unhcr_population,2025-12-31,2026-08-19T14:21:59Z,2026-08-19
DEU,Germany,1982,100000,0,0,0,0,0,0,,0,unhcr_population,2025-12-31,2026-08-19T14:21:59Z,2026-08-19
DEU,Germany,1983,115000,0,0,0,0,0,0,,0,unhcr_population,2025-12-31,2026-08-19T14:21:59Z,2026-08-19
DEU,Germany,1984,126600,0,0,0,0,0,0,,0,unhcr_population,2025-12-31,2026-08-19T14:21:59Z,2026-08-19
DEU,Germany,1985,475000,0,0,0,0,0,0,,0,unhcr_population,2025-12-31,2026-08-19T14:21:59Z,2026-08-19
DEU,Germany,1986,547900,0,0,0,0,0,0,,0,unhcr_population,2025-12-31,2026-08-19T14:21:59Z,2026-08-19
DEU,Germany,1987,596200,0,0,0,0,0,0,,0,unhcr_population,2025-12-31,2026-08-19T14:21:59Z,2026-08-19
DEU,Germany,1988,610200,0,0,0,0,0,0,,0,unhcr_population,2025-12-31,2026-08-19T14:21:59Z,2026-08-19
DEU,Germany,1989,628500,0,0,0,0,0,0,,0,unhcr_population,2025-12-31,2026-08-19T14:21:59Z,2026-08-19
DEU,Germany,1990,816000,0,0,0,0,0,0,,0,unhcr_population,2025-12-31,2026-08-19T14:21:59Z,2026-08-19
DEU,Germany,1991,821500,0,0,0,0,0,0,,0,unhcr_population,2025-12-31,2026-08-19T14:21:59Z,2026-08-19
DEU,Germany,1992,1236000,0,0,0,0,0,0,,0,unhcr_population,2025-12-31,2026-08-19T14:21:59Z,2026-08-19
DEU,Germany,1993,1418000,0,0,0,0,0,0,,0,unhcr_population,2025-12-31,2026-08-19T14:21:59Z,2026-08-19
DEU,Germany,1994,1354600,0,0,0,0,0,0,,0,unhcr_population,2025-12-31,2026-08-19T14:21:59Z,2026-08-19
DEU,Germany,1995,1267900,0,0,0,0,73,0,,0,unhcr_population,2025-12-31,2026-08-19T14:21:59Z,2026-08-19
DEU,Germany,1996,1266000,0,0,0,0,30000,0,,0,unhcr_population,2025-12-31,2026-08-19T14:21:59Z,2026-08-19
DEU,Germany,1997,1049000,0,0,0,0,95929,0,,0,unhcr_population,2025-12-31,2026-08-19T14:21:59Z,2026-08-19
DEU,Germany,1998,949200,0,0,0,0,98050,0,,0,unhcr_population,2025-12-31,2026-08-19T14:21:59Z,2026-08-19
DEU,Germany,1999,975500,0,0,0,0,41783,0,,0,unhcr_population,2025-12-31,2026-08-19T14:21:59Z,2026-08-19
DEU,Germany,2000,906000,70234,0,0,0,69345,0,,0,unhcr_population,2025-12-31,2026-08-19T14:21:59Z,2026-08-19
DEU,Germany,2001,903000,85493,0,0,0,10707,0,,0,unhcr_population,2025-12-31,2026-08-19T14:21:59Z,2026-08-19
DEU,Germany,2002,980001,163975,0,0,0,7473,0,,0,unhcr_population,2025-12-31,2026-08-19T14:21:59Z,2026-08-19
DEU,Germany,2003,960393,128042,0,0,0,5466,0,,0,unhcr_population,2025-12-31,2026-08-19T14:21:59Z,2026-08-19
DEU,Germany,2004,876614,86124,0,10619,0,3273,0,,0,unhcr_population,2025-12-31,2026-08-19T14:21:59Z,2026-08-19
DEU,Germany,2005,699996,71598,0,9476,0,2864,0,,0,unhcr_population,2025-12-31,2026-08-19T14:21:59Z,2026-08-19
DEU,Germany,2006,605329,52785,0,10013,0,3142,0,,0,unhcr_population,2025-12-31,2026-08-19T14:21:59Z,2026-08-19
DEU,Germany,2007,578866,34014,0,9091,0,228,0,,0,unhcr_population,2025-12-31,2026-08-19T14:21:59Z,2026-08-19
DEU,Germany,2008,582719,33263,0,9322,22500,227,0,,0,unhcr_population,2025-12-31,2026-08-19T14:21:59Z,2026-08-19
DEU,Germany,2009,593787,38875,0,8226,17675,1027,0,,0,unhcr_population,2025-12-31,2026-08-19T14:21:59Z,2026-08-19
DEU,Germany,2010,594250,51930,0,7920,16282,176,0,,0,unhcr_population,2025-12-31,2026-08-19T14:21:59Z,2026-08-19
DEU,Germany,2011,571672,62654,0,8044,16409,1003,0,,0,unhcr_population,2025-12-31,2026-08-19T14:21:59Z,2026-08-19
DEU,Germany,2012,589735,85507,0,5683,0,1020,0,,0,unhcr_population,2025-12-31,2026-08-19T14:21:59Z,2026-08-19
DEU,Germany,2013,187545,135515,0,11709,0,705,0,,0,unhcr_population,2025-12-31,2026-08-19T14:21:59Z,2026-08-19
DEU,Germany,2014,216956,226147,0,11917,0,359,0,,0,unhcr_population,2025-12-31,2026-08-19T14:21:59Z,2026-08-19
DEU,Germany,2015,316098,420570,0,12569,0,180,0,,0,unhcr_population,2025-12-31,2026-08-19T14:21:59Z,2026-08-19
DEU,Germany,2016,669468,587306,0,12017,0,0,0,,0,unhcr_population,2025-12-31,2026-08-19T14:21:59Z,2026-08-19
DEU,Germany,2017,970357,429265,0,13458,0,47,0,,0,unhcr_population,2025-12-31,2026-08-19T14:21:59Z,2026-08-19
DEU,Germany,2018,1063835,369239,0,14779,0,0,0,,0,unhcr_population,2025-12-31,2026-08-19T14:21:59Z,2026-08-19
DEU,Germany,2019,1146682,309231,0,26369,0,0,0,,0,unhcr_population,2025-12-31,2026-08-19T14:21:59Z,2026-08-19
DEU,Germany,2020,1210596,243157,0,26674,0,50,0,,0,unhcr_population,2025-12-31,2026-08-19T14:21:59Z,2026-08-19
DEU,Germany,2021,1255694,253867,0,27939,0,0,0,,0,unhcr_population,2025-12-31,2026-08-19T14:21:59Z,2026-08-19
DEU,Germany,2022,2075445,261019,0,29455,0,65017,0,,0,unhcr_population,2025-12-31,2026-08-19T14:21:59Z,2026-08-19
DEU,Germany,2023,2593007,361493,0,28964,0,52000,0,,0,unhcr_population,2025-12-31,2026-08-19T14:21:59Z,2026-08-19
DEU,Germany,2024,2749266,348903,0,28813,0,17000,0,,0,unhcr_population,2025-12-31,2026-08-19T14:21:59Z,2026-08-19
DEU,Germany,2025,2655191,297503,0,28315,0,26000,0,,0,unhcr_population,2025-12-31,2026-08-19T14:21:59Z,2026-08-19
DJI,Djibouti,1977,8000,0,0,0,0,0,0,,0,unhcr_population,2025-12-31,2026-08-19T14:21:59Z,2026-08-19
DJI,Djibouti,1978,20000,0,0,0,0,0,0,,0,unhcr_population,2025-12-31,2026-08-19T14:21:59Z,2026-08-19
DJI,Djibouti,1979,28800,0,0,0,0,0,0,,0,unhcr_population,2025-12-31,2026-08-19T14:21:59Z,2026-08-19
DJI,Djibouti,1980,45310,0,0,0,0,0,0,,0,unhcr_population,2025-12-31,2026-08-19T14:21:59Z,2026-08-19
DJI,Djibouti,1981,31800,0,0,0,0,19100,0,,0,unhcr_population,2025-12-31,2026-08-19T14:21:59Z,2026-08-19
DJI,Djibouti,1982,34200,0,0,0,0,0,0,,0,unhcr_population,2025-12-31,2026-08-19T14:21:59Z,2026-08-19
DJI,Djibouti,1983,29170,0,0,0,0,5140,0,,0,unhcr_population,2025-12-31,2026-08-19T14:21:59Z,2026-08-19
DJI,Djibouti,1984,16770,0,0,0,0,14260,0,,0,unhcr_population,2025-12-31,2026-08-19T14:21:59Z,2026-08-19
DJI,Djibouti,1985,17280,0,0,0,0,0,0,,0,unhcr_population,2025-12-31,2026-08-19T14:21:59Z,2026-08-19
DJI,Djibouti,1986,16720,0,0,0,0,430,0,,0,unhcr_population,2025-12-31,2026-08-19T14:21:59Z,2026-08-19
DJI,Djibouti,1987,13140,0,0,0,0,3590,0,,0,unhcr_population,2025-12-31,2026-08-19T14:21:59Z,2026-08-19
DJI,Djibouti,1988,1272,0,0,0,0,5230,0,,0,unhcr_population,2025-12-31,2026-08-19T14:21:59Z,2026-08-19
DJI,Djibouti,1989,31409,0,0,0,0,460,0,,0,unhcr_population,2025-12-31,2026-08-19T14:21:59Z,2026-08-19
DJI,Djibouti,1990,77606,0,0,0,0,0,0,,0,unhcr_population,2025-12-31,2026-08-19T14:21:59Z,2026-08-19
DJI,Djibouti,1991,96144,0,0,0,0,2830,0,,0,unhcr_population,2025-12-31,2026-08-19T14:21:59Z,2026-08-19
DJI,Djibouti,1992,28000,0,0,0,0,3180,0,,0,unhcr_population,2025-12-31,2026-08-19T14:21:59Z,2026-08-19
DJI,Djibouti,1993,34065,0,0,0,0,249,0,,0,unhcr_population,2025-12-31,2026-08-19T14:21:59Z,2026-08-19
DJI,Djibouti,1994,33410,0,0,0,0,10126,0,,0,unhcr_population,2025-12-31,2026-08-19T14:21:59Z,2026-08-19
DJI,Djibouti,1995,27310,0,0,0,0,23936,0,,0,unhcr_population,2025-12-31,2026-08-19T14:21:59Z,2026-08-19
DJI,Djibouti,1996,25080,0,0,0,0,4205,0,,0,unhcr_population,2025-12-31,2026-08-19T14:21:59Z,2026-08-19
DJI,Djibouti,1997,23589,0,0,0,0,223,0,,0,unhcr_population,2025-12-31,2026-08-19T14:21:59Z,2026-08-19
DJI,Djibouti,1998,23577,0,0,0,0,1274,0,,0,unhcr_population,2025-12-31,2026-08-19T14:21:59Z,2026-08-19
DJI,Djibouti,1999,23266,0,0,0,0,327,0,,0,unhcr_population,2025-12-31,2026-08-19T14:21:59Z,2026-08-19
DJI,Djibouti,2000,23238,407,0,0,0,2846,0,,0,unhcr_population,2025-12-31,2026-08-19T14:21:59Z,2026-08-19
DJI,Djibouti,2001,23172,464,0,0,0,165,0,,0,unhcr_population,2025-12-31,2026-08-19T14:21:59Z,2026-08-19
DJI,Djibouti,2002,21702,455,0,0,0,2119,0,,0,unhcr_population,2025-12-31,2026-08-19T14:21:59Z,2026-08-19
DJI,Djibouti,2003,27034,1651,0,0,0,246,0,,0,unhcr_population,2025-12-31,2026-08-19T14:21:59Z,2026-08-19
DJI,Djibouti,2004,18033,0,0,0,0,8448,0,,0,unhcr_population,2025-12-31,2026-08-19T14:21:59Z,2026-08-19
DJI,Djibouti,2005,10455,17,0,0,0,7667,0,,0,unhcr_population,2025-12-31,2026-08-19T14:21:59Z,2026-08-19
DJI,Djibouti,2006,9257,14,0,0,0,1243,0,,0,unhcr_population,2025-12-31,2026-08-19T14:21:59Z,2026-08-19
DJI,Djibouti,2007,6653,484,0,0,0,1853,0,,0,unhcr_population,2025-12-31,2026-08-19T14:21:59Z,2026-08-19
DJI,Djibouti,2008,9228,426,0,0,0,5,0,,0,unhcr_population,2025-12-31,2026-08-19T14:21:59Z,2026-08-19
DJI,Djibouti,2009,12106,912,0,0,0,0,0,,0,unhcr_population,2025-12-31,2026-08-19T14:21:59Z,2026-08-19
DJI,Djibouti,2010,15102,727,0,0,7,0,0,,0,unhcr_population,2025-12-31,2026-08-19T14:21:59Z,2026-08-19
DJI,Djibouti,2011,20336,1904,0,0,0,0,0,,0,unhcr_population,2025-12-31,2026-08-19T14:21:59Z,2026-08-19
DJI,Djibouti,2012,19136,3093,0,0,0,0,0,,0,unhcr_population,2025-12-31,2026-08-19T14:21:59Z,2026-08-19
DJI,Djibouti,2013,20010,3792,0,0,0,46,0,,0,unhcr_population,2025-12-31,2026-08-19T14:21:59Z,2026-08-19
DJI,Djibouti,2014,20525,3832,0,0,0,0,0,,0,unhcr_population,2025-12-31,2026-08-19T14:21:59Z,2026-08-19
DJI,Djibouti,2015,19369,2639,0,0,0,0,0,,0,unhcr_population,2025-12-31,2026-08-19T14:21:59Z,2026-08-19
DJI,Djibouti,2016,17683,8058,0,0,117,68,0,,0,unhcr_population,2025-12-31,2026-08-19T14:21:59Z,2026-08-19
DJI,Djibouti,2017,17553,9357,0,0,88,528,0,,0,unhcr_population,2025-12-31,2026-08-19T14:21:59Z,2026-08-19
DJI,Djibouti,2018,18293,10479,0,0,0,160,0,,0,unhcr_population,2025-12-31,2026-08-19T14:21:59Z,2026-08-19
DJI,Djibouti,2019,19639,11153,0,0,0,56,0,,0,unhcr_population,2025-12-31,2026-08-19T14:21:59Z,2026-08-19
DJI,Djibouti,2020,21193,10811,0,0,0,0,0,,1301,unhcr_population,2025-12-31,2026-08-19T14:21:59Z,2026-08-19
DJI,Djibouti,2021,23232,11463,0,0,0,235,0,,1301,unhcr_population,2025-12-31,2026-08-19T14:21:59Z,2026-08-19
DJI,Djibouti,2022,20383,9174,0,0,0,0,0,,640,unhcr_population,2025-12-31,2026-08-19T14:21:59Z,2026-08-19
DJI,Djibouti,2023,23063,8442,0,0,0,0,0,,0,unhcr_population,2025-12-31,2026-08-19T14:21:59Z,2026-08-19
DJI,Djibouti,2024,23987,8649,0,0,0,0,0,,0,unhcr_population,2025-12-31,2026-08-19T14:21:59Z,2026-08-19
DJI,Djibouti,2025,24899,10141,0,0,5,0,0,,0,unhcr_population,2025-12-31,2026-08-19T14:21:59Z,2026-08-19
DMA,Dominica,2024,0,5,0,0,0,0,0,,0,unhcr_population,2025-12-31,2026-08-19T14:21:59Z,2026-08-19
DMA,Dominica,2025,0,5,0,0,0,0,0,,0,unhcr_population,2025-12-31,2026-08-19T14:21:59Z,2026-08-19
DNK,Denmark,1951,2000,0,0,0,0,0,0,,0,unhcr_population,2025-12-31,2026-08-19T14:21:59Z,2026-08-19
DNK,Denmark,1952,1800,0,0,0,0,0,0,,0,unhcr_population,2025-12-31,2026-08-19T14:21:59Z,2026-08-19
DNK,Denmark,1953,1600,0,0,0,0,0,0,,0,unhcr_population,2025-12-31,2026-08-19T14:21:59Z,2026-08-19
DNK,Denmark,1954,1400,0,0,0,0,0,0,,0,unhcr_population,2025-12-31,2026-08-19T14:21:59Z,2026-08-19
DNK,Denmark,1955,1300,0,0,0,0,0,0,,0,unhcr_population,2025-12-31,2026-08-19T14:21:59Z,2026-08-19
DNK,Denmark,1956,2500,0,0,0,0,0,0,,0,unhcr_population,2025-12-31,2026-08-19T14:21:59Z,2026-08-19
DNK,Denmark,1957,2500,0,0,0,0,0,0,,0,unhcr_population,2025-12-31,2026-08-19T14:21:59Z,2026-08-19
DNK,Denmark,1958,2500,0,0,0,0,0,0,,0,unhcr_population,2025-12-31,2026-08-19T14:21:59Z,2026-08-19
DNK,Denmark,1959,2400,0,0,0,0,0,0,,0,unhcr_population,2025-12-31,2026-08-19T14:21:59Z,2026-08-19
DNK,Denmark,1960,2300,0,0,0,0,0,0,,0,unhcr_population,2025-12-31,2026-08-19T14:21:59Z,2026-08-19
DNK,Denmark,1961,2200,0,0,0,0,0,0,,0,unhcr_population,2025-12-31,2026-08-19T14:21:59Z,2026-08-19
DNK,Denmark,1962,2200,0,0,0,0,0,0,,0,unhcr_population,2025-12-31,2026-08-19T14:21:59Z,2026-08-19
DNK,Denmark,1963,2200,0,0,0,0,0,0,,0,unhcr_population,2025-12-31,2026-08-19T14:21:59Z,2026-08-19
DNK,Denmark,1970,2000,0,0,0,0,0,0,,0,unhcr_population,2025-12-31,2026-08-19T14:21:59Z,2026-08-19
DNK,Denmark,1971,4400,0,0,0,0,0,0,,0,unhcr_population,2025-12-31,2026-08-19T14:21:59Z,2026-08-19
DNK,Denmark,1972,3687,0,0,0,0,0,0,,0,unhcr_population,2025-12-31,2026-08-19T14:21:59Z,2026-08-19
DNK,Denmark,1973,3687,0,0,0,0,0,0,,0,unhcr_population,2025-12-31,2026-08-19T14:21:59Z,2026-08-19
DNK,Denmark,1974,2900,0,0,0,0,0,0,,0,unhcr_population,2025-12-31,2026-08-19T14:21:59Z,2026-08-19
DNK,Denmark,1975,2125,0,0,0,0,0,0,,0,unhcr_population,2025-12-31,2026-08-19T14:21:59Z,2026-08-19
DNK,Denmark,1976,2100,0,0,0,0,0,0,,0,unhcr_population,2025-12-31,2026-08-19T14:21:59Z,2026-08-19
DNK,Denmark,1977,1764,0,0,0,0,0,0,,0,unhcr_population,2025-12-31,2026-08-19T14:21:59Z,2026-08-19
DNK,Denmark,1978,1800,0,0,0,0,0,0,,0,unhcr_population,2025-12-31,2026-08-19T14:21:59Z,2026-08-19
DNK,Denmark,1979,1800,0,0,0,0,0,0,,0,unhcr_population,2025-12-31,2026-08-19T14:21:59Z,2026-08-19
DNK,Denmark,1980,1800,0,0,0,0,0,0,,0,unhcr_population,2025-12-31,2026-08-19T14:21:59Z,2026-08-19
DNK,Denmark,1981,1800,0,0,0,0,0,0,,0,unhcr_population,2025-12-31,2026-08-19T14:21:59Z,2026-08-19
DNK,Denmark,1982,1800,0,0,0,0,0,0,,0,unhcr_population,2025-12-31,2026-08-19T14:21:59Z,2026-08-19
DNK,Denmark,1983,3600,0,0,0,0,0,0,,0,unhcr_population,2025-12-31,2026-08-19T14:21:59Z,2026-08-19
DNK,Denmark,1984,8500,0,0,0,0,0,0,,0,unhcr_population,2025-12-31,2026-08-19T14:21:59Z,2026-08-19
DNK,Denmark,1985,8500,0,0,0,0,0,0,,0,unhcr_population,2025-12-31,2026-08-19T14:21:59Z,2026-08-19
DNK,Denmark,1986,23000,0,0,0,0,0,0,,0,unhcr_population,2025-12-31,2026-08-19T14:21:59Z,2026-08-19
DNK,Denmark,1987,30000,0,0,0,0,0,0,,0,unhcr_population,2025-12-31,2026-08-19T14:21:59Z,2026-08-19
DNK,Denmark,1988,27310,0,0,0,0,0,0,,0,unhcr_population,2025-12-31,2026-08-19T14:21:59Z,2026-08-19
DNK,Denmark,1989,30726,0,0,0,0,0,0,,0,unhcr_population,2025-12-31,2026-08-19T14:21:59Z,2026-08-19
DNK,Denmark,1990,32887,0,0,0,0,0,0,,0,unhcr_population,2025-12-31,2026-08-19T14:21:59Z,2026-08-19
DNK,Denmark,1991,36100,0,0,0,0,0,0,,0,unhcr_population,2025-12-31,2026-08-19T14:21:59Z,2026-08-19
DNK,Denmark,1992,39124,0,0,0,0,0,0,,0,unhcr_population,2025-12-31,2026-08-19T14:21:59Z,2026-08-19
DNK,Denmark,1993,44570,0,0,0,0,0,0,,0,unhcr_population,2025-12-31,2026-08-19T14:21:59Z,2026-08-19
DNK,Denmark,1994,49564,0,0,0,0,0,0,,0,unhcr_population,2025-12-31,2026-08-19T14:21:59Z,2026-08-19
DNK,Denmark,1995,64850,0,0,0,0,0,0,,0,unhcr_population,2025-12-31,2026-08-19T14:21:59Z,2026-08-19
DNK,Denmark,1996,66371,0,0,0,0,732,0,,0,unhcr_population,2025-12-31,2026-08-19T14:21:59Z,2026-08-19
DNK,Denmark,1997,68106,0,0,0,0,321,0,,0,unhcr_population,2025-12-31,2026-08-19T14:21:59Z,2026-08-19
DNK,Denmark,1998,68996,0,0,0,0,187,0,,0,unhcr_population,2025-12-31,2026-08-19T14:21:59Z,2026-08-19
DNK,Denmark,1999,68982,0,0,0,0,1331,0,,0,unhcr_population,2025-12-31,2026-08-19T14:21:59Z,2026-08-19
DNK,Denmark,2000,71017,6126,0,0,0,1155,0,,0,unhcr_population,2025-12-31,2026-08-19T14:21:59Z,2026-08-19
DNK,Denmark,2001,73284,5569,0,0,0,387,0,,0,unhcr_population,2025-12-31,2026-08-19T14:21:59Z,2026-08-19
DNK,Denmark,2002,73600,4597,0,0,0,908,0,,0,unhcr_population,2025-12-31,2026-08-19T14:21:59Z,2026-08-19
DNK,Denmark,2003,69855,2015,0,0,0,484,0,,0,unhcr_population,2025-12-31,2026-08-19T14:21:59Z,2026-08-19
DNK,Denmark,2004,65305,820,0,0,0,144,0,,0,unhcr_population,2025-12-31,2026-08-19T14:21:59Z,2026-08-19
DNK,Denmark,2005,44362,500,0,446,0,127,0,,0,unhcr_population,2025-12-31,2026-08-19T14:21:59Z,2026-08-19
DNK,Denmark,2006,36650,436,0,796,0,203,0,,0,unhcr_population,2025-12-31,2026-08-19T14:21:59Z,2026-08-19
DNK,Denmark,2007,26779,537,0,796,0,46,0,,0,unhcr_population,2025-12-31,2026-08-19T14:21:59Z,2026-08-19
DNK,Denmark,2008,23385,485,0,3687,0,48,0,,0,unhcr_population,2025-12-31,2026-08-19T14:21:59Z,2026-08-19
DNK,Denmark,2009,20340,1146,0,3263,0,366,0,,0,unhcr_population,2025-12-31,2026-08-19T14:21:59Z,2026-08-19
DNK,Denmark,2010,17907,3334,0,3216,0,22,0,,0,unhcr_population,2025-12-31,2026-08-19T14:21:59Z,2026-08-19
DNK,Denmark,2011,13386,1415,0,3183,0,703,0,,0,unhcr_population,2025-12-31,2026-08-19T14:21:59Z,2026-08-19
DNK,Denmark,2012,11797,1539,0,3623,0,705,0,,0,unhcr_population,2025-12-31,2026-08-19T14:21:59Z,2026-08-19
DNK,Denmark,2013,13153,1605,0,4263,0,310,0,,0,unhcr_population,2025-12-31,2026-08-19T14:21:59Z,2026-08-19
DNK,Denmark,2014,17767,4268,0,4725,0,31,0,,0,unhcr_population,2025-12-31,2026-08-19T14:21:59Z,2026-08-19
DNK,Denmark,2015,27312,2931,0,6580,0,9,0,,0,unhcr_population,2025-12-31,2026-08-19T14:21:59Z,2026-08-19
DNK,Denmark,2016,33501,7001,0,7610,0,0,0,,0,unhcr_population,2025-12-31,2026-08-19T14:21:59Z,2026-08-19
DNK,Denmark,2017,35668,4229,0,7990,0,18,0,,0,unhcr_population,2025-12-31,2026-08-19T14:21:59Z,2026-08-19
DNK,Denmark,2018,36623,2675,0,8236,0,0,0,,0,unhcr_population,2025-12-31,2026-08-19T14:21:59Z,2026-08-19
DNK,Denmark,2019,37533,1422,0,11682,0,0,0,,0,unhcr_population,2025-12-31,2026-08-19T14:21:59Z,2026-08-19
DNK,Denmark,2020,36643,1331,0,11655,0,0,0,,0,unhcr_population,2025-12-31,2026-08-19T14:21:59Z,2026-08-19
DNK,Denmark,2021,36023,1519,0,11643,0,0,0,,0,unhcr_population,2025-12-31,2026-08-19T14:21:59Z,2026-08-19
DNK,Denmark,2022,67772,2776,0,11564,0,9,0,,0,unhcr_population,2025-12-31,2026-08-19T14:21:59Z,2026-08-19
DNK,Denmark,2023,68912,2356,0,8657,0,0,0,,0,unhcr_population,2025-12-31,2026-08-19T14:21:59Z,2026-08-19
DNK,Denmark,2024,98204,2628,0,8566,0,0,0,,0,unhcr_population,2025-12-31,2026-08-19T14:21:59Z,2026-08-19
DNK,Denmark,2025,95007,2738,0,8493,0,0,0,,0,unhcr_population,2025-12-31,2026-08-19T14:21:59Z,2026-08-19
DOM,Dominican Rep.,1970,1000,0,0,0,0,0,0,,0,unhcr_population,2025-12-31,2026-08-19T14:21:59Z,2026-08-19
DOM,Dominican Rep.,1971,1000,0,0,0,0,0,0,,0,unhcr_population,2025-12-31,2026-08-19T14:21:59Z,2026-08-19
DOM,Dominican Rep.,1972,1100,0,0,0,0,0,0,,0,unhcr_population,2025-12-31,2026-08-19T14:21:59Z,2026-08-19
DOM,Dominican Rep.,1974,1000,0,0,0,0,0,0,,0,unhcr_population,2025-12-31,2026-08-19T14:21:59Z,2026-08-19
DOM,Dominican Rep.,1977,500,0,0,0,0,0,0,,0,unhcr_population,2025-12-31,2026-08-19T14:21:59Z,2026-08-19
DOM,Dominican Rep.,1978,300,0,0,0,0,0,0,,0,unhcr_population,2025-12-31,2026-08-19T14:21:59Z,2026-08-19
DOM,Dominican Rep.,1979,3300,0,0,0,0,0,0,,0,unhcr_population,2025-12-31,2026-08-19T14:21:59Z,2026-08-19
DOM,Dominican Rep.,1980,3800,0,0,0,0,0,0,,0,unhcr_population,2025-12-31,2026-08-19T14:21:59Z,2026-08-19
DOM,Dominican Rep.,1981,5000,0,0,0,0,0,0,,0,unhcr_population,2025-12-31,2026-08-19T14:21:59Z,2026-08-19
DOM,Dominican Rep.,1982,5000,0,0,0,0,0,0,,0,unhcr_population,2025-12-31,2026-08-19T14:21:59Z,2026-08-19
DOM,Dominican Rep.,1983,5000,0,0,0,0,0,0,,0,unhcr_population,2025-12-31,2026-08-19T14:21:59Z,2026-08-19
DOM,Dominican Rep.,1984,5130,0,0,0,0,0,0,,0,unhcr_population,2025-12-31,2026-08-19T14:21:59Z,2026-08-19
DOM,Dominican Rep.,1985,6000,0,0,0,0,0,0,,0,unhcr_population,2025-12-31,2026-08-19T14:21:59Z,2026-08-19
DOM,Dominican Rep.,1986,4980,0,0,0,0,1020,0,,0,unhcr_population,2025-12-31,2026-08-19T14:21:59Z,2026-08-19
DOM,Dominican Rep.,1987,5000,0,0,0,0,2070,0,,0,unhcr_population,2025-12-31,2026-08-19T14:21:59Z,2026-08-19
DOM,Dominican Rep.,1988,4686,0,0,0,0,670,0,,0,unhcr_population,2025-12-31,2026-08-19T14:21:59Z,2026-08-19
DOM,Dominican Rep.,1989,3320,0,0,0,0,490,0,,0,unhcr_population,2025-12-31,2026-08-19T14:21:59Z,2026-08-19
DOM,Dominican Rep.,1990,1966,0,0,0,0,150,0,,0,unhcr_population,2025-12-31,2026-08-19T14:21:59Z,2026-08-19
DOM,Dominican Rep.,1991,1571,0,0,0,0,400,0,,0,unhcr_population,2025-12-31,2026-08-19T14:21:59Z,2026-08-19
DOM,Dominican Rep.,1992,510,0,0,0,0,1520,0,,0,unhcr_population,2025-12-31,2026-08-19T14:21:59Z,2026-08-19
DOM,Dominican Rep.,1993,1330,0,0,0,0,8,0,,0,unhcr_population,2025-12-31,2026-08-19T14:21:59Z,2026-08-19
DOM,Dominican Rep.,1994,1252,0,0,0,0,720,0,,0,unhcr_population,2025-12-31,2026-08-19T14:21:59Z,2026-08-19
DOM,Dominican Rep.,1995,982,0,0,0,0,544,0,,0,unhcr_population,2025-12-31,2026-08-19T14:21:59Z,2026-08-19
DOM,Dominican Rep.,1996,637,0,0,0,0,359,0,,0,unhcr_population,2025-12-31,2026-08-19T14:21:59Z,2026-08-19
DOM,Dominican Rep.,1997,638,0,0,0,0,0,0,,0,unhcr_population,2025-12-31,2026-08-19T14:21:59Z,2026-08-19
DOM,Dominican Rep.,1998,614,0,0,0,0,0,0,,0,unhcr_population,2025-12-31,2026-08-19T14:21:59Z,2026-08-19
DOM,Dominican Rep.,1999,621,0,0,0,0,0,0,,0,unhcr_population,2025-12-31,2026-08-19T14:21:59Z,2026-08-19
DOM,Dominican Rep.,2000,506,24,0,0,0,0,0,,0,unhcr_population,2025-12-31,2026-08-19T14:21:59Z,2026-08-19
DOM,Dominican Rep.,2010,600,1756,0,0,0,0,0,,0,unhcr_population,2025-12-31,2026-08-19T14:21:59Z,2026-08-19
DOM,Dominican Rep.,2011,595,1783,0,0,0,0,0,,0,unhcr_population,2025-12-31,2026-08-19T14:21:59Z,2026-08-19
DOM,Dominican Rep.,2012,757,764,0,0,0,0,0,,0,unhcr_population,2025-12-31,2026-08-19T14:21:59Z,2026-08-19
DOM,Dominican Rep.,2013,721,822,0,210000,0,5,0,,0,unhcr_population,2025-12-31,2026-08-19T14:21:59Z,2026-08-19
DOM,Dominican Rep.,2014,608,743,0,210000,0,0,0,,0,unhcr_population,2025-12-31,2026-08-19T14:21:59Z,2026-08-19
DOM,Dominican Rep.,2015,615,750,0,133770,0,0,0,,0,unhcr_population,2025-12-31,2026-08-19T14:21:59Z,2026-08-19
DOM,Dominican Rep.,2016,593,787,0,0,0,0,0,,0,unhcr_population,2025-12-31,2026-08-19T14:21:59Z,2026-08-19
DOM,Dominican Rep.,2017,594,850,0,0,0,0,0,,0,unhcr_population,2025-12-31,2026-08-19T14:21:59Z,2026-08-19
DOM,Dominican Rep.,2018,164,327,0,0,0,0,0,26428,0,unhcr_population,2025-12-31,2026-08-19T14:21:59Z,2026-08-19
DOM,Dominican Rep.,2019,164,561,0,0,0,0,0,33816,0,unhcr_population,2025-12-31,2026-08-19T14:21:59Z,2026-08-19
DOM,Dominican Rep.,2020,162,625,0,0,0,0,0,114050,0,unhcr_population,2025-12-31,2026-08-19T14:21:59Z,2026-08-19
DOM,Dominican Rep.,2021,162,642,0,0,0,0,0,116000,0,unhcr_population,2025-12-31,2026-08-19T14:21:59Z,2026-08-19
DOM,Dominican Rep.,2022,546,2175,0,0,0,0,0,113722,0,unhcr_population,2025-12-31,2026-08-19T14:21:59Z,2026-08-19
DOM,Dominican Rep.,2023,778,4185,0,0,0,0,0,121841,0,unhcr_population,2025-12-31,2026-08-19T14:21:59Z,2026-08-19
DOM,Dominican Rep.,2024,18,986,0,0,0,0,0,125343,0,unhcr_population,2025-12-31,2026-08-19T14:21:59Z,2026-08-19
DOM,Dominican Rep.,2025,20,1029,0,0,0,0,0,99484,0,unhcr_population,2025-12-31,2026-08-19T14:21:59Z,2026-08-19
DZA,Algeria,1970,500,0,0,0,0,0,0,,0,unhcr_population,2025-12-31,2026-08-19T14:21:59Z,2026-08-19
DZA,Algeria,1975,21000,0,0,0,0,0,0,,0,unhcr_population,2025-12-31,2026-08-19T14:21:59Z,2026-08-19
DZA,Algeria,1976,39580,0,0,0,0,0,0,,0,unhcr_population,2025-12-31,2026-08-19T14:21:59Z,2026-08-19
DZA,Algeria,1977,52000,0,0,0,0,0,0,,0,unhcr_population,2025-12-31,2026-08-19T14:21:59Z,2026-08-19
DZA,Algeria,1978,52000,0,0,0,0,0,0,,0,unhcr_population,2025-12-31,2026-08-19T14:21:59Z,2026-08-19
DZA,Algeria,1979,52000,0,0,0,0,0,0,,0,unhcr_population,2025-12-31,2026-08-19T14:21:59Z,2026-08-19
DZA,Algeria,1980,52000,0,0,0,0,0,0,,0,unhcr_population,2025-12-31,2026-08-19T14:21:59Z,2026-08-19
DZA,Algeria,1981,167000,0,0,0,0,0,0,,0,unhcr_population,2025-12-31,2026-08-19T14:21:59Z,2026-08-19
DZA,Algeria,1982,167000,0,0,0,0,0,0,,0,unhcr_population,2025-12-31,2026-08-19T14:21:59Z,2026-08-19
DZA,Algeria,1983,167000,0,0,0,0,0,0,,0,unhcr_population,2025-12-31,2026-08-19T14:21:59Z,2026-08-19
DZA,Algeria,1984,167000,0,0,0,0,0,0,,0,unhcr_population,2025-12-31,2026-08-19T14:21:59Z,2026-08-19
DZA,Algeria,1985,174160,0,0,0,0,0,0,,0,unhcr_population,2025-12-31,2026-08-19T14:21:59Z,2026-08-19
DZA,Algeria,1986,167220,0,0,0,0,0,0,,0,unhcr_population,2025-12-31,2026-08-19T14:21:59Z,2026-08-19
DZA,Algeria,1987,167000,0,0,0,0,0,0,,0,unhcr_population,2025-12-31,2026-08-19T14:21:59Z,2026-08-19
DZA,Algeria,1988,170000,0,0,0,0,0,0,,0,unhcr_population,2025-12-31,2026-08-19T14:21:59Z,2026-08-19
DZA,Algeria,1989,169103,0,0,0,0,77870,0,,0,unhcr_population,2025-12-31,2026-08-19T14:21:59Z,2026-08-19
DZA,Algeria,1990,169110,0,0,0,0,0,0,,0,unhcr_population,2025-12-31,2026-08-19T14:21:59Z,2026-08-19
DZA,Algeria,1991,169124,0,0,0,0,50,0,,0,unhcr_population,2025-12-31,2026-08-19T14:21:59Z,2026-08-19
DZA,Algeria,1992,219314,0,0,0,0,70,0,,0,unhcr_population,2025-12-31,2026-08-19T14:21:59Z,2026-08-19
DZA,Algeria,1993,219067,0,0,0,0,0,0,,0,unhcr_population,2025-12-31,2026-08-19T14:21:59Z,2026-08-19
DZA,Algeria,1994,219073,0,0,0,0,0,0,,0,unhcr_population,2025-12-31,2026-08-19T14:21:59Z,2026-08-19
DZA,Algeria,1995,192489,0,0,0,0,22105,0,,0,unhcr_population,2025-12-31,2026-08-19T14:21:59Z,2026-08-19
DZA,Algeria,1996,190267,0,0,0,0,2223,0,,0,unhcr_population,2025-12-31,2026-08-19T14:21:59Z,2026-08-19
DZA,Algeria,1997,170736,0,0,0,0,2400,0,,0,unhcr_population,2025-12-31,2026-08-19T14:21:59Z,2026-08-19
DZA,Algeria,1998,165226,0,0,0,70,24674,0,,0,unhcr_population,2025-12-31,2026-08-19T14:21:59Z,2026-08-19
DZA,Algeria,1999,165249,0,0,0,0,41,0,,0,unhcr_population,2025-12-31,2026-08-19T14:21:59Z,2026-08-19
DZA,Algeria,2000,169654,309,0,0,0,0,0,,0,unhcr_population,2025-12-31,2026-08-19T14:21:59Z,2026-08-19
DZA,Algeria,2001,169417,110,0,0,0,0,0,,0,unhcr_population,2025-12-31,2026-08-19T14:21:59Z,2026-08-19
DZA,Algeria,2002,169233,0,0,0,0,0,0,,0,unhcr_population,2025-12-31,2026-08-19T14:21:59Z,2026-08-19
DZA,Algeria,2003,169032,0,0,0,0,0,0,,0,unhcr_population,2025-12-31,2026-08-19T14:21:59Z,2026-08-19
DZA,Algeria,2004,169053,0,0,0,0,0,0,,0,unhcr_population,2025-12-31,2026-08-19T14:21:59Z,2026-08-19
DZA,Algeria,2005,94104,299,0,0,0,0,0,,0,unhcr_population,2025-12-31,2026-08-19T14:21:59Z,2026-08-19
DZA,Algeria,2006,94181,935,0,0,0,0,0,,0,unhcr_population,2025-12-31,2026-08-19T14:21:59Z,2026-08-19
DZA,Algeria,2007,94137,1587,0,0,0,0,0,,0,unhcr_population,2025-12-31,2026-08-19T14:21:59Z,2026-08-19
DZA,Algeria,2008,94094,899,0,0,0,0,0,,0,unhcr_population,2025-12-31,2026-08-19T14:21:59Z,2026-08-19
DZA,Algeria,2009,94136,157,0,0,0,0,0,,0,unhcr_population,2025-12-31,2026-08-19T14:21:59Z,2026-08-19
DZA,Algeria,2010,94141,300,0,0,0,0,0,,0,unhcr_population,2025-12-31,2026-08-19T14:21:59Z,2026-08-19
DZA,Algeria,2011,94145,805,0,0,0,0,0,,0,unhcr_population,2025-12-31,2026-08-19T14:21:59Z,2026-08-19
DZA,Algeria,2012,94130,1722,0,0,0,6,0,,0,unhcr_population,2025-12-31,2026-08-19T14:21:59Z,2026-08-19
DZA,Algeria,2013,94142,1795,0,0,0,926,0,,0,unhcr_population,2025-12-31,2026-08-19T14:21:59Z,2026-08-19
DZA,Algeria,2014,94119,4864,0,0,0,2380,0,,0,unhcr_population,2025-12-31,2026-08-19T14:21:59Z,2026-08-19
DZA,Algeria,2015,94176,6573,0,0,0,859,0,,0,unhcr_population,2025-12-31,2026-08-19T14:21:59Z,2026-08-19
DZA,Algeria,2016,94220,5700,0,0,0,1043,0,,0,unhcr_population,2025-12-31,2026-08-19T14:21:59Z,2026-08-19
DZA,Algeria,2017,94248,6353,0,0,0,259,0,,0,unhcr_population,2025-12-31,2026-08-19T14:21:59Z,2026-08-19
DZA,Algeria,2018,94341,8910,0,0,0,223,0,,0,unhcr_population,2025-12-31,2026-08-19T14:21:59Z,2026-08-19
DZA,Algeria,2019,98599,1647,0,0,0,45,0,,0,unhcr_population,2025-12-31,2026-08-19T14:21:59Z,2026-08-19
DZA,Algeria,2020,97651,2124,0,0,0,0,0,,0,unhcr_population,2025-12-31,2026-08-19T14:21:59Z,2026-08-19
DZA,Algeria,2021,97890,2130,0,0,0,5,0,,0,unhcr_population,2025-12-31,2026-08-19T14:21:59Z,2026-08-19
DZA,Algeria,2022,99107,3646,0,0,0,0,0,,0,unhcr_population,2025-12-31,2026-08-19T14:21:59Z,2026-08-19
DZA,Algeria,2023,98590,3601,0,0,0,0,0,,0,unhcr_population,2025-12-31,2026-08-19T14:21:59Z,2026-08-19
DZA,Algeria,2024,183368,4838,0,0,0,10,0,,0,unhcr_population,2025-12-31,2026-08-19T14:21:59Z,2026-08-19
DZA,Algeria,2025,180575,3690,0,0,0,0,0,,0,unhcr_population,2025-12-31,2026-08-19T14:21:59Z,2026-08-19
ECU,Ecuador,1972,200,0,0,0,0,0,0,,0,unhcr_population,2025-12-31,2026-08-19T14:21:59Z,2026-08-19
ECU,Ecuador,1974,200,0,0,0,0,0,0,,0,unhcr_population,2025-12-31,2026-08-19T14:21:59Z,2026-08-19
ECU,Ecuador,1977,200,0,0,0,0,0,0,,0,unhcr_population,2025-12-31,2026-08-19T14:21:59Z,2026-08-19
ECU,Ecuador,1979,600,0,0,0,0,0,0,,0,unhcr_population,2025-12-31,2026-08-19T14:21:59Z,2026-08-19
ECU,Ecuador,1980,700,0,0,0,0,0,0,,0,unhcr_population,2025-12-31,2026-08-19T14:21:59Z,2026-08-19
ECU,Ecuador,1981,640,0,0,0,0,0,0,,0,unhcr_population,2025-12-31,2026-08-19T14:21:59Z,2026-08-19
ECU,Ecuador,1982,680,0,0,0,0,0,0,,0,unhcr_population,2025-12-31,2026-08-19T14:21:59Z,2026-08-19
ECU,Ecuador,1983,770,0,0,0,0,0,0,,0,unhcr_population,2025-12-31,2026-08-19T14:21:59Z,2026-08-19
ECU,Ecuador,1984,870,0,0,0,0,60,0,,0,unhcr_population,2025-12-31,2026-08-19T14:21:59Z,2026-08-19
ECU,Ecuador,1985,890,0,0,0,0,140,0,,0,unhcr_population,2025-12-31,2026-08-19T14:21:59Z,2026-08-19
ECU,Ecuador,1986,800,0,0,0,0,70,0,,0,unhcr_population,2025-12-31,2026-08-19T14:21:59Z,2026-08-19
ECU,Ecuador,1987,710,0,0,0,0,0,0,,0,unhcr_population,2025-12-31,2026-08-19T14:21:59Z,2026-08-19
ECU,Ecuador,1988,755,0,0,0,0,50,0,,0,unhcr_population,2025-12-31,2026-08-19T14:21:59Z,2026-08-19
ECU,Ecuador,1989,757,0,0,0,0,0,0,,0,unhcr_population,2025-12-31,2026-08-19T14:21:59Z,2026-08-19
ECU,Ecuador,1990,510,0,0,0,0,160,0,,0,unhcr_population,2025-12-31,2026-08-19T14:21:59Z,2026-08-19
ECU,Ecuador,1991,280,0,0,0,0,260,0,,0,unhcr_population,2025-12-31,2026-08-19T14:21:59Z,2026-08-19
ECU,Ecuador,1992,204,0,0,0,0,150,0,,0,unhcr_population,2025-12-31,2026-08-19T14:21:59Z,2026-08-19
ECU,Ecuador,1993,232,0,0,0,0,162,0,,0,unhcr_population,2025-12-31,2026-08-19T14:21:59Z,2026-08-19
ECU,Ecuador,1994,238,0,0,0,0,66,0,,0,unhcr_population,2025-12-31,2026-08-19T14:21:59Z,2026-08-19
ECU,Ecuador,1995,204,0,0,0,0,10,0,,0,unhcr_population,2025-12-31,2026-08-19T14:21:59Z,2026-08-19
ECU,Ecuador,1996,213,0,0,0,0,5,0,,0,unhcr_population,2025-12-31,2026-08-19T14:21:59Z,2026-08-19
ECU,Ecuador,1997,218,0,0,0,0,0,0,,0,unhcr_population,2025-12-31,2026-08-19T14:21:59Z,2026-08-19
ECU,Ecuador,1998,244,0,0,0,0,0,0,,0,unhcr_population,2025-12-31,2026-08-19T14:21:59Z,2026-08-19
ECU,Ecuador,1999,309,0,0,0,1200,5,0,,0,unhcr_population,2025-12-31,2026-08-19T14:21:59Z,2026-08-19
ECU,Ecuador,2000,1598,147,0,0,0,36,0,,0,unhcr_population,2025-12-31,2026-08-19T14:21:59Z,2026-08-19
ECU,Ecuador,2001,1680,2494,0,0,0,89,0,,0,unhcr_population,2025-12-31,2026-08-19T14:21:59Z,2026-08-19
ECU,Ecuador,2002,3225,2638,0,0,0,7,0,,0,unhcr_population,2025-12-31,2026-08-19T14:21:59Z,2026-08-19
ECU,Ecuador,2003,6367,2554,0,0,0,5,0,,0,unhcr_population,2025-12-31,2026-08-19T14:21:59Z,2026-08-19
ECU,Ecuador,2004,8425,1643,0,0,0,5,0,,0,unhcr_population,2025-12-31,2026-08-19T14:21:59Z,2026-08-19
ECU,Ecuador,2005,10046,2474,0,0,250000,0,0,,0,unhcr_population,2025-12-31,2026-08-19T14:21:59Z,2026-08-19
ECU,Ecuador,2006,11767,5516,0,0,250000,0,0,,0,unhcr_population,2025-12-31,2026-08-19T14:21:59Z,2026-08-19
ECU,Ecuador,2007,264868,27395,0,0,0,5,0,,0,unhcr_population,2025-12-31,2026-08-19T14:21:59Z,2026-08-19
ECU,Ecuador,2008,101368,33900,0,0,0,0,0,,0,unhcr_population,2025-12-31,2026-08-19T14:21:59Z,2026-08-19
ECU,Ecuador,2009,116532,50593,0,0,0,0,0,,0,unhcr_population,2025-12-31,2026-08-19T14:21:59Z,2026-08-19
ECU,Ecuador,2010,121222,49874,0,0,0,0,0,,0,unhcr_population,2025-12-31,2026-08-19T14:21:59Z,2026-08-19
ECU,Ecuador,2011,123407,21534,0,0,0,18,0,,0,unhcr_population,2025-12-31,2026-08-19T14:21:59Z,2026-08-19
ECU,Ecuador,2012,123793,14553,0,0,0,6,0,,0,unhcr_population,2025-12-31,2026-08-19T14:21:59Z,2026-08-19
ECU,Ecuador,2013,123177,11564,0,0,0,0,0,,0,unhcr_population,2025-12-31,2026-08-19T14:21:59Z,2026-08-19
ECU,Ecuador,2014,122129,11583,0,0,0,5,0,,0,unhcr_population,2025-12-31,2026-08-19T14:21:59Z,2026-08-19
ECU,Ecuador,2015,121511,11583,0,0,0,10,0,,0,unhcr_population,2025-12-31,2026-08-19T14:21:59Z,2026-08-19
ECU,Ecuador,2016,102848,24542,0,0,0,46,0,,0,unhcr_population,2025-12-31,2026-08-19T14:21:59Z,2026-08-19
ECU,Ecuador,2017,92405,11895,0,0,41000,7,0,,0,unhcr_population,2025-12-31,2026-08-19T14:21:59Z,2026-08-19
ECU,Ecuador,2018,101550,17044,0,0,0,26,0,256265,0,unhcr_population,2025-12-31,2026-08-19T14:21:59Z,2026-08-19
ECU,Ecuador,2019,104560,25002,0,0,0,0,0,374045,0,unhcr_population,2025-12-31,2026-08-19T14:21:59Z,2026-08-19
ECU,Ecuador,2020,104582,26001,0,0,0,0,0,401777,0,unhcr_population,2025-12-31,2026-08-19T14:21:59Z,2026-08-19
ECU,Ecuador,2021,56603,7137,0,0,0,0,0,503882,0,unhcr_population,2025-12-31,2026-08-19T14:21:59Z,2026-08-19
ECU,Ecuador,2022,60125,9754,0,0,0,0,0,495304,0,unhcr_population,2025-12-31,2026-08-19T14:21:59Z,2026-08-19
ECU,Ecuador,2023,62899,7700,0,0,0,0,0,469441,0,unhcr_population,2025-12-31,2026-08-19T14:21:59Z,2026-08-19
ECU,Ecuador,2024,23218,7023,0,0,0,0,0,439097,0,unhcr_population,2025-12-31,2026-08-19T14:21:59Z,2026-08-19
ECU,Ecuador,2025,26428,8571,0,0,0,0,0,432888,0,unhcr_population,2025-12-31,2026-08-19T14:21:59Z,2026-08-19
EGY,Egypt,1964,470,0,0,0,0,0,0,,0,unhcr_population,2025-12-31,2026-08-19T14:21:59Z,2026-08-19
EGY,Egypt,1965,5000,0,0,0,0,0,0,,0,unhcr_population,2025-12-31,2026-08-19T14:21:59Z,2026-08-19
EGY,Egypt,1969,4800,0,0,0,0,0,0,,0,unhcr_population,2025-12-31,2026-08-19T14:21:59Z,2026-08-19
EGY,Egypt,1970,5000,0,0,0,0,0,0,,0,unhcr_population,2025-12-31,2026-08-19T14:21:59Z,2026-08-19
EGY,Egypt,1971,5020,0,0,0,0,0,0,,0,unhcr_population,2025-12-31,2026-08-19T14:21:59Z,2026-08-19
EGY,Egypt,1972,7370,0,0,0,0,0,0,,0,unhcr_population,2025-12-31,2026-08-19T14:21:59Z,2026-08-19
EGY,Egypt,1973,2600,0,0,0,0,0,0,,0,unhcr_population,2025-12-31,2026-08-19T14:21:59Z,2026-08-19
EGY,Egypt,1974,4000,0,0,0,0,0,0,,0,unhcr_population,2025-12-31,2026-08-19T14:21:59Z,2026-08-19
EGY,Egypt,1975,4000,0,0,0,0,0,0,,0,unhcr_population,2025-12-31,2026-08-19T14:21:59Z,2026-08-19
EGY,Egypt,1976,4000,0,0,0,0,0,0,,0,unhcr_population,2025-12-31,2026-08-19T14:21:59Z,2026-08-19
EGY,Egypt,1977,4510,0,0,0,0,50,0,,0,unhcr_population,2025-12-31,2026-08-19T14:21:59Z,2026-08-19
EGY,Egypt,1978,5000,0,0,0,0,0,0,,0,unhcr_population,2025-12-31,2026-08-19T14:21:59Z,2026-08-19
EGY,Egypt,1979,4850,0,0,0,0,0,0,,0,unhcr_population,2025-12-31,2026-08-19T14:21:59Z,2026-08-19
EGY,Egypt,1980,1440,0,0,0,0,0,0,,0,unhcr_population,2025-12-31,2026-08-19T14:21:59Z,2026-08-19
EGY,Egypt,1981,1580,0,0,0,0,0,0,,0,unhcr_population,2025-12-31,2026-08-19T14:21:59Z,2026-08-19
EGY,Egypt,1982,5500,0,0,0,0,0,0,,0,unhcr_population,2025-12-31,2026-08-19T14:21:59Z,2026-08-19
EGY,Egypt,1983,35000,0,0,0,0,0,0,,0,unhcr_population,2025-12-31,2026-08-19T14:21:59Z,2026-08-19
EGY,Egypt,1984,5500,0,0,0,0,0,0,,0,unhcr_population,2025-12-31,2026-08-19T14:21:59Z,2026-08-19
EGY,Egypt,1985,1090,0,0,0,0,0,0,,0,unhcr_population,2025-12-31,2026-08-19T14:21:59Z,2026-08-19
EGY,Egypt,1986,1080,0,0,0,0,0,0,,0,unhcr_population,2025-12-31,2026-08-19T14:21:59Z,2026-08-19
EGY,Egypt,1987,1150,0,0,0,0,0,0,,0,unhcr_population,2025-12-31,2026-08-19T14:21:59Z,2026-08-19
EGY,Egypt,1988,1620,0,0,0,0,0,0,,0,unhcr_population,2025-12-31,2026-08-19T14:21:59Z,2026-08-19
EGY,Egypt,1989,1740,0,0,0,0,0,0,,0,unhcr_population,2025-12-31,2026-08-19T14:21:59Z,2026-08-19
EGY,Egypt,1990,1991,0,0,0,0,50,0,,0,unhcr_population,2025-12-31,2026-08-19T14:21:59Z,2026-08-19
EGY,Egypt,1991,2245,0,0,0,0,0,0,,0,unhcr_population,2025-12-31,2026-08-19T14:21:59Z,2026-08-19
EGY,Egypt,1992,5509,0,0,0,0,270,0,,0,unhcr_population,2025-12-31,2026-08-19T14:21:59Z,2026-08-19
EGY,Egypt,1993,6709,0,0,0,0,0,0,,0,unhcr_population,2025-12-31,2026-08-19T14:21:59Z,2026-08-19
EGY,Egypt,1994,7218,0,0,0,0,39,0,,0,unhcr_population,2025-12-31,2026-08-19T14:21:59Z,2026-08-19
EGY,Egypt,1995,5401,0,0,0,0,5,0,,0,unhcr_population,2025-12-31,2026-08-19T14:21:59Z,2026-08-19
EGY,Egypt,1996,6026,0,0,0,0,446,0,,0,unhcr_population,2025-12-31,2026-08-19T14:21:59Z,2026-08-19
EGY,Egypt,1997,6486,0,0,0,0,5,0,,0,unhcr_population,2025-12-31,2026-08-19T14:21:59Z,2026-08-19
EGY,Egypt,1998,6276,0,0,0,0,26,0,,0,unhcr_population,2025-12-31,2026-08-19T14:21:59Z,2026-08-19
EGY,Egypt,1999,6553,0,0,0,0,10,0,,0,unhcr_population,2025-12-31,2026-08-19T14:21:59Z,2026-08-19
EGY,Egypt,2000,6840,11164,0,0,0,18,0,,0,unhcr_population,2025-12-31,2026-08-19T14:21:59Z,2026-08-19
EGY,Egypt,2001,7223,15644,0,0,0,13,0,,0,unhcr_population,2025-12-31,2026-08-19T14:21:59Z,2026-08-19
EGY,Egypt,2002,80488,12085,0,0,0,192,0,,0,unhcr_population,2025-12-31,2026-08-19T14:21:59Z,2026-08-19
EGY,Egypt,2003,88745,5390,0,0,0,71,0,,0,unhcr_population,2025-12-31,2026-08-19T14:21:59Z,2026-08-19
EGY,Egypt,2004,90335,8741,0,113,0,39,0,,0,unhcr_population,2025-12-31,2026-08-19T14:21:59Z,2026-08-19
EGY,Egypt,2005,88934,11003,0,96,0,104,0,,0,unhcr_population,2025-12-31,2026-08-19T14:21:59Z,2026-08-19
EGY,Egypt,2006,88014,16355,0,77,0,939,0,,0,unhcr_population,2025-12-31,2026-08-19T14:21:59Z,2026-08-19
EGY,Egypt,2007,97550,14865,0,74,0,1619,0,,0,unhcr_population,2025-12-31,2026-08-19T14:21:59Z,2026-08-19
EGY,Egypt,2008,97851,14653,0,64,0,2179,0,,0,unhcr_population,2025-12-31,2026-08-19T14:21:59Z,2026-08-19
EGY,Egypt,2009,94392,13425,0,64,0,2480,0,,0,unhcr_population,2025-12-31,2026-08-19T14:21:59Z,2026-08-19
EGY,Egypt,2010,95044,14283,0,60,0,506,0,,0,unhcr_population,2025-12-31,2026-08-19T14:21:59Z,2026-08-19
EGY,Egypt,2011,95078,18915,0,60,0,1916,0,,0,unhcr_population,2025-12-31,2026-08-19T14:21:59Z,2026-08-19
EGY,Egypt,2012,109923,16938,0,60,0,1726,0,,0,unhcr_population,2025-12-31,2026-08-19T14:21:59Z,2026-08-19
EGY,Egypt,2013,230070,23150,0,23,0,875,0,,0,unhcr_population,2025-12-31,2026-08-19T14:21:59Z,2026-08-19
EGY,Egypt,2014,236085,25603,0,20,0,146,0,,0,unhcr_population,2025-12-31,2026-08-19T14:21:59Z,2026-08-19
EGY,Egypt,2015,212492,38135,0,22,0,87,0,,0,unhcr_population,2025-12-31,2026-08-19T14:21:59Z,2026-08-19
EGY,Egypt,2016,213515,49844,0,19,0,7,0,,0,unhcr_population,2025-12-31,2026-08-19T14:21:59Z,2026-08-19
EGY,Egypt,2017,232647,56557,0,0,0,226,0,,0,unhcr_population,2025-12-31,2026-08-19T14:21:59Z,2026-08-19
EGY,Egypt,2018,246746,68168,0,5,0,329,0,,0,unhcr_population,2025-12-31,2026-08-19T14:21:59Z,2026-08-19
EGY,Egypt,2019,258391,66309,0,5,0,492,0,,0,unhcr_population,2025-12-31,2026-08-19T14:21:59Z,2026-08-19
EGY,Egypt,2020,272826,56446,0,10,0,105,0,,0,unhcr_population,2025-12-31,2026-08-19T14:21:59Z,2026-08-19
EGY,Egypt,2021,280686,60392,0,5,0,399,0,,0,unhcr_population,2025-12-31,2026-08-19T14:21:59Z,2026-08-19
EGY,Egypt,2022,294632,63881,0,10,0,466,0,,0,unhcr_population,2025-12-31,2026-08-19T14:21:59Z,2026-08-19
EGY,Egypt,2023,240507,232244,0,10,0,841,0,,0,unhcr_population,2025-12-31,2026-08-19T14:21:59Z,2026-08-19
EGY,Egypt,2024,238014,638948,0,5,0,9453,0,,0,unhcr_population,2025-12-31,2026-08-19T14:21:59Z,2026-08-19
EGY,Egypt,2025,220033,878268,0,5,0,431222,0,,0,unhcr_population,2025-12-31,2026-08-19T14:21:59Z,2026-08-19
ERI,Eritrea,1993,5,0,0,0,0,0,0,,0,unhcr_population,2025-12-31,2026-08-19T14:21:59Z,2026-08-19
ERI,Eritrea,1994,704,0,0,0,0,5,0,,0,unhcr_population,2025-12-31,2026-08-19T14:21:59Z,2026-08-19
ERI,Eritrea,1995,1081,0,0,0,0,0,0,,0,unhcr_population,2025-12-31,2026-08-19T14:21:59Z,2026-08-19
ERI,Eritrea,1996,2105,0,0,0,0,0,0,,0,unhcr_population,2025-12-31,2026-08-19T14:21:59Z,2026-08-19
ERI,Eritrea,1997,2606,0,0,0,0,0,0,,0,unhcr_population,2025-12-31,2026-08-19T14:21:59Z,2026-08-19
ERI,Eritrea,1998,2501,0,0,0,0,0,0,,0,unhcr_population,2025-12-31,2026-08-19T14:21:59Z,2026-08-19
ERI,Eritrea,1999,2972,0,0,0,0,0,0,,0,unhcr_population,2025-12-31,2026-08-19T14:21:59Z,2026-08-19
ERI,Eritrea,2000,1984,0,1100000,0,0,15,0,,0,unhcr_population,2025-12-31,2026-08-19T14:21:59Z,2026-08-19
ERI,Eritrea,2001,2272,0,0,0,1420,57,0,,0,unhcr_population,2025-12-31,2026-08-19T14:21:59Z,2026-08-19
ERI,Eritrea,2002,3619,5,0,0,100,0,0,,0,unhcr_population,2025-12-31,2026-08-19T14:21:59Z,2026-08-19
ERI,Eritrea,2003,3890,200,0,0,0,0,0,,0,unhcr_population,2025-12-31,2026-08-19T14:21:59Z,2026-08-19
ERI,Eritrea,2004,4242,449,0,7,0,11,0,,0,unhcr_population,2025-12-31,2026-08-19T14:21:59Z,2026-08-19
ERI,Eritrea,2005,4418,1589,0,0,31,0,0,,0,unhcr_population,2025-12-31,2026-08-19T14:21:59Z,2026-08-19
ERI,Eritrea,2006,4621,2001,0,0,32,21,0,,0,unhcr_population,2025-12-31,2026-08-19T14:21:59Z,2026-08-19
ERI,Eritrea,2007,5042,2016,0,0,0,5,0,,0,unhcr_population,2025-12-31,2026-08-19T14:21:59Z,2026-08-19
ERI,Eritrea,2008,4862,128,0,0,0,0,0,,0,unhcr_population,2025-12-31,2026-08-19T14:21:59Z,2026-08-19
ERI,Eritrea,2009,4751,135,0,0,0,0,0,,0,unhcr_population,2025-12-31,2026-08-19T14:21:59Z,2026-08-19
ERI,Eritrea,2010,4809,135,0,0,0,13,0,,0,unhcr_population,2025-12-31,2026-08-19T14:21:59Z,2026-08-19
ERI,Eritrea,2011,4719,7,0,0,0,0,0,,0,unhcr_population,2025-12-31,2026-08-19T14:21:59Z,2026-08-19
ERI,Eritrea,2012,3600,17,0,0,64,0,0,,0,unhcr_population,2025-12-31,2026-08-19T14:21:59Z,2026-08-19
ERI,Eritrea,2013,3166,5,0,0,64,15,0,,0,unhcr_population,2025-12-31,2026-08-19T14:21:59Z,2026-08-19
ERI,Eritrea,2014,2898,0,0,0,21,12,0,,0,unhcr_population,2025-12-31,2026-08-19T14:21:59Z,2026-08-19
ERI,Eritrea,2015,2549,0,0,0,6,33,0,,0,unhcr_population,2025-12-31,2026-08-19T14:21:59Z,2026-08-19
ERI,Eritrea,2016,2342,8,0,0,16,0,0,,0,unhcr_population,2025-12-31,2026-08-19T14:21:59Z,2026-08-19
ERI,Eritrea,2017,2392,0,0,0,19,0,0,,0,unhcr_population,2025-12-31,2026-08-19T14:21:59Z,2026-08-19
ERI,Eritrea,2018,2252,0,0,0,21,0,0,,0,unhcr_population,2025-12-31,2026-08-19T14:21:59Z,2026-08-19
ERI,Eritrea,2019,199,0,0,0,17,0,0,,0,unhcr_population,2025-12-31,2026-08-19T14:21:59Z,2026-08-19
ERI,Eritrea,2020,201,0,0,0,17,0,0,,0,unhcr_population,2025-12-31,2026-08-19T14:21:59Z,2026-08-19
ERI,Eritrea,2021,121,0,0,0,17,53,0,,0,unhcr_population,2025-12-31,2026-08-19T14:21:59Z,2026-08-19
ERI,Eritrea,2022,119,0,0,0,17,0,0,,0,unhcr_population,2025-12-31,2026-08-19T14:21:59Z,2026-08-19
ERI,Eritrea,2023,119,0,0,0,18,0,0,,0,unhcr_population,2025-12-31,2026-08-19T14:21:59Z,2026-08-19
ERI,Eritrea,2024,119,0,0,0,18,0,0,,0,unhcr_population,2025-12-31,2026-08-19T14:21:59Z,2026-08-19
ERI,Eritrea,2025,119,0,0,0,18,0,0,,0,unhcr_population,2025-12-31,2026-08-19T14:21:59Z,2026-08-19
ESP,Spain,1951,2000,0,0,0,0,0,0,,0,unhcr_population,2025-12-31,2026-08-19T14:21:59Z,2026-08-19
ESP,Spain,1954,2000,0,0,0,0,0,0,,0,unhcr_population,2025-12-31,2026-08-19T14:21:59Z,2026-08-19
ESP,Spain,1961,2000,0,0,0,0,0,0,,0,unhcr_population,2025-12-31,2026-08-19T14:21:59Z,2026-08-19
ESP,Spain,1962,2000,0,0,0,0,0,0,,0,unhcr_population,2025-12-31,2026-08-19T14:21:59Z,2026-08-19
ESP,Spain,1963,2000,0,0,0,0,0,0,,0,unhcr_population,2025-12-31,2026-08-19T14:21:59Z,2026-08-19
ESP,Spain,1964,14000,0,0,0,0,0,0,,0,unhcr_population,2025-12-31,2026-08-19T14:21:59Z,2026-08-19
ESP,Spain,1965,14000,0,0,0,0,0,0,,0,unhcr_population,2025-12-31,2026-08-19T14:21:59Z,2026-08-19
ESP,Spain,1966,17000,0,0,0,0,0,0,,0,unhcr_population,2025-12-31,2026-08-19T14:21:59Z,2026-08-19
ESP,Spain,1967,20000,0,0,0,0,0,0,,0,unhcr_population,2025-12-31,2026-08-19T14:21:59Z,2026-08-19
ESP,Spain,1968,20000,0,0,0,0,0,0,,0,unhcr_population,2025-12-31,2026-08-19T14:21:59Z,2026-08-19
ESP,Spain,1969,23000,0,0,0,0,0,0,,0,unhcr_population,2025-12-31,2026-08-19T14:21:59Z,2026-08-19
ESP,Spain,1970,29500,0,0,0,0,0,0,,0,unhcr_population,2025-12-31,2026-08-19T14:21:59Z,2026-08-19
ESP,Spain,1971,38000,0,0,0,0,0,0,,0,unhcr_population,2025-12-31,2026-08-19T14:21:59Z,2026-08-19
ESP,Spain,1972,40000,0,0,0,0,0,0,,0,unhcr_population,2025-12-31,2026-08-19T14:21:59Z,2026-08-19
ESP,Spain,1973,26000,0,0,0,0,0,0,,0,unhcr_population,2025-12-31,2026-08-19T14:21:59Z,2026-08-19
ESP,Spain,1974,18000,0,0,0,0,0,0,,0,unhcr_population,2025-12-31,2026-08-19T14:21:59Z,2026-08-19
ESP,Spain,1975,16000,0,0,0,0,0,0,,0,unhcr_population,2025-12-31,2026-08-19T14:21:59Z,2026-08-19
ESP,Spain,1976,16500,0,0,0,0,0,0,,0,unhcr_population,2025-12-31,2026-08-19T14:21:59Z,2026-08-19
ESP,Spain,1977,15000,0,0,0,0,0,0,,0,unhcr_population,2025-12-31,2026-08-19T14:21:59Z,2026-08-19
ESP,Spain,1978,15000,0,0,0,0,0,0,,0,unhcr_population,2025-12-31,2026-08-19T14:21:59Z,2026-08-19
ESP,Spain,1979,26000,0,0,0,0,0,0,,0,unhcr_population,2025-12-31,2026-08-19T14:21:59Z,2026-08-19
ESP,Spain,1980,21500,0,0,0,0,0,0,,0,unhcr_population,2025-12-31,2026-08-19T14:21:59Z,2026-08-19
ESP,Spain,1981,21500,0,0,0,0,0,0,,0,unhcr_population,2025-12-31,2026-08-19T14:21:59Z,2026-08-19
ESP,Spain,1982,23500,0,0,0,0,0,0,,0,unhcr_population,2025-12-31,2026-08-19T14:21:59Z,2026-08-19
ESP,Spain,1983,23700,0,0,0,0,0,0,,0,unhcr_population,2025-12-31,2026-08-19T14:21:59Z,2026-08-19
ESP,Spain,1984,9900,0,0,0,0,0,0,,0,unhcr_population,2025-12-31,2026-08-19T14:21:59Z,2026-08-19
ESP,Spain,1985,9300,0,0,0,0,0,0,,0,unhcr_population,2025-12-31,2026-08-19T14:21:59Z,2026-08-19
ESP,Spain,1986,10200,0,0,0,0,0,0,,0,unhcr_population,2025-12-31,2026-08-19T14:21:59Z,2026-08-19
ESP,Spain,1987,9200,0,0,0,0,0,0,,0,unhcr_population,2025-12-31,2026-08-19T14:21:59Z,2026-08-19
ESP,Spain,1988,8691,0,0,0,0,0,0,,0,unhcr_population,2025-12-31,2026-08-19T14:21:59Z,2026-08-19
ESP,Spain,1989,8676,0,0,0,0,0,0,,0,unhcr_population,2025-12-31,2026-08-19T14:21:59Z,2026-08-19
ESP,Spain,1990,8303,0,0,0,0,0,0,,0,unhcr_population,2025-12-31,2026-08-19T14:21:59Z,2026-08-19
ESP,Spain,1991,4005,0,0,0,0,0,0,,0,unhcr_population,2025-12-31,2026-08-19T14:21:59Z,2026-08-19
ESP,Spain,1992,4040,0,0,0,0,0,0,,0,unhcr_population,2025-12-31,2026-08-19T14:21:59Z,2026-08-19
ESP,Spain,1993,4990,0,0,0,0,5,0,,0,unhcr_population,2025-12-31,2026-08-19T14:21:59Z,2026-08-19
ESP,Spain,1994,5351,0,0,0,0,53,0,,0,unhcr_population,2025-12-31,2026-08-19T14:21:59Z,2026-08-19
ESP,Spain,1995,5840,0,0,0,0,13,0,,0,unhcr_population,2025-12-31,2026-08-19T14:21:59Z,2026-08-19
ESP,Spain,1996,5672,0,0,0,0,16,0,,0,unhcr_population,2025-12-31,2026-08-19T14:21:59Z,2026-08-19
ESP,Spain,1997,5512,0,0,0,0,5,0,,0,unhcr_population,2025-12-31,2026-08-19T14:21:59Z,2026-08-19
ESP,Spain,1998,5918,0,0,0,0,0,0,,0,unhcr_population,2025-12-31,2026-08-19T14:21:59Z,2026-08-19
ESP,Spain,1999,6708,0,0,0,0,1029,0,,0,unhcr_population,2025-12-31,2026-08-19T14:21:59Z,2026-08-19
ESP,Spain,2000,6982,0,0,0,0,53,0,,0,unhcr_population,2025-12-31,2026-08-19T14:21:59Z,2026-08-19
ESP,Spain,2001,6804,0,0,0,0,0,0,,0,unhcr_population,2025-12-31,2026-08-19T14:21:59Z,2026-08-19
ESP,Spain,2002,6783,0,0,0,0,14,0,,0,unhcr_population,2025-12-31,2026-08-19T14:21:59Z,2026-08-19
ESP,Spain,2003,5912,0,0,0,0,14,0,,0,unhcr_population,2025-12-31,2026-08-19T14:21:59Z,2026-08-19
ESP,Spain,2004,5690,0,0,14,0,0,0,,0,unhcr_population,2025-12-31,2026-08-19T14:21:59Z,2026-08-19
ESP,Spain,2005,5369,0,0,18,0,9,0,,0,unhcr_population,2025-12-31,2026-08-19T14:21:59Z,2026-08-19
ESP,Spain,2006,5269,0,0,20,0,15,0,,0,unhcr_population,2025-12-31,2026-08-19T14:21:59Z,2026-08-19
ESP,Spain,2007,5143,0,0,20,0,0,0,,0,unhcr_population,2025-12-31,2026-08-19T14:21:59Z,2026-08-19
ESP,Spain,2008,4649,0,0,26,0,5,0,,0,unhcr_population,2025-12-31,2026-08-19T14:21:59Z,2026-08-19
ESP,Spain,2009,3960,3280,0,28,0,0,0,,0,unhcr_population,2025-12-31,2026-08-19T14:21:59Z,2026-08-19
ESP,Spain,2010,3814,2688,0,31,0,0,0,,0,unhcr_population,2025-12-31,2026-08-19T14:21:59Z,2026-08-19
ESP,Spain,2011,4220,2670,0,36,0,0,0,,0,unhcr_population,2025-12-31,2026-08-19T14:21:59Z,2026-08-19
ESP,Spain,2012,4502,2790,0,36,0,0,0,,0,unhcr_population,2025-12-31,2026-08-19T14:21:59Z,2026-08-19
ESP,Spain,2013,4641,4329,0,270,0,0,0,,0,unhcr_population,2025-12-31,2026-08-19T14:21:59Z,2026-08-19
ESP,Spain,2014,5797,7508,0,270,0,0,0,,0,unhcr_population,2025-12-31,2026-08-19T14:21:59Z,2026-08-19
ESP,Spain,2015,6447,11023,0,440,0,0,0,,0,unhcr_population,2025-12-31,2026-08-19T14:21:59Z,2026-08-19
ESP,Spain,2016,12983,20360,0,1011,0,0,0,,0,unhcr_population,2025-12-31,2026-08-19T14:21:59Z,2026-08-19
ESP,Spain,2017,17541,34866,0,1596,0,5,0,,0,unhcr_population,2025-12-31,2026-08-19T14:21:59Z,2026-08-19
ESP,Spain,2018,20437,78685,0,2455,0,0,0,,0,unhcr_population,2025-12-31,2026-08-19T14:21:59Z,2026-08-19
ESP,Spain,2019,57751,133030,0,4251,4246,0,0,,0,unhcr_population,2025-12-31,2026-08-19T14:21:59Z,2026-08-19
ESP,Spain,2020,103624,103385,0,5914,5904,0,0,,0,unhcr_population,2025-12-31,2026-08-19T14:21:59Z,2026-08-19
ESP,Spain,2021,122539,103850,0,6197,6187,0,0,,0,unhcr_population,2025-12-31,2026-08-19T14:21:59Z,2026-08-19
ESP,Spain,2022,314490,134580,0,7834,7788,18000,0,,0,unhcr_population,2025-12-31,2026-08-19T14:21:59Z,2026-08-19
ESP,Spain,2023,385701,204270,0,8579,0,12000,0,,0,unhcr_population,2025-12-31,2026-08-19T14:21:59Z,2026-08-19
ESP,Spain,2024,429333,263965,0,10164,0,4000,0,,0,unhcr_population,2025-12-31,2026-08-19T14:21:59Z,2026-08-19
ESP,Spain,2025,511079,248715,0,11580,0,3000,0,,0,unhcr_population,2025-12-31,2026-08-19T14:21:59Z,2026-08-19
EST,Estonia,2000,0,10,0,0,0,0,0,,0,unhcr_population,2025-12-31,2026-08-19T14:21:59Z,2026-08-19
EST,Estonia,2001,6,20,0,0,0,0,0,,0,unhcr_population,2025-12-31,2026-08-19T14:21:59Z,2026-08-19
EST,Estonia,2002,6,5,0,0,0,0,0,,0,unhcr_population,2025-12-31,2026-08-19T14:21:59Z,2026-08-19
EST,Estonia,2003,6,0,0,0,0,0,0,,0,unhcr_population,2025-12-31,2026-08-19T14:21:59Z,2026-08-19
EST,Estonia,2004,6,10,0,150536,0,0,0,,0,unhcr_population,2025-12-31,2026-08-19T14:21:59Z,2026-08-19
EST,Estonia,2005,0,0,0,136000,0,0,0,,0,unhcr_population,2025-12-31,2026-08-19T14:21:59Z,2026-08-19
EST,Estonia,2006,0,5,0,119204,0,0,0,,0,unhcr_population,2025-12-31,2026-08-19T14:21:59Z,2026-08-19
EST,Estonia,2007,6,5,0,116248,0,0,0,,0,unhcr_population,2025-12-31,2026-08-19T14:21:59Z,2026-08-19
EST,Estonia,2008,16,5,0,110315,0,0,0,,0,unhcr_population,2025-12-31,2026-08-19T14:21:59Z,2026-08-19
EST,Estonia,2009,16,19,0,104813,0,0,0,,0,unhcr_population,2025-12-31,2026-08-19T14:21:59Z,2026-08-19
EST,Estonia,2010,31,5,0,100983,0,0,0,,0,unhcr_population,2025-12-31,2026-08-19T14:21:59Z,2026-08-19
EST,Estonia,2011,34,5,0,97749,0,0,0,,0,unhcr_population,2025-12-31,2026-08-19T14:21:59Z,2026-08-19
EST,Estonia,2012,48,0,0,94235,0,0,0,,0,unhcr_population,2025-12-31,2026-08-19T14:21:59Z,2026-08-19
EST,Estonia,2013,52,15,0,91281,0,0,0,,0,unhcr_population,2025-12-31,2026-08-19T14:21:59Z,2026-08-19
EST,Estonia,2014,82,84,0,88076,0,0,0,,0,unhcr_population,2025-12-31,2026-08-19T14:21:59Z,2026-08-19
EST,Estonia,2015,158,73,0,85301,0,0,0,,0,unhcr_population,2025-12-31,2026-08-19T14:21:59Z,2026-08-19
EST,Estonia,2016,312,43,0,82585,0,0,0,,0,unhcr_population,2025-12-31,2026-08-19T14:21:59Z,2026-08-19
EST,Estonia,2017,405,36,0,80314,0,0,0,,0,unhcr_population,2025-12-31,2026-08-19T14:21:59Z,2026-08-19
EST,Estonia,2018,319,30,0,77877,0,0,0,,0,unhcr_population,2025-12-31,2026-08-19T14:21:59Z,2026-08-19
EST,Estonia,2019,331,33,0,75599,0,0,0,,0,unhcr_population,2025-12-31,2026-08-19T14:21:59Z,2026-08-19
EST,Estonia,2020,277,5,0,73214,0,0,0,,0,unhcr_population,2025-12-31,2026-08-19T14:21:59Z,2026-08-19
EST,Estonia,2021,321,15,0,70594,0,0,0,,0,unhcr_population,2025-12-31,2026-08-19T14:21:59Z,2026-08-19
EST,Estonia,2022,40806,631,0,68111,0,5000,0,,0,unhcr_population,2025-12-31,2026-08-19T14:21:59Z,2026-08-19
EST,Estonia,2023,42005,346,0,65944,0,2000,0,,0,unhcr_population,2025-12-31,2026-08-19T14:21:59Z,2026-08-19
EST,Estonia,2024,42267,172,0,63944,0,0,0,,0,unhcr_population,2025-12-31,2026-08-19T14:21:59Z,2026-08-19
EST,Estonia,2025,41299,321,0,62043,0,0,0,,0,unhcr_population,2025-12-31,2026-08-19T14:21:59Z,2026-08-19
ETH,Ethiopia,1968,20000,0,0,0,0,0,0,,0,unhcr_population,2025-12-31,2026-08-19T14:21:59Z,2026-08-19
ETH,Ethiopia,1969,20000,0,0,0,0,300,0,,0,unhcr_population,2025-12-31,2026-08-19T14:21:59Z,2026-08-19
ETH,Ethiopia,1970,21000,0,0,0,0,0,0,,0,unhcr_population,2025-12-31,2026-08-19T14:21:59Z,2026-08-19
ETH,Ethiopia,1971,22730,0,0,0,0,0,0,,0,unhcr_population,2025-12-31,2026-08-19T14:21:59Z,2026-08-19
ETH,Ethiopia,1972,16200,0,0,0,0,15660,0,,0,unhcr_population,2025-12-31,2026-08-19T14:21:59Z,2026-08-19
ETH,Ethiopia,1973,5400,0,0,0,0,13870,0,,0,unhcr_population,2025-12-31,2026-08-19T14:21:59Z,2026-08-19
ETH,Ethiopia,1974,5910,0,0,0,0,380,0,,0,unhcr_population,2025-12-31,2026-08-19T14:21:59Z,2026-08-19
ETH,Ethiopia,1975,11150,0,0,0,0,0,0,,0,unhcr_population,2025-12-31,2026-08-19T14:21:59Z,2026-08-19
ETH,Ethiopia,1976,10690,0,0,0,0,0,0,,0,unhcr_population,2025-12-31,2026-08-19T14:21:59Z,2026-08-19
ETH,Ethiopia,1977,10940,0,0,0,0,0,0,,0,unhcr_population,2025-12-31,2026-08-19T14:21:59Z,2026-08-19
ETH,Ethiopia,1978,10930,0,0,0,0,0,0,,0,unhcr_population,2025-12-31,2026-08-19T14:21:59Z,2026-08-19
ETH,Ethiopia,1979,10930,0,0,0,0,0,0,,0,unhcr_population,2025-12-31,2026-08-19T14:21:59Z,2026-08-19
ETH,Ethiopia,1980,10930,0,0,0,0,0,0,,0,unhcr_population,2025-12-31,2026-08-19T14:21:59Z,2026-08-19
ETH,Ethiopia,1981,5450,0,0,0,0,0,0,,0,unhcr_population,2025-12-31,2026-08-19T14:21:59Z,2026-08-19
ETH,Ethiopia,1982,5550,0,0,0,0,0,0,,0,unhcr_population,2025-12-31,2026-08-19T14:21:59Z,2026-08-19
ETH,Ethiopia,1983,31370,0,0,0,0,0,0,,0,unhcr_population,2025-12-31,2026-08-19T14:21:59Z,2026-08-19
ETH,Ethiopia,1984,180480,0,0,0,0,0,0,,0,unhcr_population,2025-12-31,2026-08-19T14:21:59Z,2026-08-19
ETH,Ethiopia,1985,180400,0,0,0,0,0,0,,0,unhcr_population,2025-12-31,2026-08-19T14:21:59Z,2026-08-19
ETH,Ethiopia,1986,132400,0,0,0,0,0,0,,0,unhcr_population,2025-12-31,2026-08-19T14:21:59Z,2026-08-19
ETH,Ethiopia,1987,310500,0,0,0,0,50,0,,0,unhcr_population,2025-12-31,2026-08-19T14:21:59Z,2026-08-19
ETH,Ethiopia,1988,679532,0,0,0,0,1320,0,,0,unhcr_population,2025-12-31,2026-08-19T14:21:59Z,2026-08-19
ETH,Ethiopia,1989,710166,0,0,0,0,0,0,,0,unhcr_population,2025-12-31,2026-08-19T14:21:59Z,2026-08-19
ETH,Ethiopia,1990,773764,0,0,0,0,38630,0,,0,unhcr_population,2025-12-31,2026-08-19T14:21:59Z,2026-08-19
ETH,Ethiopia,1991,529620,0,0,0,0,370000,0,,0,unhcr_population,2025-12-31,2026-08-19T14:21:59Z,2026-08-19
ETH,Ethiopia,1992,431824,0,0,0,0,0,0,,0,unhcr_population,2025-12-31,2026-08-19T14:21:59Z,2026-08-19
ETH,Ethiopia,1993,272632,0,0,0,0,0,0,,0,unhcr_population,2025-12-31,2026-08-19T14:21:59Z,2026-08-19
ETH,Ethiopia,1994,348074,0,0,0,0,0,0,,0,unhcr_population,2025-12-31,2026-08-19T14:21:59Z,2026-08-19
ETH,Ethiopia,1995,393479,0,0,0,0,5,0,,0,unhcr_population,2025-12-31,2026-08-19T14:21:59Z,2026-08-19
ETH,Ethiopia,1996,390528,0,0,0,0,0,0,,0,unhcr_population,2025-12-31,2026-08-19T14:21:59Z,2026-08-19
ETH,Ethiopia,1997,323064,0,0,0,0,50032,0,,0,unhcr_population,2025-12-31,2026-08-19T14:21:59Z,2026-08-19
ETH,Ethiopia,1998,262158,0,0,0,0,47881,0,,0,unhcr_population,2025-12-31,2026-08-19T14:21:59Z,2026-08-19
ETH,Ethiopia,1999,257683,0,0,0,0,22990,0,,0,unhcr_population,2025-12-31,2026-08-19T14:21:59Z,2026-08-19
ETH,Ethiopia,2000,197960,33,0,0,0,48327,0,,0,unhcr_population,2025-12-31,2026-08-19T14:21:59Z,2026-08-19
ETH,Ethiopia,2001,152554,0,0,0,0,50679,0,,0,unhcr_population,2025-12-31,2026-08-19T14:21:59Z,2026-08-19
ETH,Ethiopia,2002,132939,12,0,0,0,29860,0,,0,unhcr_population,2025-12-31,2026-08-19T14:21:59Z,2026-08-19
ETH,Ethiopia,2003,130274,5,0,0,0,9245,0,,0,unhcr_population,2025-12-31,2026-08-19T14:21:59Z,2026-08-19
ETH,Ethiopia,2004,115979,42,0,0,0,9563,0,,0,unhcr_population,2025-12-31,2026-08-19T14:21:59Z,2026-08-19
ETH,Ethiopia,2005,100813,208,0,0,0,4110,0,,0,unhcr_population,2025-12-31,2026-08-19T14:21:59Z,2026-08-19
ETH,Ethiopia,2006,96975,312,0,0,0,5949,0,,0,unhcr_population,2025-12-31,2026-08-19T14:21:59Z,2026-08-19
ETH,Ethiopia,2007,85179,178,0,0,0,22996,0,,0,unhcr_population,2025-12-31,2026-08-19T14:21:59Z,2026-08-19
ETH,Ethiopia,2008,83573,1656,0,0,0,10368,0,,0,unhcr_population,2025-12-31,2026-08-19T14:21:59Z,2026-08-19
ETH,Ethiopia,2009,121880,2441,0,0,0,1023,0,,0,unhcr_population,2025-12-31,2026-08-19T14:21:59Z,2026-08-19
ETH,Ethiopia,2010,154288,1014,0,0,0,47,0,,0,unhcr_population,2025-12-31,2026-08-19T14:21:59Z,2026-08-19
ETH,Ethiopia,2011,288839,1340,0,0,0,268,0,,0,unhcr_population,2025-12-31,2026-08-19T14:21:59Z,2026-08-19
ETH,Ethiopia,2012,376388,837,0,0,1490,5,0,,0,unhcr_population,2025-12-31,2026-08-19T14:21:59Z,2026-08-19
ETH,Ethiopia,2013,433933,930,0,0,1004,4481,0,,0,unhcr_population,2025-12-31,2026-08-19T14:21:59Z,2026-08-19
ETH,Ethiopia,2014,659520,4120,0,0,1124,0,0,,0,unhcr_population,2025-12-31,2026-08-19T14:21:59Z,2026-08-19
ETH,Ethiopia,2015,736081,2126,0,0,934,0,0,,0,unhcr_population,2025-12-31,2026-08-19T14:21:59Z,2026-08-19
ETH,Ethiopia,2016,791631,1948,0,0,535,0,0,,0,unhcr_population,2025-12-31,2026-08-19T14:21:59Z,2026-08-19
ETH,Ethiopia,2017,889412,2593,1078429,0,528,0,0,,0,unhcr_population,2025-12-31,2026-08-19T14:21:59Z,2026-08-19
ETH,Ethiopia,2018,903226,2136,2615800,0,452,40237,0,,0,unhcr_population,2025-12-31,2026-08-19T14:21:59Z,2026-08-19
ETH,Ethiopia,2019,733123,1677,1733628,0,392,12669,1303736,,0,unhcr_population,2025-12-31,2026-08-19T14:21:59Z,2026-08-19
ETH,Ethiopia,2020,800454,1901,2733628,0,454,14500,0,,0,unhcr_population,2025-12-31,2026-08-19T14:21:59Z,2026-08-19
ETH,Ethiopia,2021,821283,2251,3646267,0,419,28217,1548421,,84953,unhcr_population,2025-12-31,2026-08-19T14:21:59Z,2026-08-19
ETH,Ethiopia,2022,879598,2214,2730000,0,462,31360,1880000,,596148,unhcr_population,2025-12-31,2026-08-19T14:21:59Z,2026-08-19
ETH,Ethiopia,2023,979846,63747,2561497,0,604,111593,534293,,1115201,unhcr_population,2025-12-31,2026-08-19T14:21:59Z,2026-08-19
ETH,Ethiopia,2024,1008826,63055,2272533,0,645,99215,2438438,,1876986,unhcr_population,2025-12-31,2026-08-19T14:21:59Z,2026-08-19
ETH,Ethiopia,2025,1010466,112987,2378000,0,420,27182,0,,884231,unhcr_population,2025-12-31,2026-08-19T14:21:59Z,2026-08-19
FIN,Finland,1984,500,0,0,0,0,0,0,,0,unhcr_population,2025-12-31,2026-08-19T14:21:59Z,2026-08-19
FIN,Finland,1985,500,0,0,0,0,0,0,,0,unhcr_population,2025-12-31,2026-08-19T14:21:59Z,2026-08-19
FIN,Finland,1986,500,0,0,0,0,0,0,,0,unhcr_population,2025-12-31,2026-08-19T14:21:59Z,2026-08-19
FIN,Finland,1987,800,0,0,0,0,0,0,,0,unhcr_population,2025-12-31,2026-08-19T14:21:59Z,2026-08-19
FIN,Finland,1988,1065,0,0,0,0,0,0,,0,unhcr_population,2025-12-31,2026-08-19T14:21:59Z,2026-08-19
FIN,Finland,1989,2000,0,0,0,0,0,0,,0,unhcr_population,2025-12-31,2026-08-19T14:21:59Z,2026-08-19
FIN,Finland,1990,2348,0,0,0,0,0,0,,0,unhcr_population,2025-12-31,2026-08-19T14:21:59Z,2026-08-19
FIN,Finland,1991,4561,0,0,0,0,0,0,,0,unhcr_population,2025-12-31,2026-08-19T14:21:59Z,2026-08-19
FIN,Finland,1992,5950,0,0,0,0,0,0,,0,unhcr_population,2025-12-31,2026-08-19T14:21:59Z,2026-08-19
FIN,Finland,1993,8511,0,0,0,0,0,0,,0,unhcr_population,2025-12-31,2026-08-19T14:21:59Z,2026-08-19
FIN,Finland,1994,9511,0,0,0,0,0,0,,0,unhcr_population,2025-12-31,2026-08-19T14:21:59Z,2026-08-19
FIN,Finland,1995,10191,0,0,0,0,0,0,,0,unhcr_population,2025-12-31,2026-08-19T14:21:59Z,2026-08-19
FIN,Finland,1996,11382,0,0,0,0,52,0,,0,unhcr_population,2025-12-31,2026-08-19T14:21:59Z,2026-08-19
FIN,Finland,1997,12017,0,0,0,0,15,0,,0,unhcr_population,2025-12-31,2026-08-19T14:21:59Z,2026-08-19
FIN,Finland,1998,12288,0,0,0,0,13,0,,0,unhcr_population,2025-12-31,2026-08-19T14:21:59Z,2026-08-19
FIN,Finland,1999,12866,0,0,0,0,416,0,,0,unhcr_population,2025-12-31,2026-08-19T14:21:59Z,2026-08-19
FIN,Finland,2000,13271,1300,0,0,0,277,0,,0,unhcr_population,2025-12-31,2026-08-19T14:21:59Z,2026-08-19
FIN,Finland,2001,12726,0,0,0,0,34,0,,0,unhcr_population,2025-12-31,2026-08-19T14:21:59Z,2026-08-19
FIN,Finland,2002,12485,0,0,0,0,173,0,,0,unhcr_population,2025-12-31,2026-08-19T14:21:59Z,2026-08-19
FIN,Finland,2003,10835,0,0,0,0,159,0,,0,unhcr_population,2025-12-31,2026-08-19T14:21:59Z,2026-08-19
FIN,Finland,2004,11309,0,0,0,0,76,0,,0,unhcr_population,2025-12-31,2026-08-19T14:21:59Z,2026-08-19
FIN,Finland,2005,11801,0,0,726,0,121,0,,0,unhcr_population,2025-12-31,2026-08-19T14:21:59Z,2026-08-19
FIN,Finland,2006,11827,1112,0,68,0,54,0,,0,unhcr_population,2025-12-31,2026-08-19T14:21:59Z,2026-08-19
FIN,Finland,2007,6201,712,0,68,0,6,0,,0,unhcr_population,2025-12-31,2026-08-19T14:21:59Z,2026-08-19
FIN,Finland,2008,6621,2736,0,1397,0,9,0,,0,unhcr_population,2025-12-31,2026-08-19T14:21:59Z,2026-08-19
FIN,Finland,2009,7448,3763,0,2407,0,13,0,,0,unhcr_population,2025-12-31,2026-08-19T14:21:59Z,2026-08-19
FIN,Finland,2010,8721,2075,0,3125,0,8,0,,0,unhcr_population,2025-12-31,2026-08-19T14:21:59Z,2026-08-19
FIN,Finland,2011,9170,2262,0,3614,0,137,0,,0,unhcr_population,2025-12-31,2026-08-19T14:21:59Z,2026-08-19
FIN,Finland,2012,9910,1867,0,2017,0,85,0,,0,unhcr_population,2025-12-31,2026-08-19T14:21:59Z,2026-08-19
FIN,Finland,2013,11242,1504,0,2122,0,0,0,,0,unhcr_population,2025-12-31,2026-08-19T14:21:59Z,2026-08-19
FIN,Finland,2014,11783,1734,0,2293,0,37,0,,0,unhcr_population,2025-12-31,2026-08-19T14:21:59Z,2026-08-19
FIN,Finland,2015,12692,24340,0,2427,0,20,0,,0,unhcr_population,2025-12-31,2026-08-19T14:21:59Z,2026-08-19
FIN,Finland,2016,18402,5559,0,2671,0,0,0,,0,unhcr_population,2025-12-31,2026-08-19T14:21:59Z,2026-08-19
FIN,Finland,2017,20793,3101,0,2749,0,9,0,,0,unhcr_population,2025-12-31,2026-08-19T14:21:59Z,2026-08-19
FIN,Finland,2018,22287,3264,0,2759,0,0,0,,0,unhcr_population,2025-12-31,2026-08-19T14:21:59Z,2026-08-19
FIN,Finland,2019,23458,8308,0,3268,0,0,0,,0,unhcr_population,2025-12-31,2026-08-19T14:21:59Z,2026-08-19
FIN,Finland,2020,23428,6316,0,3428,0,0,0,,0,unhcr_population,2025-12-31,2026-08-19T14:21:59Z,2026-08-19
FIN,Finland,2021,24078,2408,0,3556,0,0,0,,0,unhcr_population,2025-12-31,2026-08-19T14:21:59Z,2026-08-19
FIN,Finland,2022,69553,6046,0,3410,0,3000,0,,0,unhcr_population,2025-12-31,2026-08-19T14:21:59Z,2026-08-19
FIN,Finland,2023,89869,7410,0,2974,0,2000,0,,0,unhcr_population,2025-12-31,2026-08-19T14:21:59Z,2026-08-19
FIN,Finland,2024,93182,4386,0,1326,0,2000,0,,0,unhcr_population,2025-12-31,2026-08-19T14:21:59Z,2026-08-19
FIN,Finland,2025,102544,1879,0,1296,0,3000,0,,0,unhcr_population,2025-12-31,2026-08-19T14:21:59Z,2026-08-19
FJI,Fiji,1995,9,0,0,0,0,0,0,,0,unhcr_population,2025-12-31,2026-08-19T14:21:59Z,2026-08-19
FJI,Fiji,1996,7,0,0,0,0,0,0,,0,unhcr_population,2025-12-31,2026-08-19T14:21:59Z,2026-08-19
FJI,Fiji,2008,0,5,0,0,0,0,0,,0,unhcr_population,2025-12-31,2026-08-19T14:21:59Z,2026-08-19
FJI,Fiji,2009,0,5,0,0,0,0,0,,0,unhcr_population,2025-12-31,2026-08-19T14:21:59Z,2026-08-19
FJI,Fiji,2010,0,5,0,0,0,0,0,,0,unhcr_population,2025-12-31,2026-08-19T14:21:59Z,2026-08-19
FJI,Fiji,2011,5,0,0,0,0,0,0,,0,unhcr_population,2025-12-31,2026-08-19T14:21:59Z,2026-08-19
FJI,Fiji,2012,0,7,0,0,0,0,0,,0,unhcr_population,2025-12-31,2026-08-19T14:21:59Z,2026-08-19
FJI,Fiji,2013,0,7,0,0,0,0,0,,0,unhcr_population,2025-12-31,2026-08-19T14:21:59Z,2026-08-19
FJI,Fiji,2014,7,11,0,0,0,0,0,,0,unhcr_population,2025-12-31,2026-08-19T14:21:59Z,2026-08-19
FJI,Fiji,2015,7,6,0,0,0,0,0,,0,unhcr_population,2025-12-31,2026-08-19T14:21:59Z,2026-08-19
FJI,Fiji,2016,7,0,0,0,0,0,0,,0,unhcr_population,2025-12-31,2026-08-19T14:21:59Z,2026-08-19
FJI,Fiji,2017,7,10,0,0,0,0,0,,0,unhcr_population,2025-12-31,2026-08-19T14:21:59Z,2026-08-19
FJI,Fiji,2018,0,17,0,0,0,0,0,,0,unhcr_population,2025-12-31,2026-08-19T14:21:59Z,2026-08-19
FJI,Fiji,2019,12,10,0,0,0,0,0,,0,unhcr_population,2025-12-31,2026-08-19T14:21:59Z,2026-08-19
FJI,Fiji,2020,14,5,0,0,0,0,0,,0,unhcr_population,2025-12-31,2026-08-19T14:21:59Z,2026-08-19
FJI,Fiji,2021,18,0,0,0,0,0,0,,0,unhcr_population,2025-12-31,2026-08-19T14:21:59Z,2026-08-19
FJI,Fiji,2022,5,13,0,0,0,0,0,,0,unhcr_population,2025-12-31,2026-08-19T14:21:59Z,2026-08-19
FJI,Fiji,2023,15,0,0,0,0,0,0,,0,unhcr_population,2025-12-31,2026-08-19T14:21:59Z,2026-08-19
FJI,Fiji,2024,15,10,0,0,0,0,0,,0,unhcr_population,2025-12-31,2026-08-19T14:21:59Z,2026-08-19
FJI,Fiji,2025,15,31,0,0,0,0,0,,0,unhcr_population,2025-12-31,2026-08-19T14:21:59Z,2026-08-19
FRA,France,1951,290000,0,0,0,0,0,0,,0,unhcr_population,2025-12-31,2026-08-19T14:21:59Z,2026-08-19
FRA,France,1952,280000,0,0,0,0,0,0,,0,unhcr_population,2025-12-31,2026-08-19T14:21:59Z,2026-08-19
FRA,France,1953,270000,0,0,0,0,0,0,,0,unhcr_population,2025-12-31,2026-08-19T14:21:59Z,2026-08-19
FRA,France,1954,263000,0,0,0,0,0,0,,0,unhcr_population,2025-12-31,2026-08-19T14:21:59Z,2026-08-19
FRA,France,1955,345415,0,0,0,0,0,0,,0,unhcr_population,2025-12-31,2026-08-19T14:21:59Z,2026-08-19
FRA,France,1956,363290,0,0,0,0,0,0,,0,unhcr_population,2025-12-31,2026-08-19T14:21:59Z,2026-08-19
FRA,France,1957,389480,0,0,0,0,0,0,,0,unhcr_population,2025-12-31,2026-08-19T14:21:59Z,2026-08-19
FRA,France,1958,381152,0,0,0,0,0,0,,0,unhcr_population,2025-12-31,2026-08-19T14:21:59Z,2026-08-19
FRA,France,1959,387201,0,0,0,0,0,0,,0,unhcr_population,2025-12-31,2026-08-19T14:21:59Z,2026-08-19
FRA,France,1960,245935,0,0,0,0,0,0,,0,unhcr_population,2025-12-31,2026-08-19T14:21:59Z,2026-08-19
FRA,France,1961,253375,0,0,0,0,0,0,,0,unhcr_population,2025-12-31,2026-08-19T14:21:59Z,2026-08-19
FRA,France,1962,259740,0,0,0,0,0,0,,0,unhcr_population,2025-12-31,2026-08-19T14:21:59Z,2026-08-19
FRA,France,1963,174057,0,0,0,0,0,0,,0,unhcr_population,2025-12-31,2026-08-19T14:21:59Z,2026-08-19
FRA,France,1964,175861,0,0,0,0,0,0,,0,unhcr_population,2025-12-31,2026-08-19T14:21:59Z,2026-08-19
FRA,France,1965,177665,0,0,0,0,0,0,,0,unhcr_population,2025-12-31,2026-08-19T14:21:59Z,2026-08-19
FRA,France,1966,179468,0,0,0,0,0,0,,0,unhcr_population,2025-12-31,2026-08-19T14:21:59Z,2026-08-19
FRA,France,1967,177200,0,0,0,0,0,0,,0,unhcr_population,2025-12-31,2026-08-19T14:21:59Z,2026-08-19
FRA,France,1968,176736,0,0,0,0,0,0,,0,unhcr_population,2025-12-31,2026-08-19T14:21:59Z,2026-08-19
FRA,France,1969,175242,0,0,0,0,0,0,,0,unhcr_population,2025-12-31,2026-08-19T14:21:59Z,2026-08-19
FRA,France,1970,158543,0,0,0,0,0,0,,0,unhcr_population,2025-12-31,2026-08-19T14:21:59Z,2026-08-19
FRA,France,1971,141844,0,0,0,0,0,0,,0,unhcr_population,2025-12-31,2026-08-19T14:21:59Z,2026-08-19
FRA,France,1972,98900,0,0,0,0,0,0,,0,unhcr_population,2025-12-31,2026-08-19T14:21:59Z,2026-08-19
FRA,France,1973,101830,0,0,0,0,0,0,,0,unhcr_population,2025-12-31,2026-08-19T14:21:59Z,2026-08-19
FRA,France,1974,105538,0,0,0,0,0,0,,0,unhcr_population,2025-12-31,2026-08-19T14:21:59Z,2026-08-19
FRA,France,1975,109882,0,0,0,0,0,0,,0,unhcr_population,2025-12-31,2026-08-19T14:21:59Z,2026-08-19
FRA,France,1976,114634,0,0,0,0,0,0,,0,unhcr_population,2025-12-31,2026-08-19T14:21:59Z,2026-08-19
FRA,France,1977,119413,0,0,0,0,0,0,,0,unhcr_population,2025-12-31,2026-08-19T14:21:59Z,2026-08-19
FRA,France,1978,126229,0,0,0,0,0,0,,0,unhcr_population,2025-12-31,2026-08-19T14:21:59Z,2026-08-19
FRA,France,1979,119489,0,0,0,0,0,0,,0,unhcr_population,2025-12-31,2026-08-19T14:21:59Z,2026-08-19
FRA,France,1980,121958,0,0,0,0,0,0,,0,unhcr_population,2025-12-31,2026-08-19T14:21:59Z,2026-08-19
FRA,France,1981,125597,0,0,0,0,0,0,,0,unhcr_population,2025-12-31,2026-08-19T14:21:59Z,2026-08-19
FRA,France,1982,152223,0,0,0,0,0,0,,0,unhcr_population,2025-12-31,2026-08-19T14:21:59Z,2026-08-19
FRA,France,1983,164113,0,0,0,0,0,0,,0,unhcr_population,2025-12-31,2026-08-19T14:21:59Z,2026-08-19
FRA,France,1984,169863,0,0,0,0,0,0,,0,unhcr_population,2025-12-31,2026-08-19T14:21:59Z,2026-08-19
FRA,France,1985,174213,0,0,0,0,0,0,,0,unhcr_population,2025-12-31,2026-08-19T14:21:59Z,2026-08-19
FRA,France,1986,180258,0,0,0,0,0,0,,0,unhcr_population,2025-12-31,2026-08-19T14:21:59Z,2026-08-19
FRA,France,1987,179306,0,0,0,0,0,0,,0,unhcr_population,2025-12-31,2026-08-19T14:21:59Z,2026-08-19
FRA,France,1988,183946,0,0,0,0,0,0,,0,unhcr_population,2025-12-31,2026-08-19T14:21:59Z,2026-08-19
FRA,France,1989,180258,0,0,0,0,5,0,,0,unhcr_population,2025-12-31,2026-08-19T14:21:59Z,2026-08-19
FRA,France,1990,193000,0,0,0,0,0,0,,0,unhcr_population,2025-12-31,2026-08-19T14:21:59Z,2026-08-19
FRA,France,1991,174756,0,0,0,0,14,0,,0,unhcr_population,2025-12-31,2026-08-19T14:21:59Z,2026-08-19
FRA,France,1992,156512,0,0,0,0,90,0,,0,unhcr_population,2025-12-31,2026-08-19T14:21:59Z,2026-08-19
FRA,France,1993,166269,0,0,0,0,99,0,,0,unhcr_population,2025-12-31,2026-08-19T14:21:59Z,2026-08-19
FRA,France,1994,195288,0,0,0,0,224,0,,0,unhcr_population,2025-12-31,2026-08-19T14:21:59Z,2026-08-19
FRA,France,1995,155240,0,0,0,0,16,0,,0,unhcr_population,2025-12-31,2026-08-19T14:21:59Z,2026-08-19
FRA,France,1996,151331,0,0,0,0,336,0,,0,unhcr_population,2025-12-31,2026-08-19T14:21:59Z,2026-08-19
FRA,France,1997,146558,0,0,0,0,6,0,,0,unhcr_population,2025-12-31,2026-08-19T14:21:59Z,2026-08-19
FRA,France,1998,140213,0,0,0,0,12,0,,0,unhcr_population,2025-12-31,2026-08-19T14:21:59Z,2026-08-19
FRA,France,1999,129722,0,0,0,0,2571,0,,0,unhcr_population,2025-12-31,2026-08-19T14:21:59Z,2026-08-19
FRA,France,2000,132508,0,0,0,0,532,0,,0,unhcr_population,2025-12-31,2026-08-19T14:21:59Z,2026-08-19
FRA,France,2001,131601,34551,0,0,0,7,0,,0,unhcr_population,2025-12-31,2026-08-19T14:21:59Z,2026-08-19
FRA,France,2002,132182,34588,0,0,0,206,0,,0,unhcr_population,2025-12-31,2026-08-19T14:21:59Z,2026-08-19
FRA,France,2003,130838,22900,0,0,0,114,0,,0,unhcr_population,2025-12-31,2026-08-19T14:21:59Z,2026-08-19
FRA,France,2004,139852,59346,0,708,0,74,0,,0,unhcr_population,2025-12-31,2026-08-19T14:21:59Z,2026-08-19
FRA,France,2005,137316,41279,0,835,0,111,0,,0,unhcr_population,2025-12-31,2026-08-19T14:21:59Z,2026-08-19
FRA,France,2006,145996,37009,0,904,0,215,0,,0,unhcr_population,2025-12-31,2026-08-19T14:21:59Z,2026-08-19
FRA,France,2007,151789,32275,0,948,0,113,0,,0,unhcr_population,2025-12-31,2026-08-19T14:21:59Z,2026-08-19
FRA,France,2008,171206,31496,0,1006,0,120,0,,0,unhcr_population,2025-12-31,2026-08-19T14:21:59Z,2026-08-19
FRA,France,2009,196364,40517,0,1078,0,125,0,,0,unhcr_population,2025-12-31,2026-08-19T14:21:59Z,2026-08-19
FRA,France,2010,200687,48576,0,1131,0,40,0,,0,unhcr_population,2025-12-31,2026-08-19T14:21:59Z,2026-08-19
FRA,France,2011,210207,49240,0,1180,0,14,0,,0,unhcr_population,2025-12-31,2026-08-19T14:21:59Z,2026-08-19
FRA,France,2012,217865,49885,0,1210,0,6,0,,0,unhcr_population,2025-12-31,2026-08-19T14:21:59Z,2026-08-19
FRA,France,2013,232487,51691,0,1247,0,0,0,,0,unhcr_population,2025-12-31,2026-08-19T14:21:59Z,2026-08-19
FRA,France,2014,252248,55826,0,1288,0,103,0,,0,unhcr_population,2025-12-31,2026-08-19T14:21:59Z,2026-08-19
FRA,France,2015,273117,63043,0,1326,0,107,0,,0,unhcr_population,2025-12-31,2026-08-19T14:21:59Z,2026-08-19
FRA,France,2016,304527,62764,0,1370,0,0,0,,0,unhcr_population,2025-12-31,2026-08-19T14:21:59Z,2026-08-19
FRA,France,2017,337158,63115,0,1425,0,5,0,,0,unhcr_population,2025-12-31,2026-08-19T14:21:59Z,2026-08-19
FRA,France,2018,368345,89055,0,1493,0,0,0,,0,unhcr_population,2025-12-31,2026-08-19T14:21:59Z,2026-08-19
FRA,France,2019,407915,102140,0,1980,1521,0,0,,0,unhcr_population,2025-12-31,2026-08-19T14:21:59Z,2026-08-19
FRA,France,2020,436055,118137,0,2068,1606,0,0,,0,unhcr_population,2025-12-31,2026-08-19T14:21:59Z,2026-08-19
FRA,France,2021,499914,75708,0,3560,1716,0,0,,0,unhcr_population,2025-12-31,2026-08-19T14:21:59Z,2026-08-19
FRA,France,2022,612934,75047,0,3901,1716,10000,0,,0,unhcr_population,2025-12-31,2026-08-19T14:21:59Z,2026-08-19
FRA,France,2023,664366,79642,0,4174,1716,6000,0,,0,unhcr_population,2025-12-31,2026-08-19T14:21:59Z,2026-08-19
FRA,France,2024,721771,88554,0,2634,0,0,0,,0,unhcr_population,2025-12-31,2026-08-19T14:21:59Z,2026-08-19
FRA,France,2025,788419,85227,0,3057,0,0,0,,0,unhcr_population,2025-12-31,2026-08-19T14:21:59Z,2026-08-19
FSM,Micronesia (Federated States of),2015,5,10,0,0,0,0,0,,0,unhcr_population,2025-12-31,2026-08-19T14:21:59Z,2026-08-19
FSM,Micronesia (Federated States of),2016,5,0,0,0,0,0,0,,0,unhcr_population,2025-12-31,2026-08-19T14:21:59Z,2026-08-19
GAB,Gabon,1969,4500,0,0,0,0,0,0,,0,unhcr_population,2025-12-31,2026-08-19T14:21:59Z,2026-08-19
GAB,Gabon,1975,60000,0,0,0,0,0,0,,0,unhcr_population,2025-12-31,2026-08-19T14:21:59Z,2026-08-19
GAB,Gabon,1976,60000,0,0,0,0,0,0,,0,unhcr_population,2025-12-31,2026-08-19T14:21:59Z,2026-08-19
GAB,Gabon,1977,90000,0,0,0,0,0,0,,0,unhcr_population,2025-12-31,2026-08-19T14:21:59Z,2026-08-19
GAB,Gabon,1978,60200,0,0,0,0,0,0,,0,unhcr_population,2025-12-31,2026-08-19T14:21:59Z,2026-08-19
GAB,Gabon,1979,30200,0,0,0,0,30000,0,,0,unhcr_population,2025-12-31,2026-08-19T14:21:59Z,2026-08-19
GAB,Gabon,1980,20000,0,0,0,0,10000,0,,0,unhcr_population,2025-12-31,2026-08-19T14:21:59Z,2026-08-19
GAB,Gabon,1981,400,0,0,0,0,0,0,,0,unhcr_population,2025-12-31,2026-08-19T14:21:59Z,2026-08-19
GAB,Gabon,1982,640,0,0,0,0,0,0,,0,unhcr_population,2025-12-31,2026-08-19T14:21:59Z,2026-08-19
GAB,Gabon,1986,100,0,0,0,0,0,0,,0,unhcr_population,2025-12-31,2026-08-19T14:21:59Z,2026-08-19
GAB,Gabon,1990,417,0,0,0,0,0,0,,0,unhcr_population,2025-12-31,2026-08-19T14:21:59Z,2026-08-19
GAB,Gabon,1991,220,0,0,0,0,0,0,,0,unhcr_population,2025-12-31,2026-08-19T14:21:59Z,2026-08-19
GAB,Gabon,1992,272,0,0,0,0,0,0,,0,unhcr_population,2025-12-31,2026-08-19T14:21:59Z,2026-08-19
GAB,Gabon,1993,0,0,0,0,0,80,0,,0,unhcr_population,2025-12-31,2026-08-19T14:21:59Z,2026-08-19
GAB,Gabon,1994,597,0,0,0,0,6,0,,0,unhcr_population,2025-12-31,2026-08-19T14:21:59Z,2026-08-19
GAB,Gabon,1995,790,0,0,0,0,0,0,,0,unhcr_population,2025-12-31,2026-08-19T14:21:59Z,2026-08-19
GAB,Gabon,1996,797,0,0,0,0,5,0,,0,unhcr_population,2025-12-31,2026-08-19T14:21:59Z,2026-08-19
GAB,Gabon,1997,864,0,0,0,0,2000,0,,0,unhcr_population,2025-12-31,2026-08-19T14:21:59Z,2026-08-19
GAB,Gabon,1998,1127,0,0,0,0,6,0,,0,unhcr_population,2025-12-31,2026-08-19T14:21:59Z,2026-08-19
GAB,Gabon,1999,15069,0,0,0,0,0,0,,0,unhcr_population,2025-12-31,2026-08-19T14:21:59Z,2026-08-19
GAB,Gabon,2000,17978,3037,0,0,0,6,0,,0,unhcr_population,2025-12-31,2026-08-19T14:21:59Z,2026-08-19
GAB,Gabon,2001,15576,3629,0,0,0,285,0,,0,unhcr_population,2025-12-31,2026-08-19T14:21:59Z,2026-08-19
GAB,Gabon,2002,13468,5664,0,0,0,307,0,,0,unhcr_population,2025-12-31,2026-08-19T14:21:59Z,2026-08-19
GAB,Gabon,2003,13999,5122,0,0,0,1057,0,,0,unhcr_population,2025-12-31,2026-08-19T14:21:59Z,2026-08-19
GAB,Gabon,2004,13780,4837,0,0,0,748,0,,0,unhcr_population,2025-12-31,2026-08-19T14:21:59Z,2026-08-19
GAB,Gabon,2005,8541,4844,0,0,0,289,0,,0,unhcr_population,2025-12-31,2026-08-19T14:21:59Z,2026-08-19
GAB,Gabon,2006,8421,4127,0,0,0,84,0,,0,unhcr_population,2025-12-31,2026-08-19T14:21:59Z,2026-08-19
GAB,Gabon,2007,8822,4258,0,0,0,133,0,,0,unhcr_population,2025-12-31,2026-08-19T14:21:59Z,2026-08-19
GAB,Gabon,2008,8998,4296,0,0,0,9,0,,0,unhcr_population,2025-12-31,2026-08-19T14:21:59Z,2026-08-19
GAB,Gabon,2009,8843,4277,0,0,0,53,0,,0,unhcr_population,2025-12-31,2026-08-19T14:21:59Z,2026-08-19
GAB,Gabon,2010,9014,4121,0,0,0,82,0,,0,unhcr_population,2025-12-31,2026-08-19T14:21:59Z,2026-08-19
GAB,Gabon,2011,1769,2357,0,0,8651,708,0,,0,unhcr_population,2025-12-31,2026-08-19T14:21:59Z,2026-08-19
GAB,Gabon,2012,1661,2368,0,0,320,56,0,,0,unhcr_population,2025-12-31,2026-08-19T14:21:59Z,2026-08-19
GAB,Gabon,2013,1592,2428,0,0,0,5,0,,0,unhcr_population,2025-12-31,2026-08-19T14:21:59Z,2026-08-19
GAB,Gabon,2014,1007,1884,0,0,0,5,0,,0,unhcr_population,2025-12-31,2026-08-19T14:21:59Z,2026-08-19
GAB,Gabon,2015,934,1942,0,0,0,31,0,,0,unhcr_population,2025-12-31,2026-08-19T14:21:59Z,2026-08-19
GAB,Gabon,2016,926,1911,0,0,0,0,0,,0,unhcr_population,2025-12-31,2026-08-19T14:21:59Z,2026-08-19
GAB,Gabon,2017,845,5,0,0,0,23,0,,0,unhcr_population,2025-12-31,2026-08-19T14:21:59Z,2026-08-19
GAB,Gabon,2018,686,82,0,0,0,5,0,,0,unhcr_population,2025-12-31,2026-08-19T14:21:59Z,2026-08-19
GAB,Gabon,2019,454,76,0,0,0,5,0,,0,unhcr_population,2025-12-31,2026-08-19T14:21:59Z,2026-08-19
GAB,Gabon,2020,467,80,0,0,0,5,0,,0,unhcr_population,2025-12-31,2026-08-19T14:21:59Z,2026-08-19
GAB,Gabon,2021,272,53,0,0,0,0,0,,0,unhcr_population,2025-12-31,2026-08-19T14:21:59Z,2026-08-19
GAB,Gabon,2022,205,75,0,0,0,5,0,,0,unhcr_population,2025-12-31,2026-08-19T14:21:59Z,2026-08-19
GAB,Gabon,2023,204,86,0,0,9,0,0,,0,unhcr_population,2025-12-31,2026-08-19T14:21:59Z,2026-08-19
GAB,Gabon,2024,179,82,0,0,9,0,0,,0,unhcr_population,2025-12-31,2026-08-19T14:21:59Z,2026-08-19
GAB,Gabon,2025,166,86,0,0,9,0,0,,0,unhcr_population,2025-12-31,2026-08-19T14:21:59Z,2026-08-19
GBR,United Kingdom of Great Britain and Northern Ireland,1951,208000,0,0,0,0,0,0,,0,unhcr_population,2025-12-31,2026-08-19T14:21:59Z,2026-08-19
GBR,United Kingdom of Great Britain and Northern Ireland,1952,200000,0,0,0,0,0,0,,0,unhcr_population,2025-12-31,2026-08-19T14:21:59Z,2026-08-19
GBR,United Kingdom of Great Britain and Northern Ireland,1953,192000,0,0,0,0,0,0,,0,unhcr_population,2025-12-31,2026-08-19T14:21:59Z,2026-08-19
GBR,United Kingdom of Great Britain and Northern Ireland,1954,182000,0,0,0,0,0,0,,0,unhcr_population,2025-12-31,2026-08-19T14:21:59Z,2026-08-19
GBR,United Kingdom of Great Britain and Northern Ireland,1955,175000,0,0,0,0,0,0,,0,unhcr_population,2025-12-31,2026-08-19T14:21:59Z,2026-08-19
GBR,United Kingdom of Great Britain and Northern Ireland,1956,182000,0,0,0,0,0,0,,0,unhcr_population,2025-12-31,2026-08-19T14:21:59Z,2026-08-19
GBR,United Kingdom of Great Britain and Northern Ireland,1957,179000,0,0,0,0,0,0,,0,unhcr_population,2025-12-31,2026-08-19T14:21:59Z,2026-08-19
GBR,United Kingdom of Great Britain and Northern Ireland,1958,175000,0,0,0,0,0,0,,0,unhcr_population,2025-12-31,2026-08-19T14:21:59Z,2026-08-19
GBR,United Kingdom of Great Britain and Northern Ireland,1959,170000,0,0,0,0,0,0,,0,unhcr_population,2025-12-31,2026-08-19T14:21:59Z,2026-08-19
GBR,United Kingdom of Great Britain and Northern Ireland,1960,167000,0,0,0,0,0,0,,0,unhcr_population,2025-12-31,2026-08-19T14:21:59Z,2026-08-19
GBR,United Kingdom of Great Britain and Northern Ireland,1961,164000,0,0,0,0,0,0,,0,unhcr_population,2025-12-31,2026-08-19T14:21:59Z,2026-08-19
GBR,United Kingdom of Great Britain and Northern Ireland,1962,160000,0,0,0,0,0,0,,0,unhcr_population,2025-12-31,2026-08-19T14:21:59Z,2026-08-19
GBR,United Kingdom of Great Britain and Northern Ireland,1963,157000,0,0,0,0,0,0,,0,unhcr_population,2025-12-31,2026-08-19T14:21:59Z,2026-08-19
GBR,United Kingdom of Great Britain and Northern Ireland,1964,160000,0,0,0,0,0,0,,0,unhcr_population,2025-12-31,2026-08-19T14:21:59Z,2026-08-19
GBR,United Kingdom of Great Britain and Northern Ireland,1965,170000,0,0,0,0,0,0,,0,unhcr_population,2025-12-31,2026-08-19T14:21:59Z,2026-08-19
GBR,United Kingdom of Great Britain and Northern Ireland,1966,167000,0,0,0,0,0,0,,0,unhcr_population,2025-12-31,2026-08-19T14:21:59Z,2026-08-19
GBR,United Kingdom of Great Britain and Northern Ireland,1967,164000,0,0,0,0,0,0,,0,unhcr_population,2025-12-31,2026-08-19T14:21:59Z,2026-08-19
GBR,United Kingdom of Great Britain and Northern Ireland,1968,161000,0,0,0,0,0,0,,0,unhcr_population,2025-12-31,2026-08-19T14:21:59Z,2026-08-19
GBR,United Kingdom of Great Britain and Northern Ireland,1969,162000,0,0,0,0,0,0,,0,unhcr_population,2025-12-31,2026-08-19T14:21:59Z,2026-08-19
GBR,United Kingdom of Great Britain and Northern Ireland,1970,162000,0,0,0,0,0,0,,0,unhcr_population,2025-12-31,2026-08-19T14:21:59Z,2026-08-19
GBR,United Kingdom of Great Britain and Northern Ireland,1971,150000,0,0,0,0,0,0,,0,unhcr_population,2025-12-31,2026-08-19T14:21:59Z,2026-08-19
GBR,United Kingdom of Great Britain and Northern Ireland,1972,150000,0,0,0,0,0,0,,0,unhcr_population,2025-12-31,2026-08-19T14:21:59Z,2026-08-19
GBR,United Kingdom of Great Britain and Northern Ireland,1973,150000,0,0,0,0,0,0,,0,unhcr_population,2025-12-31,2026-08-19T14:21:59Z,2026-08-19
GBR,United Kingdom of Great Britain and Northern Ireland,1974,155500,0,0,0,0,0,0,,0,unhcr_population,2025-12-31,2026-08-19T14:21:59Z,2026-08-19
GBR,United Kingdom of Great Britain and Northern Ireland,1975,153000,0,0,0,0,0,0,,0,unhcr_population,2025-12-31,2026-08-19T14:21:59Z,2026-08-19
GBR,United Kingdom of Great Britain and Northern Ireland,1976,153000,0,0,0,0,0,0,,0,unhcr_population,2025-12-31,2026-08-19T14:21:59Z,2026-08-19
GBR,United Kingdom of Great Britain and Northern Ireland,1977,148000,0,0,0,0,0,0,,0,unhcr_population,2025-12-31,2026-08-19T14:21:59Z,2026-08-19
GBR,United Kingdom of Great Britain and Northern Ireland,1978,150000,0,0,0,0,0,0,,0,unhcr_population,2025-12-31,2026-08-19T14:21:59Z,2026-08-19
GBR,United Kingdom of Great Britain and Northern Ireland,1979,146000,0,0,0,0,0,0,,0,unhcr_population,2025-12-31,2026-08-19T14:21:59Z,2026-08-19
GBR,United Kingdom of Great Britain and Northern Ireland,1980,148000,0,0,0,0,0,0,,0,unhcr_population,2025-12-31,2026-08-19T14:21:59Z,2026-08-19
GBR,United Kingdom of Great Britain and Northern Ireland,1981,146000,0,0,0,0,0,0,,0,unhcr_population,2025-12-31,2026-08-19T14:21:59Z,2026-08-19
GBR,United Kingdom of Great Britain and Northern Ireland,1982,143000,0,0,0,0,0,0,,0,unhcr_population,2025-12-31,2026-08-19T14:21:59Z,2026-08-19
GBR,United Kingdom of Great Britain and Northern Ireland,1983,140000,0,0,0,0,0,0,,0,unhcr_population,2025-12-31,2026-08-19T14:21:59Z,2026-08-19
GBR,United Kingdom of Great Britain and Northern Ireland,1984,135000,0,0,0,0,0,0,,0,unhcr_population,2025-12-31,2026-08-19T14:21:59Z,2026-08-19
GBR,United Kingdom of Great Britain and Northern Ireland,1985,135000,0,0,0,0,0,0,,0,unhcr_population,2025-12-31,2026-08-19T14:21:59Z,2026-08-19
GBR,United Kingdom of Great Britain and Northern Ireland,1986,100000,0,0,0,0,0,0,,0,unhcr_population,2025-12-31,2026-08-19T14:21:59Z,2026-08-19
GBR,United Kingdom of Great Britain and Northern Ireland,1987,100000,0,0,0,0,0,0,,0,unhcr_population,2025-12-31,2026-08-19T14:21:59Z,2026-08-19
GBR,United Kingdom of Great Britain and Northern Ireland,1988,39755,0,0,0,0,0,0,,0,unhcr_population,2025-12-31,2026-08-19T14:21:59Z,2026-08-19
GBR,United Kingdom of Great Britain and Northern Ireland,1989,46014,0,0,0,0,0,0,,0,unhcr_population,2025-12-31,2026-08-19T14:21:59Z,2026-08-19
GBR,United Kingdom of Great Britain and Northern Ireland,1990,43625,0,0,0,0,0,0,,0,unhcr_population,2025-12-31,2026-08-19T14:21:59Z,2026-08-19
GBR,United Kingdom of Great Britain and Northern Ireland,1991,43368,0,0,0,0,0,0,,0,unhcr_population,2025-12-31,2026-08-19T14:21:59Z,2026-08-19
GBR,United Kingdom of Great Britain and Northern Ireland,1992,64717,0,0,0,0,230,0,,0,unhcr_population,2025-12-31,2026-08-19T14:21:59Z,2026-08-19
GBR,United Kingdom of Great Britain and Northern Ireland,1993,80230,0,0,0,0,93,0,,0,unhcr_population,2025-12-31,2026-08-19T14:21:59Z,2026-08-19
GBR,United Kingdom of Great Britain and Northern Ireland,1994,85159,0,0,0,0,103,0,,0,unhcr_population,2025-12-31,2026-08-19T14:21:59Z,2026-08-19
GBR,United Kingdom of Great Britain and Northern Ireland,1995,90908,0,0,0,0,8,0,,0,unhcr_population,2025-12-31,2026-08-19T14:21:59Z,2026-08-19
GBR,United Kingdom of Great Britain and Northern Ireland,1996,98577,0,0,0,0,230,0,,0,unhcr_population,2025-12-31,2026-08-19T14:21:59Z,2026-08-19
GBR,United Kingdom of Great Britain and Northern Ireland,1997,107933,0,0,0,0,271,0,,0,unhcr_population,2025-12-31,2026-08-19T14:21:59Z,2026-08-19
GBR,United Kingdom of Great Britain and Northern Ireland,1998,121715,0,0,0,0,15,0,,0,unhcr_population,2025-12-31,2026-08-19T14:21:59Z,2026-08-19
GBR,United Kingdom of Great Britain and Northern Ireland,1999,148921,0,0,0,0,1433,0,,0,unhcr_population,2025-12-31,2026-08-19T14:21:59Z,2026-08-19
GBR,United Kingdom of Great Britain and Northern Ireland,2000,186247,88600,0,0,0,1685,0,,0,unhcr_population,2025-12-31,2026-08-19T14:21:59Z,2026-08-19
GBR,United Kingdom of Great Britain and Northern Ireland,2001,233389,38800,0,0,0,942,0,,0,unhcr_population,2025-12-31,2026-08-19T14:21:59Z,2026-08-19
GBR,United Kingdom of Great Britain and Northern Ireland,2002,260687,41300,0,0,0,1806,0,,0,unhcr_population,2025-12-31,2026-08-19T14:21:59Z,2026-08-19
GBR,United Kingdom of Great Britain and Northern Ireland,2003,276482,23900,0,0,0,1234,0,,0,unhcr_population,2025-12-31,2026-08-19T14:21:59Z,2026-08-19
GBR,United Kingdom of Great Britain and Northern Ireland,2004,298826,9700,0,0,0,433,0,,0,unhcr_population,2025-12-31,2026-08-19T14:21:59Z,2026-08-19
GBR,United Kingdom of Great Britain and Northern Ireland,2005,303163,12500,0,205,0,704,0,,0,unhcr_population,2025-12-31,2026-08-19T14:21:59Z,2026-08-19
GBR,United Kingdom of Great Britain and Northern Ireland,2006,301537,12400,0,205,0,868,0,,0,unhcr_population,2025-12-31,2026-08-19T14:21:59Z,2026-08-19
GBR,United Kingdom of Great Britain and Northern Ireland,2007,299701,10800,0,205,0,436,0,,0,unhcr_population,2025-12-31,2026-08-19T14:21:59Z,2026-08-19
GBR,United Kingdom of Great Britain and Northern Ireland,2008,292081,13600,0,205,0,386,0,,0,unhcr_population,2025-12-31,2026-08-19T14:21:59Z,2026-08-19
GBR,United Kingdom of Great Britain and Northern Ireland,2009,269355,12406,0,205,0,503,0,,0,unhcr_population,2025-12-31,2026-08-19T14:21:59Z,2026-08-19
GBR,United Kingdom of Great Britain and Northern Ireland,2010,238133,14880,0,205,0,24,0,,0,unhcr_population,2025-12-31,2026-08-19T14:21:59Z,2026-08-19
GBR,United Kingdom of Great Britain and Northern Ireland,2011,193494,16861,0,205,0,840,0,,0,unhcr_population,2025-12-31,2026-08-19T14:21:59Z,2026-08-19
GBR,United Kingdom of Great Britain and Northern Ireland,2012,149790,18896,0,205,0,845,0,,0,unhcr_population,2025-12-31,2026-08-19T14:21:59Z,2026-08-19
GBR,United Kingdom of Great Britain and Northern Ireland,2013,126036,25100,0,205,0,465,0,,0,unhcr_population,2025-12-31,2026-08-19T14:21:59Z,2026-08-19
GBR,United Kingdom of Great Britain and Northern Ireland,2014,117226,36354,0,16,0,738,0,,0,unhcr_population,2025-12-31,2026-08-19T14:21:59Z,2026-08-19
GBR,United Kingdom of Great Britain and Northern Ireland,2015,123051,45853,0,41,0,388,0,,0,unhcr_population,2025-12-31,2026-08-19T14:21:59Z,2026-08-19
GBR,United Kingdom of Great Britain and Northern Ireland,2016,118973,43496,0,64,0,0,0,,0,unhcr_population,2025-12-31,2026-08-19T14:21:59Z,2026-08-19
GBR,United Kingdom of Great Britain and Northern Ireland,2017,121821,40354,0,97,0,25,0,,0,unhcr_population,2025-12-31,2026-08-19T14:21:59Z,2026-08-19
GBR,United Kingdom of Great Britain and Northern Ireland,2018,126708,45234,0,125,0,0,0,,0,unhcr_population,2025-12-31,2026-08-19T14:21:59Z,2026-08-19
GBR,United Kingdom of Great Britain and Northern Ireland,2019,133083,61947,0,4069,161,0,0,,0,unhcr_population,2025-12-31,2026-08-19T14:21:59Z,2026-08-19
GBR,United Kingdom of Great Britain and Northern Ireland,2020,132304,77245,0,4662,209,0,0,,0,unhcr_population,2025-12-31,2026-08-19T14:21:59Z,2026-08-19
GBR,United Kingdom of Great Britain and Northern Ireland,2021,137078,104897,0,5177,258,0,0,,0,unhcr_population,2025-12-31,2026-08-19T14:21:59Z,2026-08-19
GBR,United Kingdom of Great Britain and Northern Ireland,2022,328989,167289,0,5351,319,4009,0,,0,unhcr_population,2025-12-31,2026-08-19T14:21:59Z,2026-08-19
GBR,United Kingdom of Great Britain and Northern Ireland,2023,448620,138156,0,4547,362,4000,0,,0,unhcr_population,2025-12-31,2026-08-19T14:21:59Z,2026-08-19
GBR,United Kingdom of Great Britain and Northern Ireland,2024,515677,124783,0,4672,389,6000,0,,0,unhcr_population,2025-12-31,2026-08-19T14:21:59Z,2026-08-19
GBR,United Kingdom of Great Britain and Northern Ireland,2025,581072,144747,0,4881,401,3000,0,,0,unhcr_population,2025-12-31,2026-08-19T14:21:59Z,2026-08-19
GEO,Georgia,1993,0,0,260000,0,0,0,0,,0,unhcr_population,2025-12-31,2026-08-19T14:21:59Z,2026-08-19
GEO,Georgia,1994,0,0,280000,0,0,311,0,,0,unhcr_population,2025-12-31,2026-08-19T14:21:59Z,2026-08-19
GEO,Georgia,1995,100,0,272400,0,0,0,0,,0,unhcr_population,2025-12-31,2026-08-19T14:21:59Z,2026-08-19
GEO,Georgia,1996,95,0,272359,0,0,0,0,,0,unhcr_population,2025-12-31,2026-08-19T14:21:59Z,2026-08-19
GEO,Georgia,1997,161,0,273386,0,0,0,0,,0,unhcr_population,2025-12-31,2026-08-19T14:21:59Z,2026-08-19
GEO,Georgia,1998,19,0,277006,0,0,0,0,,0,unhcr_population,2025-12-31,2026-08-19T14:21:59Z,2026-08-19
GEO,Georgia,1999,5181,0,278533,0,110,0,588,,0,unhcr_population,2025-12-31,2026-08-19T14:21:59Z,2026-08-19
GEO,Georgia,2000,7621,0,272101,0,100,0,284,,0,unhcr_population,2025-12-31,2026-08-19T14:21:59Z,2026-08-19
GEO,Georgia,2001,7902,0,264221,0,32,0,0,,0,unhcr_population,2025-12-31,2026-08-19T14:21:59Z,2026-08-19
GEO,Georgia,2002,4194,0,261583,0,32,0,0,,0,unhcr_population,2025-12-31,2026-08-19T14:21:59Z,2026-08-19
GEO,Georgia,2003,3864,0,260215,0,32,0,377,,0,unhcr_population,2025-12-31,2026-08-19T14:21:59Z,2026-08-19
GEO,Georgia,2004,2559,9,237069,32,0,0,406,,0,unhcr_population,2025-12-31,2026-08-19T14:21:59Z,2026-08-19
GEO,Georgia,2005,2500,5,234249,1289,0,161,398,,0,unhcr_population,2025-12-31,2026-08-19T14:21:59Z,2026-08-19
GEO,Georgia,2006,1377,5,245980,1273,61067,88,0,,0,unhcr_population,2025-12-31,2026-08-19T14:21:59Z,2026-08-19
GEO,Georgia,2007,1051,5,273193,1340,0,28,0,,0,unhcr_population,2025-12-31,2026-08-19T14:21:59Z,2026-08-19
GEO,Georgia,2008,1001,14,329870,1544,0,35,102800,,0,unhcr_population,2025-12-31,2026-08-19T14:21:59Z,2026-08-19
GEO,Georgia,2009,872,21,352640,1677,0,15,5273,,0,unhcr_population,2025-12-31,2026-08-19T14:21:59Z,2026-08-19
GEO,Georgia,2010,638,42,359716,1826,0,5,0,,0,unhcr_population,2025-12-31,2026-08-19T14:21:59Z,2026-08-19
GEO,Georgia,2011,461,36,273997,1569,0,19,0,,0,unhcr_population,2025-12-31,2026-08-19T14:21:59Z,2026-08-19
GEO,Georgia,2012,468,451,279778,1156,0,0,0,,0,unhcr_population,2025-12-31,2026-08-19T14:21:59Z,2026-08-19
GEO,Georgia,2013,847,325,257611,776,0,0,0,,0,unhcr_population,2025-12-31,2026-08-19T14:21:59Z,2026-08-19
GEO,Georgia,2014,858,1240,262704,770,0,0,0,,0,unhcr_population,2025-12-31,2026-08-19T14:21:59Z,2026-08-19
GEO,Georgia,2015,1973,720,268416,627,0,0,0,,0,unhcr_population,2025-12-31,2026-08-19T14:21:59Z,2026-08-19
GEO,Georgia,2016,2122,305,273765,580,0,0,0,,0,unhcr_population,2025-12-31,2026-08-19T14:21:59Z,2026-08-19
GEO,Georgia,2017,2089,530,278103,587,0,0,0,,0,unhcr_population,2025-12-31,2026-08-19T14:21:59Z,2026-08-19
GEO,Georgia,2018,1987,677,282382,566,0,0,0,,0,unhcr_population,2025-12-31,2026-08-19T14:21:59Z,2026-08-19
GEO,Georgia,2019,1355,1111,286216,559,593,0,0,,0,unhcr_population,2025-12-31,2026-08-19T14:21:59Z,2026-08-19
GEO,Georgia,2020,1780,1282,288538,531,0,0,0,,0,unhcr_population,2025-12-31,2026-08-19T14:21:59Z,2026-08-19
GEO,Georgia,2021,1818,1229,290156,530,0,0,0,,0,unhcr_population,2025-12-31,2026-08-19T14:21:59Z,2026-08-19
GEO,Georgia,2022,27839,1030,292856,525,0,1000,0,,0,unhcr_population,2025-12-31,2026-08-19T14:21:59Z,2026-08-19
GEO,Georgia,2023,26019,1051,295831,530,0,3000,0,,0,unhcr_population,2025-12-31,2026-08-19T14:21:59Z,2026-08-19
GEO,Georgia,2024,31027,764,299172,488,0,2000,0,,0,unhcr_population,2025-12-31,2026-08-19T14:21:59Z,2026-08-19
GEO,Georgia,2025,26522,288,300439,480,0,0,0,,0,unhcr_population,2025-12-31,2026-08-19T14:21:59Z,2026-08-19
GHA,Ghana,1969,20000,0,0,0,0,0,0,,0,unhcr_population,2025-12-31,2026-08-19T14:21:59Z,2026-08-19
GHA,Ghana,1971,70,0,0,0,0,0,0,,0,unhcr_population,2025-12-31,2026-08-19T14:21:59Z,2026-08-19
GHA,Ghana,1975,130,0,0,0,0,0,0,,0,unhcr_population,2025-12-31,2026-08-19T14:21:59Z,2026-08-19
GHA,Ghana,1976,180,0,0,0,0,0,0,,0,unhcr_population,2025-12-31,2026-08-19T14:21:59Z,2026-08-19
GHA,Ghana,1977,170,0,0,0,0,0,0,,0,unhcr_population,2025-12-31,2026-08-19T14:21:59Z,2026-08-19
GHA,Ghana,1978,70,0,0,0,0,0,0,,0,unhcr_population,2025-12-31,2026-08-19T14:21:59Z,2026-08-19
GHA,Ghana,1979,300,0,0,0,0,0,0,,0,unhcr_population,2025-12-31,2026-08-19T14:21:59Z,2026-08-19
GHA,Ghana,1982,100,0,0,0,0,0,0,,0,unhcr_population,2025-12-31,2026-08-19T14:21:59Z,2026-08-19
GHA,Ghana,1983,90,0,0,0,0,0,0,,0,unhcr_population,2025-12-31,2026-08-19T14:21:59Z,2026-08-19
GHA,Ghana,1984,90,0,0,0,0,0,0,,0,unhcr_population,2025-12-31,2026-08-19T14:21:59Z,2026-08-19
GHA,Ghana,1985,120,0,0,0,0,0,0,,0,unhcr_population,2025-12-31,2026-08-19T14:21:59Z,2026-08-19
GHA,Ghana,1986,160,0,0,0,0,0,0,,0,unhcr_population,2025-12-31,2026-08-19T14:21:59Z,2026-08-19
GHA,Ghana,1987,150,0,0,0,0,0,0,,0,unhcr_population,2025-12-31,2026-08-19T14:21:59Z,2026-08-19
GHA,Ghana,1988,140,0,0,0,0,0,0,,0,unhcr_population,2025-12-31,2026-08-19T14:21:59Z,2026-08-19
GHA,Ghana,1989,80,0,0,0,0,50,0,,0,unhcr_population,2025-12-31,2026-08-19T14:21:59Z,2026-08-19
GHA,Ghana,1990,8123,0,0,0,0,0,0,,0,unhcr_population,2025-12-31,2026-08-19T14:21:59Z,2026-08-19
GHA,Ghana,1991,8128,0,0,0,0,2030,0,,0,unhcr_population,2025-12-31,2026-08-19T14:21:59Z,2026-08-19
GHA,Ghana,1992,12114,0,0,0,0,0,0,,0,unhcr_population,2025-12-31,2026-08-19T14:21:59Z,2026-08-19
GHA,Ghana,1993,150095,0,0,0,0,0,0,,0,unhcr_population,2025-12-31,2026-08-19T14:21:59Z,2026-08-19
GHA,Ghana,1994,113665,0,174400,0,0,34702,0,,0,unhcr_population,2025-12-31,2026-08-19T14:21:59Z,2026-08-19
GHA,Ghana,1995,83201,0,0,0,0,32197,0,,0,unhcr_population,2025-12-31,2026-08-19T14:21:59Z,2026-08-19
GHA,Ghana,1996,35613,0,0,0,0,50988,0,,0,unhcr_population,2025-12-31,2026-08-19T14:21:59Z,2026-08-19
GHA,Ghana,1997,22853,0,0,0,0,9720,0,,0,unhcr_population,2025-12-31,2026-08-19T14:21:59Z,2026-08-19
GHA,Ghana,1998,14558,0,0,0,0,3030,0,,0,unhcr_population,2025-12-31,2026-08-19T14:21:59Z,2026-08-19
GHA,Ghana,1999,13256,0,0,0,0,350,0,,0,unhcr_population,2025-12-31,2026-08-19T14:21:59Z,2026-08-19
GHA,Ghana,2000,12714,440,0,0,0,0,0,,0,unhcr_population,2025-12-31,2026-08-19T14:21:59Z,2026-08-19
GHA,Ghana,2001,11787,2389,0,0,0,0,0,,0,unhcr_population,2025-12-31,2026-08-19T14:21:59Z,2026-08-19
GHA,Ghana,2002,33506,8758,0,0,0,41,0,,0,unhcr_population,2025-12-31,2026-08-19T14:21:59Z,2026-08-19
GHA,Ghana,2003,43948,4082,0,0,0,77,0,,0,unhcr_population,2025-12-31,2026-08-19T14:21:59Z,2026-08-19
GHA,Ghana,2004,42049,6013,0,0,0,1954,0,,0,unhcr_population,2025-12-31,2026-08-19T14:21:59Z,2026-08-19
GHA,Ghana,2005,53534,5501,0,0,0,1211,0,,0,unhcr_population,2025-12-31,2026-08-19T14:21:59Z,2026-08-19
GHA,Ghana,2006,44938,5591,0,0,0,10363,0,,0,unhcr_population,2025-12-31,2026-08-19T14:21:59Z,2026-08-19
GHA,Ghana,2007,34955,447,0,0,0,15972,0,,0,unhcr_population,2025-12-31,2026-08-19T14:21:59Z,2026-08-19
GHA,Ghana,2008,18201,495,0,0,0,13106,0,,0,unhcr_population,2025-12-31,2026-08-19T14:21:59Z,2026-08-19
GHA,Ghana,2009,13655,595,0,0,0,850,0,,0,unhcr_population,2025-12-31,2026-08-19T14:21:59Z,2026-08-19
GHA,Ghana,2010,13828,748,0,0,0,186,0,,0,unhcr_population,2025-12-31,2026-08-19T14:21:59Z,2026-08-19
GHA,Ghana,2011,13588,12637,0,0,0,479,0,,0,unhcr_population,2025-12-31,2026-08-19T14:21:59Z,2026-08-19
GHA,Ghana,2012,16012,2603,0,0,0,4866,0,,0,unhcr_population,2025-12-31,2026-08-19T14:21:59Z,2026-08-19
GHA,Ghana,2013,18681,1838,0,0,0,93,0,,0,unhcr_population,2025-12-31,2026-08-19T14:21:59Z,2026-08-19
GHA,Ghana,2014,18448,2634,0,0,0,38,0,,0,unhcr_population,2025-12-31,2026-08-19T14:21:59Z,2026-08-19
GHA,Ghana,2015,17404,1850,0,0,0,42,0,,0,unhcr_population,2025-12-31,2026-08-19T14:21:59Z,2026-08-19
GHA,Ghana,2016,11866,1365,0,0,0,58,0,,0,unhcr_population,2025-12-31,2026-08-19T14:21:59Z,2026-08-19
GHA,Ghana,2017,12153,1303,0,0,0,43,0,,0,unhcr_population,2025-12-31,2026-08-19T14:21:59Z,2026-08-19
GHA,Ghana,2018,11896,1312,0,0,0,307,0,,0,unhcr_population,2025-12-31,2026-08-19T14:21:59Z,2026-08-19
GHA,Ghana,2019,11946,1509,0,0,0,862,0,,0,unhcr_population,2025-12-31,2026-08-19T14:21:59Z,2026-08-19
GHA,Ghana,2020,12406,1511,0,0,0,107,0,,0,unhcr_population,2025-12-31,2026-08-19T14:21:59Z,2026-08-19
GHA,Ghana,2021,11894,1879,0,0,0,726,0,,0,unhcr_population,2025-12-31,2026-08-19T14:21:59Z,2026-08-19
GHA,Ghana,2022,8531,2517,0,0,0,4314,0,,0,unhcr_population,2025-12-31,2026-08-19T14:21:59Z,2026-08-19
GHA,Ghana,2023,7057,4209,0,0,0,0,0,,0,unhcr_population,2025-12-31,2026-08-19T14:21:59Z,2026-08-19
GHA,Ghana,2024,7479,9855,0,0,0,0,0,,0,unhcr_population,2025-12-31,2026-08-19T14:21:59Z,2026-08-19
GHA,Ghana,2025,21050,475,0,0,0,0,0,,0,unhcr_population,2025-12-31,2026-08-19T14:21:59Z,2026-08-19
GIN,Guinea,1990,325000,0,0,0,0,0,0,,0,unhcr_population,2025-12-31,2026-08-19T14:21:59Z,2026-08-19
GIN,Guinea,1991,547961,0,0,0,0,0,0,,0,unhcr_population,2025-12-31,2026-08-19T14:21:59Z,2026-08-19
GIN,Guinea,1992,478491,0,0,0,0,83490,0,,0,unhcr_population,2025-12-31,2026-08-19T14:21:59Z,2026-08-19
GIN,Guinea,1993,577156,0,0,0,0,9830,0,,0,unhcr_population,2025-12-31,2026-08-19T14:21:59Z,2026-08-19
GIN,Guinea,1994,553236,0,0,0,0,918,0,,0,unhcr_population,2025-12-31,2026-08-19T14:21:59Z,2026-08-19
GIN,Guinea,1995,672293,0,0,0,0,6485,0,,0,unhcr_population,2025-12-31,2026-08-19T14:21:59Z,2026-08-19
GIN,Guinea,1996,663849,0,0,0,0,0,0,,0,unhcr_population,2025-12-31,2026-08-19T14:21:59Z,2026-08-19
GIN,Guinea,1997,435294,0,0,0,0,12994,0,,0,unhcr_population,2025-12-31,2026-08-19T14:21:59Z,2026-08-19
GIN,Guinea,1998,482463,0,0,0,0,250791,0,,0,unhcr_population,2025-12-31,2026-08-19T14:21:59Z,2026-08-19
GIN,Guinea,1999,501544,0,0,0,0,71410,0,,0,unhcr_population,2025-12-31,2026-08-19T14:21:59Z,2026-08-19
GIN,Guinea,2000,427210,0,0,0,0,47919,0,,0,unhcr_population,2025-12-31,2026-08-19T14:21:59Z,2026-08-19
GIN,Guinea,2001,178446,872,0,0,0,77798,0,,0,unhcr_population,2025-12-31,2026-08-19T14:21:59Z,2026-08-19
GIN,Guinea,2002,182164,371,0,0,0,40837,0,,0,unhcr_population,2025-12-31,2026-08-19T14:21:59Z,2026-08-19
GIN,Guinea,2003,184339,2545,0,0,0,29717,0,,0,unhcr_population,2025-12-31,2026-08-19T14:21:59Z,2026-08-19
GIN,Guinea,2004,139240,6317,0,0,0,34623,0,,0,unhcr_population,2025-12-31,2026-08-19T14:21:59Z,2026-08-19
GIN,Guinea,2005,63519,3809,0,0,0,29644,0,,0,unhcr_population,2025-12-31,2026-08-19T14:21:59Z,2026-08-19
GIN,Guinea,2006,31466,3883,0,0,0,54257,0,,0,unhcr_population,2025-12-31,2026-08-19T14:21:59Z,2026-08-19
GIN,Guinea,2007,25220,4017,0,0,0,6348,0,,0,unhcr_population,2025-12-31,2026-08-19T14:21:59Z,2026-08-19
GIN,Guinea,2008,21485,628,0,0,0,475,0,,0,unhcr_population,2025-12-31,2026-08-19T14:21:59Z,2026-08-19
GIN,Guinea,2009,15322,923,0,0,0,152,0,,0,unhcr_population,2025-12-31,2026-08-19T14:21:59Z,2026-08-19
GIN,Guinea,2010,14110,763,0,0,0,116,0,,0,unhcr_population,2025-12-31,2026-08-19T14:21:59Z,2026-08-19
GIN,Guinea,2011,16606,604,0,0,0,59,0,,0,unhcr_population,2025-12-31,2026-08-19T14:21:59Z,2026-08-19
GIN,Guinea,2012,10369,530,0,0,0,5560,0,,0,unhcr_population,2025-12-31,2026-08-19T14:21:59Z,2026-08-19
GIN,Guinea,2013,8554,309,0,0,0,397,0,,0,unhcr_population,2025-12-31,2026-08-19T14:21:59Z,2026-08-19
GIN,Guinea,2014,8763,283,0,0,0,5,0,,0,unhcr_population,2025-12-31,2026-08-19T14:21:59Z,2026-08-19
GIN,Guinea,2015,8835,199,0,0,0,0,0,,0,unhcr_population,2025-12-31,2026-08-19T14:21:59Z,2026-08-19
GIN,Guinea,2016,5067,104,0,0,0,248,0,,0,unhcr_population,2025-12-31,2026-08-19T14:21:59Z,2026-08-19
GIN,Guinea,2017,5156,108,0,0,0,29,0,,0,unhcr_population,2025-12-31,2026-08-19T14:21:59Z,2026-08-19
GIN,Guinea,2018,4294,1578,0,0,0,1161,0,,0,unhcr_population,2025-12-31,2026-08-19T14:21:59Z,2026-08-19
GIN,Guinea,2019,4964,1980,0,0,0,598,0,,0,unhcr_population,2025-12-31,2026-08-19T14:21:59Z,2026-08-19
GIN,Guinea,2020,6029,3543,0,0,0,63,0,,0,unhcr_population,2025-12-31,2026-08-19T14:21:59Z,2026-08-19
GIN,Guinea,2021,5741,253,0,0,220,611,0,,0,unhcr_population,2025-12-31,2026-08-19T14:21:59Z,2026-08-19
GIN,Guinea,2022,2199,53,0,0,0,2634,0,,0,unhcr_population,2025-12-31,2026-08-19T14:21:59Z,2026-08-19
GIN,Guinea,2023,2191,54,0,0,0,5,0,,0,unhcr_population,2025-12-31,2026-08-19T14:21:59Z,2026-08-19
GIN,Guinea,2024,2171,172,0,0,0,0,0,,0,unhcr_population,2025-12-31,2026-08-19T14:21:59Z,2026-08-19
GIN,Guinea,2025,2154,172,0,0,5,0,0,,0,unhcr_population,2025-12-31,2026-08-19T14:21:59Z,2026-08-19
GMB,Gambia,1975,0,0,0,0,0,1240,0,,0,unhcr_population,2025-12-31,2026-08-19T14:21:59Z,2026-08-19
GMB,Gambia,1990,77,0,0,0,0,0,0,,0,unhcr_population,2025-12-31,2026-08-19T14:21:59Z,2026-08-19
GMB,Gambia,1991,240,0,0,0,0,0,0,,0,unhcr_population,2025-12-31,2026-08-19T14:21:59Z,2026-08-19
GMB,Gambia,1992,3632,0,0,0,0,50,0,,0,unhcr_population,2025-12-31,2026-08-19T14:21:59Z,2026-08-19
GMB,Gambia,1993,2182,0,0,0,0,0,0,,0,unhcr_population,2025-12-31,2026-08-19T14:21:59Z,2026-08-19
GMB,Gambia,1994,2206,0,0,0,0,0,0,,0,unhcr_population,2025-12-31,2026-08-19T14:21:59Z,2026-08-19
GMB,Gambia,1995,6598,0,0,0,0,0,0,,0,unhcr_population,2025-12-31,2026-08-19T14:21:59Z,2026-08-19
GMB,Gambia,1996,6923,0,0,0,0,308,0,,0,unhcr_population,2025-12-31,2026-08-19T14:21:59Z,2026-08-19
GMB,Gambia,1997,7276,0,0,0,0,0,0,,0,unhcr_population,2025-12-31,2026-08-19T14:21:59Z,2026-08-19
GMB,Gambia,1998,10316,0,0,0,0,650,0,,0,unhcr_population,2025-12-31,2026-08-19T14:21:59Z,2026-08-19
GMB,Gambia,1999,17216,0,0,0,0,327,0,,0,unhcr_population,2025-12-31,2026-08-19T14:21:59Z,2026-08-19
GMB,Gambia,2000,12016,223,0,0,0,0,0,,0,unhcr_population,2025-12-31,2026-08-19T14:21:59Z,2026-08-19
GMB,Gambia,2001,8131,223,0,0,0,2000,0,,0,unhcr_population,2025-12-31,2026-08-19T14:21:59Z,2026-08-19
GMB,Gambia,2002,12117,0,0,0,0,0,0,,0,unhcr_population,2025-12-31,2026-08-19T14:21:59Z,2026-08-19
GMB,Gambia,2003,7461,0,0,0,0,144,0,,0,unhcr_population,2025-12-31,2026-08-19T14:21:59Z,2026-08-19
GMB,Gambia,2004,7339,600,0,0,0,357,0,,0,unhcr_population,2025-12-31,2026-08-19T14:21:59Z,2026-08-19
GMB,Gambia,2005,7328,600,0,0,0,40,0,,0,unhcr_population,2025-12-31,2026-08-19T14:21:59Z,2026-08-19
GMB,Gambia,2006,13758,600,0,0,0,45,0,,0,unhcr_population,2025-12-31,2026-08-19T14:21:59Z,2026-08-19
GMB,Gambia,2007,14892,0,0,0,0,66,0,,0,unhcr_population,2025-12-31,2026-08-19T14:21:59Z,2026-08-19
GMB,Gambia,2008,14833,0,0,0,0,260,0,,0,unhcr_population,2025-12-31,2026-08-19T14:21:59Z,2026-08-19
GMB,Gambia,2009,10113,68,0,0,2156,179,0,,0,unhcr_population,2025-12-31,2026-08-19T14:21:59Z,2026-08-19
GMB,Gambia,2010,8373,74,0,0,0,29,0,,0,unhcr_population,2025-12-31,2026-08-19T14:21:59Z,2026-08-19
GMB,Gambia,2011,9523,25,0,0,0,5,0,,0,unhcr_population,2025-12-31,2026-08-19T14:21:59Z,2026-08-19
GMB,Gambia,2012,9846,0,0,0,0,332,0,,0,unhcr_population,2025-12-31,2026-08-19T14:21:59Z,2026-08-19
GMB,Gambia,2013,9557,0,0,0,212,32,0,,0,unhcr_population,2025-12-31,2026-08-19T14:21:59Z,2026-08-19
GMB,Gambia,2014,11606,0,0,0,0,0,0,,0,unhcr_population,2025-12-31,2026-08-19T14:21:59Z,2026-08-19
GMB,Gambia,2015,7851,0,0,0,0,0,0,,0,unhcr_population,2025-12-31,2026-08-19T14:21:59Z,2026-08-19
GMB,Gambia,2016,7936,0,0,0,0,6,0,,0,unhcr_population,2025-12-31,2026-08-19T14:21:59Z,2026-08-19
GMB,Gambia,2017,8039,5,0,0,0,11,0,,0,unhcr_population,2025-12-31,2026-08-19T14:21:59Z,2026-08-19
GMB,Gambia,2018,4027,349,0,0,0,0,0,,0,unhcr_population,2025-12-31,2026-08-19T14:21:59Z,2026-08-19
GMB,Gambia,2019,4302,206,0,0,0,0,0,,0,unhcr_population,2025-12-31,2026-08-19T14:21:59Z,2026-08-19
GMB,Gambia,2020,4378,207,0,0,0,0,0,,0,unhcr_population,2025-12-31,2026-08-19T14:21:59Z,2026-08-19
GMB,Gambia,2021,4418,207,0,0,0,0,0,,0,unhcr_population,2025-12-31,2026-08-19T14:21:59Z,2026-08-19
GMB,Gambia,2022,3685,198,0,0,0,145,0,,0,unhcr_population,2025-12-31,2026-08-19T14:21:59Z,2026-08-19
GMB,Gambia,2023,3809,446,0,0,0,0,0,,0,unhcr_population,2025-12-31,2026-08-19T14:21:59Z,2026-08-19
GMB,Gambia,2024,3964,447,0,0,0,0,0,,0,unhcr_population,2025-12-31,2026-08-19T14:21:59Z,2026-08-19
GMB,Gambia,2025,4108,509,0,0,0,0,0,,0,unhcr_population,2025-12-31,2026-08-19T14:21:59Z,2026-08-19
GNB,Guinea-Bissau,1981,110,0,0,0,0,0,0,,0,unhcr_population,2025-12-31,2026-08-19T14:21:59Z,2026-08-19
GNB,Guinea-Bissau,1990,3004,0,0,0,0,0,0,,0,unhcr_population,2025-12-31,2026-08-19T14:21:59Z,2026-08-19
GNB,Guinea-Bissau,1991,4631,0,0,0,0,0,0,,0,unhcr_population,2025-12-31,2026-08-19T14:21:59Z,2026-08-19
GNB,Guinea-Bissau,1992,12163,0,0,0,0,710,0,,0,unhcr_population,2025-12-31,2026-08-19T14:21:59Z,2026-08-19
GNB,Guinea-Bissau,1993,20727,0,0,0,0,1098,0,,0,unhcr_population,2025-12-31,2026-08-19T14:21:59Z,2026-08-19
GNB,Guinea-Bissau,1994,23909,0,0,0,0,0,0,,0,unhcr_population,2025-12-31,2026-08-19T14:21:59Z,2026-08-19
GNB,Guinea-Bissau,1995,15350,0,0,0,0,0,0,,0,unhcr_population,2025-12-31,2026-08-19T14:21:59Z,2026-08-19
GNB,Guinea-Bissau,1996,15401,0,0,0,0,5,0,,0,unhcr_population,2025-12-31,2026-08-19T14:21:59Z,2026-08-19
GNB,Guinea-Bissau,1997,15982,0,0,0,0,0,0,,0,unhcr_population,2025-12-31,2026-08-19T14:21:59Z,2026-08-19
GNB,Guinea-Bissau,1998,6604,0,195550,0,0,0,0,,0,unhcr_population,2025-12-31,2026-08-19T14:21:59Z,2026-08-19
GNB,Guinea-Bissau,1999,7120,0,0,0,0,332,215000,,0,unhcr_population,2025-12-31,2026-08-19T14:21:59Z,2026-08-19
GNB,Guinea-Bissau,2000,7587,48,0,0,0,17,0,,0,unhcr_population,2025-12-31,2026-08-19T14:21:59Z,2026-08-19
GNB,Guinea-Bissau,2001,7332,371,0,0,0,474,0,,0,unhcr_population,2025-12-31,2026-08-19T14:21:59Z,2026-08-19
GNB,Guinea-Bissau,2002,7639,38,0,0,0,32,0,,0,unhcr_population,2025-12-31,2026-08-19T14:21:59Z,2026-08-19
GNB,Guinea-Bissau,2003,7552,77,0,0,0,108,0,,0,unhcr_population,2025-12-31,2026-08-19T14:21:59Z,2026-08-19
GNB,Guinea-Bissau,2004,7537,139,0,0,0,30,0,,0,unhcr_population,2025-12-31,2026-08-19T14:21:59Z,2026-08-19
GNB,Guinea-Bissau,2005,7615,161,0,0,0,0,0,,0,unhcr_population,2025-12-31,2026-08-19T14:21:59Z,2026-08-19
GNB,Guinea-Bissau,2006,7801,313,0,0,0,23,0,,0,unhcr_population,2025-12-31,2026-08-19T14:21:59Z,2026-08-19
GNB,Guinea-Bissau,2007,7863,341,0,0,0,27,0,,0,unhcr_population,2025-12-31,2026-08-19T14:21:59Z,2026-08-19
GNB,Guinea-Bissau,2008,7885,325,0,0,0,0,0,,0,unhcr_population,2025-12-31,2026-08-19T14:21:59Z,2026-08-19
GNB,Guinea-Bissau,2009,7897,291,0,0,0,5,0,,0,unhcr_population,2025-12-31,2026-08-19T14:21:59Z,2026-08-19
GNB,Guinea-Bissau,2010,7675,323,0,0,0,5,0,,0,unhcr_population,2025-12-31,2026-08-19T14:21:59Z,2026-08-19
GNB,Guinea-Bissau,2011,7796,88,0,0,0,0,0,,0,unhcr_population,2025-12-31,2026-08-19T14:21:59Z,2026-08-19
GNB,Guinea-Bissau,2012,7780,95,0,0,0,5,0,,0,unhcr_population,2025-12-31,2026-08-19T14:21:59Z,2026-08-19
GNB,Guinea-Bissau,2013,8535,104,0,0,0,0,0,,0,unhcr_population,2025-12-31,2026-08-19T14:21:59Z,2026-08-19
GNB,Guinea-Bissau,2014,8685,115,0,0,0,5,0,,0,unhcr_population,2025-12-31,2026-08-19T14:21:59Z,2026-08-19
GNB,Guinea-Bissau,2015,8685,115,0,0,0,0,0,,0,unhcr_population,2025-12-31,2026-08-19T14:21:59Z,2026-08-19
GNB,Guinea-Bissau,2016,9264,29,0,0,0,0,0,,0,unhcr_population,2025-12-31,2026-08-19T14:21:59Z,2026-08-19
GNB,Guinea-Bissau,2017,11207,11,0,0,0,0,0,,0,unhcr_population,2025-12-31,2026-08-19T14:21:59Z,2026-08-19
GNB,Guinea-Bissau,2018,4853,21,0,0,0,0,0,,0,unhcr_population,2025-12-31,2026-08-19T14:21:59Z,2026-08-19
GNB,Guinea-Bissau,2019,1846,30,0,0,0,0,0,,0,unhcr_population,2025-12-31,2026-08-19T14:21:59Z,2026-08-19
GNB,Guinea-Bissau,2020,1846,30,0,0,0,0,0,,0,unhcr_population,2025-12-31,2026-08-19T14:21:59Z,2026-08-19
GNB,Guinea-Bissau,2021,1846,30,0,0,0,0,0,,0,unhcr_population,2025-12-31,2026-08-19T14:21:59Z,2026-08-19
GNB,Guinea-Bissau,2022,24,30,0,0,0,0,0,,0,unhcr_population,2025-12-31,2026-08-19T14:21:59Z,2026-08-19
GNB,Guinea-Bissau,2023,24,30,0,0,0,0,0,,0,unhcr_population,2025-12-31,2026-08-19T14:21:59Z,2026-08-19
GNB,Guinea-Bissau,2024,24,30,0,0,0,0,0,,0,unhcr_population,2025-12-31,2026-08-19T14:21:59Z,2026-08-19
GNB,Guinea-Bissau,2025,24,30,0,0,0,0,0,,0,unhcr_population,2025-12-31,2026-08-19T14:21:59Z,2026-08-19
GNQ,Equatorial Guinea,1968,40000,0,0,0,0,0,0,,0,unhcr_population,2025-12-31,2026-08-19T14:21:59Z,2026-08-19
GNQ,Equatorial Guinea,2024,5,0,0,0,0,0,0,,0,unhcr_population,2025-12-31,2026-08-19T14:21:59Z,2026-08-19
GRC,Greece,1951,18000,0,0,0,0,0,0,,0,unhcr_population,2025-12-31,2026-08-19T14:21:59Z,2026-08-19
GRC,Greece,1952,19000,0,0,0,0,0,0,,0,unhcr_population,2025-12-31,2026-08-19T14:21:59Z,2026-08-19
GRC,Greece,1953,18500,0,0,0,0,0,0,,0,unhcr_population,2025-12-31,2026-08-19T14:21:59Z,2026-08-19
GRC,Greece,1954,19000,0,0,0,0,0,0,,0,unhcr_population,2025-12-31,2026-08-19T14:21:59Z,2026-08-19
GRC,Greece,1955,17400,0,0,0,0,0,0,,0,unhcr_population,2025-12-31,2026-08-19T14:21:59Z,2026-08-19
GRC,Greece,1956,16000,0,0,0,0,0,0,,0,unhcr_population,2025-12-31,2026-08-19T14:21:59Z,2026-08-19
GRC,Greece,1957,16000,0,0,0,0,0,0,,0,unhcr_population,2025-12-31,2026-08-19T14:21:59Z,2026-08-19
GRC,Greece,1958,15700,0,0,0,0,0,0,,0,unhcr_population,2025-12-31,2026-08-19T14:21:59Z,2026-08-19
GRC,Greece,1959,15500,0,0,0,0,0,0,,0,unhcr_population,2025-12-31,2026-08-19T14:21:59Z,2026-08-19
GRC,Greece,1960,15500,0,0,0,0,0,0,,0,unhcr_population,2025-12-31,2026-08-19T14:21:59Z,2026-08-19
GRC,Greece,1961,15200,0,0,0,0,0,0,,0,unhcr_population,2025-12-31,2026-08-19T14:21:59Z,2026-08-19
GRC,Greece,1962,15700,0,0,0,0,0,0,,0,unhcr_population,2025-12-31,2026-08-19T14:21:59Z,2026-08-19
GRC,Greece,1963,15400,0,0,0,0,0,0,,0,unhcr_population,2025-12-31,2026-08-19T14:21:59Z,2026-08-19
GRC,Greece,1964,16000,0,0,0,0,0,0,,0,unhcr_population,2025-12-31,2026-08-19T14:21:59Z,2026-08-19
GRC,Greece,1965,15560,0,0,0,0,0,0,,0,unhcr_population,2025-12-31,2026-08-19T14:21:59Z,2026-08-19
GRC,Greece,1966,15300,0,0,0,0,0,0,,0,unhcr_population,2025-12-31,2026-08-19T14:21:59Z,2026-08-19
GRC,Greece,1967,12270,0,0,0,0,0,0,,0,unhcr_population,2025-12-31,2026-08-19T14:21:59Z,2026-08-19
GRC,Greece,1968,8260,0,0,0,0,0,0,,0,unhcr_population,2025-12-31,2026-08-19T14:21:59Z,2026-08-19
GRC,Greece,1969,6330,0,0,0,0,0,0,,0,unhcr_population,2025-12-31,2026-08-19T14:21:59Z,2026-08-19
GRC,Greece,1970,5710,0,0,0,0,0,0,,0,unhcr_population,2025-12-31,2026-08-19T14:21:59Z,2026-08-19
GRC,Greece,1971,5780,0,0,0,0,0,0,,0,unhcr_population,2025-12-31,2026-08-19T14:21:59Z,2026-08-19
GRC,Greece,1972,3350,0,0,0,0,0,0,,0,unhcr_population,2025-12-31,2026-08-19T14:21:59Z,2026-08-19
GRC,Greece,1973,2940,0,0,0,0,0,0,,0,unhcr_population,2025-12-31,2026-08-19T14:21:59Z,2026-08-19
GRC,Greece,1974,2710,0,0,0,0,0,0,,0,unhcr_population,2025-12-31,2026-08-19T14:21:59Z,2026-08-19
GRC,Greece,1975,2600,0,0,0,0,0,0,,0,unhcr_population,2025-12-31,2026-08-19T14:21:59Z,2026-08-19
GRC,Greece,1976,2560,0,0,0,0,0,0,,0,unhcr_population,2025-12-31,2026-08-19T14:21:59Z,2026-08-19
GRC,Greece,1977,2610,0,0,0,0,0,0,,0,unhcr_population,2025-12-31,2026-08-19T14:21:59Z,2026-08-19
GRC,Greece,1978,2520,0,0,0,0,0,0,,0,unhcr_population,2025-12-31,2026-08-19T14:21:59Z,2026-08-19
GRC,Greece,1979,3770,0,0,0,0,0,0,,0,unhcr_population,2025-12-31,2026-08-19T14:21:59Z,2026-08-19
GRC,Greece,1980,3750,0,0,0,0,0,0,,0,unhcr_population,2025-12-31,2026-08-19T14:21:59Z,2026-08-19
GRC,Greece,1981,3990,0,0,0,0,0,0,,0,unhcr_population,2025-12-31,2026-08-19T14:21:59Z,2026-08-19
GRC,Greece,1982,3950,0,0,0,0,230,0,,0,unhcr_population,2025-12-31,2026-08-19T14:21:59Z,2026-08-19
GRC,Greece,1983,4090,0,0,0,0,0,0,,0,unhcr_population,2025-12-31,2026-08-19T14:21:59Z,2026-08-19
GRC,Greece,1984,4320,0,0,0,0,0,0,,0,unhcr_population,2025-12-31,2026-08-19T14:21:59Z,2026-08-19
GRC,Greece,1985,4360,0,0,0,0,530,0,,0,unhcr_population,2025-12-31,2026-08-19T14:21:59Z,2026-08-19
GRC,Greece,1986,3280,0,0,0,0,0,0,,0,unhcr_population,2025-12-31,2026-08-19T14:21:59Z,2026-08-19
GRC,Greece,1987,4630,0,0,0,0,0,0,,0,unhcr_population,2025-12-31,2026-08-19T14:21:59Z,2026-08-19
GRC,Greece,1988,8262,0,0,0,0,0,0,,0,unhcr_population,2025-12-31,2026-08-19T14:21:59Z,2026-08-19
GRC,Greece,1989,7490,0,0,0,0,70,0,,0,unhcr_population,2025-12-31,2026-08-19T14:21:59Z,2026-08-19
GRC,Greece,1990,8488,0,0,0,0,300,0,,0,unhcr_population,2025-12-31,2026-08-19T14:21:59Z,2026-08-19
GRC,Greece,1991,8989,0,0,0,0,180,0,,0,unhcr_population,2025-12-31,2026-08-19T14:21:59Z,2026-08-19
GRC,Greece,1992,8456,0,0,0,0,0,0,,0,unhcr_population,2025-12-31,2026-08-19T14:21:59Z,2026-08-19
GRC,Greece,1993,7859,0,0,0,0,0,0,,0,unhcr_population,2025-12-31,2026-08-19T14:21:59Z,2026-08-19
GRC,Greece,1994,7773,0,0,0,0,10,0,,0,unhcr_population,2025-12-31,2026-08-19T14:21:59Z,2026-08-19
GRC,Greece,1995,4428,0,0,0,0,8,0,,0,unhcr_population,2025-12-31,2026-08-19T14:21:59Z,2026-08-19
GRC,Greece,1996,5780,0,0,0,0,47,0,,0,unhcr_population,2025-12-31,2026-08-19T14:21:59Z,2026-08-19
GRC,Greece,1997,5520,0,0,0,0,0,0,,0,unhcr_population,2025-12-31,2026-08-19T14:21:59Z,2026-08-19
GRC,Greece,1998,6145,0,0,0,0,0,0,,0,unhcr_population,2025-12-31,2026-08-19T14:21:59Z,2026-08-19
GRC,Greece,1999,6283,0,0,0,0,0,0,,0,unhcr_population,2025-12-31,2026-08-19T14:21:59Z,2026-08-19
GRC,Greece,2000,6653,2372,0,0,0,0,0,,0,unhcr_population,2025-12-31,2026-08-19T14:21:59Z,2026-08-19
GRC,Greece,2001,6927,6244,0,0,0,0,0,,0,unhcr_population,2025-12-31,2026-08-19T14:21:59Z,2026-08-19
GRC,Greece,2002,2778,1801,0,0,0,0,0,,0,unhcr_population,2025-12-31,2026-08-19T14:21:59Z,2026-08-19
GRC,Greece,2003,2762,7251,0,0,0,0,0,,0,unhcr_population,2025-12-31,2026-08-19T14:21:59Z,2026-08-19
GRC,Greece,2004,2479,7363,0,0,3000,0,0,,0,unhcr_population,2025-12-31,2026-08-19T14:21:59Z,2026-08-19
GRC,Greece,2005,2394,8857,0,0,3000,0,0,,0,unhcr_population,2025-12-31,2026-08-19T14:21:59Z,2026-08-19
GRC,Greece,2006,2292,13499,0,108,3000,69,0,,0,unhcr_population,2025-12-31,2026-08-19T14:21:59Z,2026-08-19
GRC,Greece,2007,2228,28448,0,108,0,39,0,,0,unhcr_population,2025-12-31,2026-08-19T14:21:59Z,2026-08-19
GRC,Greece,2008,2169,38035,0,258,0,56,0,,0,unhcr_population,2025-12-31,2026-08-19T14:21:59Z,2026-08-19
GRC,Greece,2009,1700,48201,0,260,0,0,0,,0,unhcr_population,2025-12-31,2026-08-19T14:21:59Z,2026-08-19
GRC,Greece,2010,1443,55714,0,260,0,0,0,,0,unhcr_population,2025-12-31,2026-08-19T14:21:59Z,2026-08-19
GRC,Greece,2011,1566,43942,0,205,0,90,0,,0,unhcr_population,2025-12-31,2026-08-19T14:21:59Z,2026-08-19
GRC,Greece,2012,2090,36183,0,154,0,90,0,,0,unhcr_population,2025-12-31,2026-08-19T14:21:59Z,2026-08-19
GRC,Greece,2013,3468,49800,0,178,19534,0,0,,0,unhcr_population,2025-12-31,2026-08-19T14:21:59Z,2026-08-19
GRC,Greece,2014,10292,31898,0,199,0,447,0,,0,unhcr_population,2025-12-31,2026-08-19T14:21:59Z,2026-08-19
GRC,Greece,2015,24831,26122,0,198,0,448,0,,0,unhcr_population,2025-12-31,2026-08-19T14:21:59Z,2026-08-19
GRC,Greece,2016,46411,39960,0,198,0,0,0,,0,unhcr_population,2025-12-31,2026-08-19T14:21:59Z,2026-08-19
GRC,Greece,2017,38988,44188,0,198,0,5,0,,0,unhcr_population,2025-12-31,2026-08-19T14:21:59Z,2026-08-19
GRC,Greece,2018,61446,76057,0,198,0,0,0,,0,unhcr_population,2025-12-31,2026-08-19T14:21:59Z,2026-08-19
GRC,Greece,2019,80454,105684,0,5607,4734,0,0,,0,unhcr_population,2025-12-31,2026-08-19T14:21:59Z,2026-08-19
GRC,Greece,2020,103101,60873,0,5557,4705,0,0,,0,unhcr_population,2025-12-31,2026-08-19T14:21:59Z,2026-08-19
GRC,Greece,2021,119650,37047,0,4488,3653,0,0,,0,unhcr_population,2025-12-31,2026-08-19T14:21:59Z,2026-08-19
GRC,Greece,2022,160761,22139,0,4488,3641,3000,0,,0,unhcr_population,2025-12-31,2026-08-19T14:21:59Z,2026-08-19
GRC,Greece,2023,192384,32687,0,3743,2722,2000,0,,0,unhcr_population,2025-12-31,2026-08-19T14:21:59Z,2026-08-19
GRC,Greece,2024,116450,28244,0,3743,2106,0,0,,0,unhcr_population,2025-12-31,2026-08-19T14:21:59Z,2026-08-19
GRC,Greece,2025,134563,31928,0,3743,1668,3000,0,,0,unhcr_population,2025-12-31,2026-08-19T14:21:59Z,2026-08-19
GRD,Grenada,2010,0,5,0,0,0,0,0,,0,unhcr_population,2025-12-31,2026-08-19T14:21:59Z,2026-08-19
GRD,Grenada,2011,5,0,0,0,0,0,0,,0,unhcr_population,2025-12-31,2026-08-19T14:21:59Z,2026-08-19
GRD,Grenada,2020,0,0,0,0,0,0,0,234,0,unhcr_population,2025-12-31,2026-08-19T14:21:59Z,2026-08-19
GRD,Grenada,2021,0,0,0,0,0,0,0,234,0,unhcr_population,2025-12-31,2026-08-19T14:21:59Z,2026-08-19
GRD,Grenada,2022,0,0,0,0,234,0,0,,0,unhcr_population,2025-12-31,2026-08-19T14:21:59Z,2026-08-19
GTM,Guatemala,1972,160,0,0,0,0,0,0,,0,unhcr_population,2025-12-31,2026-08-19T14:21:59Z,2026-08-19
GTM,Guatemala,1980,4130,0,0,0,0,60,0,,0,unhcr_population,2025-12-31,2026-08-19T14:21:59Z,2026-08-19
GTM,Guatemala,1981,100000,0,0,0,0,0,0,,0,unhcr_population,2025-12-31,2026-08-19T14:21:59Z,2026-08-19
GTM,Guatemala,1982,70000,0,0,0,0,0,0,,0,unhcr_population,2025-12-31,2026-08-19T14:21:59Z,2026-08-19
GTM,Guatemala,1983,70000,0,0,0,0,0,0,,0,unhcr_population,2025-12-31,2026-08-19T14:21:59Z,2026-08-19
GTM,Guatemala,1984,70000,0,0,0,0,0,0,,0,unhcr_population,2025-12-31,2026-08-19T14:21:59Z,2026-08-19
GTM,Guatemala,1985,12000,0,0,0,0,0,0,,0,unhcr_population,2025-12-31,2026-08-19T14:21:59Z,2026-08-19
GTM,Guatemala,1986,12000,0,0,0,0,0,0,,0,unhcr_population,2025-12-31,2026-08-19T14:21:59Z,2026-08-19
GTM,Guatemala,1987,12000,0,0,0,0,0,0,,0,unhcr_population,2025-12-31,2026-08-19T14:21:59Z,2026-08-19
GTM,Guatemala,1988,223100,0,0,0,0,0,0,,0,unhcr_population,2025-12-31,2026-08-19T14:21:59Z,2026-08-19
GTM,Guatemala,1989,223100,0,0,0,0,0,0,,0,unhcr_population,2025-12-31,2026-08-19T14:21:59Z,2026-08-19
GTM,Guatemala,1990,223377,0,0,0,0,1180,0,,0,unhcr_population,2025-12-31,2026-08-19T14:21:59Z,2026-08-19
GTM,Guatemala,1991,223236,0,0,0,0,440,0,,0,unhcr_population,2025-12-31,2026-08-19T14:21:59Z,2026-08-19
GTM,Guatemala,1992,222929,0,0,0,0,230,0,,0,unhcr_population,2025-12-31,2026-08-19T14:21:59Z,2026-08-19
GTM,Guatemala,1993,4689,0,0,0,0,103,0,,0,unhcr_population,2025-12-31,2026-08-19T14:21:59Z,2026-08-19
GTM,Guatemala,1994,4672,0,8000,0,0,42,0,,0,unhcr_population,2025-12-31,2026-08-19T14:21:59Z,2026-08-19
GTM,Guatemala,1995,1497,0,13700,0,0,11,0,,0,unhcr_population,2025-12-31,2026-08-19T14:21:59Z,2026-08-19
GTM,Guatemala,1996,1560,0,11200,0,0,58,0,,0,unhcr_population,2025-12-31,2026-08-19T14:21:59Z,2026-08-19
GTM,Guatemala,1997,1501,0,1650,0,0,54,0,,0,unhcr_population,2025-12-31,2026-08-19T14:21:59Z,2026-08-19
GTM,Guatemala,1998,814,0,0,0,0,78,0,,0,unhcr_population,2025-12-31,2026-08-19T14:21:59Z,2026-08-19
GTM,Guatemala,1999,731,0,0,0,0,82,0,,0,unhcr_population,2025-12-31,2026-08-19T14:21:59Z,2026-08-19
GTM,Guatemala,2000,720,5,0,0,0,29,0,,0,unhcr_population,2025-12-31,2026-08-19T14:21:59Z,2026-08-19
GTM,Guatemala,2001,724,9,0,0,0,9,0,,0,unhcr_population,2025-12-31,2026-08-19T14:21:59Z,2026-08-19
GTM,Guatemala,2002,732,7,0,0,0,0,0,,0,unhcr_population,2025-12-31,2026-08-19T14:21:59Z,2026-08-19
GTM,Guatemala,2003,714,0,0,0,0,5,0,,0,unhcr_population,2025-12-31,2026-08-19T14:21:59Z,2026-08-19
GTM,Guatemala,2004,655,0,0,0,0,0,0,,0,unhcr_population,2025-12-31,2026-08-19T14:21:59Z,2026-08-19
GTM,Guatemala,2005,388,0,0,0,0,0,0,,0,unhcr_population,2025-12-31,2026-08-19T14:21:59Z,2026-08-19
GTM,Guatemala,2006,379,0,0,0,0,0,0,,0,unhcr_population,2025-12-31,2026-08-19T14:21:59Z,2026-08-19
GTM,Guatemala,2007,377,0,0,0,0,0,0,,0,unhcr_population,2025-12-31,2026-08-19T14:21:59Z,2026-08-19
GTM,Guatemala,2008,127,5,0,0,0,0,0,,0,unhcr_population,2025-12-31,2026-08-19T14:21:59Z,2026-08-19
GTM,Guatemala,2009,127,0,0,0,0,0,0,,0,unhcr_population,2025-12-31,2026-08-19T14:21:59Z,2026-08-19
GTM,Guatemala,2010,137,0,0,0,0,0,0,,0,unhcr_population,2025-12-31,2026-08-19T14:21:59Z,2026-08-19
GTM,Guatemala,2011,148,5,0,0,0,0,0,,0,unhcr_population,2025-12-31,2026-08-19T14:21:59Z,2026-08-19
GTM,Guatemala,2012,157,5,0,0,0,0,0,,0,unhcr_population,2025-12-31,2026-08-19T14:21:59Z,2026-08-19
GTM,Guatemala,2013,154,14,0,0,0,0,0,,0,unhcr_population,2025-12-31,2026-08-19T14:21:59Z,2026-08-19
GTM,Guatemala,2014,160,97,0,0,0,5,0,,0,unhcr_population,2025-12-31,2026-08-19T14:21:59Z,2026-08-19
GTM,Guatemala,2015,222,123,0,0,3500,0,0,,0,unhcr_population,2025-12-31,2026-08-19T14:21:59Z,2026-08-19
GTM,Guatemala,2016,295,0,0,0,23900,0,0,,0,unhcr_population,2025-12-31,2026-08-19T14:21:59Z,2026-08-19
GTM,Guatemala,2017,360,28,0,0,62200,0,0,,0,unhcr_population,2025-12-31,2026-08-19T14:21:59Z,2026-08-19
GTM,Guatemala,2018,380,251,0,0,110600,0,0,,0,unhcr_population,2025-12-31,2026-08-19T14:21:59Z,2026-08-19
GTM,Guatemala,2019,408,631,0,0,110600,0,0,,0,unhcr_population,2025-12-31,2026-08-19T14:21:59Z,2026-08-19
GTM,Guatemala,2020,442,784,0,0,112749,0,0,,0,unhcr_population,2025-12-31,2026-08-19T14:21:59Z,2026-08-19
GTM,Guatemala,2021,479,1470,0,0,147222,0,0,1469,406161,unhcr_population,2025-12-31,2026-08-19T14:21:59Z,2026-08-19
GTM,Guatemala,2022,701,1519,0,0,146900,0,0,,406161,unhcr_population,2025-12-31,2026-08-19T14:21:59Z,2026-08-19
GTM,Guatemala,2023,989,2051,0,0,148026,0,0,,406161,unhcr_population,2025-12-31,2026-08-19T14:21:59Z,2026-08-19
GTM,Guatemala,2024,1306,3370,0,0,175565,0,0,,72921,unhcr_population,2025-12-31,2026-08-19T14:21:59Z,2026-08-19
GTM,Guatemala,2025,1586,4088,573000,0,22025,0,0,,3244,unhcr_population,2025-12-31,2026-08-19T14:21:59Z,2026-08-19
GUF,French Guiana,1989,6601,0,0,0,0,0,0,,0,unhcr_population,2025-12-31,2026-08-19T14:21:59Z,2026-08-19
GUF,French Guiana,1990,6601,0,0,0,0,0,0,,0,unhcr_population,2025-12-31,2026-08-19T14:21:59Z,2026-08-19
GUF,French Guiana,1991,5902,0,0,0,0,630,0,,0,unhcr_population,2025-12-31,2026-08-19T14:21:59Z,2026-08-19
GUF,French Guiana,1992,1667,0,0,0,0,4580,0,,0,unhcr_population,2025-12-31,2026-08-19T14:21:59Z,2026-08-19
GUF,French Guiana,1993,11,0,0,0,0,0,0,,0,unhcr_population,2025-12-31,2026-08-19T14:21:59Z,2026-08-19
GUF,French Guiana,1994,11,0,0,0,0,0,0,,0,unhcr_population,2025-12-31,2026-08-19T14:21:59Z,2026-08-19
GUY,Guyana,1972,100,0,0,0,0,0,0,,0,unhcr_population,2025-12-31,2026-08-19T14:21:59Z,2026-08-19
GUY,Guyana,1974,200,0,0,0,0,0,0,,0,unhcr_population,2025-12-31,2026-08-19T14:21:59Z,2026-08-19
GUY,Guyana,2010,7,0,0,0,0,0,0,,0,unhcr_population,2025-12-31,2026-08-19T14:21:59Z,2026-08-19
GUY,Guyana,2011,7,0,0,0,0,0,0,,0,unhcr_population,2025-12-31,2026-08-19T14:21:59Z,2026-08-19
GUY,Guyana,2012,7,0,0,0,0,0,0,,0,unhcr_population,2025-12-31,2026-08-19T14:21:59Z,2026-08-19
GUY,Guyana,2013,12,0,0,0,0,0,0,,0,unhcr_population,2025-12-31,2026-08-19T14:21:59Z,2026-08-19
GUY,Guyana,2014,12,0,0,0,0,0,0,,0,unhcr_population,2025-12-31,2026-08-19T14:21:59Z,2026-08-19
GUY,Guyana,2015,12,0,0,0,0,0,0,,0,unhcr_population,2025-12-31,2026-08-19T14:21:59Z,2026-08-19
GUY,Guyana,2016,12,0,0,0,0,0,0,,0,unhcr_population,2025-12-31,2026-08-19T14:21:59Z,2026-08-19
GUY,Guyana,2017,17,0,0,0,0,0,0,,0,unhcr_population,2025-12-31,2026-08-19T14:21:59Z,2026-08-19
GUY,Guyana,2018,25,12,0,0,0,0,0,36400,0,unhcr_population,2025-12-31,2026-08-19T14:21:59Z,2026-08-19
GUY,Guyana,2019,14,57,0,0,0,0,0,22000,0,unhcr_population,2025-12-31,2026-08-19T14:21:59Z,2026-08-19
GUY,Guyana,2020,23,72,0,0,0,0,0,23307,0,unhcr_population,2025-12-31,2026-08-19T14:21:59Z,2026-08-19
GUY,Guyana,2021,40,94,0,0,0,0,0,25800,5892,unhcr_population,2025-12-31,2026-08-19T14:21:59Z,2026-08-19
GUY,Guyana,2022,12,163,0,0,0,0,0,19635,4200,unhcr_population,2025-12-31,2026-08-19T14:21:59Z,2026-08-19
GUY,Guyana,2023,27,55,0,0,0,0,0,21668,0,unhcr_population,2025-12-31,2026-08-19T14:21:59Z,2026-08-19
GUY,Guyana,2024,27,52,0,0,0,0,0,23400,0,unhcr_population,2025-12-31,2026-08-19T14:21:59Z,2026-08-19
GUY,Guyana,2025,35,29,0,0,0,0,0,23401,0,unhcr_population,2025-12-31,2026-08-19T14:21:59Z,2026-08-19
HKG,"China, Hong Kong SAR",1951,30000,0,0,0,0,0,0,,0,unhcr_population,2025-12-31,2026-08-19T14:21:59Z,2026-08-19
HKG,"China, Hong Kong SAR",1954,22000,0,0,0,0,0,0,,0,unhcr_population,2025-12-31,2026-08-19T14:21:59Z,2026-08-19
HKG,"China, Hong Kong SAR",1964,1120000,0,0,0,0,0,0,,0,unhcr_population,2025-12-31,2026-08-19T14:21:59Z,2026-08-19
HKG,"China, Hong Kong SAR",1965,1251200,0,0,0,0,0,0,,0,unhcr_population,2025-12-31,2026-08-19T14:21:59Z,2026-08-19
HKG,"China, Hong Kong SAR",1966,1250040,0,0,0,0,0,0,,0,unhcr_population,2025-12-31,2026-08-19T14:21:59Z,2026-08-19
HKG,"China, Hong Kong SAR",1970,1000,0,0,0,0,0,0,,0,unhcr_population,2025-12-31,2026-08-19T14:21:59Z,2026-08-19
HKG,"China, Hong Kong SAR",1971,1000,0,0,0,0,0,0,,0,unhcr_population,2025-12-31,2026-08-19T14:21:59Z,2026-08-19
HKG,"China, Hong Kong SAR",1972,50,0,0,0,0,0,0,,0,unhcr_population,2025-12-31,2026-08-19T14:21:59Z,2026-08-19
HKG,"China, Hong Kong SAR",1978,63410,0,0,0,0,0,0,,0,unhcr_population,2025-12-31,2026-08-19T14:21:59Z,2026-08-19
HKG,"China, Hong Kong SAR",1979,55700,0,0,0,0,760,0,,0,unhcr_population,2025-12-31,2026-08-19T14:21:59Z,2026-08-19
HKG,"China, Hong Kong SAR",1980,24070,0,0,0,0,6450,0,,0,unhcr_population,2025-12-31,2026-08-19T14:21:59Z,2026-08-19
HKG,"China, Hong Kong SAR",1981,13540,0,0,0,0,0,0,,0,unhcr_population,2025-12-31,2026-08-19T14:21:59Z,2026-08-19
HKG,"China, Hong Kong SAR",1982,12620,0,0,0,0,0,0,,0,unhcr_population,2025-12-31,2026-08-19T14:21:59Z,2026-08-19
HKG,"China, Hong Kong SAR",1983,12770,0,0,0,0,0,0,,0,unhcr_population,2025-12-31,2026-08-19T14:21:59Z,2026-08-19
HKG,"China, Hong Kong SAR",1984,11960,0,0,0,0,0,0,,0,unhcr_population,2025-12-31,2026-08-19T14:21:59Z,2026-08-19
HKG,"China, Hong Kong SAR",1985,9400,0,0,0,0,0,0,,0,unhcr_population,2025-12-31,2026-08-19T14:21:59Z,2026-08-19
HKG,"China, Hong Kong SAR",1986,8000,0,0,0,0,0,0,,0,unhcr_population,2025-12-31,2026-08-19T14:21:59Z,2026-08-19
HKG,"China, Hong Kong SAR",1987,9530,0,0,0,0,0,0,,0,unhcr_population,2025-12-31,2026-08-19T14:21:59Z,2026-08-19
HKG,"China, Hong Kong SAR",1988,15359,0,0,0,0,0,0,,0,unhcr_population,2025-12-31,2026-08-19T14:21:59Z,2026-08-19
HKG,"China, Hong Kong SAR",1989,12022,0,0,0,0,874,0,,0,unhcr_population,2025-12-31,2026-08-19T14:21:59Z,2026-08-19
HKG,"China, Hong Kong SAR",1990,8161,0,0,0,0,5462,0,,0,unhcr_population,2025-12-31,2026-08-19T14:21:59Z,2026-08-19
HKG,"China, Hong Kong SAR",1991,4414,0,0,0,0,7666,0,,0,unhcr_population,2025-12-31,2026-08-19T14:21:59Z,2026-08-19
HKG,"China, Hong Kong SAR",1992,2605,0,0,0,0,12333,0,,0,unhcr_population,2025-12-31,2026-08-19T14:21:59Z,2026-08-19
HKG,"China, Hong Kong SAR",1993,1846,0,0,0,0,12301,0,,0,unhcr_population,2025-12-31,2026-08-19T14:21:59Z,2026-08-19
HKG,"China, Hong Kong SAR",1994,1698,0,0,0,0,5939,0,,0,unhcr_population,2025-12-31,2026-08-19T14:21:59Z,2026-08-19
HKG,"China, Hong Kong SAR",1995,1479,0,0,0,0,1673,0,,0,unhcr_population,2025-12-31,2026-08-19T14:21:59Z,2026-08-19
HKG,"China, Hong Kong SAR",1996,1350,0,0,0,0,14622,0,,0,unhcr_population,2025-12-31,2026-08-19T14:21:59Z,2026-08-19
HKG,"China, Hong Kong SAR",1997,1224,0,0,0,600,4512,0,,0,unhcr_population,2025-12-31,2026-08-19T14:21:59Z,2026-08-19
HKG,"China, Hong Kong SAR",1998,1037,0,0,0,0,54,0,,0,unhcr_population,2025-12-31,2026-08-19T14:21:59Z,2026-08-19
HKG,"China, Hong Kong SAR",1999,973,0,0,0,0,76,0,,0,unhcr_population,2025-12-31,2026-08-19T14:21:59Z,2026-08-19
HKG,"China, Hong Kong SAR",2000,980,41,0,0,37,11,0,,0,unhcr_population,2025-12-31,2026-08-19T14:21:59Z,2026-08-19
HKG,"China, Hong Kong SAR",2001,1392,459,0,0,36,0,0,,0,unhcr_population,2025-12-31,2026-08-19T14:21:59Z,2026-08-19
HKG,"China, Hong Kong SAR",2002,1490,171,0,0,36,0,0,,0,unhcr_population,2025-12-31,2026-08-19T14:21:59Z,2026-08-19
HKG,"China, Hong Kong SAR",2003,1899,179,0,0,0,0,0,,0,unhcr_population,2025-12-31,2026-08-19T14:21:59Z,2026-08-19
HKG,"China, Hong Kong SAR",2004,1865,655,0,0,0,0,0,,0,unhcr_population,2025-12-31,2026-08-19T14:21:59Z,2026-08-19
HKG,"China, Hong Kong SAR",2005,1925,1078,0,0,0,0,0,,0,unhcr_population,2025-12-31,2026-08-19T14:21:59Z,2026-08-19
HKG,"China, Hong Kong SAR",2006,1932,2382,0,0,0,0,0,,0,unhcr_population,2025-12-31,2026-08-19T14:21:59Z,2026-08-19
HKG,"China, Hong Kong SAR",2007,89,1891,0,0,0,0,0,,0,unhcr_population,2025-12-31,2026-08-19T14:21:59Z,2026-08-19
HKG,"China, Hong Kong SAR",2008,90,1088,0,0,0,0,0,,0,unhcr_population,2025-12-31,2026-08-19T14:21:59Z,2026-08-19
HKG,"China, Hong Kong SAR",2009,78,769,0,0,0,0,0,,0,unhcr_population,2025-12-31,2026-08-19T14:21:59Z,2026-08-19
HKG,"China, Hong Kong SAR",2010,149,451,0,0,0,0,0,,0,unhcr_population,2025-12-31,2026-08-19T14:21:59Z,2026-08-19
HKG,"China, Hong Kong SAR",2011,146,574,0,0,0,0,0,,0,unhcr_population,2025-12-31,2026-08-19T14:21:59Z,2026-08-19
HKG,"China, Hong Kong SAR",2012,105,798,0,0,0,0,0,,0,unhcr_population,2025-12-31,2026-08-19T14:21:59Z,2026-08-19
HKG,"China, Hong Kong SAR",2013,113,1848,0,0,0,0,0,,0,unhcr_population,2025-12-31,2026-08-19T14:21:59Z,2026-08-19
HKG,"China, Hong Kong SAR",2014,160,2223,0,0,0,0,0,,0,unhcr_population,2025-12-31,2026-08-19T14:21:59Z,2026-08-19
HKG,"China, Hong Kong SAR",2015,109,2298,0,0,0,0,0,,0,unhcr_population,2025-12-31,2026-08-19T14:21:59Z,2026-08-19
HKG,"China, Hong Kong SAR",2016,91,0,0,0,0,0,0,,0,unhcr_population,2025-12-31,2026-08-19T14:21:59Z,2026-08-19
HKG,"China, Hong Kong SAR",2017,85,5,0,0,0,0,0,,0,unhcr_population,2025-12-31,2026-08-19T14:21:59Z,2026-08-19
HKG,"China, Hong Kong SAR",2018,128,0,0,0,0,0,0,,0,unhcr_population,2025-12-31,2026-08-19T14:21:59Z,2026-08-19
HKG,"China, Hong Kong SAR",2019,128,0,0,0,0,0,0,,0,unhcr_population,2025-12-31,2026-08-19T14:21:59Z,2026-08-19
HKG,"China, Hong Kong SAR",2020,245,0,0,0,0,0,0,,0,unhcr_population,2025-12-31,2026-08-19T14:21:59Z,2026-08-19
HKG,"China, Hong Kong SAR",2021,271,0,0,0,0,0,0,,0,unhcr_population,2025-12-31,2026-08-19T14:21:59Z,2026-08-19
HKG,"China, Hong Kong SAR",2022,285,0,0,0,0,0,0,,0,unhcr_population,2025-12-31,2026-08-19T14:21:59Z,2026-08-19
HKG,"China, Hong Kong SAR",2023,301,0,0,0,0,5,0,,0,unhcr_population,2025-12-31,2026-08-19T14:21:59Z,2026-08-19
HKG,"China, Hong Kong SAR",2024,260,0,0,0,0,0,0,,0,unhcr_population,2025-12-31,2026-08-19T14:21:59Z,2026-08-19
HKG,"China, Hong Kong SAR",2025,236,0,0,0,0,5,0,,0,unhcr_population,2025-12-31,2026-08-19T14:21:59Z,2026-08-19
HND,Honduras,1972,70,0,0,0,0,0,0,,0,unhcr_population,2025-12-31,2026-08-19T14:21:59Z,2026-08-19
HND,Honduras,1978,15000,0,0,0,0,0,0,,0,unhcr_population,2025-12-31,2026-08-19T14:21:59Z,2026-08-19
HND,Honduras,1979,130,0,0,0,0,51030,0,,0,unhcr_population,2025-12-31,2026-08-19T14:21:59Z,2026-08-19
HND,Honduras,1980,25000,0,0,0,0,0,0,,0,unhcr_population,2025-12-31,2026-08-19T14:21:59Z,2026-08-19
HND,Honduras,1981,28000,0,0,0,0,0,0,,0,unhcr_population,2025-12-31,2026-08-19T14:21:59Z,2026-08-19
HND,Honduras,1982,32170,0,0,0,0,0,0,,0,unhcr_population,2025-12-31,2026-08-19T14:21:59Z,2026-08-19
HND,Honduras,1983,39650,0,0,0,0,500,0,,0,unhcr_population,2025-12-31,2026-08-19T14:21:59Z,2026-08-19
HND,Honduras,1984,49200,0,0,0,0,2260,0,,0,unhcr_population,2025-12-31,2026-08-19T14:21:59Z,2026-08-19
HND,Honduras,1985,60000,0,0,0,0,0,0,,0,unhcr_population,2025-12-31,2026-08-19T14:21:59Z,2026-08-19
HND,Honduras,1986,68000,0,0,0,0,0,0,,0,unhcr_population,2025-12-31,2026-08-19T14:21:59Z,2026-08-19
HND,Honduras,1987,63000,0,0,0,0,12550,0,,0,unhcr_population,2025-12-31,2026-08-19T14:21:59Z,2026-08-19
HND,Honduras,1988,237100,0,0,0,0,12560,0,,0,unhcr_population,2025-12-31,2026-08-19T14:21:59Z,2026-08-19
HND,Honduras,1989,237188,0,0,0,0,4710,0,,0,unhcr_population,2025-12-31,2026-08-19T14:21:59Z,2026-08-19
HND,Honduras,1990,237100,0,0,0,0,35370,0,,0,unhcr_population,2025-12-31,2026-08-19T14:21:59Z,2026-08-19
HND,Honduras,1991,101961,0,0,0,0,1100,0,,0,unhcr_population,2025-12-31,2026-08-19T14:21:59Z,2026-08-19
HND,Honduras,1992,100348,0,0,0,0,1610,0,,0,unhcr_population,2025-12-31,2026-08-19T14:21:59Z,2026-08-19
HND,Honduras,1993,65,0,0,0,0,10,0,,0,unhcr_population,2025-12-31,2026-08-19T14:21:59Z,2026-08-19
HND,Honduras,1994,106,0,0,0,0,5,0,,0,unhcr_population,2025-12-31,2026-08-19T14:21:59Z,2026-08-19
HND,Honduras,1995,63,0,0,0,0,44,0,,0,unhcr_population,2025-12-31,2026-08-19T14:21:59Z,2026-08-19
HND,Honduras,1996,63,0,0,0,0,0,0,,0,unhcr_population,2025-12-31,2026-08-19T14:21:59Z,2026-08-19
HND,Honduras,1997,9,0,0,0,0,41,0,,0,unhcr_population,2025-12-31,2026-08-19T14:21:59Z,2026-08-19
HND,Honduras,1998,9,0,0,0,0,0,0,,0,unhcr_population,2025-12-31,2026-08-19T14:21:59Z,2026-08-19
HND,Honduras,1999,8,0,0,0,0,0,0,,0,unhcr_population,2025-12-31,2026-08-19T14:21:59Z,2026-08-19
HND,Honduras,2000,12,6,0,0,0,0,0,,0,unhcr_population,2025-12-31,2026-08-19T14:21:59Z,2026-08-19
HND,Honduras,2001,20,5,0,0,0,0,0,,0,unhcr_population,2025-12-31,2026-08-19T14:21:59Z,2026-08-19
HND,Honduras,2002,28,5,0,0,0,0,0,,0,unhcr_population,2025-12-31,2026-08-19T14:21:59Z,2026-08-19
HND,Honduras,2003,23,0,0,0,0,0,0,,0,unhcr_population,2025-12-31,2026-08-19T14:21:59Z,2026-08-19
HND,Honduras,2004,24,21,0,0,0,0,0,,0,unhcr_population,2025-12-31,2026-08-19T14:21:59Z,2026-08-19
HND,Honduras,2005,21,48,0,0,0,0,0,,0,unhcr_population,2025-12-31,2026-08-19T14:21:59Z,2026-08-19
HND,Honduras,2006,21,0,0,0,0,0,0,,0,unhcr_population,2025-12-31,2026-08-19T14:21:59Z,2026-08-19
HND,Honduras,2007,21,16,0,0,0,0,0,,0,unhcr_population,2025-12-31,2026-08-19T14:21:59Z,2026-08-19
HND,Honduras,2008,26,0,0,0,0,0,0,,0,unhcr_population,2025-12-31,2026-08-19T14:21:59Z,2026-08-19
HND,Honduras,2009,18,0,0,0,0,0,0,,0,unhcr_population,2025-12-31,2026-08-19T14:21:59Z,2026-08-19
HND,Honduras,2010,11,0,0,0,0,0,0,,0,unhcr_population,2025-12-31,2026-08-19T14:21:59Z,2026-08-19
HND,Honduras,2011,16,0,0,0,0,0,0,,0,unhcr_population,2025-12-31,2026-08-19T14:21:59Z,2026-08-19
HND,Honduras,2012,16,0,0,0,0,0,0,,0,unhcr_population,2025-12-31,2026-08-19T14:21:59Z,2026-08-19
HND,Honduras,2013,16,22,0,0,0,0,0,,0,unhcr_population,2025-12-31,2026-08-19T14:21:59Z,2026-08-19
HND,Honduras,2014,28,14,0,0,0,0,0,,0,unhcr_population,2025-12-31,2026-08-19T14:21:59Z,2026-08-19
HND,Honduras,2015,28,10,174000,0,5100,5,0,,0,unhcr_population,2025-12-31,2026-08-19T14:21:59Z,2026-08-19
HND,Honduras,2016,16,10,174000,0,4800,0,0,,0,unhcr_population,2025-12-31,2026-08-19T14:21:59Z,2026-08-19
HND,Honduras,2017,27,11,174000,0,3200,0,0,,0,unhcr_population,2025-12-31,2026-08-19T14:21:59Z,2026-08-19
HND,Honduras,2018,28,55,174001,0,5200,0,0,,0,unhcr_population,2025-12-31,2026-08-19T14:21:59Z,2026-08-19
HND,Honduras,2019,75,109,247090,0,6000,0,0,,0,unhcr_population,2025-12-31,2026-08-19T14:21:59Z,2026-08-19
HND,Honduras,2020,85,116,247090,0,2940,0,0,,0,unhcr_population,2025-12-31,2026-08-19T14:21:59Z,2026-08-19
HND,Honduras,2021,144,99,247090,0,5253,0,0,,0,unhcr_population,2025-12-31,2026-08-19T14:21:59Z,2026-08-19
HND,Honduras,2022,165,107,247090,0,192977,0,0,,0,unhcr_population,2025-12-31,2026-08-19T14:21:59Z,2026-08-19
HND,Honduras,2023,182,101,247090,0,173569,0,0,,0,unhcr_population,2025-12-31,2026-08-19T14:21:59Z,2026-08-19
HND,Honduras,2024,202,139,247090,0,305126,0,0,,0,unhcr_population,2025-12-31,2026-08-19T14:21:59Z,2026-08-19
HND,Honduras,2025,270,441,423845,0,66087,0,0,,0,unhcr_population,2025-12-31,2026-08-19T14:21:59Z,2026-08-19
HRV,Croatia,1992,403000,0,0,0,0,0,0,,0,unhcr_population,2025-12-31,2026-08-19T14:21:59Z,2026-08-19
HRV,Croatia,1993,287000,0,344000,0,0,0,0,,0,unhcr_population,2025-12-31,2026-08-19T14:21:59Z,2026-08-19
HRV,Croatia,1994,183600,0,307000,0,0,0,0,,0,unhcr_population,2025-12-31,2026-08-19T14:21:59Z,2026-08-19
HRV,Croatia,1995,198647,0,198200,0,0,0,0,,0,unhcr_population,2025-12-31,2026-08-19T14:21:59Z,2026-08-19
HRV,Croatia,1996,165395,0,144147,0,0,22861,0,,0,unhcr_population,2025-12-31,2026-08-19T14:21:59Z,2026-08-19
HRV,Croatia,1997,68863,0,79441,0,0,5201,0,,0,unhcr_population,2025-12-31,2026-08-19T14:21:59Z,2026-08-19
HRV,Croatia,1998,29027,0,71704,0,316,2921,26082,,0,unhcr_population,2025-12-31,2026-08-19T14:21:59Z,2026-08-19
HRV,Croatia,1999,28374,0,52390,0,0,2806,23614,,0,unhcr_population,2025-12-31,2026-08-19T14:21:59Z,2026-08-19
HRV,Croatia,2000,22437,17,34134,0,0,3417,15494,,0,unhcr_population,2025-12-31,2026-08-19T14:21:59Z,2026-08-19
HRV,Croatia,2001,21875,63,23402,0,0,3439,10732,,0,unhcr_population,2025-12-31,2026-08-19T14:21:59Z,2026-08-19
HRV,Croatia,2002,8392,49,17100,0,0,4503,6302,,0,unhcr_population,2025-12-31,2026-08-19T14:21:59Z,2026-08-19
HRV,Croatia,2003,4385,59,12566,0,0,2493,4403,,0,unhcr_population,2025-12-31,2026-08-19T14:21:59Z,2026-08-19
HRV,Croatia,2004,3662,26,7540,14,0,461,5026,,0,unhcr_population,2025-12-31,2026-08-19T14:21:59Z,2026-08-19
HRV,Croatia,2005,2927,6,4804,20,0,372,2736,,0,unhcr_population,2025-12-31,2026-08-19T14:21:59Z,2026-08-19
HRV,Croatia,2006,2442,8,3975,18,0,465,829,,0,unhcr_population,2025-12-31,2026-08-19T14:21:59Z,2026-08-19
HRV,Croatia,2007,1641,46,2873,18,0,72,1102,,0,unhcr_population,2025-12-31,2026-08-19T14:21:59Z,2026-08-19
HRV,Croatia,2008,1591,52,2497,180,28084,37,376,,0,unhcr_population,2025-12-31,2026-08-19T14:21:59Z,2026-08-19
HRV,Croatia,2009,1240,26,2285,237,23583,71,212,,0,unhcr_population,2025-12-31,2026-08-19T14:21:59Z,2026-08-19
HRV,Croatia,2010,933,64,2125,1749,20383,44,160,,0,unhcr_population,2025-12-31,2026-08-19T14:21:59Z,2026-08-19
HRV,Croatia,2011,818,219,0,1720,21016,82,67,,0,unhcr_population,2025-12-31,2026-08-19T14:21:59Z,2026-08-19
HRV,Croatia,2012,722,329,0,2886,19970,73,0,,0,unhcr_population,2025-12-31,2026-08-19T14:21:59Z,2026-08-19
HRV,Croatia,2013,679,189,0,2886,16046,49,0,,0,unhcr_population,2025-12-31,2026-08-19T14:21:59Z,2026-08-19
HRV,Croatia,2014,724,87,0,2886,15794,68,0,,0,unhcr_population,2025-12-31,2026-08-19T14:21:59Z,2026-08-19
HRV,Croatia,2015,517,30,0,2873,14070,20,0,,0,unhcr_population,2025-12-31,2026-08-19T14:21:59Z,2026-08-19
HRV,Croatia,2016,300,529,0,2873,14518,0,0,,0,unhcr_population,2025-12-31,2026-08-19T14:21:59Z,2026-08-19
HRV,Croatia,2017,508,406,0,2873,8019,0,0,,0,unhcr_population,2025-12-31,2026-08-19T14:21:59Z,2026-08-19
HRV,Croatia,2018,787,198,0,2886,4376,0,0,,0,unhcr_population,2025-12-31,2026-08-19T14:21:59Z,2026-08-19
HRV,Croatia,2019,916,454,0,2896,4027,0,0,,0,unhcr_population,2025-12-31,2026-08-19T14:21:59Z,2026-08-19
HRV,Croatia,2020,956,567,0,2895,2520,0,0,,0,unhcr_population,2025-12-31,2026-08-19T14:21:59Z,2026-08-19
HRV,Croatia,2021,1020,562,0,2890,546,0,0,,0,unhcr_population,2025-12-31,2026-08-19T14:21:59Z,2026-08-19
HRV,Croatia,2022,20638,1200,0,734,213,0,0,,0,unhcr_population,2025-12-31,2026-08-19T14:21:59Z,2026-08-19
HRV,Croatia,2023,25029,1597,0,742,202,0,0,,0,unhcr_population,2025-12-31,2026-08-19T14:21:59Z,2026-08-19
HRV,Croatia,2024,28707,1220,0,758,41,0,0,,0,unhcr_population,2025-12-31,2026-08-19T14:21:59Z,2026-08-19
HRV,Croatia,2025,29748,434,0,807,13677,3000,0,,0,unhcr_population,2025-12-31,2026-08-19T14:21:59Z,2026-08-19
HTI,Haiti,2000,0,0,0,0,0,5,0,,0,unhcr_population,2025-12-31,2026-08-19T14:21:59Z,2026-08-19
HTI,Haiti,2009,0,12,0,0,0,0,0,,0,unhcr_population,2025-12-31,2026-08-19T14:21:59Z,2026-08-19
HTI,Haiti,2010,0,5,0,0,0,0,0,,0,unhcr_population,2025-12-31,2026-08-19T14:21:59Z,2026-08-19
HTI,Haiti,2011,0,6,0,0,0,0,0,,0,unhcr_population,2025-12-31,2026-08-19T14:21:59Z,2026-08-19
HTI,Haiti,2012,0,11,0,0,0,0,0,,0,unhcr_population,2025-12-31,2026-08-19T14:21:59Z,2026-08-19
HTI,Haiti,2013,0,8,0,0,0,0,0,,0,unhcr_population,2025-12-31,2026-08-19T14:21:59Z,2026-08-19
HTI,Haiti,2015,0,10,0,977,0,0,0,,0,unhcr_population,2025-12-31,2026-08-19T14:21:59Z,2026-08-19
HTI,Haiti,2016,5,0,0,2302,0,0,0,,0,unhcr_population,2025-12-31,2026-08-19T14:21:59Z,2026-08-19
HTI,Haiti,2017,5,0,0,2302,0,0,0,,0,unhcr_population,2025-12-31,2026-08-19T14:21:59Z,2026-08-19
HTI,Haiti,2018,5,0,0,2992,0,0,0,,0,unhcr_population,2025-12-31,2026-08-19T14:21:59Z,2026-08-19
HTI,Haiti,2019,0,5,0,0,0,0,0,,0,unhcr_population,2025-12-31,2026-08-19T14:21:59Z,2026-08-19
HTI,Haiti,2020,0,5,0,0,0,0,0,,0,unhcr_population,2025-12-31,2026-08-19T14:21:59Z,2026-08-19
HTI,Haiti,2023,0,0,313901,0,5,0,0,,0,unhcr_population,2025-12-31,2026-08-19T14:21:59Z,2026-08-19
HTI,Haiti,2024,5,0,1037463,0,5,0,0,,0,unhcr_population,2025-12-31,2026-08-19T14:21:59Z,2026-08-19
HTI,Haiti,2025,0,0,1430903,0,5,0,0,,0,unhcr_population,2025-12-31,2026-08-19T14:21:59Z,2026-08-19
HUN,Hungary,1989,27000,0,0,0,0,0,0,,0,unhcr_population,2025-12-31,2026-08-19T14:21:59Z,2026-08-19
HUN,Hungary,1990,45123,0,0,0,0,0,0,,0,unhcr_population,2025-12-31,2026-08-19T14:21:59Z,2026-08-19
HUN,Hungary,1991,73838,0,0,0,0,7650,0,,0,unhcr_population,2025-12-31,2026-08-19T14:21:59Z,2026-08-19
HUN,Hungary,1992,32412,0,0,0,0,0,0,,0,unhcr_population,2025-12-31,2026-08-19T14:21:59Z,2026-08-19
HUN,Hungary,1993,3019,0,0,0,0,10,0,,0,unhcr_population,2025-12-31,2026-08-19T14:21:59Z,2026-08-19
HUN,Hungary,1994,2904,0,0,0,0,0,0,,0,unhcr_population,2025-12-31,2026-08-19T14:21:59Z,2026-08-19
HUN,Hungary,1995,11394,0,0,0,0,5,0,,0,unhcr_population,2025-12-31,2026-08-19T14:21:59Z,2026-08-19
HUN,Hungary,1996,7537,0,0,0,0,4374,0,,0,unhcr_population,2025-12-31,2026-08-19T14:21:59Z,2026-08-19
HUN,Hungary,1997,5890,0,0,0,0,1429,0,,0,unhcr_population,2025-12-31,2026-08-19T14:21:59Z,2026-08-19
HUN,Hungary,1998,3504,0,0,0,0,5,0,,0,unhcr_population,2025-12-31,2026-08-19T14:21:59Z,2026-08-19
HUN,Hungary,1999,4980,0,0,0,0,472,0,,0,unhcr_population,2025-12-31,2026-08-19T14:21:59Z,2026-08-19
HUN,Hungary,2000,5053,1627,0,0,0,81,0,,0,unhcr_population,2025-12-31,2026-08-19T14:21:59Z,2026-08-19
HUN,Hungary,2001,4700,2387,0,0,0,20,0,,0,unhcr_population,2025-12-31,2026-08-19T14:21:59Z,2026-08-19
HUN,Hungary,2002,6075,1049,0,0,0,167,0,,0,unhcr_population,2025-12-31,2026-08-19T14:21:59Z,2026-08-19
HUN,Hungary,2003,7013,758,0,0,0,60,0,,0,unhcr_population,2025-12-31,2026-08-19T14:21:59Z,2026-08-19
HUN,Hungary,2004,7702,340,0,0,0,21,0,,0,unhcr_population,2025-12-31,2026-08-19T14:21:59Z,2026-08-19
HUN,Hungary,2005,8040,665,0,49,0,143,0,,0,unhcr_population,2025-12-31,2026-08-19T14:21:59Z,2026-08-19
HUN,Hungary,2006,8068,513,0,53,0,109,0,,0,unhcr_population,2025-12-31,2026-08-19T14:21:59Z,2026-08-19
HUN,Hungary,2007,8124,1559,0,241,0,32,0,,0,unhcr_population,2025-12-31,2026-08-19T14:21:59Z,2026-08-19
HUN,Hungary,2008,7740,2514,0,241,0,19,0,,0,unhcr_population,2025-12-31,2026-08-19T14:21:59Z,2026-08-19
HUN,Hungary,2009,6041,641,0,49,0,266,0,,0,unhcr_population,2025-12-31,2026-08-19T14:21:59Z,2026-08-19
HUN,Hungary,2010,5400,354,0,62,0,0,0,,0,unhcr_population,2025-12-31,2026-08-19T14:21:59Z,2026-08-19
HUN,Hungary,2011,5085,360,0,89,0,0,0,,0,unhcr_population,2025-12-31,2026-08-19T14:21:59Z,2026-08-19
HUN,Hungary,2012,4034,386,0,111,0,0,0,,0,unhcr_population,2025-12-31,2026-08-19T14:21:59Z,2026-08-19
HUN,Hungary,2013,2422,1876,0,113,0,0,0,,0,unhcr_population,2025-12-31,2026-08-19T14:21:59Z,2026-08-19
HUN,Hungary,2014,2854,15664,0,124,0,0,0,,0,unhcr_population,2025-12-31,2026-08-19T14:21:59Z,2026-08-19
HUN,Hungary,2015,4383,36671,0,132,0,0,0,,0,unhcr_population,2025-12-31,2026-08-19T14:21:59Z,2026-08-19
HUN,Hungary,2016,4736,3396,0,135,0,0,0,,0,unhcr_population,2025-12-31,2026-08-19T14:21:59Z,2026-08-19
HUN,Hungary,2017,5671,666,0,139,0,0,0,,0,unhcr_population,2025-12-31,2026-08-19T14:21:59Z,2026-08-19
HUN,Hungary,2018,6019,120,0,144,0,0,0,,0,unhcr_population,2025-12-31,2026-08-19T14:21:59Z,2026-08-19
HUN,Hungary,2019,5750,222,0,147,0,0,0,,0,unhcr_population,2025-12-31,2026-08-19T14:21:59Z,2026-08-19
HUN,Hungary,2020,5838,38,0,145,0,0,0,,0,unhcr_population,2025-12-31,2026-08-19T14:21:59Z,2026-08-19
HUN,Hungary,2021,5676,5,0,135,0,0,0,,0,unhcr_population,2025-12-31,2026-08-19T14:21:59Z,2026-08-19
HUN,Hungary,2022,35370,20,0,137,0,14000,0,,0,unhcr_population,2025-12-31,2026-08-19T14:21:59Z,2026-08-19
HUN,Hungary,2023,63180,5,0,137,6,1000,0,,0,unhcr_population,2025-12-31,2026-08-19T14:21:59Z,2026-08-19
HUN,Hungary,2024,72359,0,0,101,39,6000,0,,0,unhcr_population,2025-12-31,2026-08-19T14:21:59Z,2026-08-19
HUN,Hungary,2025,71332,42,0,63,9,0,0,,0,unhcr_population,2025-12-31,2026-08-19T14:21:59Z,2026-08-19
IDN,Indonesia,1978,2240,0,0,0,0,0,0,,0,unhcr_population,2025-12-31,2026-08-19T14:21:59Z,2026-08-19
IDN,Indonesia,1979,32330,0,0,0,0,0,0,,0,unhcr_population,2025-12-31,2026-08-19T14:21:59Z,2026-08-19
IDN,Indonesia,1980,8460,0,0,0,0,37420,0,,0,unhcr_population,2025-12-31,2026-08-19T14:21:59Z,2026-08-19
IDN,Indonesia,1981,14900,0,0,0,0,0,0,,0,unhcr_population,2025-12-31,2026-08-19T14:21:59Z,2026-08-19
IDN,Indonesia,1982,13220,0,0,0,0,0,0,,0,unhcr_population,2025-12-31,2026-08-19T14:21:59Z,2026-08-19
IDN,Indonesia,1983,10070,0,0,0,0,0,0,,0,unhcr_population,2025-12-31,2026-08-19T14:21:59Z,2026-08-19
IDN,Indonesia,1984,9500,0,0,0,0,0,0,,0,unhcr_population,2025-12-31,2026-08-19T14:21:59Z,2026-08-19
IDN,Indonesia,1985,8230,0,0,0,0,0,0,,0,unhcr_population,2025-12-31,2026-08-19T14:21:59Z,2026-08-19
IDN,Indonesia,1986,4020,0,0,0,0,0,0,,0,unhcr_population,2025-12-31,2026-08-19T14:21:59Z,2026-08-19
IDN,Indonesia,1987,2450,0,0,0,0,0,0,,0,unhcr_population,2025-12-31,2026-08-19T14:21:59Z,2026-08-19
IDN,Indonesia,1988,2434,0,0,0,0,0,0,,0,unhcr_population,2025-12-31,2026-08-19T14:21:59Z,2026-08-19
IDN,Indonesia,1989,999,0,0,0,0,0,0,,0,unhcr_population,2025-12-31,2026-08-19T14:21:59Z,2026-08-19
IDN,Indonesia,1990,3278,0,0,0,0,289,0,,0,unhcr_population,2025-12-31,2026-08-19T14:21:59Z,2026-08-19
IDN,Indonesia,1991,3157,0,0,0,0,1310,0,,0,unhcr_population,2025-12-31,2026-08-19T14:21:59Z,2026-08-19
IDN,Indonesia,1992,3530,0,0,0,0,1002,0,,0,unhcr_population,2025-12-31,2026-08-19T14:21:59Z,2026-08-19
IDN,Indonesia,1993,2402,0,0,0,0,1434,0,,0,unhcr_population,2025-12-31,2026-08-19T14:21:59Z,2026-08-19
IDN,Indonesia,1994,97,0,0,0,0,2100,0,,0,unhcr_population,2025-12-31,2026-08-19T14:21:59Z,2026-08-19
IDN,Indonesia,1995,19,0,0,0,0,2219,0,,0,unhcr_population,2025-12-31,2026-08-19T14:21:59Z,2026-08-19
IDN,Indonesia,1996,61,0,0,0,0,4865,0,,0,unhcr_population,2025-12-31,2026-08-19T14:21:59Z,2026-08-19
IDN,Indonesia,1997,29,0,0,0,0,8,0,,0,unhcr_population,2025-12-31,2026-08-19T14:21:59Z,2026-08-19
IDN,Indonesia,1998,51,0,0,0,0,0,0,,0,unhcr_population,2025-12-31,2026-08-19T14:21:59Z,2026-08-19
IDN,Indonesia,1999,162492,0,0,0,0,127528,0,,0,unhcr_population,2025-12-31,2026-08-19T14:21:59Z,2026-08-19
IDN,Indonesia,2000,122611,367,0,0,0,47813,0,,0,unhcr_population,2025-12-31,2026-08-19T14:21:59Z,2026-08-19
IDN,Indonesia,2001,73542,793,0,0,0,18183,0,,0,unhcr_population,2025-12-31,2026-08-19T14:21:59Z,2026-08-19
IDN,Indonesia,2002,28593,228,0,0,0,31882,0,,0,unhcr_population,2025-12-31,2026-08-19T14:21:59Z,2026-08-19
IDN,Indonesia,2003,230,56,0,0,16697,0,0,,0,unhcr_population,2025-12-31,2026-08-19T14:21:59Z,2026-08-19
IDN,Indonesia,2004,164,43,0,0,16395,450,0,,0,unhcr_population,2025-12-31,2026-08-19T14:21:59Z,2026-08-19
IDN,Indonesia,2005,82,43,0,0,244,16,0,,0,unhcr_population,2025-12-31,2026-08-19T14:21:59Z,2026-08-19
IDN,Indonesia,2006,291,259,0,0,0,12,0,,0,unhcr_population,2025-12-31,2026-08-19T14:21:59Z,2026-08-19
IDN,Indonesia,2007,306,199,0,0,0,33,0,,0,unhcr_population,2025-12-31,2026-08-19T14:21:59Z,2026-08-19
IDN,Indonesia,2008,360,346,0,0,5,29,0,,0,unhcr_population,2025-12-31,2026-08-19T14:21:59Z,2026-08-19
IDN,Indonesia,2009,794,1760,0,0,0,15,0,,0,unhcr_population,2025-12-31,2026-08-19T14:21:59Z,2026-08-19
IDN,Indonesia,2010,808,2058,0,0,0,15,0,,0,unhcr_population,2025-12-31,2026-08-19T14:21:59Z,2026-08-19
IDN,Indonesia,2011,1004,3226,0,0,0,6,0,,0,unhcr_population,2025-12-31,2026-08-19T14:21:59Z,2026-08-19
IDN,Indonesia,2012,1811,6107,0,0,0,5,0,,0,unhcr_population,2025-12-31,2026-08-19T14:21:59Z,2026-08-19
IDN,Indonesia,2013,3195,7087,0,0,0,0,0,,0,unhcr_population,2025-12-31,2026-08-19T14:21:59Z,2026-08-19
IDN,Indonesia,2014,4267,6904,0,0,0,957,0,,0,unhcr_population,2025-12-31,2026-08-19T14:21:59Z,2026-08-19
IDN,Indonesia,2015,5954,7566,0,0,0,631,0,,0,unhcr_population,2025-12-31,2026-08-19T14:21:59Z,2026-08-19
IDN,Indonesia,2016,7824,6558,0,0,0,37,0,,0,unhcr_population,2025-12-31,2026-08-19T14:21:59Z,2026-08-19
IDN,Indonesia,2017,9782,4016,0,0,0,80,0,,0,unhcr_population,2025-12-31,2026-08-19T14:21:59Z,2026-08-19
IDN,Indonesia,2018,10786,3196,0,0,0,165,0,,0,unhcr_population,2025-12-31,2026-08-19T14:21:59Z,2026-08-19
IDN,Indonesia,2019,10287,3343,0,582,0,117,0,,0,unhcr_population,2025-12-31,2026-08-19T14:21:59Z,2026-08-19
IDN,Indonesia,2020,10114,3597,0,874,170,92,0,,0,unhcr_population,2025-12-31,2026-08-19T14:21:59Z,2026-08-19
IDN,Indonesia,2021,9982,3116,0,641,170,56,0,,0,unhcr_population,2025-12-31,2026-08-19T14:21:59Z,2026-08-19
IDN,Indonesia,2022,9785,2889,0,928,177,26,0,,0,unhcr_population,2025-12-31,2026-08-19T14:21:59Z,2026-08-19
IDN,Indonesia,2023,8450,3793,0,2093,176,35,0,,0,unhcr_population,2025-12-31,2026-08-19T14:21:59Z,2026-08-19
IDN,Indonesia,2024,7799,4165,0,2643,238,26,0,,0,unhcr_population,2025-12-31,2026-08-19T14:21:59Z,2026-08-19
IDN,Indonesia,2025,7374,4697,0,2639,261,19,0,,0,unhcr_population,2025-12-31,2026-08-19T14:21:59Z,2026-08-19
IND,India,1964,44000,0,0,0,0,0,0,,0,unhcr_population,2025-12-31,2026-08-19T14:21:59Z,2026-08-19
IND,India,1965,45000,0,0,0,0,0,0,,0,unhcr_population,2025-12-31,2026-08-19T14:21:59Z,2026-08-19
IND,India,1966,45000,0,0,0,0,0,0,,0,unhcr_population,2025-12-31,2026-08-19T14:21:59Z,2026-08-19
IND,India,1967,50000,0,0,0,0,0,0,,0,unhcr_population,2025-12-31,2026-08-19T14:21:59Z,2026-08-19
IND,India,1968,55000,0,0,0,0,0,0,,0,unhcr_population,2025-12-31,2026-08-19T14:21:59Z,2026-08-19
IND,India,1969,56150,0,0,0,0,0,0,,0,unhcr_population,2025-12-31,2026-08-19T14:21:59Z,2026-08-19
IND,India,1970,56500,0,0,0,0,0,0,,0,unhcr_population,2025-12-31,2026-08-19T14:21:59Z,2026-08-19
IND,India,1971,56180,0,0,0,0,0,0,,0,unhcr_population,2025-12-31,2026-08-19T14:21:59Z,2026-08-19
IND,India,1972,57680,0,0,0,0,0,0,,0,unhcr_population,2025-12-31,2026-08-19T14:21:59Z,2026-08-19
IND,India,1973,58840,0,0,0,0,0,0,,0,unhcr_population,2025-12-31,2026-08-19T14:21:59Z,2026-08-19
IND,India,1974,59900,0,0,0,0,0,0,,0,unhcr_population,2025-12-31,2026-08-19T14:21:59Z,2026-08-19
IND,India,1981,3510,0,0,0,0,0,0,,0,unhcr_population,2025-12-31,2026-08-19T14:21:59Z,2026-08-19
IND,India,1982,5010,0,0,0,0,590,0,,0,unhcr_population,2025-12-31,2026-08-19T14:21:59Z,2026-08-19
IND,India,1983,6930,0,0,0,0,500,0,,0,unhcr_population,2025-12-31,2026-08-19T14:21:59Z,2026-08-19
IND,India,1984,7200,0,0,0,0,1490,0,,0,unhcr_population,2025-12-31,2026-08-19T14:21:59Z,2026-08-19
IND,India,1985,6720,0,0,0,0,1500,0,,0,unhcr_population,2025-12-31,2026-08-19T14:21:59Z,2026-08-19
IND,India,1986,6440,0,0,0,0,1450,0,,0,unhcr_population,2025-12-31,2026-08-19T14:21:59Z,2026-08-19
IND,India,1987,6720,0,0,0,0,0,0,,0,unhcr_population,2025-12-31,2026-08-19T14:21:59Z,2026-08-19
IND,India,1988,6645,0,0,0,0,1180,0,,0,unhcr_population,2025-12-31,2026-08-19T14:21:59Z,2026-08-19
IND,India,1989,9549,0,0,0,0,1340,0,,0,unhcr_population,2025-12-31,2026-08-19T14:21:59Z,2026-08-19
IND,India,1990,212743,0,0,0,0,2350,0,,0,unhcr_population,2025-12-31,2026-08-19T14:21:59Z,2026-08-19
IND,India,1991,210569,0,0,0,0,3460,0,,0,unhcr_population,2025-12-31,2026-08-19T14:21:59Z,2026-08-19
IND,India,1992,258372,0,0,0,0,29455,0,,0,unhcr_population,2025-12-31,2026-08-19T14:21:59Z,2026-08-19
IND,India,1993,262802,0,0,0,0,1993,0,,0,unhcr_population,2025-12-31,2026-08-19T14:21:59Z,2026-08-19
IND,India,1994,258342,0,0,0,0,8147,0,,0,unhcr_population,2025-12-31,2026-08-19T14:21:59Z,2026-08-19
IND,India,1995,227481,0,0,0,0,10655,0,,0,unhcr_population,2025-12-31,2026-08-19T14:21:59Z,2026-08-19
IND,India,1996,233371,0,0,0,0,1930,0,,0,unhcr_population,2025-12-31,2026-08-19T14:21:59Z,2026-08-19
IND,India,1997,223072,0,0,0,0,16539,0,,0,unhcr_population,2025-12-31,2026-08-19T14:21:59Z,2026-08-19
IND,India,1998,185516,0,0,0,0,13592,0,,0,unhcr_population,2025-12-31,2026-08-19T14:21:59Z,2026-08-19
IND,India,1999,180031,0,0,0,0,157,0,,0,unhcr_population,2025-12-31,2026-08-19T14:21:59Z,2026-08-19
IND,India,2000,170940,58,0,0,0,48,0,,0,unhcr_population,2025-12-31,2026-08-19T14:21:59Z,2026-08-19
IND,India,2001,169548,204,0,0,0,48,0,,0,unhcr_population,2025-12-31,2026-08-19T14:21:59Z,2026-08-19
IND,India,2002,168853,493,0,0,0,1556,0,,0,unhcr_population,2025-12-31,2026-08-19T14:21:59Z,2026-08-19
IND,India,2003,164754,530,0,0,0,4719,0,,0,unhcr_population,2025-12-31,2026-08-19T14:21:59Z,2026-08-19
IND,India,2004,162683,304,0,0,0,10027,0,,0,unhcr_population,2025-12-31,2026-08-19T14:21:59Z,2026-08-19
IND,India,2005,139284,296,0,0,0,2789,0,,0,unhcr_population,2025-12-31,2026-08-19T14:21:59Z,2026-08-19
IND,India,2006,158358,671,0,0,0,444,0,,0,unhcr_population,2025-12-31,2026-08-19T14:21:59Z,2026-08-19
IND,India,2007,161534,2415,0,0,0,2005,0,,0,unhcr_population,2025-12-31,2026-08-19T14:21:59Z,2026-08-19
IND,India,2008,184539,3774,0,0,0,1742,0,,0,unhcr_population,2025-12-31,2026-08-19T14:21:59Z,2026-08-19
IND,India,2009,185318,5436,0,0,0,1499,0,,0,unhcr_population,2025-12-31,2026-08-19T14:21:59Z,2026-08-19
IND,India,2010,184814,3741,0,0,0,5108,0,,0,unhcr_population,2025-12-31,2026-08-19T14:21:59Z,2026-08-19
IND,India,2011,185118,3508,0,0,0,2405,0,,0,unhcr_population,2025-12-31,2026-08-19T14:21:59Z,2026-08-19
IND,India,2012,185644,3549,0,0,0,1556,0,,0,unhcr_population,2025-12-31,2026-08-19T14:21:59Z,2026-08-19
IND,India,2013,188391,3669,0,0,0,1025,0,,0,unhcr_population,2025-12-31,2026-08-19T14:21:59Z,2026-08-19
IND,India,2014,199931,5057,0,0,0,709,0,,0,unhcr_population,2025-12-31,2026-08-19T14:21:59Z,2026-08-19
IND,India,2015,201379,6476,0,0,0,957,0,,0,unhcr_population,2025-12-31,2026-08-19T14:21:59Z,2026-08-19
IND,India,2016,197848,9209,0,0,0,1186,0,,0,unhcr_population,2025-12-31,2026-08-19T14:21:59Z,2026-08-19
IND,India,2017,197142,10508,0,0,0,1765,0,,0,unhcr_population,2025-12-31,2026-08-19T14:21:59Z,2026-08-19
IND,India,2018,195887,11938,0,0,0,1531,0,,0,unhcr_population,2025-12-31,2026-08-19T14:21:59Z,2026-08-19
IND,India,2019,195103,12202,0,17730,0,1194,0,,0,unhcr_population,2025-12-31,2026-08-19T14:21:59Z,2026-08-19
IND,India,2020,195373,11217,0,18174,0,347,0,,0,unhcr_population,2025-12-31,2026-08-19T14:21:59Z,2026-08-19
IND,India,2021,212413,13368,0,20154,0,198,0,,0,unhcr_population,2025-12-31,2026-08-19T14:21:59Z,2026-08-19
IND,India,2022,242835,15794,0,21591,0,455,0,,0,unhcr_population,2025-12-31,2026-08-19T14:21:59Z,2026-08-19
IND,India,2023,252867,11926,0,22646,0,426,0,,0,unhcr_population,2025-12-31,2026-08-19T14:21:59Z,2026-08-19
IND,India,2024,236763,13243,0,23262,0,854,0,,0,unhcr_population,2025-12-31,2026-08-19T14:21:59Z,2026-08-19
IND,India,2025,238643,15075,0,22694,0,238,0,,0,unhcr_population,2025-12-31,2026-08-19T14:21:59Z,2026-08-19
IRL,Ireland,1984,500,0,0,0,0,0,0,,0,unhcr_population,2025-12-31,2026-08-19T14:21:59Z,2026-08-19
IRL,Ireland,1985,600,0,0,0,0,0,0,,0,unhcr_population,2025-12-31,2026-08-19T14:21:59Z,2026-08-19
IRL,Ireland,1986,600,0,0,0,0,0,0,,0,unhcr_population,2025-12-31,2026-08-19T14:21:59Z,2026-08-19
IRL,Ireland,1987,540,0,0,0,0,0,0,,0,unhcr_population,2025-12-31,2026-08-19T14:21:59Z,2026-08-19
IRL,Ireland,1988,480,0,0,0,0,0,0,,0,unhcr_population,2025-12-31,2026-08-19T14:21:59Z,2026-08-19
IRL,Ireland,1989,420,0,0,0,0,0,0,,0,unhcr_population,2025-12-31,2026-08-19T14:21:59Z,2026-08-19
IRL,Ireland,1990,360,0,0,0,0,0,0,,0,unhcr_population,2025-12-31,2026-08-19T14:21:59Z,2026-08-19
IRL,Ireland,1991,300,0,0,0,0,0,0,,0,unhcr_population,2025-12-31,2026-08-19T14:21:59Z,2026-08-19
IRL,Ireland,1992,500,0,0,0,0,0,0,,0,unhcr_population,2025-12-31,2026-08-19T14:21:59Z,2026-08-19
IRL,Ireland,1993,119,0,0,0,0,0,0,,0,unhcr_population,2025-12-31,2026-08-19T14:21:59Z,2026-08-19
IRL,Ireland,1994,400,0,0,0,0,20,0,,0,unhcr_population,2025-12-31,2026-08-19T14:21:59Z,2026-08-19
IRL,Ireland,1995,400,0,0,0,0,0,0,,0,unhcr_population,2025-12-31,2026-08-19T14:21:59Z,2026-08-19
IRL,Ireland,1996,69,0,0,0,0,86,0,,0,unhcr_population,2025-12-31,2026-08-19T14:21:59Z,2026-08-19
IRL,Ireland,1997,430,0,0,0,0,0,0,,0,unhcr_population,2025-12-31,2026-08-19T14:21:59Z,2026-08-19
IRL,Ireland,1998,600,0,0,0,0,8,0,,0,unhcr_population,2025-12-31,2026-08-19T14:21:59Z,2026-08-19
IRL,Ireland,1999,2829,0,0,0,0,211,0,,0,unhcr_population,2025-12-31,2026-08-19T14:21:59Z,2026-08-19
IRL,Ireland,2000,2530,12067,0,0,0,956,0,,0,unhcr_population,2025-12-31,2026-08-19T14:21:59Z,2026-08-19
IRL,Ireland,2001,3585,10841,0,0,0,5,0,,0,unhcr_population,2025-12-31,2026-08-19T14:21:59Z,2026-08-19
IRL,Ireland,2002,5366,6967,0,0,0,31,0,,0,unhcr_population,2025-12-31,2026-08-19T14:21:59Z,2026-08-19
IRL,Ireland,2003,5971,7366,0,0,0,15,0,,0,unhcr_population,2025-12-31,2026-08-19T14:21:59Z,2026-08-19
IRL,Ireland,2004,6530,3667,0,0,0,5,0,,0,unhcr_population,2025-12-31,2026-08-19T14:21:59Z,2026-08-19
IRL,Ireland,2005,7103,2414,0,0,0,5,0,,0,unhcr_population,2025-12-31,2026-08-19T14:21:59Z,2026-08-19
IRL,Ireland,2006,7904,3406,0,0,0,5,0,,0,unhcr_population,2025-12-31,2026-08-19T14:21:59Z,2026-08-19
IRL,Ireland,2007,9318,4364,0,0,0,0,0,,0,unhcr_population,2025-12-31,2026-08-19T14:21:59Z,2026-08-19
IRL,Ireland,2008,9714,4583,0,0,0,0,0,,0,unhcr_population,2025-12-31,2026-08-19T14:21:59Z,2026-08-19
IRL,Ireland,2009,9561,2725,0,0,0,0,0,,0,unhcr_population,2025-12-31,2026-08-19T14:21:59Z,2026-08-19
IRL,Ireland,2010,9099,5088,0,0,0,0,0,,0,unhcr_population,2025-12-31,2026-08-19T14:21:59Z,2026-08-19
IRL,Ireland,2011,8234,5380,0,0,0,0,0,,0,unhcr_population,2025-12-31,2026-08-19T14:21:59Z,2026-08-19
IRL,Ireland,2012,6309,5423,0,73,0,0,0,,0,unhcr_population,2025-12-31,2026-08-19T14:21:59Z,2026-08-19
IRL,Ireland,2013,5991,5464,0,73,0,0,0,,0,unhcr_population,2025-12-31,2026-08-19T14:21:59Z,2026-08-19
IRL,Ireland,2014,5832,4576,0,99,0,0,0,,0,unhcr_population,2025-12-31,2026-08-19T14:21:59Z,2026-08-19
IRL,Ireland,2015,6108,4982,0,99,0,0,0,,0,unhcr_population,2025-12-31,2026-08-19T14:21:59Z,2026-08-19
IRL,Ireland,2016,5720,4221,0,99,0,0,0,,0,unhcr_population,2025-12-31,2026-08-19T14:21:59Z,2026-08-19
IRL,Ireland,2017,6394,5991,0,99,0,0,0,,0,unhcr_population,2025-12-31,2026-08-19T14:21:59Z,2026-08-19
IRL,Ireland,2018,6012,7159,0,99,0,0,0,,0,unhcr_population,2025-12-31,2026-08-19T14:21:59Z,2026-08-19
IRL,Ireland,2019,7795,7853,0,106,99,0,0,,0,unhcr_population,2025-12-31,2026-08-19T14:21:59Z,2026-08-19
IRL,Ireland,2020,9035,7393,0,106,99,0,0,,0,unhcr_population,2025-12-31,2026-08-19T14:21:59Z,2026-08-19
IRL,Ireland,2021,9571,6904,0,7,0,0,0,,0,unhcr_population,2025-12-31,2026-08-19T14:21:59Z,2026-08-19
IRL,Ireland,2022,81256,15108,0,21,0,3005,0,,0,unhcr_population,2025-12-31,2026-08-19T14:21:59Z,2026-08-19
IRL,Ireland,2023,113902,22250,0,53,0,2000,0,,0,unhcr_population,2025-12-31,2026-08-19T14:21:59Z,2026-08-19
IRL,Ireland,2024,124730,31711,0,48,0,0,0,,0,unhcr_population,2025-12-31,2026-08-19T14:21:59Z,2026-08-19
IRL,Ireland,2025,137869,33728,0,54,0,0,0,,0,unhcr_population,2025-12-31,2026-08-19T14:21:59Z,2026-08-19
IRN,Iran (Islamic Rep. of),1962,2000,0,0,0,0,0,0,,0,unhcr_population,2025-12-31,2026-08-19T14:21:59Z,2026-08-19
IRN,Iran (Islamic Rep. of),1963,1500,0,0,0,0,0,0,,0,unhcr_population,2025-12-31,2026-08-19T14:21:59Z,2026-08-19
IRN,Iran (Islamic Rep. of),1968,300,0,0,0,0,0,0,,0,unhcr_population,2025-12-31,2026-08-19T14:21:59Z,2026-08-19
IRN,Iran (Islamic Rep. of),1969,300,0,0,0,0,0,0,,0,unhcr_population,2025-12-31,2026-08-19T14:21:59Z,2026-08-19
IRN,Iran (Islamic Rep. of),1979,130100,0,0,0,0,0,0,,0,unhcr_population,2025-12-31,2026-08-19T14:21:59Z,2026-08-19
IRN,Iran (Islamic Rep. of),1980,330000,0,0,0,0,0,0,,0,unhcr_population,2025-12-31,2026-08-19T14:21:59Z,2026-08-19
IRN,Iran (Islamic Rep. of),1981,1565000,0,0,0,0,0,0,,0,unhcr_population,2025-12-31,2026-08-19T14:21:59Z,2026-08-19
IRN,Iran (Islamic Rep. of),1982,1700060,0,0,0,0,0,0,,0,unhcr_population,2025-12-31,2026-08-19T14:21:59Z,2026-08-19
IRN,Iran (Islamic Rep. of),1983,1900060,0,0,0,0,0,0,,0,unhcr_population,2025-12-31,2026-08-19T14:21:59Z,2026-08-19
IRN,Iran (Islamic Rep. of),1984,2000000,0,0,0,0,0,0,,0,unhcr_population,2025-12-31,2026-08-19T14:21:59Z,2026-08-19
IRN,Iran (Islamic Rep. of),1985,2300000,0,0,0,0,0,0,,0,unhcr_population,2025-12-31,2026-08-19T14:21:59Z,2026-08-19
IRN,Iran (Islamic Rep. of),1986,2590000,0,0,0,0,0,0,,0,unhcr_population,2025-12-31,2026-08-19T14:21:59Z,2026-08-19
IRN,Iran (Islamic Rep. of),1987,2760000,0,0,0,0,0,0,,0,unhcr_population,2025-12-31,2026-08-19T14:21:59Z,2026-08-19
IRN,Iran (Islamic Rep. of),1988,2850000,0,0,0,0,44000,0,,0,unhcr_population,2025-12-31,2026-08-19T14:21:59Z,2026-08-19
IRN,Iran (Islamic Rep. of),1989,2850000,0,0,0,0,0,0,,0,unhcr_population,2025-12-31,2026-08-19T14:21:59Z,2026-08-19
IRN,Iran (Islamic Rep. of),1990,4174401,0,0,0,0,0,0,,0,unhcr_population,2025-12-31,2026-08-19T14:21:59Z,2026-08-19
IRN,Iran (Islamic Rep. of),1991,4404995,0,0,0,0,1333860,0,,0,unhcr_population,2025-12-31,2026-08-19T14:21:59Z,2026-08-19
IRN,Iran (Islamic Rep. of),1992,4150723,0,0,0,0,216600,0,,0,unhcr_population,2025-12-31,2026-08-19T14:21:59Z,2026-08-19
IRN,Iran (Islamic Rep. of),1993,2495038,0,0,0,0,0,0,,0,unhcr_population,2025-12-31,2026-08-19T14:21:59Z,2026-08-19
IRN,Iran (Islamic Rep. of),1994,2236350,0,0,0,0,228959,0,,0,unhcr_population,2025-12-31,2026-08-19T14:21:59Z,2026-08-19
IRN,Iran (Islamic Rep. of),1995,2071988,0,0,0,0,211753,0,,0,unhcr_population,2025-12-31,2026-08-19T14:21:59Z,2026-08-19
IRN,Iran (Islamic Rep. of),1996,2030359,0,0,0,0,106700,0,,0,unhcr_population,2025-12-31,2026-08-19T14:21:59Z,2026-08-19
IRN,Iran (Islamic Rep. of),1997,1982553,0,0,0,0,12438,0,,0,unhcr_population,2025-12-31,2026-08-19T14:21:59Z,2026-08-19
IRN,Iran (Islamic Rep. of),1998,1931332,0,0,0,0,29601,0,,0,unhcr_population,2025-12-31,2026-08-19T14:21:59Z,2026-08-19
IRN,Iran (Islamic Rep. of),1999,1835688,0,0,0,0,181687,0,,0,unhcr_population,2025-12-31,2026-08-19T14:21:59Z,2026-08-19
IRN,Iran (Islamic Rep. of),2000,1868000,12228,0,0,0,219203,0,,0,unhcr_population,2025-12-31,2026-08-19T14:21:59Z,2026-08-19
IRN,Iran (Islamic Rep. of),2001,1868000,0,0,0,0,19727,0,,0,unhcr_population,2025-12-31,2026-08-19T14:21:59Z,2026-08-19
IRN,Iran (Islamic Rep. of),2002,1306599,5,0,0,0,377389,0,,0,unhcr_population,2025-12-31,2026-08-19T14:21:59Z,2026-08-19
IRN,Iran (Islamic Rep. of),2003,984895,0,0,0,0,319915,0,,0,unhcr_population,2025-12-31,2026-08-19T14:21:59Z,2026-08-19
IRN,Iran (Islamic Rep. of),2004,1045975,48,0,0,0,646195,0,,0,unhcr_population,2025-12-31,2026-08-19T14:21:59Z,2026-08-19
IRN,Iran (Islamic Rep. of),2005,974301,138,0,0,0,344914,0,,0,unhcr_population,2025-12-31,2026-08-19T14:21:59Z,2026-08-19
IRN,Iran (Islamic Rep. of),2006,968368,1017,0,0,0,243648,0,,0,unhcr_population,2025-12-31,2026-08-19T14:21:59Z,2026-08-19
IRN,Iran (Islamic Rep. of),2007,963544,1184,0,0,0,7700,0,,0,unhcr_population,2025-12-31,2026-08-19T14:21:59Z,2026-08-19
IRN,Iran (Islamic Rep. of),2008,980104,1705,0,0,0,7146,0,,0,unhcr_population,2025-12-31,2026-08-19T14:21:59Z,2026-08-19
IRN,Iran (Islamic Rep. of),2009,1070483,1851,0,0,0,11648,0,,0,unhcr_population,2025-12-31,2026-08-19T14:21:59Z,2026-08-19
IRN,Iran (Islamic Rep. of),2010,1073363,1767,0,0,0,10168,0,,0,unhcr_population,2025-12-31,2026-08-19T14:21:59Z,2026-08-19
IRN,Iran (Islamic Rep. of),2011,886465,442,0,0,0,36866,0,,0,unhcr_population,2025-12-31,2026-08-19T14:21:59Z,2026-08-19
IRN,Iran (Islamic Rep. of),2012,868239,18,0,0,0,21890,0,,0,unhcr_population,2025-12-31,2026-08-19T14:21:59Z,2026-08-19
IRN,Iran (Islamic Rep. of),2013,857352,46,0,0,0,12282,0,,0,unhcr_population,2025-12-31,2026-08-19T14:21:59Z,2026-08-19
IRN,Iran (Islamic Rep. of),2014,982025,42,0,0,0,4793,0,,0,unhcr_population,2025-12-31,2026-08-19T14:21:59Z,2026-08-19
IRN,Iran (Islamic Rep. of),2015,979435,42,0,0,0,4152,0,,0,unhcr_population,2025-12-31,2026-08-19T14:21:59Z,2026-08-19
IRN,Iran (Islamic Rep. of),2016,979435,91,0,0,0,2426,0,,0,unhcr_population,2025-12-31,2026-08-19T14:21:59Z,2026-08-19
IRN,Iran (Islamic Rep. of),2017,979435,84,0,0,0,1479,0,,0,unhcr_population,2025-12-31,2026-08-19T14:21:59Z,2026-08-19
IRN,Iran (Islamic Rep. of),2018,979435,33,0,0,0,1984,0,,0,unhcr_population,2025-12-31,2026-08-19T14:21:59Z,2026-08-19
IRN,Iran (Islamic Rep. of),2019,979435,33,0,0,0,2009,0,,0,unhcr_population,2025-12-31,2026-08-19T14:21:59Z,2026-08-19
IRN,Iran (Islamic Rep. of),2020,800025,34,0,34,0,947,0,,0,unhcr_population,2025-12-31,2026-08-19T14:21:59Z,2026-08-19
IRN,Iran (Islamic Rep. of),2021,798343,34,0,34,3676,879,0,,0,unhcr_population,2025-12-31,2026-08-19T14:21:59Z,2026-08-19
IRN,Iran (Islamic Rep. of),2022,3425091,34,0,34,0,538,0,,0,unhcr_population,2025-12-31,2026-08-19T14:21:59Z,2026-08-19
IRN,Iran (Islamic Rep. of),2023,3764517,0,0,0,0,521,0,,0,unhcr_population,2025-12-31,2026-08-19T14:21:59Z,2026-08-19
IRN,Iran (Islamic Rep. of),2024,3489257,0,0,0,0,237452,0,,0,unhcr_population,2025-12-31,2026-08-19T14:21:59Z,2026-08-19
IRN,Iran (Islamic Rep. of),2025,770514,0,0,0,0,1386970,0,879500,0,unhcr_population,2025-12-31,2026-08-19T14:21:59Z,2026-08-19
IRQ,Iraq,1979,400,0,0,0,0,0,0,,0,unhcr_population,2025-12-31,2026-08-19T14:21:59Z,2026-08-19
IRQ,Iraq,1980,400,0,0,0,0,0,0,,0,unhcr_population,2025-12-31,2026-08-19T14:21:59Z,2026-08-19
IRQ,Iraq,1981,1200,0,0,0,0,0,0,,0,unhcr_population,2025-12-31,2026-08-19T14:21:59Z,2026-08-19
IRQ,Iraq,1982,1200,0,0,0,0,0,0,,0,unhcr_population,2025-12-31,2026-08-19T14:21:59Z,2026-08-19
IRQ,Iraq,1983,1200,0,0,0,0,0,0,,0,unhcr_population,2025-12-31,2026-08-19T14:21:59Z,2026-08-19
IRQ,Iraq,1984,1200,0,0,0,0,0,0,,0,unhcr_population,2025-12-31,2026-08-19T14:21:59Z,2026-08-19
IRQ,Iraq,1985,83200,0,0,0,0,0,0,,0,unhcr_population,2025-12-31,2026-08-19T14:21:59Z,2026-08-19
IRQ,Iraq,1986,111000,0,0,0,0,0,0,,0,unhcr_population,2025-12-31,2026-08-19T14:21:59Z,2026-08-19
IRQ,Iraq,1987,1000,0,0,0,0,0,0,,0,unhcr_population,2025-12-31,2026-08-19T14:21:59Z,2026-08-19
IRQ,Iraq,1990,900,0,0,0,0,0,0,,0,unhcr_population,2025-12-31,2026-08-19T14:21:59Z,2026-08-19
IRQ,Iraq,1991,87990,0,0,0,0,70,0,,0,unhcr_population,2025-12-31,2026-08-19T14:21:59Z,2026-08-19
IRQ,Iraq,1992,115000,0,0,0,0,2600,0,,0,unhcr_population,2025-12-31,2026-08-19T14:21:59Z,2026-08-19
IRQ,Iraq,1993,109066,0,0,0,0,0,0,,0,unhcr_population,2025-12-31,2026-08-19T14:21:59Z,2026-08-19
IRQ,Iraq,1994,119581,0,0,0,0,314,0,,0,unhcr_population,2025-12-31,2026-08-19T14:21:59Z,2026-08-19
IRQ,Iraq,1995,116722,0,0,0,0,89,0,,0,unhcr_population,2025-12-31,2026-08-19T14:21:59Z,2026-08-19
IRQ,Iraq,1996,112957,0,32000,0,0,3555,0,,0,unhcr_population,2025-12-31,2026-08-19T14:21:59Z,2026-08-19
IRQ,Iraq,1997,104032,0,35055,0,0,1171,0,,0,unhcr_population,2025-12-31,2026-08-19T14:21:59Z,2026-08-19
IRQ,Iraq,1998,104022,0,0,0,0,634,0,,0,unhcr_population,2025-12-31,2026-08-19T14:21:59Z,2026-08-19
IRQ,Iraq,1999,128913,0,0,0,0,108,0,,0,unhcr_population,2025-12-31,2026-08-19T14:21:59Z,2026-08-19
IRQ,Iraq,2000,127787,945,0,0,0,321,0,,0,unhcr_population,2025-12-31,2026-08-19T14:21:59Z,2026-08-19
IRQ,Iraq,2001,128142,394,0,0,0,43,0,,0,unhcr_population,2025-12-31,2026-08-19T14:21:59Z,2026-08-19
IRQ,Iraq,2002,134190,437,0,0,0,1173,0,,0,unhcr_population,2025-12-31,2026-08-19T14:21:59Z,2026-08-19
IRQ,Iraq,2003,46721,437,0,0,0,3835,0,,0,unhcr_population,2025-12-31,2026-08-19T14:21:59Z,2026-08-19
IRQ,Iraq,2004,46053,1353,0,0,0,863,0,,0,unhcr_population,2025-12-31,2026-08-19T14:21:59Z,2026-08-19
IRQ,Iraq,2005,50177,1948,1200000,130000,0,104,196000,,0,unhcr_population,2025-12-31,2026-08-19T14:21:59Z,2026-08-19
IRQ,Iraq,2006,44406,2180,1834368,130000,0,111,150000,,0,unhcr_population,2025-12-31,2026-08-19T14:21:59Z,2026-08-19
IRQ,Iraq,2007,42352,2413,2385865,130000,0,193,36000,,0,unhcr_population,2025-12-31,2026-08-19T14:21:59Z,2026-08-19
IRQ,Iraq,2008,39503,2059,2647251,230000,0,102,195890,,0,unhcr_population,2025-12-31,2026-08-19T14:21:59Z,2026-08-19
IRQ,Iraq,2009,35213,3794,1552003,230000,0,26,167740,,0,unhcr_population,2025-12-31,2026-08-19T14:21:59Z,2026-08-19
IRQ,Iraq,2010,34647,3072,1343568,120000,0,265,294770,,0,unhcr_population,2025-12-31,2026-08-19T14:21:59Z,2026-08-19
IRQ,Iraq,2011,35184,4195,1332382,120000,0,0,193610,,0,unhcr_population,2025-12-31,2026-08-19T14:21:59Z,2026-08-19
IRQ,Iraq,2012,98818,4908,1131810,120000,0,5,218800,,0,unhcr_population,2025-12-31,2026-08-19T14:21:59Z,2026-08-19
IRQ,Iraq,2013,246294,5991,954128,120000,0,0,63270,,0,unhcr_population,2025-12-31,2026-08-19T14:21:59Z,2026-08-19
IRQ,Iraq,2014,271137,8468,3596356,120000,15,0,19967,,0,unhcr_population,2025-12-31,2026-08-19T14:21:59Z,2026-08-19
IRQ,Iraq,2015,277702,7414,4403287,50000,27,205,1747,,0,unhcr_population,2025-12-31,2026-08-19T14:21:59Z,2026-08-19
IRQ,Iraq,2016,261863,11488,3604285,48200,3161,0,1397016,,0,unhcr_population,2025-12-31,2026-08-19T14:21:59Z,2026-08-19
IRQ,Iraq,2017,277668,13035,2615988,47630,0,12186,1546586,,0,unhcr_population,2025-12-31,2026-08-19T14:21:59Z,2026-08-19
IRQ,Iraq,2018,283018,14013,1802832,47515,6,10760,944958,,0,unhcr_population,2025-12-31,2026-08-19T14:21:59Z,2026-08-19
IRQ,Iraq,2019,273986,12938,1414632,47253,10,8047,431130,,0,unhcr_population,2025-12-31,2026-08-19T14:21:59Z,2026-08-19
IRQ,Iraq,2020,270377,12670,1224108,47253,5,8508,278065,,0,unhcr_population,2025-12-31,2026-08-19T14:21:59Z,2026-08-19
IRQ,Iraq,2021,280072,11508,1186556,47253,730,3403,120678,,0,unhcr_population,2025-12-31,2026-08-19T14:21:59Z,2026-08-19
IRQ,Iraq,2022,273716,10621,1168619,47093,2012,2845,30138,,0,unhcr_population,2025-12-31,2026-08-19T14:21:59Z,2026-08-19
IRQ,Iraq,2023,286480,12586,1123663,233,2538,2338,27288,,0,unhcr_population,2025-12-31,2026-08-19T14:21:59Z,2026-08-19
IRQ,Iraq,2024,318461,16882,1031475,233,2774,23896,55974,,0,unhcr_population,2025-12-31,2026-08-19T14:21:59Z,2026-08-19
IRQ,Iraq,2025,322345,23366,997334,233,2869,37107,28794,,0,unhcr_population,2025-12-31,2026-08-19T14:21:59Z,2026-08-19
ISL,Iceland,1990,85,0,0,0,0,0,0,,0,unhcr_population,2025-12-31,2026-08-19T14:21:59Z,2026-08-19
ISL,Iceland,1991,141,0,0,0,0,0,0,,0,unhcr_population,2025-12-31,2026-08-19T14:21:59Z,2026-08-19
ISL,Iceland,1992,154,0,0,0,0,0,0,,0,unhcr_population,2025-12-31,2026-08-19T14:21:59Z,2026-08-19
ISL,Iceland,1993,160,0,0,0,0,0,0,,0,unhcr_population,2025-12-31,2026-08-19T14:21:59Z,2026-08-19
ISL,Iceland,1994,160,0,0,0,0,0,0,,0,unhcr_population,2025-12-31,2026-08-19T14:21:59Z,2026-08-19
ISL,Iceland,1995,197,0,0,0,0,0,0,,0,unhcr_population,2025-12-31,2026-08-19T14:21:59Z,2026-08-19
ISL,Iceland,1996,232,0,0,0,0,0,0,,0,unhcr_population,2025-12-31,2026-08-19T14:21:59Z,2026-08-19
ISL,Iceland,1997,252,0,0,0,0,0,0,,0,unhcr_population,2025-12-31,2026-08-19T14:21:59Z,2026-08-19
ISL,Iceland,1998,286,0,0,0,0,0,0,,0,unhcr_population,2025-12-31,2026-08-19T14:21:59Z,2026-08-19
ISL,Iceland,1999,245,0,0,0,0,31,0,,0,unhcr_population,2025-12-31,2026-08-19T14:21:59Z,2026-08-19
ISL,Iceland,2000,235,5,0,0,0,9,0,,0,unhcr_population,2025-12-31,2026-08-19T14:21:59Z,2026-08-19
ISL,Iceland,2001,204,15,0,0,0,0,0,,0,unhcr_population,2025-12-31,2026-08-19T14:21:59Z,2026-08-19
ISL,Iceland,2002,197,13,0,0,0,0,0,,0,unhcr_population,2025-12-31,2026-08-19T14:21:59Z,2026-08-19
ISL,Iceland,2003,226,0,0,0,0,0,0,,0,unhcr_population,2025-12-31,2026-08-19T14:21:59Z,2026-08-19
ISL,Iceland,2004,226,5,0,0,0,0,0,,0,unhcr_population,2025-12-31,2026-08-19T14:21:59Z,2026-08-19
ISL,Iceland,2005,284,10,0,53,0,0,0,,0,unhcr_population,2025-12-31,2026-08-19T14:21:59Z,2026-08-19
ISL,Iceland,2006,254,11,0,0,0,0,0,,0,unhcr_population,2025-12-31,2026-08-19T14:21:59Z,2026-08-19
ISL,Iceland,2007,41,12,0,0,0,0,0,,0,unhcr_population,2025-12-31,2026-08-19T14:21:59Z,2026-08-19
ISL,Iceland,2008,39,25,0,116,0,0,0,,0,unhcr_population,2025-12-31,2026-08-19T14:21:59Z,2026-08-19
ISL,Iceland,2009,58,5,0,133,0,0,0,,0,unhcr_population,2025-12-31,2026-08-19T14:21:59Z,2026-08-19
ISL,Iceland,2010,72,25,0,113,0,0,0,,0,unhcr_population,2025-12-31,2026-08-19T14:21:59Z,2026-08-19
ISL,Iceland,2011,55,56,0,106,0,0,0,,0,unhcr_population,2025-12-31,2026-08-19T14:21:59Z,2026-08-19
ISL,Iceland,2012,55,87,0,119,0,0,0,,0,unhcr_population,2025-12-31,2026-08-19T14:21:59Z,2026-08-19
ISL,Iceland,2013,72,267,0,119,0,0,0,,0,unhcr_population,2025-12-31,2026-08-19T14:21:59Z,2026-08-19
ISL,Iceland,2014,93,210,0,119,0,0,0,,0,unhcr_population,2025-12-31,2026-08-19T14:21:59Z,2026-08-19
ISL,Iceland,2015,170,159,0,131,0,0,0,,0,unhcr_population,2025-12-31,2026-08-19T14:21:59Z,2026-08-19
ISL,Iceland,2016,245,324,0,131,0,0,0,,0,unhcr_population,2025-12-31,2026-08-19T14:21:59Z,2026-08-19
ISL,Iceland,2017,361,327,0,85,0,0,0,,0,unhcr_population,2025-12-31,2026-08-19T14:21:59Z,2026-08-19
ISL,Iceland,2018,549,437,0,69,0,0,0,,0,unhcr_population,2025-12-31,2026-08-19T14:21:59Z,2026-08-19
ISL,Iceland,2019,894,365,0,58,0,0,0,,0,unhcr_population,2025-12-31,2026-08-19T14:21:59Z,2026-08-19
ISL,Iceland,2020,1460,181,0,65,0,0,0,,0,unhcr_population,2025-12-31,2026-08-19T14:21:59Z,2026-08-19
ISL,Iceland,2021,1830,306,0,68,0,0,0,,0,unhcr_population,2025-12-31,2026-08-19T14:21:59Z,2026-08-19
ISL,Iceland,2022,5240,981,0,64,0,0,0,,0,unhcr_population,2025-12-31,2026-08-19T14:21:59Z,2026-08-19
ISL,Iceland,2023,8715,2850,0,31,0,0,0,,0,unhcr_population,2025-12-31,2026-08-19T14:21:59Z,2026-08-19
ISL,Iceland,2024,7879,1081,0,31,0,0,0,,0,unhcr_population,2025-12-31,2026-08-19T14:21:59Z,2026-08-19
ISL,Iceland,2025,8459,660,0,33,0,0,0,,0,unhcr_population,2025-12-31,2026-08-19T14:21:59Z,2026-08-19
ISR,Israel,1998,22,0,0,0,0,5,0,,0,unhcr_population,2025-12-31,2026-08-19T14:21:59Z,2026-08-19
ISR,Israel,1999,123,0,0,0,0,223,0,,0,unhcr_population,2025-12-31,2026-08-19T14:21:59Z,2026-08-19
ISR,Israel,2000,4067,326,0,0,0,1653,0,,0,unhcr_population,2025-12-31,2026-08-19T14:21:59Z,2026-08-19
ISR,Israel,2001,4159,552,0,0,0,0,0,,0,unhcr_population,2025-12-31,2026-08-19T14:21:59Z,2026-08-19
ISR,Israel,2002,4170,688,0,0,0,39,0,,0,unhcr_population,2025-12-31,2026-08-19T14:21:59Z,2026-08-19
ISR,Israel,2003,4170,703,0,0,0,0,0,,0,unhcr_population,2025-12-31,2026-08-19T14:21:59Z,2026-08-19
ISR,Israel,2004,564,0,0,0,0,0,0,,0,unhcr_population,2025-12-31,2026-08-19T14:21:59Z,2026-08-19
ISR,Israel,2005,598,908,0,0,0,0,0,,0,unhcr_population,2025-12-31,2026-08-19T14:21:59Z,2026-08-19
ISR,Israel,2006,829,826,0,0,0,65,0,,0,unhcr_population,2025-12-31,2026-08-19T14:21:59Z,2026-08-19
ISR,Israel,2007,1150,5734,0,0,0,0,0,,0,unhcr_population,2025-12-31,2026-08-19T14:21:59Z,2026-08-19
ISR,Israel,2008,9125,4601,0,0,1100,0,0,,0,unhcr_population,2025-12-31,2026-08-19T14:21:59Z,2026-08-19
ISR,Israel,2009,17725,4143,0,0,0,0,0,,0,unhcr_population,2025-12-31,2026-08-19T14:21:59Z,2026-08-19
ISR,Israel,2010,25462,5574,0,9,0,0,0,,0,unhcr_population,2025-12-31,2026-08-19T14:21:59Z,2026-08-19
ISR,Israel,2011,41221,6444,0,9,0,100,0,,0,unhcr_population,2025-12-31,2026-08-19T14:21:59Z,2026-08-19
ISR,Israel,2012,48490,5682,0,14,0,325,0,,0,unhcr_population,2025-12-31,2026-08-19T14:21:59Z,2026-08-19
ISR,Israel,2013,48182,4760,0,14,0,0,0,,0,unhcr_population,2025-12-31,2026-08-19T14:21:59Z,2026-08-19
ISR,Israel,2014,39698,5558,0,10,0,0,0,,0,unhcr_population,2025-12-31,2026-08-19T14:21:59Z,2026-08-19
ISR,Israel,2015,32929,11677,0,42,0,0,0,,0,unhcr_population,2025-12-31,2026-08-19T14:21:59Z,2026-08-19
ISR,Israel,2016,30529,21274,0,42,0,0,0,,0,unhcr_population,2025-12-31,2026-08-19T14:21:59Z,2026-08-19
ISR,Israel,2017,25657,29704,0,42,0,559,0,,0,unhcr_population,2025-12-31,2026-08-19T14:21:59Z,2026-08-19
ISR,Israel,2018,18554,35569,0,42,0,317,0,,0,unhcr_population,2025-12-31,2026-08-19T14:21:59Z,2026-08-19
ISR,Israel,2019,16107,38479,0,42,0,471,0,,0,unhcr_population,2025-12-31,2026-08-19T14:21:59Z,2026-08-19
ISR,Israel,2020,1843,32518,0,42,10003,0,0,,0,unhcr_population,2025-12-31,2026-08-19T14:21:59Z,2026-08-19
ISR,Israel,2021,1191,27083,0,42,10871,0,0,,0,unhcr_population,2025-12-31,2026-08-19T14:21:59Z,2026-08-19
ISR,Israel,2022,1207,25166,0,35,41601,0,0,,0,unhcr_population,2025-12-31,2026-08-19T14:21:59Z,2026-08-19
ISR,Israel,2023,1235,25464,0,35,40477,0,0,,0,unhcr_population,2025-12-31,2026-08-19T14:21:59Z,2026-08-19
ISR,Israel,2024,1266,26147,0,35,33165,0,0,,0,unhcr_population,2025-12-31,2026-08-19T14:21:59Z,2026-08-19
ISR,Israel,2025,1274,29682,0,35,23499,0,0,,0,unhcr_population,2025-12-31,2026-08-19T14:21:59Z,2026-08-19
ITA,Italy,1951,26500,0,0,0,0,0,0,,0,unhcr_population,2025-12-31,2026-08-19T14:21:59Z,2026-08-19
ITA,Italy,1952,25500,0,0,0,0,0,0,,0,unhcr_population,2025-12-31,2026-08-19T14:21:59Z,2026-08-19
ITA,Italy,1953,24500,0,0,0,0,0,0,,0,unhcr_population,2025-12-31,2026-08-19T14:21:59Z,2026-08-19
ITA,Italy,1954,21500,0,0,0,0,0,0,,0,unhcr_population,2025-12-31,2026-08-19T14:21:59Z,2026-08-19
ITA,Italy,1955,18500,0,0,0,0,0,0,,0,unhcr_population,2025-12-31,2026-08-19T14:21:59Z,2026-08-19
ITA,Italy,1956,21500,0,0,0,0,0,0,,0,unhcr_population,2025-12-31,2026-08-19T14:21:59Z,2026-08-19
ITA,Italy,1957,21000,0,0,0,0,0,0,,0,unhcr_population,2025-12-31,2026-08-19T14:21:59Z,2026-08-19
ITA,Italy,1958,21000,0,0,0,0,0,0,,0,unhcr_population,2025-12-31,2026-08-19T14:21:59Z,2026-08-19
ITA,Italy,1959,18500,0,0,0,0,0,0,,0,unhcr_population,2025-12-31,2026-08-19T14:21:59Z,2026-08-19
ITA,Italy,1960,15500,0,0,0,0,0,0,,0,unhcr_population,2025-12-31,2026-08-19T14:21:59Z,2026-08-19
ITA,Italy,1961,14500,0,0,0,0,0,0,,0,unhcr_population,2025-12-31,2026-08-19T14:21:59Z,2026-08-19
ITA,Italy,1962,14300,0,0,0,0,0,0,,0,unhcr_population,2025-12-31,2026-08-19T14:21:59Z,2026-08-19
ITA,Italy,1963,14600,0,0,0,0,0,0,,0,unhcr_population,2025-12-31,2026-08-19T14:21:59Z,2026-08-19
ITA,Italy,1964,14000,0,0,0,0,0,0,,0,unhcr_population,2025-12-31,2026-08-19T14:21:59Z,2026-08-19
ITA,Italy,1965,15000,0,0,0,0,0,0,,0,unhcr_population,2025-12-31,2026-08-19T14:21:59Z,2026-08-19
ITA,Italy,1966,14000,0,0,0,0,0,0,,0,unhcr_population,2025-12-31,2026-08-19T14:21:59Z,2026-08-19
ITA,Italy,1967,13000,0,0,0,0,0,0,,0,unhcr_population,2025-12-31,2026-08-19T14:21:59Z,2026-08-19
ITA,Italy,1968,13000,0,0,0,0,0,0,,0,unhcr_population,2025-12-31,2026-08-19T14:21:59Z,2026-08-19
ITA,Italy,1969,14000,0,0,0,0,0,0,,0,unhcr_population,2025-12-31,2026-08-19T14:21:59Z,2026-08-19
ITA,Italy,1970,13000,0,0,0,0,0,0,,0,unhcr_population,2025-12-31,2026-08-19T14:21:59Z,2026-08-19
ITA,Italy,1971,12700,0,0,0,0,0,0,,0,unhcr_population,2025-12-31,2026-08-19T14:21:59Z,2026-08-19
ITA,Italy,1972,12600,0,0,0,0,0,0,,0,unhcr_population,2025-12-31,2026-08-19T14:21:59Z,2026-08-19
ITA,Italy,1973,12600,0,0,0,0,0,0,,0,unhcr_population,2025-12-31,2026-08-19T14:21:59Z,2026-08-19
ITA,Italy,1974,13000,0,0,0,0,0,0,,0,unhcr_population,2025-12-31,2026-08-19T14:21:59Z,2026-08-19
ITA,Italy,1975,11900,0,0,0,0,0,0,,0,unhcr_population,2025-12-31,2026-08-19T14:21:59Z,2026-08-19
ITA,Italy,1976,11900,0,0,0,0,0,0,,0,unhcr_population,2025-12-31,2026-08-19T14:21:59Z,2026-08-19
ITA,Italy,1977,11700,0,0,0,0,0,0,,0,unhcr_population,2025-12-31,2026-08-19T14:21:59Z,2026-08-19
ITA,Italy,1978,11700,0,0,0,0,0,0,,0,unhcr_population,2025-12-31,2026-08-19T14:21:59Z,2026-08-19
ITA,Italy,1979,14100,0,0,0,0,0,0,,0,unhcr_population,2025-12-31,2026-08-19T14:21:59Z,2026-08-19
ITA,Italy,1980,21531,0,0,0,0,0,0,,0,unhcr_population,2025-12-31,2026-08-19T14:21:59Z,2026-08-19
ITA,Italy,1981,22601,0,0,0,0,0,0,,0,unhcr_population,2025-12-31,2026-08-19T14:21:59Z,2026-08-19
ITA,Italy,1982,22865,0,0,0,0,0,0,,0,unhcr_population,2025-12-31,2026-08-19T14:21:59Z,2026-08-19
ITA,Italy,1983,22062,0,0,0,0,0,0,,0,unhcr_population,2025-12-31,2026-08-19T14:21:59Z,2026-08-19
ITA,Italy,1984,21482,0,0,0,0,0,0,,0,unhcr_population,2025-12-31,2026-08-19T14:21:59Z,2026-08-19
ITA,Italy,1985,22386,0,0,0,0,0,0,,0,unhcr_population,2025-12-31,2026-08-19T14:21:59Z,2026-08-19
ITA,Italy,1986,21505,0,0,0,0,0,0,,0,unhcr_population,2025-12-31,2026-08-19T14:21:59Z,2026-08-19
ITA,Italy,1987,20413,0,0,0,0,0,0,,0,unhcr_population,2025-12-31,2026-08-19T14:21:59Z,2026-08-19
ITA,Italy,1988,19260,0,0,0,0,0,0,,0,unhcr_population,2025-12-31,2026-08-19T14:21:59Z,2026-08-19
ITA,Italy,1989,13893,0,0,0,0,0,0,,0,unhcr_population,2025-12-31,2026-08-19T14:21:59Z,2026-08-19
ITA,Italy,1990,10816,0,0,0,0,0,0,,0,unhcr_population,2025-12-31,2026-08-19T14:21:59Z,2026-08-19
ITA,Italy,1991,9796,0,0,0,0,0,0,,0,unhcr_population,2025-12-31,2026-08-19T14:21:59Z,2026-08-19
ITA,Italy,1992,9242,0,0,0,0,0,0,,0,unhcr_population,2025-12-31,2026-08-19T14:21:59Z,2026-08-19
ITA,Italy,1993,50266,0,0,0,0,0,0,,0,unhcr_population,2025-12-31,2026-08-19T14:21:59Z,2026-08-19
ITA,Italy,1994,73058,0,0,0,0,31,0,,0,unhcr_population,2025-12-31,2026-08-19T14:21:59Z,2026-08-19
ITA,Italy,1995,74298,0,0,0,0,0,0,,0,unhcr_population,2025-12-31,2026-08-19T14:21:59Z,2026-08-19
ITA,Italy,1996,64712,0,0,0,0,463,0,,0,unhcr_population,2025-12-31,2026-08-19T14:21:59Z,2026-08-19
ITA,Italy,1997,66601,0,0,0,0,100,0,,0,unhcr_population,2025-12-31,2026-08-19T14:21:59Z,2026-08-19
ITA,Italy,1998,5440,0,0,0,0,167,0,,0,unhcr_population,2025-12-31,2026-08-19T14:21:59Z,2026-08-19
ITA,Italy,1999,6004,0,0,0,0,3929,0,,0,unhcr_population,2025-12-31,2026-08-19T14:21:59Z,2026-08-19
ITA,Italy,2000,6813,113,0,0,0,331,0,,0,unhcr_population,2025-12-31,2026-08-19T14:21:59Z,2026-08-19
ITA,Italy,2001,8541,0,0,0,0,60,0,,0,unhcr_population,2025-12-31,2026-08-19T14:21:59Z,2026-08-19
ITA,Italy,2002,10031,0,0,0,0,150,0,,0,unhcr_population,2025-12-31,2026-08-19T14:21:59Z,2026-08-19
ITA,Italy,2003,12812,0,0,0,0,49,0,,0,unhcr_population,2025-12-31,2026-08-19T14:21:59Z,2026-08-19
ITA,Italy,2004,15668,0,0,886,0,39,0,,0,unhcr_population,2025-12-31,2026-08-19T14:21:59Z,2026-08-19
ITA,Italy,2005,20674,0,0,886,0,53,0,,0,unhcr_population,2025-12-31,2026-08-19T14:21:59Z,2026-08-19
ITA,Italy,2006,26870,0,0,886,0,42,0,,0,unhcr_population,2025-12-31,2026-08-19T14:21:59Z,2026-08-19
ITA,Italy,2007,38061,1500,0,886,0,18,0,,0,unhcr_population,2025-12-31,2026-08-19T14:21:59Z,2026-08-19
ITA,Italy,2008,47059,0,0,722,0,11,0,,0,unhcr_population,2025-12-31,2026-08-19T14:21:59Z,2026-08-19
ITA,Italy,2009,54962,4365,0,793,0,12,0,,0,unhcr_population,2025-12-31,2026-08-19T14:21:59Z,2026-08-19
ITA,Italy,2010,56402,4070,0,854,0,5,0,,0,unhcr_population,2025-12-31,2026-08-19T14:21:59Z,2026-08-19
ITA,Italy,2011,58066,13525,0,1176,0,0,0,,0,unhcr_population,2025-12-31,2026-08-19T14:21:59Z,2026-08-19
ITA,Italy,2012,64782,14320,0,470,0,75,0,,0,unhcr_population,2025-12-31,2026-08-19T14:21:59Z,2026-08-19
ITA,Italy,2013,76248,13635,0,350,0,0,0,,0,unhcr_population,2025-12-31,2026-08-19T14:21:59Z,2026-08-19
ITA,Italy,2014,93712,45730,0,813,0,351,0,,0,unhcr_population,2025-12-31,2026-08-19T14:21:59Z,2026-08-19
ITA,Italy,2015,118036,60135,0,747,0,232,0,,0,unhcr_population,2025-12-31,2026-08-19T14:21:59Z,2026-08-19
ITA,Italy,2016,147362,99896,0,701,0,0,0,,0,unhcr_population,2025-12-31,2026-08-19T14:21:59Z,2026-08-19
ITA,Italy,2017,167330,186645,0,715,0,0,0,,0,unhcr_population,2025-12-31,2026-08-19T14:21:59Z,2026-08-19
ITA,Italy,2018,189227,105606,0,732,0,0,0,,0,unhcr_population,2025-12-31,2026-08-19T14:21:59Z,2026-08-19
ITA,Italy,2019,207602,47030,0,15839,0,0,0,,0,unhcr_population,2025-12-31,2026-08-19T14:21:59Z,2026-08-19
ITA,Italy,2020,128033,53901,0,3000,0,0,0,,0,unhcr_population,2025-12-31,2026-08-19T14:21:59Z,2026-08-19
ITA,Italy,2021,144862,51779,0,3000,0,0,0,,0,unhcr_population,2025-12-31,2026-08-19T14:21:59Z,2026-08-19
ITA,Italy,2022,296181,79979,0,2998,0,39000,0,,0,unhcr_population,2025-12-31,2026-08-19T14:21:59Z,2026-08-19
ITA,Italy,2023,298296,146922,0,3000,0,17000,0,,0,unhcr_population,2025-12-31,2026-08-19T14:21:59Z,2026-08-19
ITA,Italy,2024,312849,207278,0,3000,0,2005,0,,0,unhcr_population,2025-12-31,2026-08-19T14:21:59Z,2026-08-19
ITA,Italy,2025,192914,234144,0,3000,0,4000,0,,0,unhcr_population,2025-12-31,2026-08-19T14:21:59Z,2026-08-19
JAM,Jamaica,1991,5,0,0,0,0,0,0,,0,unhcr_population,2025-12-31,2026-08-19T14:21:59Z,2026-08-19
JAM,Jamaica,1992,90,0,0,0,0,50,0,,0,unhcr_population,2025-12-31,2026-08-19T14:21:59Z,2026-08-19
JAM,Jamaica,1993,60,0,0,0,0,5,0,,0,unhcr_population,2025-12-31,2026-08-19T14:21:59Z,2026-08-19
JAM,Jamaica,1994,38,0,0,0,0,32,0,,0,unhcr_population,2025-12-31,2026-08-19T14:21:59Z,2026-08-19
JAM,Jamaica,1995,21,0,0,0,0,35,0,,0,unhcr_population,2025-12-31,2026-08-19T14:21:59Z,2026-08-19
JAM,Jamaica,1996,23,0,0,0,0,0,0,,0,unhcr_population,2025-12-31,2026-08-19T14:21:59Z,2026-08-19
JAM,Jamaica,1997,31,0,0,0,0,0,0,,0,unhcr_population,2025-12-31,2026-08-19T14:21:59Z,2026-08-19
JAM,Jamaica,1998,33,0,0,0,0,0,0,,0,unhcr_population,2025-12-31,2026-08-19T14:21:59Z,2026-08-19
JAM,Jamaica,1999,33,0,0,0,0,0,0,,0,unhcr_population,2025-12-31,2026-08-19T14:21:59Z,2026-08-19
JAM,Jamaica,2000,33,0,0,0,0,0,0,,0,unhcr_population,2025-12-31,2026-08-19T14:21:59Z,2026-08-19
JAM,Jamaica,2009,24,0,0,0,0,7,0,,0,unhcr_population,2025-12-31,2026-08-19T14:21:59Z,2026-08-19
JAM,Jamaica,2010,19,0,0,0,0,0,0,,0,unhcr_population,2025-12-31,2026-08-19T14:21:59Z,2026-08-19
JAM,Jamaica,2011,19,0,0,0,0,0,0,,0,unhcr_population,2025-12-31,2026-08-19T14:21:59Z,2026-08-19
JAM,Jamaica,2012,19,0,0,0,0,0,0,,0,unhcr_population,2025-12-31,2026-08-19T14:21:59Z,2026-08-19
JAM,Jamaica,2013,18,0,0,0,0,0,0,,0,unhcr_population,2025-12-31,2026-08-19T14:21:59Z,2026-08-19
JAM,Jamaica,2014,23,0,0,0,0,0,0,,0,unhcr_population,2025-12-31,2026-08-19T14:21:59Z,2026-08-19
JAM,Jamaica,2015,13,0,0,0,0,0,0,,0,unhcr_population,2025-12-31,2026-08-19T14:21:59Z,2026-08-19
JAM,Jamaica,2016,13,8,0,0,0,0,0,,0,unhcr_population,2025-12-31,2026-08-19T14:21:59Z,2026-08-19
JAM,Jamaica,2017,13,8,0,0,0,0,0,,0,unhcr_population,2025-12-31,2026-08-19T14:21:59Z,2026-08-19
JAM,Jamaica,2018,13,21,0,0,0,0,0,,0,unhcr_population,2025-12-31,2026-08-19T14:21:59Z,2026-08-19
JAM,Jamaica,2019,0,5,0,0,0,0,0,121,0,unhcr_population,2025-12-31,2026-08-19T14:21:59Z,2026-08-19
JAM,Jamaica,2020,27,5,0,0,0,0,0,67,0,unhcr_population,2025-12-31,2026-08-19T14:21:59Z,2026-08-19
JAM,Jamaica,2021,31,5,0,0,0,0,0,67,0,unhcr_population,2025-12-31,2026-08-19T14:21:59Z,2026-08-19
JAM,Jamaica,2022,31,0,0,0,67,0,0,,0,unhcr_population,2025-12-31,2026-08-19T14:21:59Z,2026-08-19
JOR,Jordan,1971,50,0,0,0,0,0,0,,0,unhcr_population,2025-12-31,2026-08-19T14:21:59Z,2026-08-19
JOR,Jordan,1972,50,0,0,0,0,0,0,,0,unhcr_population,2025-12-31,2026-08-19T14:21:59Z,2026-08-19
JOR,Jordan,1978,80,0,0,0,0,0,0,,0,unhcr_population,2025-12-31,2026-08-19T14:21:59Z,2026-08-19
JOR,Jordan,1979,120,0,0,0,0,0,0,,0,unhcr_population,2025-12-31,2026-08-19T14:21:59Z,2026-08-19
JOR,Jordan,1980,60,0,0,0,0,0,0,,0,unhcr_population,2025-12-31,2026-08-19T14:21:59Z,2026-08-19
JOR,Jordan,1981,80,0,0,0,0,0,0,,0,unhcr_population,2025-12-31,2026-08-19T14:21:59Z,2026-08-19
JOR,Jordan,1982,100,0,0,0,0,0,0,,0,unhcr_population,2025-12-31,2026-08-19T14:21:59Z,2026-08-19
JOR,Jordan,1983,150,0,0,0,0,0,0,,0,unhcr_population,2025-12-31,2026-08-19T14:21:59Z,2026-08-19
JOR,Jordan,1984,400,0,0,0,0,0,0,,0,unhcr_population,2025-12-31,2026-08-19T14:21:59Z,2026-08-19
JOR,Jordan,1985,400,0,0,0,0,0,0,,0,unhcr_population,2025-12-31,2026-08-19T14:21:59Z,2026-08-19
JOR,Jordan,1989,130,0,0,0,0,0,0,,0,unhcr_population,2025-12-31,2026-08-19T14:21:59Z,2026-08-19
JOR,Jordan,1990,640,0,0,0,0,0,0,,0,unhcr_population,2025-12-31,2026-08-19T14:21:59Z,2026-08-19
JOR,Jordan,1991,440,0,0,0,0,520,0,,0,unhcr_population,2025-12-31,2026-08-19T14:21:59Z,2026-08-19
JOR,Jordan,1992,270,0,0,0,0,0,0,,0,unhcr_population,2025-12-31,2026-08-19T14:21:59Z,2026-08-19
JOR,Jordan,1993,465,0,0,0,0,0,0,,0,unhcr_population,2025-12-31,2026-08-19T14:21:59Z,2026-08-19
JOR,Jordan,1994,574,0,0,0,0,5,0,,0,unhcr_population,2025-12-31,2026-08-19T14:21:59Z,2026-08-19
JOR,Jordan,1995,698,0,0,0,0,62,0,,0,unhcr_population,2025-12-31,2026-08-19T14:21:59Z,2026-08-19
JOR,Jordan,1996,870,0,0,0,0,234,0,,0,unhcr_population,2025-12-31,2026-08-19T14:21:59Z,2026-08-19
JOR,Jordan,1997,731,0,0,0,0,0,0,,0,unhcr_population,2025-12-31,2026-08-19T14:21:59Z,2026-08-19
JOR,Jordan,1998,776,0,0,0,0,45,0,,0,unhcr_population,2025-12-31,2026-08-19T14:21:59Z,2026-08-19
JOR,Jordan,1999,1008,0,0,0,0,15,0,,0,unhcr_population,2025-12-31,2026-08-19T14:21:59Z,2026-08-19
JOR,Jordan,2000,1064,7865,0,0,0,42,0,,0,unhcr_population,2025-12-31,2026-08-19T14:21:59Z,2026-08-19
JOR,Jordan,2001,1062,5293,0,0,0,11,0,,0,unhcr_population,2025-12-31,2026-08-19T14:21:59Z,2026-08-19
JOR,Jordan,2002,1198,3781,0,0,0,5,0,,0,unhcr_population,2025-12-31,2026-08-19T14:21:59Z,2026-08-19
JOR,Jordan,2003,1195,6728,0,0,0,14,0,,0,unhcr_population,2025-12-31,2026-08-19T14:21:59Z,2026-08-19
JOR,Jordan,2004,1096,12450,0,0,0,249,0,,0,unhcr_population,2025-12-31,2026-08-19T14:21:59Z,2026-08-19
JOR,Jordan,2005,962,16563,0,9,0,319,0,,0,unhcr_population,2025-12-31,2026-08-19T14:21:59Z,2026-08-19
JOR,Jordan,2006,500225,19233,0,9,0,173,0,,0,unhcr_population,2025-12-31,2026-08-19T14:21:59Z,2026-08-19
JOR,Jordan,2007,500273,350,0,9,0,0,0,,0,unhcr_population,2025-12-31,2026-08-19T14:21:59Z,2026-08-19
JOR,Jordan,2008,500406,668,0,0,0,1370,0,,0,unhcr_population,2025-12-31,2026-08-19T14:21:59Z,2026-08-19
JOR,Jordan,2009,450752,599,0,0,0,2470,0,,0,unhcr_population,2025-12-31,2026-08-19T14:21:59Z,2026-08-19
JOR,Jordan,2010,450908,2137,0,0,0,106,0,,0,unhcr_population,2025-12-31,2026-08-19T14:21:59Z,2026-08-19
JOR,Jordan,2011,451000,4968,0,0,0,4575,0,,0,unhcr_population,2025-12-31,2026-08-19T14:21:59Z,2026-08-19
JOR,Jordan,2012,302700,2934,0,0,0,2820,0,,0,unhcr_population,2025-12-31,2026-08-19T14:21:59Z,2026-08-19
JOR,Jordan,2013,641904,4383,0,0,0,1710,0,,0,unhcr_population,2025-12-31,2026-08-19T14:21:59Z,2026-08-19
JOR,Jordan,2014,654131,18776,0,0,0,750,0,,0,unhcr_population,2025-12-31,2026-08-19T14:21:59Z,2026-08-19
JOR,Jordan,2015,664110,24906,0,0,0,286,0,,0,unhcr_population,2025-12-31,2026-08-19T14:21:59Z,2026-08-19
JOR,Jordan,2016,685188,35600,0,0,0,0,0,,0,unhcr_population,2025-12-31,2026-08-19T14:21:59Z,2026-08-19
JOR,Jordan,2017,691015,43809,0,0,0,8067,0,,0,unhcr_population,2025-12-31,2026-08-19T14:21:59Z,2026-08-19
JOR,Jordan,2018,715298,52536,0,0,1386,8099,0,,0,unhcr_population,2025-12-31,2026-08-19T14:21:59Z,2026-08-19
JOR,Jordan,2019,693668,51283,0,66,2117,29409,0,,0,unhcr_population,2025-12-31,2026-08-19T14:21:59Z,2026-08-19
JOR,Jordan,2020,702461,49686,0,63,988,3888,0,,0,unhcr_population,2025-12-31,2026-08-19T14:21:59Z,2026-08-19
JOR,Jordan,2021,712823,47197,0,63,1031,6927,0,,0,unhcr_population,2025-12-31,2026-08-19T14:21:59Z,2026-08-19
JOR,Jordan,2022,697761,45177,0,64,1385,4429,0,,0,unhcr_population,2025-12-31,2026-08-19T14:21:59Z,2026-08-19
JOR,Jordan,2023,684066,39775,0,68,1293,4453,0,,0,unhcr_population,2025-12-31,2026-08-19T14:21:59Z,2026-08-19
JOR,Jordan,2024,643641,31747,0,17,1209,65382,0,,0,unhcr_population,2025-12-31,2026-08-19T14:21:59Z,2026-08-19
JOR,Jordan,2025,436226,8068,0,13,954,256854,0,,0,unhcr_population,2025-12-31,2026-08-19T14:21:59Z,2026-08-19
JPN,Japan,1977,600,0,0,0,0,0,0,,0,unhcr_population,2025-12-31,2026-08-19T14:21:59Z,2026-08-19
JPN,Japan,1978,610,0,0,0,0,0,0,,0,unhcr_population,2025-12-31,2026-08-19T14:21:59Z,2026-08-19
JPN,Japan,1979,1260,0,0,0,0,0,0,,0,unhcr_population,2025-12-31,2026-08-19T14:21:59Z,2026-08-19
JPN,Japan,1980,2390,0,0,0,0,0,0,,0,unhcr_population,2025-12-31,2026-08-19T14:21:59Z,2026-08-19
JPN,Japan,1981,2520,0,0,0,0,0,0,,0,unhcr_population,2025-12-31,2026-08-19T14:21:59Z,2026-08-19
JPN,Japan,1982,4390,0,0,0,0,0,0,,0,unhcr_population,2025-12-31,2026-08-19T14:21:59Z,2026-08-19
JPN,Japan,1983,4900,0,0,0,0,0,0,,0,unhcr_population,2025-12-31,2026-08-19T14:21:59Z,2026-08-19
JPN,Japan,1984,3967,0,0,0,0,0,0,,0,unhcr_population,2025-12-31,2026-08-19T14:21:59Z,2026-08-19
JPN,Japan,1985,4707,0,0,0,0,0,0,,0,unhcr_population,2025-12-31,2026-08-19T14:21:59Z,2026-08-19
JPN,Japan,1986,5016,0,0,0,0,0,0,,0,unhcr_population,2025-12-31,2026-08-19T14:21:59Z,2026-08-19
JPN,Japan,1987,5601,0,0,0,0,0,0,,0,unhcr_population,2025-12-31,2026-08-19T14:21:59Z,2026-08-19
JPN,Japan,1988,6110,0,0,0,0,0,0,,0,unhcr_population,2025-12-31,2026-08-19T14:21:59Z,2026-08-19
JPN,Japan,1989,6479,0,0,0,0,0,0,,0,unhcr_population,2025-12-31,2026-08-19T14:21:59Z,2026-08-19
JPN,Japan,1990,6819,0,0,0,0,0,0,,0,unhcr_population,2025-12-31,2026-08-19T14:21:59Z,2026-08-19
JPN,Japan,1991,6397,0,0,0,0,0,0,,0,unhcr_population,2025-12-31,2026-08-19T14:21:59Z,2026-08-19
JPN,Japan,1992,6669,0,0,0,0,0,0,,0,unhcr_population,2025-12-31,2026-08-19T14:21:59Z,2026-08-19
JPN,Japan,1993,6495,0,0,0,0,213,0,,0,unhcr_population,2025-12-31,2026-08-19T14:21:59Z,2026-08-19
JPN,Japan,1994,5942,0,0,0,0,547,0,,0,unhcr_population,2025-12-31,2026-08-19T14:21:59Z,2026-08-19
JPN,Japan,1995,5432,0,0,0,0,359,0,,0,unhcr_population,2025-12-31,2026-08-19T14:21:59Z,2026-08-19
JPN,Japan,1996,5278,0,0,0,0,16,0,,0,unhcr_population,2025-12-31,2026-08-19T14:21:59Z,2026-08-19
JPN,Japan,1997,4846,0,0,0,0,7,0,,0,unhcr_population,2025-12-31,2026-08-19T14:21:59Z,2026-08-19
JPN,Japan,1998,4483,0,0,0,0,0,0,,0,unhcr_population,2025-12-31,2026-08-19T14:21:59Z,2026-08-19
JPN,Japan,1999,4233,0,0,0,0,0,0,,0,unhcr_population,2025-12-31,2026-08-19T14:21:59Z,2026-08-19
JPN,Japan,2000,3752,282,0,0,0,5,0,,0,unhcr_population,2025-12-31,2026-08-19T14:21:59Z,2026-08-19
JPN,Japan,2001,3198,321,0,0,0,0,0,,0,unhcr_population,2025-12-31,2026-08-19T14:21:59Z,2026-08-19
JPN,Japan,2002,2658,314,0,0,0,0,0,,0,unhcr_population,2025-12-31,2026-08-19T14:21:59Z,2026-08-19
JPN,Japan,2003,2266,424,0,0,0,0,0,,0,unhcr_population,2025-12-31,2026-08-19T14:21:59Z,2026-08-19
JPN,Japan,2004,1967,474,0,0,0,0,0,,0,unhcr_population,2025-12-31,2026-08-19T14:21:59Z,2026-08-19
JPN,Japan,2005,1940,520,0,1765,0,5,0,,0,unhcr_population,2025-12-31,2026-08-19T14:21:59Z,2026-08-19
JPN,Japan,2006,1842,1214,0,1826,0,0,0,,0,unhcr_population,2025-12-31,2026-08-19T14:21:59Z,2026-08-19
JPN,Japan,2007,1792,1502,0,1717,0,0,0,,0,unhcr_population,2025-12-31,2026-08-19T14:21:59Z,2026-08-19
JPN,Japan,2008,2016,2292,0,1573,0,0,0,,0,unhcr_population,2025-12-31,2026-08-19T14:21:59Z,2026-08-19
JPN,Japan,2009,2331,2931,0,1525,0,0,0,,0,unhcr_population,2025-12-31,2026-08-19T14:21:59Z,2026-08-19
JPN,Japan,2010,2583,3023,0,1397,0,0,0,,0,unhcr_population,2025-12-31,2026-08-19T14:21:59Z,2026-08-19
JPN,Japan,2011,2645,3680,0,1234,0,0,0,,0,unhcr_population,2025-12-31,2026-08-19T14:21:59Z,2026-08-19
JPN,Japan,2012,2579,4695,0,1100,0,0,0,,0,unhcr_population,2025-12-31,2026-08-19T14:21:59Z,2026-08-19
JPN,Japan,2013,2586,6730,0,852,0,0,0,,0,unhcr_population,2025-12-31,2026-08-19T14:21:59Z,2026-08-19
JPN,Japan,2014,2562,9284,0,635,0,0,0,,0,unhcr_population,2025-12-31,2026-08-19T14:21:59Z,2026-08-19
JPN,Japan,2015,2479,13823,0,603,0,5,0,,0,unhcr_population,2025-12-31,2026-08-19T14:21:59Z,2026-08-19
JPN,Japan,2016,2512,18801,0,626,0,0,0,,0,unhcr_population,2025-12-31,2026-08-19T14:21:59Z,2026-08-19
JPN,Japan,2017,2189,31204,0,585,0,0,0,,0,unhcr_population,2025-12-31,2026-08-19T14:21:59Z,2026-08-19
JPN,Japan,2018,1893,29040,0,709,0,0,0,,0,unhcr_population,2025-12-31,2026-08-19T14:21:59Z,2026-08-19
JPN,Japan,2019,1463,29123,0,687,0,0,0,,0,unhcr_population,2025-12-31,2026-08-19T14:21:59Z,2026-08-19
JPN,Japan,2020,1132,23765,0,707,0,0,0,,0,unhcr_population,2025-12-31,2026-08-19T14:21:59Z,2026-08-19
JPN,Japan,2021,1508,16709,0,531,0,0,0,,0,unhcr_population,2025-12-31,2026-08-19T14:21:59Z,2026-08-19
JPN,Japan,2022,15451,12473,0,508,0,0,0,,0,unhcr_population,2025-12-31,2026-08-19T14:21:59Z,2026-08-19
JPN,Japan,2023,22335,23916,0,503,0,0,0,,0,unhcr_population,2025-12-31,2026-08-19T14:21:59Z,2026-08-19
JPN,Japan,2024,29068,31293,0,505,0,0,0,,0,unhcr_population,2025-12-31,2026-08-19T14:21:59Z,2026-08-19
JPN,Japan,2025,42450,22647,0,534,0,0,0,,0,unhcr_population,2025-12-31,2026-08-19T14:21:59Z,2026-08-19
KAZ,Kazakhstan,1993,5000,0,0,0,0,0,0,,0,unhcr_population,2025-12-31,2026-08-19T14:21:59Z,2026-08-19
KAZ,Kazakhstan,1994,5028,0,0,0,0,0,0,,0,unhcr_population,2025-12-31,2026-08-19T14:21:59Z,2026-08-19
KAZ,Kazakhstan,1995,15561,0,0,0,0,0,0,,0,unhcr_population,2025-12-31,2026-08-19T14:21:59Z,2026-08-19
KAZ,Kazakhstan,1996,15577,0,0,0,0,0,0,,0,unhcr_population,2025-12-31,2026-08-19T14:21:59Z,2026-08-19
KAZ,Kazakhstan,1997,15585,0,0,0,0,42,0,,0,unhcr_population,2025-12-31,2026-08-19T14:21:59Z,2026-08-19
KAZ,Kazakhstan,1998,8343,0,0,0,0,16,0,,0,unhcr_population,2025-12-31,2026-08-19T14:21:59Z,2026-08-19
KAZ,Kazakhstan,1999,14799,0,0,0,0,506,0,,0,unhcr_population,2025-12-31,2026-08-19T14:21:59Z,2026-08-19
KAZ,Kazakhstan,2000,20576,5,0,0,160000,377,0,,0,unhcr_population,2025-12-31,2026-08-19T14:21:59Z,2026-08-19
KAZ,Kazakhstan,2001,19529,10,0,0,100000,877,0,,0,unhcr_population,2025-12-31,2026-08-19T14:21:59Z,2026-08-19
KAZ,Kazakhstan,2002,20610,0,0,0,83200,643,0,,0,unhcr_population,2025-12-31,2026-08-19T14:21:59Z,2026-08-19
KAZ,Kazakhstan,2003,15830,0,0,0,18594,71,0,,0,unhcr_population,2025-12-31,2026-08-19T14:21:59Z,2026-08-19
KAZ,Kazakhstan,2004,15845,5,0,58291,0,27,0,,0,unhcr_population,2025-12-31,2026-08-19T14:21:59Z,2026-08-19
KAZ,Kazakhstan,2005,7264,62,0,50576,0,22,0,,0,unhcr_population,2025-12-31,2026-08-19T14:21:59Z,2026-08-19
KAZ,Kazakhstan,2006,4413,93,0,45698,0,23,0,,0,unhcr_population,2025-12-31,2026-08-19T14:21:59Z,2026-08-19
KAZ,Kazakhstan,2007,4283,71,0,7856,0,20,0,,0,unhcr_population,2025-12-31,2026-08-19T14:21:59Z,2026-08-19
KAZ,Kazakhstan,2008,4349,123,0,7602,0,0,0,,0,unhcr_population,2025-12-31,2026-08-19T14:21:59Z,2026-08-19
KAZ,Kazakhstan,2009,4334,129,0,7649,0,5,0,,0,unhcr_population,2025-12-31,2026-08-19T14:21:59Z,2026-08-19
KAZ,Kazakhstan,2010,4403,314,0,7966,0,5,0,,0,unhcr_population,2025-12-31,2026-08-19T14:21:59Z,2026-08-19
KAZ,Kazakhstan,2011,613,63,0,7337,3682,6,0,,0,unhcr_population,2025-12-31,2026-08-19T14:21:59Z,2026-08-19
KAZ,Kazakhstan,2012,561,81,0,6935,3675,14,0,,0,unhcr_population,2025-12-31,2026-08-19T14:21:59Z,2026-08-19
KAZ,Kazakhstan,2013,580,74,0,6942,3675,0,0,,0,unhcr_population,2025-12-31,2026-08-19T14:21:59Z,2026-08-19
KAZ,Kazakhstan,2014,628,92,0,7038,0,2324,0,,0,unhcr_population,2025-12-31,2026-08-19T14:21:59Z,2026-08-19
KAZ,Kazakhstan,2015,701,89,0,7909,0,5,0,,0,unhcr_population,2025-12-31,2026-08-19T14:21:59Z,2026-08-19
KAZ,Kazakhstan,2016,647,133,0,8451,0,5,0,,0,unhcr_population,2025-12-31,2026-08-19T14:21:59Z,2026-08-19
KAZ,Kazakhstan,2017,602,207,0,8138,0,6,0,,0,unhcr_population,2025-12-31,2026-08-19T14:21:59Z,2026-08-19
KAZ,Kazakhstan,2018,568,190,0,7690,0,5,0,,0,unhcr_population,2025-12-31,2026-08-19T14:21:59Z,2026-08-19
KAZ,Kazakhstan,2019,518,212,0,8386,0,0,0,,0,unhcr_population,2025-12-31,2026-08-19T14:21:59Z,2026-08-19
KAZ,Kazakhstan,2020,440,223,0,7999,0,10,0,,0,unhcr_population,2025-12-31,2026-08-19T14:21:59Z,2026-08-19
KAZ,Kazakhstan,2021,352,305,0,7831,0,0,0,,0,unhcr_population,2025-12-31,2026-08-19T14:21:59Z,2026-08-19
KAZ,Kazakhstan,2022,308,840,0,8569,0,0,0,,0,unhcr_population,2025-12-31,2026-08-19T14:21:59Z,2026-08-19
KAZ,Kazakhstan,2023,42685,476,0,7892,0,0,0,,0,unhcr_population,2025-12-31,2026-08-19T14:21:59Z,2026-08-19
KAZ,Kazakhstan,2024,65833,319,0,7865,0,5,0,,0,unhcr_population,2025-12-31,2026-08-19T14:21:59Z,2026-08-19
KAZ,Kazakhstan,2025,4377,163,0,7857,0,0,0,48391,0,unhcr_population,2025-12-31,2026-08-19T14:21:59Z,2026-08-19
KEN,Kenya,1970,930,0,0,0,0,0,0,,0,unhcr_population,2025-12-31,2026-08-19T14:21:59Z,2026-08-19
KEN,Kenya,1971,2600,0,0,0,0,0,0,,0,unhcr_population,2025-12-31,2026-08-19T14:21:59Z,2026-08-19
KEN,Kenya,1972,2490,0,0,0,0,150,0,,0,unhcr_population,2025-12-31,2026-08-19T14:21:59Z,2026-08-19
KEN,Kenya,1973,2970,0,0,0,0,250,0,,0,unhcr_population,2025-12-31,2026-08-19T14:21:59Z,2026-08-19
KEN,Kenya,1974,2740,0,0,0,0,0,0,,0,unhcr_population,2025-12-31,2026-08-19T14:21:59Z,2026-08-19
KEN,Kenya,1975,2450,0,0,0,0,0,0,,0,unhcr_population,2025-12-31,2026-08-19T14:21:59Z,2026-08-19
KEN,Kenya,1976,2500,0,0,0,0,440,0,,0,unhcr_population,2025-12-31,2026-08-19T14:21:59Z,2026-08-19
KEN,Kenya,1977,6010,0,0,0,0,0,0,,0,unhcr_population,2025-12-31,2026-08-19T14:21:59Z,2026-08-19
KEN,Kenya,1978,6500,0,0,0,0,0,0,,0,unhcr_population,2025-12-31,2026-08-19T14:21:59Z,2026-08-19
KEN,Kenya,1979,5810,0,0,0,0,1400,0,,0,unhcr_population,2025-12-31,2026-08-19T14:21:59Z,2026-08-19
KEN,Kenya,1980,3510,0,0,0,0,750,0,,0,unhcr_population,2025-12-31,2026-08-19T14:21:59Z,2026-08-19
KEN,Kenya,1981,3380,0,0,0,0,0,0,,0,unhcr_population,2025-12-31,2026-08-19T14:21:59Z,2026-08-19
KEN,Kenya,1982,4760,0,0,0,0,50,0,,0,unhcr_population,2025-12-31,2026-08-19T14:21:59Z,2026-08-19
KEN,Kenya,1983,6760,0,0,0,0,0,0,,0,unhcr_population,2025-12-31,2026-08-19T14:21:59Z,2026-08-19
KEN,Kenya,1984,8060,0,0,0,0,0,0,,0,unhcr_population,2025-12-31,2026-08-19T14:21:59Z,2026-08-19
KEN,Kenya,1985,8790,0,0,0,0,100,0,,0,unhcr_population,2025-12-31,2026-08-19T14:21:59Z,2026-08-19
KEN,Kenya,1986,8040,0,0,0,0,1450,0,,0,unhcr_population,2025-12-31,2026-08-19T14:21:59Z,2026-08-19
KEN,Kenya,1987,10220,0,0,0,0,260,0,,0,unhcr_population,2025-12-31,2026-08-19T14:21:59Z,2026-08-19
KEN,Kenya,1988,12810,0,0,0,0,460,0,,0,unhcr_population,2025-12-31,2026-08-19T14:21:59Z,2026-08-19
KEN,Kenya,1989,12654,0,0,0,0,310,0,,0,unhcr_population,2025-12-31,2026-08-19T14:21:59Z,2026-08-19
KEN,Kenya,1990,14249,0,0,0,0,80,0,,0,unhcr_population,2025-12-31,2026-08-19T14:21:59Z,2026-08-19
KEN,Kenya,1991,120163,0,0,0,0,60,0,,0,unhcr_population,2025-12-31,2026-08-19T14:21:59Z,2026-08-19
KEN,Kenya,1992,402194,0,0,0,0,18780,0,,0,unhcr_population,2025-12-31,2026-08-19T14:21:59Z,2026-08-19
KEN,Kenya,1993,301595,0,0,0,0,110419,0,,0,unhcr_population,2025-12-31,2026-08-19T14:21:59Z,2026-08-19
KEN,Kenya,1994,252423,0,0,0,0,76315,0,,0,unhcr_population,2025-12-31,2026-08-19T14:21:59Z,2026-08-19
KEN,Kenya,1995,234665,0,0,0,0,44523,0,,0,unhcr_population,2025-12-31,2026-08-19T14:21:59Z,2026-08-19
KEN,Kenya,1996,223640,0,0,0,0,2140,0,,0,unhcr_population,2025-12-31,2026-08-19T14:21:59Z,2026-08-19
KEN,Kenya,1997,232097,0,0,0,0,4077,0,,0,unhcr_population,2025-12-31,2026-08-19T14:21:59Z,2026-08-19
KEN,Kenya,1998,238187,0,0,0,0,5389,0,,0,unhcr_population,2025-12-31,2026-08-19T14:21:59Z,2026-08-19
KEN,Kenya,1999,223696,0,0,0,0,1884,0,,0,unhcr_population,2025-12-31,2026-08-19T14:21:59Z,2026-08-19
KEN,Kenya,2000,206108,8708,0,0,0,1205,0,,0,unhcr_population,2025-12-31,2026-08-19T14:21:59Z,2026-08-19
KEN,Kenya,2001,239221,12596,0,0,0,2532,0,,0,unhcr_population,2025-12-31,2026-08-19T14:21:59Z,2026-08-19
KEN,Kenya,2002,233671,2418,0,0,0,470,0,,0,unhcr_population,2025-12-31,2026-08-19T14:21:59Z,2026-08-19
KEN,Kenya,2003,237509,4015,0,0,0,829,0,,0,unhcr_population,2025-12-31,2026-08-19T14:21:59Z,2026-08-19
KEN,Kenya,2004,239833,9469,0,0,0,177,0,,0,unhcr_population,2025-12-31,2026-08-19T14:21:59Z,2026-08-19
KEN,Kenya,2005,251268,16446,0,0,0,481,0,,0,unhcr_population,2025-12-31,2026-08-19T14:21:59Z,2026-08-19
KEN,Kenya,2006,272529,18508,0,100000,0,2276,0,,0,unhcr_population,2025-12-31,2026-08-19T14:21:59Z,2026-08-19
KEN,Kenya,2007,265729,5762,0,100000,0,19193,0,,0,unhcr_population,2025-12-31,2026-08-19T14:21:59Z,2026-08-19
KEN,Kenya,2008,320598,8762,404000,100000,0,9882,346000,,0,unhcr_population,2025-12-31,2026-08-19T14:21:59Z,2026-08-19
KEN,Kenya,2009,358916,18961,399000,100000,0,665,5000,,0,unhcr_population,2025-12-31,2026-08-19T14:21:59Z,2026-08-19
KEN,Kenya,2010,402891,27957,300000,20000,0,80,0,,0,unhcr_population,2025-12-31,2026-08-19T14:21:59Z,2026-08-19
KEN,Kenya,2011,566482,35268,300000,20000,0,130,0,,0,unhcr_population,2025-12-31,2026-08-19T14:21:59Z,2026-08-19
KEN,Kenya,2012,564921,41940,412000,20000,0,17,0,,0,unhcr_population,2025-12-31,2026-08-19T14:21:59Z,2026-08-19
KEN,Kenya,2013,534935,52271,0,20000,0,5,0,,0,unhcr_population,2025-12-31,2026-08-19T14:21:59Z,2026-08-19
KEN,Kenya,2014,551351,33994,0,20000,0,797,0,,0,unhcr_population,2025-12-31,2026-08-19T14:21:59Z,2026-08-19
KEN,Kenya,2015,553907,39953,0,20000,0,5846,0,,0,unhcr_population,2025-12-31,2026-08-19T14:21:59Z,2026-08-19
KEN,Kenya,2016,451097,43748,0,20000,0,33803,0,,0,unhcr_population,2025-12-31,2026-08-19T14:21:59Z,2026-08-19
KEN,Kenya,2017,431895,56499,0,18500,0,35409,0,,0,unhcr_population,2025-12-31,2026-08-19T14:21:59Z,2026-08-19
KEN,Kenya,2018,421243,50458,0,18500,0,12792,0,,0,unhcr_population,2025-12-31,2026-08-19T14:21:59Z,2026-08-19
KEN,Kenya,2019,438899,50829,0,18500,0,4251,0,,0,unhcr_population,2025-12-31,2026-08-19T14:21:59Z,2026-08-19
KEN,Kenya,2020,452916,51916,0,16820,0,3443,0,,44000,unhcr_population,2025-12-31,2026-08-19T14:21:59Z,2026-08-19
KEN,Kenya,2021,481048,59001,0,16779,0,4064,0,,154150,unhcr_population,2025-12-31,2026-08-19T14:21:59Z,2026-08-19
KEN,Kenya,2022,504473,69011,0,16779,87196,3174,0,,401356,unhcr_population,2025-12-31,2026-08-19T14:21:59Z,2026-08-19
KEN,Kenya,2023,538899,152942,0,9800,64971,4626,0,,401356,unhcr_population,2025-12-31,2026-08-19T14:21:59Z,2026-08-19
KEN,Kenya,2024,604257,219647,0,9800,0,4707,0,,401356,unhcr_population,2025-12-31,2026-08-19T14:21:59Z,2026-08-19
KEN,Kenya,2025,617125,218646,0,9800,0,17486,0,,401356,unhcr_population,2025-12-31,2026-08-19T14:21:59Z,2026-08-19
KGZ,Kyrgyzstan,1993,21242,0,0,0,0,0,0,,0,unhcr_population,2025-12-31,2026-08-19T14:21:59Z,2026-08-19
KGZ,Kyrgyzstan,1994,21239,0,0,0,0,0,0,,0,unhcr_population,2025-12-31,2026-08-19T14:21:59Z,2026-08-19
KGZ,Kyrgyzstan,1995,13407,0,0,0,0,0,0,,0,unhcr_population,2025-12-31,2026-08-19T14:21:59Z,2026-08-19
KGZ,Kyrgyzstan,1996,16707,0,0,0,0,0,0,,0,unhcr_population,2025-12-31,2026-08-19T14:21:59Z,2026-08-19
KGZ,Kyrgyzstan,1997,15276,0,0,0,0,0,0,,0,unhcr_population,2025-12-31,2026-08-19T14:21:59Z,2026-08-19
KGZ,Kyrgyzstan,1998,14560,0,0,0,0,1140,0,,0,unhcr_population,2025-12-31,2026-08-19T14:21:59Z,2026-08-19
KGZ,Kyrgyzstan,1999,10849,0,5569,0,0,1862,0,,0,unhcr_population,2025-12-31,2026-08-19T14:21:59Z,2026-08-19
KGZ,Kyrgyzstan,2000,10609,386,0,0,0,921,5569,,0,unhcr_population,2025-12-31,2026-08-19T14:21:59Z,2026-08-19
KGZ,Kyrgyzstan,2001,9295,470,0,0,0,1190,0,,0,unhcr_population,2025-12-31,2026-08-19T14:21:59Z,2026-08-19
KGZ,Kyrgyzstan,2002,7705,652,0,0,0,196,0,,0,unhcr_population,2025-12-31,2026-08-19T14:21:59Z,2026-08-19
KGZ,Kyrgyzstan,2003,5592,634,0,0,0,98,0,,0,unhcr_population,2025-12-31,2026-08-19T14:21:59Z,2026-08-19
KGZ,Kyrgyzstan,2004,3756,446,0,0,0,16,0,,0,unhcr_population,2025-12-31,2026-08-19T14:21:59Z,2026-08-19
KGZ,Kyrgyzstan,2005,2599,488,0,100000,0,0,0,,0,unhcr_population,2025-12-31,2026-08-19T14:21:59Z,2026-08-19
KGZ,Kyrgyzstan,2006,361,569,0,10190,1129,151,0,,0,unhcr_population,2025-12-31,2026-08-19T14:21:59Z,2026-08-19
KGZ,Kyrgyzstan,2007,722,711,0,9480,0,15,0,,0,unhcr_population,2025-12-31,2026-08-19T14:21:59Z,2026-08-19
KGZ,Kyrgyzstan,2008,374,753,0,19943,0,18,0,,0,unhcr_population,2025-12-31,2026-08-19T14:21:59Z,2026-08-19
KGZ,Kyrgyzstan,2009,422,490,0,24615,0,28,0,,0,unhcr_population,2025-12-31,2026-08-19T14:21:59Z,2026-08-19
KGZ,Kyrgyzstan,2010,2462,548,80000,21157,0,5,200000,,0,unhcr_population,2025-12-31,2026-08-19T14:21:59Z,2026-08-19
KGZ,Kyrgyzstan,2011,6097,404,163900,32300,0,0,8100,,0,unhcr_population,2025-12-31,2026-08-19T14:21:59Z,2026-08-19
KGZ,Kyrgyzstan,2012,4940,348,168600,15473,0,5,3400,,0,unhcr_population,2025-12-31,2026-08-19T14:21:59Z,2026-08-19
KGZ,Kyrgyzstan,2013,468,379,0,11425,0,0,0,,0,unhcr_population,2025-12-31,2026-08-19T14:21:59Z,2026-08-19
KGZ,Kyrgyzstan,2014,484,210,0,12133,0,0,0,,0,unhcr_population,2025-12-31,2026-08-19T14:21:59Z,2026-08-19
KGZ,Kyrgyzstan,2015,349,160,0,9118,0,12,0,,0,unhcr_population,2025-12-31,2026-08-19T14:21:59Z,2026-08-19
KGZ,Kyrgyzstan,2016,334,120,0,2334,0,0,0,,0,unhcr_population,2025-12-31,2026-08-19T14:21:59Z,2026-08-19
KGZ,Kyrgyzstan,2017,334,107,0,855,0,0,0,,0,unhcr_population,2025-12-31,2026-08-19T14:21:59Z,2026-08-19
KGZ,Kyrgyzstan,2018,329,105,0,548,0,5,0,,0,unhcr_population,2025-12-31,2026-08-19T14:21:59Z,2026-08-19
KGZ,Kyrgyzstan,2019,347,164,0,58,0,0,0,,0,unhcr_population,2025-12-31,2026-08-19T14:21:59Z,2026-08-19
KGZ,Kyrgyzstan,2020,334,343,0,18,0,0,0,,0,unhcr_population,2025-12-31,2026-08-19T14:21:59Z,2026-08-19
KGZ,Kyrgyzstan,2021,317,681,0,600,0,0,0,,0,unhcr_population,2025-12-31,2026-08-19T14:21:59Z,2026-08-19
KGZ,Kyrgyzstan,2022,274,669,0,203,0,0,0,,0,unhcr_population,2025-12-31,2026-08-19T14:21:59Z,2026-08-19
KGZ,Kyrgyzstan,2023,27790,1203,0,20,0,0,0,,0,unhcr_population,2025-12-31,2026-08-19T14:21:59Z,2026-08-19
KGZ,Kyrgyzstan,2024,23678,1735,0,925,0,0,0,,0,unhcr_population,2025-12-31,2026-08-19T14:21:59Z,2026-08-19
KGZ,Kyrgyzstan,2025,1150,1981,0,526,0,0,0,53868,0,unhcr_population,2025-12-31,2026-08-19T14:21:59Z,2026-08-19
KHM,Cambodia,1964,10000,0,0,0,0,0,0,,0,unhcr_population,2025-12-31,2026-08-19T14:21:59Z,2026-08-19
KHM,Cambodia,1965,15000,0,0,0,0,0,0,,0,unhcr_population,2025-12-31,2026-08-19T14:21:59Z,2026-08-19
KHM,Cambodia,1966,17000,0,0,0,0,0,0,,0,unhcr_population,2025-12-31,2026-08-19T14:21:59Z,2026-08-19
KHM,Cambodia,1967,20000,0,0,0,0,0,0,,0,unhcr_population,2025-12-31,2026-08-19T14:21:59Z,2026-08-19
KHM,Cambodia,1968,22000,0,0,0,0,0,0,,0,unhcr_population,2025-12-31,2026-08-19T14:21:59Z,2026-08-19
KHM,Cambodia,1969,22000,0,0,0,0,0,0,,0,unhcr_population,2025-12-31,2026-08-19T14:21:59Z,2026-08-19
KHM,Cambodia,1970,20000,0,0,0,0,0,0,,0,unhcr_population,2025-12-31,2026-08-19T14:21:59Z,2026-08-19
KHM,Cambodia,1993,5,0,0,0,0,0,0,,0,unhcr_population,2025-12-31,2026-08-19T14:21:59Z,2026-08-19
KHM,Cambodia,1994,12,0,124100,0,0,0,0,,0,unhcr_population,2025-12-31,2026-08-19T14:21:59Z,2026-08-19
KHM,Cambodia,1995,12,0,49700,0,0,0,0,,0,unhcr_population,2025-12-31,2026-08-19T14:21:59Z,2026-08-19
KHM,Cambodia,1996,18,0,29406,0,0,5,0,,0,unhcr_population,2025-12-31,2026-08-19T14:21:59Z,2026-08-19
KHM,Cambodia,1997,16,0,0,0,0,0,37899,,0,unhcr_population,2025-12-31,2026-08-19T14:21:59Z,2026-08-19
KHM,Cambodia,1998,20,0,0,0,0,0,0,,0,unhcr_population,2025-12-31,2026-08-19T14:21:59Z,2026-08-19
KHM,Cambodia,1999,20,0,0,0,0,0,0,,0,unhcr_population,2025-12-31,2026-08-19T14:21:59Z,2026-08-19
KHM,Cambodia,2000,29,162,0,0,0,0,0,,0,unhcr_population,2025-12-31,2026-08-19T14:21:59Z,2026-08-19
KHM,Cambodia,2001,47,1045,0,0,0,0,0,,0,unhcr_population,2025-12-31,2026-08-19T14:21:59Z,2026-08-19
KHM,Cambodia,2002,192,76,0,0,0,0,0,,0,unhcr_population,2025-12-31,2026-08-19T14:21:59Z,2026-08-19
KHM,Cambodia,2003,76,44,0,0,0,30,0,,0,unhcr_population,2025-12-31,2026-08-19T14:21:59Z,2026-08-19
KHM,Cambodia,2004,380,315,0,0,0,13,0,,0,unhcr_population,2025-12-31,2026-08-19T14:21:59Z,2026-08-19
KHM,Cambodia,2005,122,65,0,0,31,176,0,,0,unhcr_population,2025-12-31,2026-08-19T14:21:59Z,2026-08-19
KHM,Cambodia,2006,92,124,0,0,60,63,0,,0,unhcr_population,2025-12-31,2026-08-19T14:21:59Z,2026-08-19
KHM,Cambodia,2007,175,237,0,0,0,63,0,,0,unhcr_population,2025-12-31,2026-08-19T14:21:59Z,2026-08-19
KHM,Cambodia,2008,160,59,0,0,0,315,0,,0,unhcr_population,2025-12-31,2026-08-19T14:21:59Z,2026-08-19
KHM,Cambodia,2009,131,30,0,0,0,121,0,,0,unhcr_population,2025-12-31,2026-08-19T14:21:59Z,2026-08-19
KHM,Cambodia,2010,124,49,0,0,0,0,0,,0,unhcr_population,2025-12-31,2026-08-19T14:21:59Z,2026-08-19
KHM,Cambodia,2011,61,45,0,0,0,21,0,,0,unhcr_population,2025-12-31,2026-08-19T14:21:59Z,2026-08-19
KHM,Cambodia,2012,75,20,0,0,0,0,0,,0,unhcr_population,2025-12-31,2026-08-19T14:21:59Z,2026-08-19
KHM,Cambodia,2013,64,6,0,0,0,5,0,,0,unhcr_population,2025-12-31,2026-08-19T14:21:59Z,2026-08-19
KHM,Cambodia,2014,59,38,0,0,0,0,0,,0,unhcr_population,2025-12-31,2026-08-19T14:21:59Z,2026-08-19
KHM,Cambodia,2015,74,24,0,0,197,0,0,,0,unhcr_population,2025-12-31,2026-08-19T14:21:59Z,2026-08-19
KHM,Cambodia,2016,61,170,0,0,0,5,0,,0,unhcr_population,2025-12-31,2026-08-19T14:21:59Z,2026-08-19
KHM,Cambodia,2017,61,44,0,0,0,0,0,,0,unhcr_population,2025-12-31,2026-08-19T14:21:59Z,2026-08-19
KHM,Cambodia,2018,0,0,0,57444,0,0,0,,0,unhcr_population,2025-12-31,2026-08-19T14:21:59Z,2026-08-19
KHM,Cambodia,2019,0,27,0,57444,0,0,0,,0,unhcr_population,2025-12-31,2026-08-19T14:21:59Z,2026-08-19
KHM,Cambodia,2020,0,12,0,57444,0,0,0,,0,unhcr_population,2025-12-31,2026-08-19T14:21:59Z,2026-08-19
KHM,Cambodia,2021,24,12,0,75000,0,6,0,,0,unhcr_population,2025-12-31,2026-08-19T14:21:59Z,2026-08-19
KHM,Cambodia,2022,24,12,0,75000,0,0,0,,0,unhcr_population,2025-12-31,2026-08-19T14:21:59Z,2026-08-19
KHM,Cambodia,2023,24,5,0,75000,0,0,0,,0,unhcr_population,2025-12-31,2026-08-19T14:21:59Z,2026-08-19
KHM,Cambodia,2024,23,5,0,75000,0,0,0,,0,unhcr_population,2025-12-31,2026-08-19T14:21:59Z,2026-08-19
KHM,Cambodia,2025,23,5,517555,75000,0,0,131608,,0,unhcr_population,2025-12-31,2026-08-19T14:21:59Z,2026-08-19
KNA,Saint Kitts and Nevis,2017,0,5,0,0,0,0,0,,0,unhcr_population,2025-12-31,2026-08-19T14:21:59Z,2026-08-19
KNA,Saint Kitts and Nevis,2018,5,0,0,0,0,0,0,,0,unhcr_population,2025-12-31,2026-08-19T14:21:59Z,2026-08-19
KNA,Saint Kitts and Nevis,2019,5,0,0,0,0,0,0,,0,unhcr_population,2025-12-31,2026-08-19T14:21:59Z,2026-08-19
KNA,Saint Kitts and Nevis,2020,0,0,0,0,0,0,0,19,0,unhcr_population,2025-12-31,2026-08-19T14:21:59Z,2026-08-19
KNA,Saint Kitts and Nevis,2021,0,0,0,0,0,0,0,60,0,unhcr_population,2025-12-31,2026-08-19T14:21:59Z,2026-08-19
KNA,Saint Kitts and Nevis,2022,0,0,0,0,60,0,0,,0,unhcr_population,2025-12-31,2026-08-19T14:21:59Z,2026-08-19
KNA,Saint Kitts and Nevis,2023,19,0,0,0,0,0,0,,0,unhcr_population,2025-12-31,2026-08-19T14:21:59Z,2026-08-19
KNA,Saint Kitts and Nevis,2024,5,0,0,0,0,0,0,,0,unhcr_population,2025-12-31,2026-08-19T14:21:59Z,2026-08-19
KNA,Saint Kitts and Nevis,2025,5,0,0,0,0,0,0,,0,unhcr_population,2025-12-31,2026-08-19T14:21:59Z,2026-08-19
KOR,Rep. of Korea,1978,70,0,0,0,0,0,0,,0,unhcr_population,2025-12-31,2026-08-19T14:21:59Z,2026-08-19
KOR,Rep. of Korea,1979,170,0,0,0,0,0,0,,0,unhcr_population,2025-12-31,2026-08-19T14:21:59Z,2026-08-19
KOR,Rep. of Korea,1981,60,0,0,0,0,0,0,,0,unhcr_population,2025-12-31,2026-08-19T14:21:59Z,2026-08-19
KOR,Rep. of Korea,1982,70,0,0,0,0,0,0,,0,unhcr_population,2025-12-31,2026-08-19T14:21:59Z,2026-08-19
KOR,Rep. of Korea,1987,60,0,0,0,0,0,0,,0,unhcr_population,2025-12-31,2026-08-19T14:21:59Z,2026-08-19
KOR,Rep. of Korea,1988,120,0,0,0,0,0,0,,0,unhcr_population,2025-12-31,2026-08-19T14:21:59Z,2026-08-19
KOR,Rep. of Korea,1989,230,0,0,0,0,0,0,,0,unhcr_population,2025-12-31,2026-08-19T14:21:59Z,2026-08-19
KOR,Rep. of Korea,1990,230,0,0,0,0,0,0,,0,unhcr_population,2025-12-31,2026-08-19T14:21:59Z,2026-08-19
KOR,Rep. of Korea,1991,162,0,0,0,0,0,0,,0,unhcr_population,2025-12-31,2026-08-19T14:21:59Z,2026-08-19
KOR,Rep. of Korea,1992,149,0,0,0,0,0,0,,0,unhcr_population,2025-12-31,2026-08-19T14:21:59Z,2026-08-19
KOR,Rep. of Korea,1995,5,0,0,0,0,0,0,,0,unhcr_population,2025-12-31,2026-08-19T14:21:59Z,2026-08-19
KOR,Rep. of Korea,1996,5,0,0,0,0,0,0,,0,unhcr_population,2025-12-31,2026-08-19T14:21:59Z,2026-08-19
KOR,Rep. of Korea,1997,5,0,0,0,0,0,0,,0,unhcr_population,2025-12-31,2026-08-19T14:21:59Z,2026-08-19
KOR,Rep. of Korea,1999,5,0,0,0,0,0,0,,0,unhcr_population,2025-12-31,2026-08-19T14:21:59Z,2026-08-19
KOR,Rep. of Korea,2000,5,37,0,0,0,0,0,,0,unhcr_population,2025-12-31,2026-08-19T14:21:59Z,2026-08-19
KOR,Rep. of Korea,2001,5,66,0,0,0,0,0,,0,unhcr_population,2025-12-31,2026-08-19T14:21:59Z,2026-08-19
KOR,Rep. of Korea,2002,15,62,0,0,0,0,0,,0,unhcr_population,2025-12-31,2026-08-19T14:21:59Z,2026-08-19
KOR,Rep. of Korea,2003,20,126,0,0,0,0,0,,0,unhcr_population,2025-12-31,2026-08-19T14:21:59Z,2026-08-19
KOR,Rep. of Korea,2004,37,238,0,0,0,0,0,,0,unhcr_population,2025-12-31,2026-08-19T14:21:59Z,2026-08-19
KOR,Rep. of Korea,2005,61,509,0,0,0,0,0,,0,unhcr_population,2025-12-31,2026-08-19T14:21:59Z,2026-08-19
KOR,Rep. of Korea,2006,90,617,0,0,0,0,0,,0,unhcr_population,2025-12-31,2026-08-19T14:21:59Z,2026-08-19
KOR,Rep. of Korea,2007,108,1152,0,0,0,0,0,,0,unhcr_population,2025-12-31,2026-08-19T14:21:59Z,2026-08-19
KOR,Rep. of Korea,2008,162,1287,0,236,0,0,0,,0,unhcr_population,2025-12-31,2026-08-19T14:21:59Z,2026-08-19
KOR,Rep. of Korea,2009,253,643,0,103,0,0,0,,0,unhcr_population,2025-12-31,2026-08-19T14:21:59Z,2026-08-19
KOR,Rep. of Korea,2010,352,694,0,179,0,0,0,,0,unhcr_population,2025-12-31,2026-08-19T14:21:59Z,2026-08-19
KOR,Rep. of Korea,2011,389,1159,0,179,0,0,0,,0,unhcr_population,2025-12-31,2026-08-19T14:21:59Z,2026-08-19
KOR,Rep. of Korea,2012,488,1526,0,179,0,0,0,,0,unhcr_population,2025-12-31,2026-08-19T14:21:59Z,2026-08-19
KOR,Rep. of Korea,2013,548,2387,0,222,0,0,0,,0,unhcr_population,2025-12-31,2026-08-19T14:21:59Z,2026-08-19
KOR,Rep. of Korea,2014,1164,3470,0,204,0,0,0,,0,unhcr_population,2025-12-31,2026-08-19T14:21:59Z,2026-08-19
KOR,Rep. of Korea,2015,1455,5426,0,197,0,0,0,,0,unhcr_population,2025-12-31,2026-08-19T14:21:59Z,2026-08-19
KOR,Rep. of Korea,2016,1798,6835,0,197,0,0,0,,0,unhcr_population,2025-12-31,2026-08-19T14:21:59Z,2026-08-19
KOR,Rep. of Korea,2017,2238,9559,0,197,0,0,0,,0,unhcr_population,2025-12-31,2026-08-19T14:21:59Z,2026-08-19
KOR,Rep. of Korea,2018,2890,19827,0,197,0,0,0,,0,unhcr_population,2025-12-31,2026-08-19T14:21:59Z,2026-08-19
KOR,Rep. of Korea,2019,3196,25562,0,202,0,0,0,,0,unhcr_population,2025-12-31,2026-08-19T14:21:59Z,2026-08-19
KOR,Rep. of Korea,2020,3443,20073,0,203,0,0,0,,0,unhcr_population,2025-12-31,2026-08-19T14:21:59Z,2026-08-19
KOR,Rep. of Korea,2021,3559,12146,0,202,0,0,0,,0,unhcr_population,2025-12-31,2026-08-19T14:21:59Z,2026-08-19
KOR,Rep. of Korea,2022,3825,15952,0,241,0,0,0,,0,unhcr_population,2025-12-31,2026-08-19T14:21:59Z,2026-08-19
KOR,Rep. of Korea,2023,4053,26738,0,246,0,0,0,,0,unhcr_population,2025-12-31,2026-08-19T14:21:59Z,2026-08-19
KOR,Rep. of Korea,2024,4241,35843,0,248,0,0,0,,0,unhcr_population,2025-12-31,2026-08-19T14:21:59Z,2026-08-19
KOR,Rep. of Korea,2025,4407,39106,0,248,0,0,0,,0,unhcr_population,2025-12-31,2026-08-19T14:21:59Z,2026-08-19
KWT,Kuwait,1979,5000,0,0,0,0,0,0,,0,unhcr_population,2025-12-31,2026-08-19T14:21:59Z,2026-08-19
KWT,Kuwait,1980,5000,0,0,0,0,0,0,,0,unhcr_population,2025-12-31,2026-08-19T14:21:59Z,2026-08-19
KWT,Kuwait,1981,2000,0,0,0,0,0,0,,0,unhcr_population,2025-12-31,2026-08-19T14:21:59Z,2026-08-19
KWT,Kuwait,1982,2220,0,0,0,0,0,0,,0,unhcr_population,2025-12-31,2026-08-19T14:21:59Z,2026-08-19
KWT,Kuwait,1983,2220,0,0,0,0,0,0,,0,unhcr_population,2025-12-31,2026-08-19T14:21:59Z,2026-08-19
KWT,Kuwait,1984,2810,0,0,0,0,0,0,,0,unhcr_population,2025-12-31,2026-08-19T14:21:59Z,2026-08-19
KWT,Kuwait,1985,2280,0,0,0,0,600,0,,0,unhcr_population,2025-12-31,2026-08-19T14:21:59Z,2026-08-19
KWT,Kuwait,1989,210,0,0,0,0,0,0,,0,unhcr_population,2025-12-31,2026-08-19T14:21:59Z,2026-08-19
KWT,Kuwait,1991,45590,0,0,0,0,0,0,,0,unhcr_population,2025-12-31,2026-08-19T14:21:59Z,2026-08-19
KWT,Kuwait,1992,44879,0,0,0,0,0,0,,0,unhcr_population,2025-12-31,2026-08-19T14:21:59Z,2026-08-19
KWT,Kuwait,1993,30000,0,0,0,0,0,0,,0,unhcr_population,2025-12-31,2026-08-19T14:21:59Z,2026-08-19
KWT,Kuwait,1994,30020,0,0,0,0,90,0,,0,unhcr_population,2025-12-31,2026-08-19T14:21:59Z,2026-08-19
KWT,Kuwait,1995,3306,0,0,0,0,211,0,,0,unhcr_population,2025-12-31,2026-08-19T14:21:59Z,2026-08-19
KWT,Kuwait,1996,3831,0,0,0,0,312,0,,0,unhcr_population,2025-12-31,2026-08-19T14:21:59Z,2026-08-19
KWT,Kuwait,1997,3787,0,0,0,138000,0,0,,0,unhcr_population,2025-12-31,2026-08-19T14:21:59Z,2026-08-19
KWT,Kuwait,1998,4181,0,0,0,138000,0,0,,0,unhcr_population,2025-12-31,2026-08-19T14:21:59Z,2026-08-19
KWT,Kuwait,1999,4333,0,0,0,138147,0,0,,0,unhcr_population,2025-12-31,2026-08-19T14:21:59Z,2026-08-19
KWT,Kuwait,2000,2776,56,0,0,138000,0,0,,0,unhcr_population,2025-12-31,2026-08-19T14:21:59Z,2026-08-19
KWT,Kuwait,2001,1255,82,0,0,138000,0,0,,0,unhcr_population,2025-12-31,2026-08-19T14:21:59Z,2026-08-19
KWT,Kuwait,2002,1521,187,0,0,138000,0,0,,0,unhcr_population,2025-12-31,2026-08-19T14:21:59Z,2026-08-19
KWT,Kuwait,2003,1518,192,0,0,101000,0,0,,0,unhcr_population,2025-12-31,2026-08-19T14:21:59Z,2026-08-19
KWT,Kuwait,2004,1519,160,0,80000,21000,0,0,,0,unhcr_population,2025-12-31,2026-08-19T14:21:59Z,2026-08-19
KWT,Kuwait,2005,1523,209,0,80000,21000,0,0,,0,unhcr_population,2025-12-31,2026-08-19T14:21:59Z,2026-08-19
KWT,Kuwait,2006,49,527,0,88086,21000,0,0,,0,unhcr_population,2025-12-31,2026-08-19T14:21:59Z,2026-08-19
KWT,Kuwait,2007,38158,703,0,91000,0,0,0,,0,unhcr_population,2025-12-31,2026-08-19T14:21:59Z,2026-08-19
KWT,Kuwait,2008,38237,2648,0,92000,0,0,0,,0,unhcr_population,2025-12-31,2026-08-19T14:21:59Z,2026-08-19
KWT,Kuwait,2009,222,2984,0,93000,0,0,0,,0,unhcr_population,2025-12-31,2026-08-19T14:21:59Z,2026-08-19
KWT,Kuwait,2010,185,3272,0,93000,0,0,0,,0,unhcr_population,2025-12-31,2026-08-19T14:21:59Z,2026-08-19
KWT,Kuwait,2011,336,1114,0,93000,0,0,0,,0,unhcr_population,2025-12-31,2026-08-19T14:21:59Z,2026-08-19
KWT,Kuwait,2012,676,831,0,93000,0,95,0,,0,unhcr_population,2025-12-31,2026-08-19T14:21:59Z,2026-08-19
KWT,Kuwait,2013,633,1029,0,93000,0,115,0,,0,unhcr_population,2025-12-31,2026-08-19T14:21:59Z,2026-08-19
KWT,Kuwait,2014,611,1039,0,93000,0,43,0,,0,unhcr_population,2025-12-31,2026-08-19T14:21:59Z,2026-08-19
KWT,Kuwait,2015,736,903,0,93000,0,29,0,,0,unhcr_population,2025-12-31,2026-08-19T14:21:59Z,2026-08-19
KWT,Kuwait,2016,935,823,0,93000,0,0,0,,0,unhcr_population,2025-12-31,2026-08-19T14:21:59Z,2026-08-19
KWT,Kuwait,2017,613,948,0,92000,0,5,0,,0,unhcr_population,2025-12-31,2026-08-19T14:21:59Z,2026-08-19
KWT,Kuwait,2018,671,983,0,92000,16,0,0,,0,unhcr_population,2025-12-31,2026-08-19T14:21:59Z,2026-08-19
KWT,Kuwait,2019,686,1079,0,92020,20,0,0,,0,unhcr_population,2025-12-31,2026-08-19T14:21:59Z,2026-08-19
KWT,Kuwait,2020,732,1054,0,92000,20,0,0,,0,unhcr_population,2025-12-31,2026-08-19T14:21:59Z,2026-08-19
KWT,Kuwait,2021,720,1085,0,92000,16,0,0,,0,unhcr_population,2025-12-31,2026-08-19T14:21:59Z,2026-08-19
KWT,Kuwait,2022,684,960,0,92000,13,5,0,,0,unhcr_population,2025-12-31,2026-08-19T14:21:59Z,2026-08-19
KWT,Kuwait,2023,572,879,0,92000,13,0,0,,0,unhcr_population,2025-12-31,2026-08-19T14:21:59Z,2026-08-19
KWT,Kuwait,2024,488,783,0,92000,18,0,0,,0,unhcr_population,2025-12-31,2026-08-19T14:21:59Z,2026-08-19
KWT,Kuwait,2025,386,611,0,92000,35,0,0,,0,unhcr_population,2025-12-31,2026-08-19T14:21:59Z,2026-08-19
LAO,Lao People's Dem. Rep.,1972,700,0,0,0,0,0,0,,0,unhcr_population,2025-12-31,2026-08-19T14:21:59Z,2026-08-19
LAO,Lao People's Dem. Rep.,1975,70,0,0,0,0,0,0,,0,unhcr_population,2025-12-31,2026-08-19T14:21:59Z,2026-08-19
LAO,Lao People's Dem. Rep.,1976,110,0,0,0,0,0,0,,0,unhcr_population,2025-12-31,2026-08-19T14:21:59Z,2026-08-19
LAO,Lao People's Dem. Rep.,1977,100,0,0,0,0,0,0,,0,unhcr_population,2025-12-31,2026-08-19T14:21:59Z,2026-08-19
LAO,Lao People's Dem. Rep.,1978,120,0,0,0,0,0,0,,0,unhcr_population,2025-12-31,2026-08-19T14:21:59Z,2026-08-19
LAO,Lao People's Dem. Rep.,1979,110,0,0,0,0,0,0,,0,unhcr_population,2025-12-31,2026-08-19T14:21:59Z,2026-08-19
LAO,Lao People's Dem. Rep.,1980,10370,0,0,0,0,19940,0,,0,unhcr_population,2025-12-31,2026-08-19T14:21:59Z,2026-08-19
LAO,Lao People's Dem. Rep.,1981,3500,0,0,0,0,6900,0,,0,unhcr_population,2025-12-31,2026-08-19T14:21:59Z,2026-08-19
LAO,Lao People's Dem. Rep.,1982,3500,0,0,0,0,0,0,,0,unhcr_population,2025-12-31,2026-08-19T14:21:59Z,2026-08-19
LAO,Lao People's Dem. Rep.,1983,1260,0,0,0,0,2240,0,,0,unhcr_population,2025-12-31,2026-08-19T14:21:59Z,2026-08-19
LAO,Lao People's Dem. Rep.,1984,1200,0,0,0,0,0,0,,0,unhcr_population,2025-12-31,2026-08-19T14:21:59Z,2026-08-19
LAO,Lao People's Dem. Rep.,1987,80,0,0,0,0,0,0,,0,unhcr_population,2025-12-31,2026-08-19T14:21:59Z,2026-08-19
LBN,Lebanon,1964,1310,0,0,0,0,0,0,,0,unhcr_population,2025-12-31,2026-08-19T14:21:59Z,2026-08-19
LBN,Lebanon,1965,570,0,0,0,0,0,0,,0,unhcr_population,2025-12-31,2026-08-19T14:21:59Z,2026-08-19
LBN,Lebanon,1966,3430,0,0,0,0,0,0,,0,unhcr_population,2025-12-31,2026-08-19T14:21:59Z,2026-08-19
LBN,Lebanon,1968,4510,0,0,0,0,0,0,,0,unhcr_population,2025-12-31,2026-08-19T14:21:59Z,2026-08-19
LBN,Lebanon,1969,4510,0,0,0,0,0,0,,0,unhcr_population,2025-12-31,2026-08-19T14:21:59Z,2026-08-19
LBN,Lebanon,1971,3050,0,0,0,0,0,0,,0,unhcr_population,2025-12-31,2026-08-19T14:21:59Z,2026-08-19
LBN,Lebanon,1972,3340,0,0,0,0,50,0,,0,unhcr_population,2025-12-31,2026-08-19T14:21:59Z,2026-08-19
LBN,Lebanon,1973,3830,0,0,0,0,50,0,,0,unhcr_population,2025-12-31,2026-08-19T14:21:59Z,2026-08-19
LBN,Lebanon,1976,700000,0,0,0,0,0,0,,0,unhcr_population,2025-12-31,2026-08-19T14:21:59Z,2026-08-19
LBN,Lebanon,1977,700000,0,0,0,0,0,0,,0,unhcr_population,2025-12-31,2026-08-19T14:21:59Z,2026-08-19
LBN,Lebanon,1978,5000,0,0,0,0,0,0,,0,unhcr_population,2025-12-31,2026-08-19T14:21:59Z,2026-08-19
LBN,Lebanon,1979,2900,0,0,0,0,0,0,,0,unhcr_population,2025-12-31,2026-08-19T14:21:59Z,2026-08-19
LBN,Lebanon,1980,5000,0,0,0,0,0,0,,0,unhcr_population,2025-12-31,2026-08-19T14:21:59Z,2026-08-19
LBN,Lebanon,1981,3200,0,0,0,0,0,0,,0,unhcr_population,2025-12-31,2026-08-19T14:21:59Z,2026-08-19
LBN,Lebanon,1982,2800,0,0,0,0,6000,0,,0,unhcr_population,2025-12-31,2026-08-19T14:21:59Z,2026-08-19
LBN,Lebanon,1983,2920,0,0,0,0,0,0,,0,unhcr_population,2025-12-31,2026-08-19T14:21:59Z,2026-08-19
LBN,Lebanon,1984,2920,0,0,0,0,0,0,,0,unhcr_population,2025-12-31,2026-08-19T14:21:59Z,2026-08-19
LBN,Lebanon,1985,4890,0,0,0,0,0,0,,0,unhcr_population,2025-12-31,2026-08-19T14:21:59Z,2026-08-19
LBN,Lebanon,1986,5920,0,0,0,0,0,0,,0,unhcr_population,2025-12-31,2026-08-19T14:21:59Z,2026-08-19
LBN,Lebanon,1987,5900,0,0,0,0,0,0,,0,unhcr_population,2025-12-31,2026-08-19T14:21:59Z,2026-08-19
LBN,Lebanon,1988,4420,0,0,0,0,0,0,,0,unhcr_population,2025-12-31,2026-08-19T14:21:59Z,2026-08-19
LBN,Lebanon,1989,4350,0,0,0,0,0,0,,0,unhcr_population,2025-12-31,2026-08-19T14:21:59Z,2026-08-19
LBN,Lebanon,1990,2550,0,0,0,0,0,0,,0,unhcr_population,2025-12-31,2026-08-19T14:21:59Z,2026-08-19
LBN,Lebanon,1991,5223,0,0,0,0,0,0,,0,unhcr_population,2025-12-31,2026-08-19T14:21:59Z,2026-08-19
LBN,Lebanon,1992,6012,0,0,0,0,0,0,,0,unhcr_population,2025-12-31,2026-08-19T14:21:59Z,2026-08-19
LBN,Lebanon,1993,1187,0,0,0,0,0,0,,0,unhcr_population,2025-12-31,2026-08-19T14:21:59Z,2026-08-19
LBN,Lebanon,1994,1359,0,0,0,0,24,0,,0,unhcr_population,2025-12-31,2026-08-19T14:21:59Z,2026-08-19
LBN,Lebanon,1995,1867,0,0,0,0,10,0,,0,unhcr_population,2025-12-31,2026-08-19T14:21:59Z,2026-08-19
LBN,Lebanon,1996,2408,0,0,0,0,70,0,,0,unhcr_population,2025-12-31,2026-08-19T14:21:59Z,2026-08-19
LBN,Lebanon,1997,3062,0,0,0,0,0,0,,0,unhcr_population,2025-12-31,2026-08-19T14:21:59Z,2026-08-19
LBN,Lebanon,1998,3684,0,0,0,0,21,0,,0,unhcr_population,2025-12-31,2026-08-19T14:21:59Z,2026-08-19
LBN,Lebanon,1999,4172,0,0,0,0,0,0,,0,unhcr_population,2025-12-31,2026-08-19T14:21:59Z,2026-08-19
LBN,Lebanon,2000,2672,6023,0,0,0,5,0,,0,unhcr_population,2025-12-31,2026-08-19T14:21:59Z,2026-08-19
LBN,Lebanon,2001,2816,3676,0,0,0,5,0,,0,unhcr_population,2025-12-31,2026-08-19T14:21:59Z,2026-08-19
LBN,Lebanon,2002,2826,156,0,0,0,0,0,,0,unhcr_population,2025-12-31,2026-08-19T14:21:59Z,2026-08-19
LBN,Lebanon,2003,2519,523,0,0,0,29,0,,0,unhcr_population,2025-12-31,2026-08-19T14:21:59Z,2026-08-19
LBN,Lebanon,2004,1753,671,0,0,0,1531,0,,0,unhcr_population,2025-12-31,2026-08-19T14:21:59Z,2026-08-19
LBN,Lebanon,2005,1078,1438,0,0,16,431,0,,0,unhcr_population,2025-12-31,2026-08-19T14:21:59Z,2026-08-19
LBN,Lebanon,2006,20164,2557,200000,0,110,0,550000,,0,unhcr_population,2025-12-31,2026-08-19T14:21:59Z,2026-08-19
LBN,Lebanon,2007,50330,569,70000,0,0,132,130000,,0,unhcr_population,2025-12-31,2026-08-19T14:21:59Z,2026-08-19
LBN,Lebanon,2008,50413,511,0,0,0,114,0,,0,unhcr_population,2025-12-31,2026-08-19T14:21:59Z,2026-08-19
LBN,Lebanon,2009,50398,584,0,0,0,321,0,,0,unhcr_population,2025-12-31,2026-08-19T14:21:59Z,2026-08-19
LBN,Lebanon,2010,8045,1407,0,0,0,40,0,,0,unhcr_population,2025-12-31,2026-08-19T14:21:59Z,2026-08-19
LBN,Lebanon,2011,8971,1725,0,0,4840,560,0,,0,unhcr_population,2025-12-31,2026-08-19T14:21:59Z,2026-08-19
LBN,Lebanon,2012,133913,1906,0,0,0,595,0,,0,unhcr_population,2025-12-31,2026-08-19T14:21:59Z,2026-08-19
LBN,Lebanon,2013,856539,2257,0,0,3688,235,0,,0,unhcr_population,2025-12-31,2026-08-19T14:21:59Z,2026-08-19
LBN,Lebanon,2014,1154029,7435,0,0,5696,109,0,,0,unhcr_population,2025-12-31,2026-08-19T14:21:59Z,2026-08-19
LBN,Lebanon,2015,1070844,12114,0,0,5218,51,0,,0,unhcr_population,2025-12-31,2026-08-19T14:21:59Z,2026-08-19
LBN,Lebanon,2016,1012959,13724,0,0,4574,0,0,,0,unhcr_population,2025-12-31,2026-08-19T14:21:59Z,2026-08-19
LBN,Lebanon,2017,998876,15321,0,0,4183,11858,0,,0,unhcr_population,2025-12-31,2026-08-19T14:21:59Z,2026-08-19
LBN,Lebanon,2018,949653,16404,0,0,3518,14496,0,,0,unhcr_population,2025-12-31,2026-08-19T14:21:59Z,2026-08-19
LBN,Lebanon,2019,916141,12095,0,0,7875,22728,0,,0,unhcr_population,2025-12-31,2026-08-19T14:21:59Z,2026-08-19
LBN,Lebanon,2020,870388,10278,0,0,7149,9351,0,,0,unhcr_population,2025-12-31,2026-08-19T14:21:59Z,2026-08-19
LBN,Lebanon,2021,845865,8717,0,0,14337,3609,0,,0,unhcr_population,2025-12-31,2026-08-19T14:21:59Z,2026-08-19
LBN,Lebanon,2022,818861,7995,0,0,23596,9711,0,,0,unhcr_population,2025-12-31,2026-08-19T14:21:59Z,2026-08-19
LBN,Lebanon,2023,788472,7614,0,0,30053,10130,0,,0,unhcr_population,2025-12-31,2026-08-19T14:21:59Z,2026-08-19
LBN,Lebanon,2024,758642,6748,123774,40000,32201,254651,860740,,0,unhcr_population,2025-12-31,2026-08-19T14:21:59Z,2026-08-19
LBN,Lebanon,2025,535168,7617,64417,40000,26758,465578,60365,,0,unhcr_population,2025-12-31,2026-08-19T14:21:59Z,2026-08-19
LBR,Liberia,1969,1000,0,0,0,0,0,0,,0,unhcr_population,2025-12-31,2026-08-19T14:21:59Z,2026-08-19
LBR,Liberia,1971,60,0,0,0,0,0,0,,0,unhcr_population,2025-12-31,2026-08-19T14:21:59Z,2026-08-19
LBR,Liberia,1977,1550,0,0,0,0,0,0,,0,unhcr_population,2025-12-31,2026-08-19T14:21:59Z,2026-08-19
LBR,Liberia,1983,90,0,0,0,0,0,0,,0,unhcr_population,2025-12-31,2026-08-19T14:21:59Z,2026-08-19
LBR,Liberia,1984,260,0,0,0,0,0,0,,0,unhcr_population,2025-12-31,2026-08-19T14:21:59Z,2026-08-19
LBR,Liberia,1985,180,0,0,0,0,0,0,,0,unhcr_population,2025-12-31,2026-08-19T14:21:59Z,2026-08-19
LBR,Liberia,1986,250,0,0,0,0,0,0,,0,unhcr_population,2025-12-31,2026-08-19T14:21:59Z,2026-08-19
LBR,Liberia,1987,170,0,0,0,0,0,0,,0,unhcr_population,2025-12-31,2026-08-19T14:21:59Z,2026-08-19
LBR,Liberia,1988,80,0,0,0,0,0,0,,0,unhcr_population,2025-12-31,2026-08-19T14:21:59Z,2026-08-19
LBR,Liberia,1989,250,0,0,0,0,0,0,,0,unhcr_population,2025-12-31,2026-08-19T14:21:59Z,2026-08-19
LBR,Liberia,1992,100048,0,0,0,0,9950,0,,0,unhcr_population,2025-12-31,2026-08-19T14:21:59Z,2026-08-19
LBR,Liberia,1993,150155,0,0,0,0,0,0,,0,unhcr_population,2025-12-31,2026-08-19T14:21:59Z,2026-08-19
LBR,Liberia,1994,120164,0,220000,0,0,113,0,,0,unhcr_population,2025-12-31,2026-08-19T14:21:59Z,2026-08-19
LBR,Liberia,1995,120082,0,320000,0,0,0,0,,0,unhcr_population,2025-12-31,2026-08-19T14:21:59Z,2026-08-19
LBR,Liberia,1996,120060,0,320000,0,0,10,0,,0,unhcr_population,2025-12-31,2026-08-19T14:21:59Z,2026-08-19
LBR,Liberia,1997,126882,0,166000,0,0,1800,0,,0,unhcr_population,2025-12-31,2026-08-19T14:21:59Z,2026-08-19
LBR,Liberia,1998,96310,0,128292,0,0,78773,0,,0,unhcr_population,2025-12-31,2026-08-19T14:21:59Z,2026-08-19
LBR,Liberia,1999,96310,0,90584,0,0,3505,47361,,0,unhcr_population,2025-12-31,2026-08-19T14:21:59Z,2026-08-19
LBR,Liberia,2000,69307,0,110686,0,0,7500,13361,,0,unhcr_population,2025-12-31,2026-08-19T14:21:59Z,2026-08-19
LBR,Liberia,2001,54753,0,196116,0,0,15015,0,,0,unhcr_population,2025-12-31,2026-08-19T14:21:59Z,2026-08-19
LBR,Liberia,2002,64946,7,304115,0,0,34593,0,,0,unhcr_population,2025-12-31,2026-08-19T14:21:59Z,2026-08-19
LBR,Liberia,2003,33992,0,531616,0,15000,19510,0,,0,unhcr_population,2025-12-31,2026-08-19T14:21:59Z,2026-08-19
LBR,Liberia,2004,15168,0,498566,0,35,21023,33050,,0,unhcr_population,2025-12-31,2026-08-19T14:21:59Z,2026-08-19
LBR,Liberia,2005,10161,25,237822,0,34,5,260744,,0,unhcr_population,2025-12-31,2026-08-19T14:21:59Z,2026-08-19
LBR,Liberia,2006,16179,48,0,0,8,0,237822,,0,unhcr_population,2025-12-31,2026-08-19T14:21:59Z,2026-08-19
LBR,Liberia,2007,10456,88,0,0,0,0,0,,0,unhcr_population,2025-12-31,2026-08-19T14:21:59Z,2026-08-19
LBR,Liberia,2008,10216,30,0,0,0,5,0,,0,unhcr_population,2025-12-31,2026-08-19T14:21:59Z,2026-08-19
LBR,Liberia,2009,6943,532,0,0,2500,0,0,,0,unhcr_population,2025-12-31,2026-08-19T14:21:59Z,2026-08-19
LBR,Liberia,2010,24735,26,0,0,1850,5,0,,0,unhcr_population,2025-12-31,2026-08-19T14:21:59Z,2026-08-19
LBR,Liberia,2011,128283,569,0,0,1850,135109,0,,0,unhcr_population,2025-12-31,2026-08-19T14:21:59Z,2026-08-19
LBR,Liberia,2012,65899,46,0,0,1606,71987,0,,0,unhcr_population,2025-12-31,2026-08-19T14:21:59Z,2026-08-19
LBR,Liberia,2013,53243,48,0,0,1540,18719,0,,0,unhcr_population,2025-12-31,2026-08-19T14:21:59Z,2026-08-19
LBR,Liberia,2014,38586,33,0,0,1479,12211,0,,0,unhcr_population,2025-12-31,2026-08-19T14:21:59Z,2026-08-19
LBR,Liberia,2015,36495,11,0,0,1479,12059,0,,0,unhcr_population,2025-12-31,2026-08-19T14:21:59Z,2026-08-19
LBR,Liberia,2016,18978,14,0,0,1479,19086,0,,0,unhcr_population,2025-12-31,2026-08-19T14:21:59Z,2026-08-19
LBR,Liberia,2017,11109,30,0,0,374,7638,0,,0,unhcr_population,2025-12-31,2026-08-19T14:21:59Z,2026-08-19
LBR,Liberia,2018,9103,40,0,0,0,991,0,,0,unhcr_population,2025-12-31,2026-08-19T14:21:59Z,2026-08-19
LBR,Liberia,2019,8225,11,0,0,0,1524,0,,0,unhcr_population,2025-12-31,2026-08-19T14:21:59Z,2026-08-19
LBR,Liberia,2020,8213,10668,0,0,0,149,0,,0,unhcr_population,2025-12-31,2026-08-19T14:21:59Z,2026-08-19
LBR,Liberia,2021,8169,9818,0,0,0,20760,0,,0,unhcr_population,2025-12-31,2026-08-19T14:21:59Z,2026-08-19
LBR,Liberia,2022,620,821,0,0,0,12853,0,,0,unhcr_population,2025-12-31,2026-08-19T14:21:59Z,2026-08-19
LBR,Liberia,2023,1164,618,0,0,0,0,0,,0,unhcr_population,2025-12-31,2026-08-19T14:21:59Z,2026-08-19
LBR,Liberia,2024,1167,687,0,0,0,0,0,,0,unhcr_population,2025-12-31,2026-08-19T14:21:59Z,2026-08-19
LBR,Liberia,2025,1172,725,0,0,781,0,0,,0,unhcr_population,2025-12-31,2026-08-19T14:21:59Z,2026-08-19
LBY,Libya,1993,1183,0,0,0,0,0,0,,0,unhcr_population,2025-12-31,2026-08-19T14:21:59Z,2026-08-19
LBY,Libya,1994,2001,0,0,0,0,183,0,,0,unhcr_population,2025-12-31,2026-08-19T14:21:59Z,2026-08-19
LBY,Libya,1995,3973,0,0,0,0,592,0,,0,unhcr_population,2025-12-31,2026-08-19T14:21:59Z,2026-08-19
LBY,Libya,1996,7747,0,0,0,0,1648,0,,0,unhcr_population,2025-12-31,2026-08-19T14:21:59Z,2026-08-19
LBY,Libya,1997,8477,0,0,0,0,1923,0,,0,unhcr_population,2025-12-31,2026-08-19T14:21:59Z,2026-08-19
LBY,Libya,1998,10555,0,0,0,0,0,0,,0,unhcr_population,2025-12-31,2026-08-19T14:21:59Z,2026-08-19
LBY,Libya,1999,10531,0,0,0,0,122,0,,0,unhcr_population,2025-12-31,2026-08-19T14:21:59Z,2026-08-19
LBY,Libya,2000,11541,208,0,0,0,0,0,,0,unhcr_population,2025-12-31,2026-08-19T14:21:59Z,2026-08-19
LBY,Libya,2001,11662,12,0,0,0,0,0,,0,unhcr_population,2025-12-31,2026-08-19T14:21:59Z,2026-08-19
LBY,Libya,2002,11666,29,0,0,0,18,0,,0,unhcr_population,2025-12-31,2026-08-19T14:21:59Z,2026-08-19
LBY,Libya,2003,11899,55,0,0,0,200,0,,0,unhcr_population,2025-12-31,2026-08-19T14:21:59Z,2026-08-19
LBY,Libya,2004,12164,196,0,0,0,44,0,,0,unhcr_population,2025-12-31,2026-08-19T14:21:59Z,2026-08-19
LBY,Libya,2005,12164,196,0,0,0,33,0,,0,unhcr_population,2025-12-31,2026-08-19T14:21:59Z,2026-08-19
LBY,Libya,2006,2760,1985,0,0,0,23,0,,0,unhcr_population,2025-12-31,2026-08-19T14:21:59Z,2026-08-19
LBY,Libya,2007,4090,2771,0,0,0,252,0,,0,unhcr_population,2025-12-31,2026-08-19T14:21:59Z,2026-08-19
LBY,Libya,2008,6713,4833,0,0,0,49,0,,0,unhcr_population,2025-12-31,2026-08-19T14:21:59Z,2026-08-19
LBY,Libya,2009,9000,3311,0,0,0,90,0,,0,unhcr_population,2025-12-31,2026-08-19T14:21:59Z,2026-08-19
LBY,Libya,2010,7922,3185,0,0,0,37,0,,0,unhcr_population,2025-12-31,2026-08-19T14:21:59Z,2026-08-19
LBY,Libya,2011,10129,2883,93565,0,0,18909,458047,,0,unhcr_population,2025-12-31,2026-08-19T14:21:59Z,2026-08-19
LBY,Libya,2012,7065,6544,59425,0,0,615,177452,,0,unhcr_population,2025-12-31,2026-08-19T14:21:59Z,2026-08-19
LBY,Libya,2013,25561,6592,53579,0,0,345,5350,,0,unhcr_population,2025-12-31,2026-08-19T14:21:59Z,2026-08-19
LBY,Libya,2014,27964,8886,363067,0,0,244,0,,0,unhcr_population,2025-12-31,2026-08-19T14:21:59Z,2026-08-19
LBY,Libya,2015,9305,27463,434869,0,0,172,0,,0,unhcr_population,2025-12-31,2026-08-19T14:21:59Z,2026-08-19
LBY,Libya,2016,9311,29221,174510,0,0,9,449840,,0,unhcr_population,2025-12-31,2026-08-19T14:21:59Z,2026-08-19
LBY,Libya,2017,9352,35650,180937,0,0,38,149883,,0,unhcr_population,2025-12-31,2026-08-19T14:21:59Z,2026-08-19
LBY,Libya,2018,8792,47403,170491,0,0,353,43681,,0,unhcr_population,2025-12-31,2026-08-19T14:21:59Z,2026-08-19
LBY,Libya,2019,4730,40718,355672,0,0,166,4369,,0,unhcr_population,2025-12-31,2026-08-19T14:21:59Z,2026-08-19
LBY,Libya,2020,4149,40039,278177,0,0,75,105414,,0,unhcr_population,2025-12-31,2026-08-19T14:21:59Z,2026-08-19
LBY,Libya,2021,3141,36741,179047,0,0,32,107834,,0,unhcr_population,2025-12-31,2026-08-19T14:21:59Z,2026-08-19
LBY,Libya,2022,2208,42509,161613,0,0,155,22376,,0,unhcr_population,2025-12-31,2026-08-19T14:21:59Z,2026-08-19
LBY,Libya,2023,1837,54837,125802,0,0,23,37099,,0,unhcr_population,2025-12-31,2026-08-19T14:21:59Z,2026-08-19
LBY,Libya,2024,200335,76675,32791,0,0,317,93011,,0,unhcr_population,2025-12-31,2026-08-19T14:21:59Z,2026-08-19
LBY,Libya,2025,552523,105954,32791,0,0,2551,0,,0,unhcr_population,2025-12-31,2026-08-19T14:21:59Z,2026-08-19
LCA,Saint Lucia,1997,5,0,0,0,0,0,0,,0,unhcr_population,2025-12-31,2026-08-19T14:21:59Z,2026-08-19
LCA,Saint Lucia,2009,0,5,0,0,0,0,0,,0,unhcr_population,2025-12-31,2026-08-19T14:21:59Z,2026-08-19
LCA,Saint Lucia,2010,0,6,0,0,0,0,0,,0,unhcr_population,2025-12-31,2026-08-19T14:21:59Z,2026-08-19
LCA,Saint Lucia,2011,0,5,0,0,0,0,0,,0,unhcr_population,2025-12-31,2026-08-19T14:21:59Z,2026-08-19
LCA,Saint Lucia,2013,5,0,0,0,0,0,0,,0,unhcr_population,2025-12-31,2026-08-19T14:21:59Z,2026-08-19
LCA,Saint Lucia,2023,0,5,0,0,0,0,0,,0,unhcr_population,2025-12-31,2026-08-19T14:21:59Z,2026-08-19
LCA,Saint Lucia,2024,5,0,0,0,0,0,0,,0,unhcr_population,2025-12-31,2026-08-19T14:21:59Z,2026-08-19
LCA,Saint Lucia,2025,5,0,0,0,0,0,0,,0,unhcr_population,2025-12-31,2026-08-19T14:21:59Z,2026-08-19
LIE,Liechtenstein,2000,70,0,0,0,0,0,0,,0,unhcr_population,2025-12-31,2026-08-19T14:21:59Z,2026-08-19
LIE,Liechtenstein,2001,140,184,0,0,0,0,0,,0,unhcr_population,2025-12-31,2026-08-19T14:21:59Z,2026-08-19
LIE,Liechtenstein,2002,126,126,0,0,0,0,0,,0,unhcr_population,2025-12-31,2026-08-19T14:21:59Z,2026-08-19
LIE,Liechtenstein,2003,147,85,0,0,0,5,0,,0,unhcr_population,2025-12-31,2026-08-19T14:21:59Z,2026-08-19
LIE,Liechtenstein,2004,147,61,0,0,0,0,0,,0,unhcr_population,2025-12-31,2026-08-19T14:21:59Z,2026-08-19
LIE,Liechtenstein,2005,148,58,0,0,0,0,0,,0,unhcr_population,2025-12-31,2026-08-19T14:21:59Z,2026-08-19
LIE,Liechtenstein,2006,274,24,0,0,0,8,0,,0,unhcr_population,2025-12-31,2026-08-19T14:21:59Z,2026-08-19
LIE,Liechtenstein,2007,278,10,0,0,0,0,0,,0,unhcr_population,2025-12-31,2026-08-19T14:21:59Z,2026-08-19
LIE,Liechtenstein,2008,84,10,0,0,0,0,0,,0,unhcr_population,2025-12-31,2026-08-19T14:21:59Z,2026-08-19
LIE,Liechtenstein,2009,86,48,0,6,0,0,0,,0,unhcr_population,2025-12-31,2026-08-19T14:21:59Z,2026-08-19
LIE,Liechtenstein,2010,86,35,0,6,0,0,0,,0,unhcr_population,2025-12-31,2026-08-19T14:21:59Z,2026-08-19
LIE,Liechtenstein,2011,88,48,0,0,0,0,0,,0,unhcr_population,2025-12-31,2026-08-19T14:21:59Z,2026-08-19
LIE,Liechtenstein,2012,103,17,0,5,0,0,0,,0,unhcr_population,2025-12-31,2026-08-19T14:21:59Z,2026-08-19
LIE,Liechtenstein,2013,96,20,0,0,0,0,0,,0,unhcr_population,2025-12-31,2026-08-19T14:21:59Z,2026-08-19
LIE,Liechtenstein,2014,102,66,0,0,0,0,0,,0,unhcr_population,2025-12-31,2026-08-19T14:21:59Z,2026-08-19
LIE,Liechtenstein,2015,146,87,0,0,0,0,0,,0,unhcr_population,2025-12-31,2026-08-19T14:21:59Z,2026-08-19
LIE,Liechtenstein,2016,161,78,0,0,0,0,0,,0,unhcr_population,2025-12-31,2026-08-19T14:21:59Z,2026-08-19
LIE,Liechtenstein,2017,164,79,0,0,0,0,0,,0,unhcr_population,2025-12-31,2026-08-19T14:21:59Z,2026-08-19
LIE,Liechtenstein,2018,166,70,0,0,0,0,0,,0,unhcr_population,2025-12-31,2026-08-19T14:21:59Z,2026-08-19
LIE,Liechtenstein,2019,125,29,0,0,0,0,0,,0,unhcr_population,2025-12-31,2026-08-19T14:21:59Z,2026-08-19
LIE,Liechtenstein,2020,129,20,0,0,0,0,0,,0,unhcr_population,2025-12-31,2026-08-19T14:21:59Z,2026-08-19
LIE,Liechtenstein,2021,133,22,0,0,0,0,0,,0,unhcr_population,2025-12-31,2026-08-19T14:21:59Z,2026-08-19
LIE,Liechtenstein,2022,524,6,0,0,0,0,0,,0,unhcr_population,2025-12-31,2026-08-19T14:21:59Z,2026-08-19
LIE,Liechtenstein,2023,597,10,0,0,0,0,0,,0,unhcr_population,2025-12-31,2026-08-19T14:21:59Z,2026-08-19
LIE,Liechtenstein,2024,841,34,0,0,0,0,0,,0,unhcr_population,2025-12-31,2026-08-19T14:21:59Z,2026-08-19
LIE,Liechtenstein,2025,987,37,0,0,0,0,0,,0,unhcr_population,2025-12-31,2026-08-19T14:21:59Z,2026-08-19
LKA,Sri Lanka,1991,15,0,0,0,0,0,0,,0,unhcr_population,2025-12-31,2026-08-19T14:21:59Z,2026-08-19
LKA,Sri Lanka,1992,21,0,0,0,0,0,0,,0,unhcr_population,2025-12-31,2026-08-19T14:21:59Z,2026-08-19
LKA,Sri Lanka,1993,19,0,29400,0,0,15,0,,0,unhcr_population,2025-12-31,2026-08-19T14:21:59Z,2026-08-19
LKA,Sri Lanka,1994,11,0,9090,0,0,0,0,,0,unhcr_population,2025-12-31,2026-08-19T14:21:59Z,2026-08-19
LKA,Sri Lanka,1995,12,0,200000,0,0,0,0,,0,unhcr_population,2025-12-31,2026-08-19T14:21:59Z,2026-08-19
LKA,Sri Lanka,1996,11,0,200000,0,0,0,0,,0,unhcr_population,2025-12-31,2026-08-19T14:21:59Z,2026-08-19
LKA,Sri Lanka,1997,21,0,200000,0,0,0,0,,0,unhcr_population,2025-12-31,2026-08-19T14:21:59Z,2026-08-19
LKA,Sri Lanka,1998,25,0,603025,0,0,0,30490,,0,unhcr_population,2025-12-31,2026-08-19T14:21:59Z,2026-08-19
LKA,Sri Lanka,1999,18,0,612518,0,0,0,0,,0,unhcr_population,2025-12-31,2026-08-19T14:21:59Z,2026-08-19
LKA,Sri Lanka,2000,12,20,706514,0,0,0,0,,0,unhcr_population,2025-12-31,2026-08-19T14:21:59Z,2026-08-19
LKA,Sri Lanka,2001,13,30,731838,0,0,0,0,,0,unhcr_population,2025-12-31,2026-08-19T14:21:59Z,2026-08-19
LKA,Sri Lanka,2002,22,13,462826,0,0,0,269012,,0,unhcr_population,2025-12-31,2026-08-19T14:21:59Z,2026-08-19
LKA,Sri Lanka,2003,26,5,386104,0,0,5,76722,,0,unhcr_population,2025-12-31,2026-08-19T14:21:59Z,2026-08-19
LKA,Sri Lanka,2004,60,48,351884,0,0,0,34220,,0,unhcr_population,2025-12-31,2026-08-19T14:21:59Z,2026-08-19
LKA,Sri Lanka,2005,106,117,324699,0,0,0,27185,,0,unhcr_population,2025-12-31,2026-08-19T14:21:59Z,2026-08-19
LKA,Sri Lanka,2006,162,130,469165,0,0,0,89405,,0,unhcr_population,2025-12-31,2026-08-19T14:21:59Z,2026-08-19
LKA,Sri Lanka,2007,184,196,459567,0,0,5,158600,,0,unhcr_population,2025-12-31,2026-08-19T14:21:59Z,2026-08-19
LKA,Sri Lanka,2008,271,389,504800,0,0,0,20800,,0,unhcr_population,2025-12-31,2026-08-19T14:21:59Z,2026-08-19
LKA,Sri Lanka,2009,251,338,434900,0,0,0,94600,,0,unhcr_population,2025-12-31,2026-08-19T14:21:59Z,2026-08-19
LKA,Sri Lanka,2010,224,134,273772,0,0,0,161128,,0,unhcr_population,2025-12-31,2026-08-19T14:21:59Z,2026-08-19
LKA,Sri Lanka,2011,187,198,138401,0,0,0,144577,,0,unhcr_population,2025-12-31,2026-08-19T14:21:59Z,2026-08-19
LKA,Sri Lanka,2012,109,255,93482,0,0,0,44610,,0,unhcr_population,2025-12-31,2026-08-19T14:21:59Z,2026-08-19
LKA,Sri Lanka,2013,143,1605,42191,0,0,0,40691,,0,unhcr_population,2025-12-31,2026-08-19T14:21:59Z,2026-08-19
LKA,Sri Lanka,2014,508,945,30847,0,0,0,358,,0,unhcr_population,2025-12-31,2026-08-19T14:21:59Z,2026-08-19
LKA,Sri Lanka,2015,781,602,44934,0,0,0,8112,,0,unhcr_population,2025-12-31,2026-08-19T14:21:59Z,2026-08-19
LKA,Sri Lanka,2016,602,573,39730,0,0,0,12445,,0,unhcr_population,2025-12-31,2026-08-19T14:21:59Z,2026-08-19
LKA,Sri Lanka,2017,820,629,39322,0,0,0,408,,0,unhcr_population,2025-12-31,2026-08-19T14:21:59Z,2026-08-19
LKA,Sri Lanka,2018,796,744,35473,0,0,0,3849,,0,unhcr_population,2025-12-31,2026-08-19T14:21:59Z,2026-08-19
LKA,Sri Lanka,2019,1041,361,25110,0,0,0,10363,,0,unhcr_population,2025-12-31,2026-08-19T14:21:59Z,2026-08-19
LKA,Sri Lanka,2020,1008,224,25013,34,0,0,97,,0,unhcr_population,2025-12-31,2026-08-19T14:21:59Z,2026-08-19
LKA,Sri Lanka,2021,907,201,8767,35,0,0,16519,,0,unhcr_population,2025-12-31,2026-08-19T14:21:59Z,2026-08-19
LKA,Sri Lanka,2022,504,221,8540,36,0,0,227,,0,unhcr_population,2025-12-31,2026-08-19T14:21:59Z,2026-08-19
LKA,Sri Lanka,2023,377,178,4806,111,0,0,3734,,0,unhcr_population,2025-12-31,2026-08-19T14:21:59Z,2026-08-19
LKA,Sri Lanka,2024,232,268,4806,229,0,0,0,,0,unhcr_population,2025-12-31,2026-08-19T14:21:59Z,2026-08-19
LKA,Sri Lanka,2025,213,271,4099,232,0,0,0,,0,unhcr_population,2025-12-31,2026-08-19T14:21:59Z,2026-08-19
LSO,Lesotho,1970,70,0,0,0,0,0,0,,0,unhcr_population,2025-12-31,2026-08-19T14:21:59Z,2026-08-19
LSO,Lesotho,1971,190,0,0,0,0,0,0,,0,unhcr_population,2025-12-31,2026-08-19T14:21:59Z,2026-08-19
LSO,Lesotho,1972,60,0,0,0,0,0,0,,0,unhcr_population,2025-12-31,2026-08-19T14:21:59Z,2026-08-19
LSO,Lesotho,1973,180,0,0,0,0,0,0,,0,unhcr_population,2025-12-31,2026-08-19T14:21:59Z,2026-08-19
LSO,Lesotho,1974,190,0,0,0,0,0,0,,0,unhcr_population,2025-12-31,2026-08-19T14:21:59Z,2026-08-19
LSO,Lesotho,1975,190,0,0,0,0,0,0,,0,unhcr_population,2025-12-31,2026-08-19T14:21:59Z,2026-08-19
LSO,Lesotho,1976,900,0,0,0,0,0,0,,0,unhcr_population,2025-12-31,2026-08-19T14:21:59Z,2026-08-19
LSO,Lesotho,1977,1130,0,0,0,0,0,0,,0,unhcr_population,2025-12-31,2026-08-19T14:21:59Z,2026-08-19
LSO,Lesotho,1978,990,0,0,0,0,0,0,,0,unhcr_population,2025-12-31,2026-08-19T14:21:59Z,2026-08-19
LSO,Lesotho,1979,690,0,0,0,0,50,0,,0,unhcr_population,2025-12-31,2026-08-19T14:21:59Z,2026-08-19
LSO,Lesotho,1980,10000,0,0,0,0,0,0,,0,unhcr_population,2025-12-31,2026-08-19T14:21:59Z,2026-08-19
LSO,Lesotho,1981,11500,0,0,0,0,0,0,,0,unhcr_population,2025-12-31,2026-08-19T14:21:59Z,2026-08-19
LSO,Lesotho,1982,11500,0,0,0,0,80,0,,0,unhcr_population,2025-12-31,2026-08-19T14:21:59Z,2026-08-19
LSO,Lesotho,1983,11500,0,0,0,0,0,0,,0,unhcr_population,2025-12-31,2026-08-19T14:21:59Z,2026-08-19
LSO,Lesotho,1984,11850,0,0,0,0,0,0,,0,unhcr_population,2025-12-31,2026-08-19T14:21:59Z,2026-08-19
LSO,Lesotho,1985,11500,0,0,0,0,0,0,,0,unhcr_population,2025-12-31,2026-08-19T14:21:59Z,2026-08-19
LSO,Lesotho,1986,11500,0,0,0,0,0,0,,0,unhcr_population,2025-12-31,2026-08-19T14:21:59Z,2026-08-19
LSO,Lesotho,1987,4000,0,0,0,0,0,0,,0,unhcr_population,2025-12-31,2026-08-19T14:21:59Z,2026-08-19
LSO,Lesotho,1988,4230,0,0,0,0,0,0,,0,unhcr_population,2025-12-31,2026-08-19T14:21:59Z,2026-08-19
LSO,Lesotho,1989,4248,0,0,0,0,0,0,,0,unhcr_population,2025-12-31,2026-08-19T14:21:59Z,2026-08-19
LSO,Lesotho,1990,212,0,0,0,0,0,0,,0,unhcr_population,2025-12-31,2026-08-19T14:21:59Z,2026-08-19
LSO,Lesotho,1991,220,0,0,0,0,0,0,,0,unhcr_population,2025-12-31,2026-08-19T14:21:59Z,2026-08-19
LSO,Lesotho,1992,117,0,0,0,0,0,0,,0,unhcr_population,2025-12-31,2026-08-19T14:21:59Z,2026-08-19
LSO,Lesotho,1993,60,0,0,0,0,0,0,,0,unhcr_population,2025-12-31,2026-08-19T14:21:59Z,2026-08-19
LSO,Lesotho,1994,57,0,0,0,0,0,0,,0,unhcr_population,2025-12-31,2026-08-19T14:21:59Z,2026-08-19
LSO,Lesotho,2001,39,0,0,0,0,0,0,,0,unhcr_population,2025-12-31,2026-08-19T14:21:59Z,2026-08-19
LSO,Lesotho,2011,38,0,0,0,0,0,0,,0,unhcr_population,2025-12-31,2026-08-19T14:21:59Z,2026-08-19
LSO,Lesotho,2012,33,0,0,0,0,0,0,,0,unhcr_population,2025-12-31,2026-08-19T14:21:59Z,2026-08-19
LSO,Lesotho,2013,29,0,0,0,0,0,0,,0,unhcr_population,2025-12-31,2026-08-19T14:21:59Z,2026-08-19
LSO,Lesotho,2014,43,0,0,0,0,0,0,,0,unhcr_population,2025-12-31,2026-08-19T14:21:59Z,2026-08-19
LSO,Lesotho,2015,31,0,0,0,0,0,0,,0,unhcr_population,2025-12-31,2026-08-19T14:21:59Z,2026-08-19
LSO,Lesotho,2016,46,5,0,0,0,0,0,,0,unhcr_population,2025-12-31,2026-08-19T14:21:59Z,2026-08-19
LSO,Lesotho,2017,55,28,0,0,0,0,0,,0,unhcr_population,2025-12-31,2026-08-19T14:21:59Z,2026-08-19
LSO,Lesotho,2018,56,36,0,0,0,0,0,,0,unhcr_population,2025-12-31,2026-08-19T14:21:59Z,2026-08-19
LSO,Lesotho,2019,143,78,0,0,0,0,0,,0,unhcr_population,2025-12-31,2026-08-19T14:21:59Z,2026-08-19
LSO,Lesotho,2020,271,179,0,0,0,0,0,,0,unhcr_population,2025-12-31,2026-08-19T14:21:59Z,2026-08-19
LSO,Lesotho,2021,296,226,0,0,0,0,0,,0,unhcr_population,2025-12-31,2026-08-19T14:21:59Z,2026-08-19
LSO,Lesotho,2022,251,288,0,0,6,0,0,,0,unhcr_population,2025-12-31,2026-08-19T14:21:59Z,2026-08-19
LSO,Lesotho,2023,319,363,0,0,6,0,0,,0,unhcr_population,2025-12-31,2026-08-19T14:21:59Z,2026-08-19
LSO,Lesotho,2024,419,191,0,0,6,0,0,,0,unhcr_population,2025-12-31,2026-08-19T14:21:59Z,2026-08-19
LSO,Lesotho,2025,478,202,0,0,6,0,0,,0,unhcr_population,2025-12-31,2026-08-19T14:21:59Z,2026-08-19
LTU,Lithuania,1997,5,0,0,0,0,0,0,,0,unhcr_population,2025-12-31,2026-08-19T14:21:59Z,2026-08-19
LTU,Lithuania,1998,30,0,0,0,0,0,0,,0,unhcr_population,2025-12-31,2026-08-19T14:21:59Z,2026-08-19
LTU,Lithuania,1999,38,0,0,0,0,0,0,,0,unhcr_population,2025-12-31,2026-08-19T14:21:59Z,2026-08-19
LTU,Lithuania,2000,48,56,0,0,50,0,0,,0,unhcr_population,2025-12-31,2026-08-19T14:21:59Z,2026-08-19
LTU,Lithuania,2001,283,84,0,0,0,0,0,,0,unhcr_population,2025-12-31,2026-08-19T14:21:59Z,2026-08-19
LTU,Lithuania,2002,363,212,0,0,32,0,0,,0,unhcr_population,2025-12-31,2026-08-19T14:21:59Z,2026-08-19
LTU,Lithuania,2003,399,90,0,0,0,0,0,,0,unhcr_population,2025-12-31,2026-08-19T14:21:59Z,2026-08-19
LTU,Lithuania,2004,469,22,0,9028,0,0,0,,0,unhcr_population,2025-12-31,2026-08-19T14:21:59Z,2026-08-19
LTU,Lithuania,2005,527,51,0,8708,0,0,0,,0,unhcr_population,2025-12-31,2026-08-19T14:21:59Z,2026-08-19
LTU,Lithuania,2006,527,40,0,7215,0,0,0,,0,unhcr_population,2025-12-31,2026-08-19T14:21:59Z,2026-08-19
LTU,Lithuania,2007,688,25,0,5900,0,0,0,,0,unhcr_population,2025-12-31,2026-08-19T14:21:59Z,2026-08-19
LTU,Lithuania,2008,749,93,0,5900,0,0,0,,0,unhcr_population,2025-12-31,2026-08-19T14:21:59Z,2026-08-19
LTU,Lithuania,2009,790,69,0,3902,0,0,0,,0,unhcr_population,2025-12-31,2026-08-19T14:21:59Z,2026-08-19
LTU,Lithuania,2010,808,67,0,3674,0,5,0,,0,unhcr_population,2025-12-31,2026-08-19T14:21:59Z,2026-08-19
LTU,Lithuania,2011,824,73,0,3480,0,0,0,,0,unhcr_population,2025-12-31,2026-08-19T14:21:59Z,2026-08-19
LTU,Lithuania,2012,871,70,0,4130,0,0,0,,0,unhcr_population,2025-12-31,2026-08-19T14:21:59Z,2026-08-19
LTU,Lithuania,2013,918,74,0,3892,0,0,0,,0,unhcr_population,2025-12-31,2026-08-19T14:21:59Z,2026-08-19
LTU,Lithuania,2014,1007,139,0,3645,0,0,0,,0,unhcr_population,2025-12-31,2026-08-19T14:21:59Z,2026-08-19
LTU,Lithuania,2015,1094,75,0,3466,0,0,0,,0,unhcr_population,2025-12-31,2026-08-19T14:21:59Z,2026-08-19
LTU,Lithuania,2016,1284,147,0,3466,0,0,0,,0,unhcr_population,2025-12-31,2026-08-19T14:21:59Z,2026-08-19
LTU,Lithuania,2017,1577,249,0,3193,0,0,0,,0,unhcr_population,2025-12-31,2026-08-19T14:21:59Z,2026-08-19
LTU,Lithuania,2018,1731,273,0,3039,0,0,0,,0,unhcr_population,2025-12-31,2026-08-19T14:21:59Z,2026-08-19
LTU,Lithuania,2019,1822,408,0,2940,0,0,0,,0,unhcr_population,2025-12-31,2026-08-19T14:21:59Z,2026-08-19
LTU,Lithuania,2020,1880,122,0,2720,0,0,0,,0,unhcr_population,2025-12-31,2026-08-19T14:21:59Z,2026-08-19
LTU,Lithuania,2021,1880,122,0,2720,0,0,0,,0,unhcr_population,2025-12-31,2026-08-19T14:21:59Z,2026-08-19
LTU,Lithuania,2022,67638,491,0,2427,0,7000,0,,0,unhcr_population,2025-12-31,2026-08-19T14:21:59Z,2026-08-19
LTU,Lithuania,2023,80225,333,0,2331,0,10000,0,,0,unhcr_population,2025-12-31,2026-08-19T14:21:59Z,2026-08-19
LTU,Lithuania,2024,53561,298,0,2236,0,4000,0,,0,unhcr_population,2025-12-31,2026-08-19T14:21:59Z,2026-08-19
LTU,Lithuania,2025,54381,156,0,2143,0,3000,0,,0,unhcr_population,2025-12-31,2026-08-19T14:21:59Z,2026-08-19
LUX,Luxembourg,1951,1800,0,0,0,0,0,0,,0,unhcr_population,2025-12-31,2026-08-19T14:21:59Z,2026-08-19
LUX,Luxembourg,1952,1800,0,0,0,0,0,0,,0,unhcr_population,2025-12-31,2026-08-19T14:21:59Z,2026-08-19
LUX,Luxembourg,1953,1800,0,0,0,0,0,0,,0,unhcr_population,2025-12-31,2026-08-19T14:21:59Z,2026-08-19
LUX,Luxembourg,1954,1800,0,0,0,0,0,0,,0,unhcr_population,2025-12-31,2026-08-19T14:21:59Z,2026-08-19
LUX,Luxembourg,1955,1800,0,0,0,0,0,0,,0,unhcr_population,2025-12-31,2026-08-19T14:21:59Z,2026-08-19
LUX,Luxembourg,1956,1900,0,0,0,0,0,0,,0,unhcr_population,2025-12-31,2026-08-19T14:21:59Z,2026-08-19
LUX,Luxembourg,1957,1900,0,0,0,0,0,0,,0,unhcr_population,2025-12-31,2026-08-19T14:21:59Z,2026-08-19
LUX,Luxembourg,1958,1900,0,0,0,0,0,0,,0,unhcr_population,2025-12-31,2026-08-19T14:21:59Z,2026-08-19
LUX,Luxembourg,1959,1900,0,0,0,0,0,0,,0,unhcr_population,2025-12-31,2026-08-19T14:21:59Z,2026-08-19
LUX,Luxembourg,1960,1900,0,0,0,0,0,0,,0,unhcr_population,2025-12-31,2026-08-19T14:21:59Z,2026-08-19
LUX,Luxembourg,1961,1900,0,0,0,0,0,0,,0,unhcr_population,2025-12-31,2026-08-19T14:21:59Z,2026-08-19
LUX,Luxembourg,1962,1900,0,0,0,0,0,0,,0,unhcr_population,2025-12-31,2026-08-19T14:21:59Z,2026-08-19
LUX,Luxembourg,1963,1900,0,0,0,0,0,0,,0,unhcr_population,2025-12-31,2026-08-19T14:21:59Z,2026-08-19
LUX,Luxembourg,1990,687,0,0,0,0,0,0,,0,unhcr_population,2025-12-31,2026-08-19T14:21:59Z,2026-08-19
LUX,Luxembourg,1991,692,0,0,0,0,0,0,,0,unhcr_population,2025-12-31,2026-08-19T14:21:59Z,2026-08-19
LUX,Luxembourg,1992,2208,0,0,0,0,0,0,,0,unhcr_population,2025-12-31,2026-08-19T14:21:59Z,2026-08-19
LUX,Luxembourg,1993,225,0,0,0,0,0,0,,0,unhcr_population,2025-12-31,2026-08-19T14:21:59Z,2026-08-19
LUX,Luxembourg,1994,300,0,0,0,0,0,0,,0,unhcr_population,2025-12-31,2026-08-19T14:21:59Z,2026-08-19
LUX,Luxembourg,1995,700,0,0,0,0,0,0,,0,unhcr_population,2025-12-31,2026-08-19T14:21:59Z,2026-08-19
LUX,Luxembourg,1996,700,0,0,0,0,0,0,,0,unhcr_population,2025-12-31,2026-08-19T14:21:59Z,2026-08-19
LUX,Luxembourg,1997,700,0,0,0,0,0,0,,0,unhcr_population,2025-12-31,2026-08-19T14:21:59Z,2026-08-19
LUX,Luxembourg,1998,700,0,0,0,0,0,0,,0,unhcr_population,2025-12-31,2026-08-19T14:21:59Z,2026-08-19
LUX,Luxembourg,1999,700,0,0,0,0,194,0,,0,unhcr_population,2025-12-31,2026-08-19T14:21:59Z,2026-08-19
LUX,Luxembourg,2000,759,0,0,0,0,195,0,,0,unhcr_population,2025-12-31,2026-08-19T14:21:59Z,2026-08-19
LUX,Luxembourg,2001,1201,0,0,0,0,5,0,,0,unhcr_population,2025-12-31,2026-08-19T14:21:59Z,2026-08-19
LUX,Luxembourg,2002,1201,0,0,0,0,0,0,,0,unhcr_population,2025-12-31,2026-08-19T14:21:59Z,2026-08-19
LUX,Luxembourg,2003,1201,0,0,0,0,5,0,,0,unhcr_population,2025-12-31,2026-08-19T14:21:59Z,2026-08-19
LUX,Luxembourg,2004,1590,0,0,0,0,0,0,,0,unhcr_population,2025-12-31,2026-08-19T14:21:59Z,2026-08-19
LUX,Luxembourg,2005,1822,0,0,0,0,74,0,,0,unhcr_population,2025-12-31,2026-08-19T14:21:59Z,2026-08-19
LUX,Luxembourg,2006,2206,50,0,0,0,54,0,,0,unhcr_population,2025-12-31,2026-08-19T14:21:59Z,2026-08-19
LUX,Luxembourg,2007,2737,38,0,154,0,22,0,,0,unhcr_population,2025-12-31,2026-08-19T14:21:59Z,2026-08-19
LUX,Luxembourg,2008,3109,29,0,162,0,31,0,,0,unhcr_population,2025-12-31,2026-08-19T14:21:59Z,2026-08-19
LUX,Luxembourg,2009,3230,442,0,177,0,41,0,,0,unhcr_population,2025-12-31,2026-08-19T14:21:59Z,2026-08-19
LUX,Luxembourg,2010,3254,660,0,173,0,0,0,,0,unhcr_population,2025-12-31,2026-08-19T14:21:59Z,2026-08-19
LUX,Luxembourg,2011,2855,1694,0,177,0,0,0,,0,unhcr_population,2025-12-31,2026-08-19T14:21:59Z,2026-08-19
LUX,Luxembourg,2012,2910,1239,0,177,0,0,0,,0,unhcr_population,2025-12-31,2026-08-19T14:21:59Z,2026-08-19
LUX,Luxembourg,2013,901,1003,0,177,0,0,0,,0,unhcr_population,2025-12-31,2026-08-19T14:21:59Z,2026-08-19
LUX,Luxembourg,2014,1091,1226,0,81,0,0,0,,0,unhcr_population,2025-12-31,2026-08-19T14:21:59Z,2026-08-19
LUX,Luxembourg,2015,1306,2349,0,82,0,0,0,,0,unhcr_population,2025-12-31,2026-08-19T14:21:59Z,2026-08-19
LUX,Luxembourg,2016,2020,2186,0,83,0,0,0,,0,unhcr_population,2025-12-31,2026-08-19T14:21:59Z,2026-08-19
LUX,Luxembourg,2017,2020,1495,0,83,0,0,0,,0,unhcr_population,2025-12-31,2026-08-19T14:21:59Z,2026-08-19
LUX,Luxembourg,2018,2020,1485,0,83,0,0,0,,0,unhcr_population,2025-12-31,2026-08-19T14:21:59Z,2026-08-19
LUX,Luxembourg,2019,2548,1785,0,135,85,0,0,,0,unhcr_population,2025-12-31,2026-08-19T14:21:59Z,2026-08-19
LUX,Luxembourg,2020,5158,1400,0,196,85,0,0,,0,unhcr_population,2025-12-31,2026-08-19T14:21:59Z,2026-08-19
LUX,Luxembourg,2021,6011,1765,0,196,85,0,0,,0,unhcr_population,2025-12-31,2026-08-19T14:21:59Z,2026-08-19
LUX,Luxembourg,2022,11952,2615,0,196,80,0,0,,0,unhcr_population,2025-12-31,2026-08-19T14:21:59Z,2026-08-19
LUX,Luxembourg,2023,13735,3745,0,201,80,0,0,,0,unhcr_population,2025-12-31,2026-08-19T14:21:59Z,2026-08-19
LUX,Luxembourg,2024,10059,4285,0,85,6,0,0,,0,unhcr_population,2025-12-31,2026-08-19T14:21:59Z,2026-08-19
LUX,Luxembourg,2025,10284,3050,0,102,6,0,0,,0,unhcr_population,2025-12-31,2026-08-19T14:21:59Z,2026-08-19
LVA,Latvia,1999,5,0,0,0,5,0,0,,0,unhcr_population,2025-12-31,2026-08-19T14:21:59Z,2026-08-19
LVA,Latvia,2000,5,0,0,0,5,0,0,,0,unhcr_population,2025-12-31,2026-08-19T14:21:59Z,2026-08-19
LVA,Latvia,2001,5,0,0,0,0,0,0,,0,unhcr_population,2025-12-31,2026-08-19T14:21:59Z,2026-08-19
LVA,Latvia,2002,5,8,0,0,0,0,0,,0,unhcr_population,2025-12-31,2026-08-19T14:21:59Z,2026-08-19
LVA,Latvia,2003,16,0,0,0,0,0,0,,0,unhcr_population,2025-12-31,2026-08-19T14:21:59Z,2026-08-19
LVA,Latvia,2004,10,0,0,452176,0,5,0,,0,unhcr_population,2025-12-31,2026-08-19T14:21:59Z,2026-08-19
LVA,Latvia,2005,10,7,0,418638,0,0,0,,0,unhcr_population,2025-12-31,2026-08-19T14:21:59Z,2026-08-19
LVA,Latvia,2006,22,0,0,393012,0,0,0,,0,unhcr_population,2025-12-31,2026-08-19T14:21:59Z,2026-08-19
LVA,Latvia,2007,27,11,0,372622,0,0,0,,0,unhcr_population,2025-12-31,2026-08-19T14:21:59Z,2026-08-19
LVA,Latvia,2008,27,33,0,365417,0,0,0,,0,unhcr_population,2025-12-31,2026-08-19T14:21:59Z,2026-08-19
LVA,Latvia,2009,40,54,0,344263,0,0,0,,0,unhcr_population,2025-12-31,2026-08-19T14:21:59Z,2026-08-19
LVA,Latvia,2010,60,43,0,326906,0,0,0,,0,unhcr_population,2025-12-31,2026-08-19T14:21:59Z,2026-08-19
LVA,Latvia,2011,88,216,0,312362,0,0,0,,0,unhcr_population,2025-12-31,2026-08-19T14:21:59Z,2026-08-19
LVA,Latvia,2012,113,171,0,280759,0,0,0,,0,unhcr_population,2025-12-31,2026-08-19T14:21:59Z,2026-08-19
LVA,Latvia,2013,149,183,0,267789,0,0,0,,0,unhcr_population,2025-12-31,2026-08-19T14:21:59Z,2026-08-19
LVA,Latvia,2014,168,235,0,262802,0,0,0,,0,unhcr_population,2025-12-31,2026-08-19T14:21:59Z,2026-08-19
LVA,Latvia,2015,193,182,0,252195,0,0,0,,0,unhcr_population,2025-12-31,2026-08-19T14:21:59Z,2026-08-19
LVA,Latvia,2016,340,151,0,242736,0,0,0,,0,unhcr_population,2025-12-31,2026-08-19T14:21:59Z,2026-08-19
LVA,Latvia,2017,653,54,0,233571,0,0,0,,0,unhcr_population,2025-12-31,2026-08-19T14:21:59Z,2026-08-19
LVA,Latvia,2018,664,45,0,224844,0,0,0,,0,unhcr_population,2025-12-31,2026-08-19T14:21:59Z,2026-08-19
LVA,Latvia,2019,665,41,0,216851,0,0,0,,0,unhcr_population,2025-12-31,2026-08-19T14:21:59Z,2026-08-19
LVA,Latvia,2020,637,73,0,209167,0,0,0,,0,unhcr_population,2025-12-31,2026-08-19T14:21:59Z,2026-08-19
LVA,Latvia,2021,705,209,0,195354,0,0,0,,0,unhcr_population,2025-12-31,2026-08-19T14:21:59Z,2026-08-19
LVA,Latvia,2022,39055,249,0,187564,0,2000,0,,0,unhcr_population,2025-12-31,2026-08-19T14:21:59Z,2026-08-19
LVA,Latvia,2023,45761,552,0,180614,0,4000,0,,0,unhcr_population,2025-12-31,2026-08-19T14:21:59Z,2026-08-19
LVA,Latvia,2024,49220,263,0,173891,0,0,0,,0,unhcr_population,2025-12-31,2026-08-19T14:21:59Z,2026-08-19
LVA,Latvia,2025,32454,487,0,167512,0,0,0,,0,unhcr_population,2025-12-31,2026-08-19T14:21:59Z,2026-08-19
MAC,"China, Macao SAR",1964,80000,0,0,0,0,0,0,,0,unhcr_population,2025-12-31,2026-08-19T14:21:59Z,2026-08-19
MAC,"China, Macao SAR",1965,80000,0,0,0,0,0,0,,0,unhcr_population,2025-12-31,2026-08-19T14:21:59Z,2026-08-19
MAC,"China, Macao SAR",1966,73770,0,0,0,0,0,0,,0,unhcr_population,2025-12-31,2026-08-19T14:21:59Z,2026-08-19
MAC,"China, Macao SAR",1967,74000,0,0,0,0,0,0,,0,unhcr_population,2025-12-31,2026-08-19T14:21:59Z,2026-08-19
MAC,"China, Macao SAR",1968,70000,0,0,0,0,0,0,,0,unhcr_population,2025-12-31,2026-08-19T14:21:59Z,2026-08-19
MAC,"China, Macao SAR",1969,65000,0,0,0,0,0,0,,0,unhcr_population,2025-12-31,2026-08-19T14:21:59Z,2026-08-19
MAC,"China, Macao SAR",1970,66000,0,0,0,0,0,0,,0,unhcr_population,2025-12-31,2026-08-19T14:21:59Z,2026-08-19
MAC,"China, Macao SAR",1971,70000,0,0,0,0,0,0,,0,unhcr_population,2025-12-31,2026-08-19T14:21:59Z,2026-08-19
MAC,"China, Macao SAR",1972,80000,0,0,0,0,0,0,,0,unhcr_population,2025-12-31,2026-08-19T14:21:59Z,2026-08-19
MAC,"China, Macao SAR",1978,850,0,0,0,0,0,0,,0,unhcr_population,2025-12-31,2026-08-19T14:21:59Z,2026-08-19
MAC,"China, Macao SAR",1979,3490,0,0,0,0,0,0,,0,unhcr_population,2025-12-31,2026-08-19T14:21:59Z,2026-08-19
MAC,"China, Macao SAR",1980,2920,0,0,0,0,0,0,,0,unhcr_population,2025-12-31,2026-08-19T14:21:59Z,2026-08-19
MAC,"China, Macao SAR",1981,1200,0,0,0,0,1520,0,,0,unhcr_population,2025-12-31,2026-08-19T14:21:59Z,2026-08-19
MAC,"China, Macao SAR",1982,970,0,0,0,0,0,0,,0,unhcr_population,2025-12-31,2026-08-19T14:21:59Z,2026-08-19
MAC,"China, Macao SAR",1983,800,0,0,0,0,0,0,,0,unhcr_population,2025-12-31,2026-08-19T14:21:59Z,2026-08-19
MAC,"China, Macao SAR",1984,730,0,0,0,0,0,0,,0,unhcr_population,2025-12-31,2026-08-19T14:21:59Z,2026-08-19
MAC,"China, Macao SAR",1985,700,0,0,0,0,0,0,,0,unhcr_population,2025-12-31,2026-08-19T14:21:59Z,2026-08-19
MAC,"China, Macao SAR",1986,600,0,0,0,0,0,0,,0,unhcr_population,2025-12-31,2026-08-19T14:21:59Z,2026-08-19
MAC,"China, Macao SAR",1987,500,0,0,0,0,0,0,,0,unhcr_population,2025-12-31,2026-08-19T14:21:59Z,2026-08-19
MAC,"China, Macao SAR",1988,440,0,0,0,0,0,0,,0,unhcr_population,2025-12-31,2026-08-19T14:21:59Z,2026-08-19
MAC,"China, Macao SAR",1989,422,0,0,0,0,0,0,,0,unhcr_population,2025-12-31,2026-08-19T14:21:59Z,2026-08-19
MAC,"China, Macao SAR",1990,205,0,0,0,0,0,0,,0,unhcr_population,2025-12-31,2026-08-19T14:21:59Z,2026-08-19
MAC,"China, Macao SAR",1991,116,0,0,0,0,0,0,,0,unhcr_population,2025-12-31,2026-08-19T14:21:59Z,2026-08-19
MAC,"China, Macao SAR",1992,15,0,0,0,0,0,0,,0,unhcr_population,2025-12-31,2026-08-19T14:21:59Z,2026-08-19
MAC,"China, Macao SAR",1993,10,0,0,0,0,0,0,,0,unhcr_population,2025-12-31,2026-08-19T14:21:59Z,2026-08-19
MAC,"China, Macao SAR",1994,9,0,0,0,0,0,0,,0,unhcr_population,2025-12-31,2026-08-19T14:21:59Z,2026-08-19
MAC,"China, Macao SAR",1995,8,0,0,0,0,0,0,,0,unhcr_population,2025-12-31,2026-08-19T14:21:59Z,2026-08-19
MAC,"China, Macao SAR",2009,6,5,0,0,0,0,0,,0,unhcr_population,2025-12-31,2026-08-19T14:21:59Z,2026-08-19
MAC,"China, Macao SAR",2010,0,10,0,0,0,0,0,,0,unhcr_population,2025-12-31,2026-08-19T14:21:59Z,2026-08-19
MAC,"China, Macao SAR",2011,0,10,0,0,0,0,0,,0,unhcr_population,2025-12-31,2026-08-19T14:21:59Z,2026-08-19
MAC,"China, Macao SAR",2012,0,5,0,0,0,0,0,,0,unhcr_population,2025-12-31,2026-08-19T14:21:59Z,2026-08-19
MAC,"China, Macao SAR",2013,0,5,0,0,0,0,0,,0,unhcr_population,2025-12-31,2026-08-19T14:21:59Z,2026-08-19
MAC,"China, Macao SAR",2014,0,5,0,0,0,0,0,,0,unhcr_population,2025-12-31,2026-08-19T14:21:59Z,2026-08-19
MAC,"China, Macao SAR",2015,0,5,0,0,0,0,0,,0,unhcr_population,2025-12-31,2026-08-19T14:21:59Z,2026-08-19
MAC,"China, Macao SAR",2016,0,5,0,0,0,0,0,,0,unhcr_population,2025-12-31,2026-08-19T14:21:59Z,2026-08-19
MAC,"China, Macao SAR",2017,0,5,0,0,0,0,0,,0,unhcr_population,2025-12-31,2026-08-19T14:21:59Z,2026-08-19
MAR,Morocco,1951,3000,0,0,0,0,0,0,,0,unhcr_population,2025-12-31,2026-08-19T14:21:59Z,2026-08-19
MAR,Morocco,1952,2900,0,0,0,0,0,0,,0,unhcr_population,2025-12-31,2026-08-19T14:21:59Z,2026-08-19
MAR,Morocco,1953,2800,0,0,0,0,0,0,,0,unhcr_population,2025-12-31,2026-08-19T14:21:59Z,2026-08-19
MAR,Morocco,1954,3500,0,0,0,0,0,0,,0,unhcr_population,2025-12-31,2026-08-19T14:21:59Z,2026-08-19
MAR,Morocco,1958,2700,0,0,0,0,0,0,,0,unhcr_population,2025-12-31,2026-08-19T14:21:59Z,2026-08-19
MAR,Morocco,1959,2700,0,0,0,0,0,0,,0,unhcr_population,2025-12-31,2026-08-19T14:21:59Z,2026-08-19
MAR,Morocco,1960,2700,0,0,0,0,0,0,,0,unhcr_population,2025-12-31,2026-08-19T14:21:59Z,2026-08-19
MAR,Morocco,1961,2900,0,0,0,0,0,0,,0,unhcr_population,2025-12-31,2026-08-19T14:21:59Z,2026-08-19
MAR,Morocco,1962,2900,0,0,0,0,0,0,,0,unhcr_population,2025-12-31,2026-08-19T14:21:59Z,2026-08-19
MAR,Morocco,1963,3200,0,0,0,0,0,0,,0,unhcr_population,2025-12-31,2026-08-19T14:21:59Z,2026-08-19
MAR,Morocco,1964,3000,0,0,0,0,0,0,,0,unhcr_population,2025-12-31,2026-08-19T14:21:59Z,2026-08-19
MAR,Morocco,1965,2360,0,0,0,0,300,0,,0,unhcr_population,2025-12-31,2026-08-19T14:21:59Z,2026-08-19
MAR,Morocco,1966,2180,0,0,0,0,0,0,,0,unhcr_population,2025-12-31,2026-08-19T14:21:59Z,2026-08-19
MAR,Morocco,1967,3000,0,0,0,0,0,0,,0,unhcr_population,2025-12-31,2026-08-19T14:21:59Z,2026-08-19
MAR,Morocco,1968,1480,0,0,0,0,0,0,,0,unhcr_population,2025-12-31,2026-08-19T14:21:59Z,2026-08-19
MAR,Morocco,1969,1440,0,0,0,0,0,0,,0,unhcr_population,2025-12-31,2026-08-19T14:21:59Z,2026-08-19
MAR,Morocco,1970,1440,0,0,0,0,0,0,,0,unhcr_population,2025-12-31,2026-08-19T14:21:59Z,2026-08-19
MAR,Morocco,1971,1430,0,0,0,0,0,0,,0,unhcr_population,2025-12-31,2026-08-19T14:21:59Z,2026-08-19
MAR,Morocco,1972,1380,0,0,0,0,0,0,,0,unhcr_population,2025-12-31,2026-08-19T14:21:59Z,2026-08-19
MAR,Morocco,1973,860,0,0,0,0,0,0,,0,unhcr_population,2025-12-31,2026-08-19T14:21:59Z,2026-08-19
MAR,Morocco,1974,620,0,0,0,0,0,0,,0,unhcr_population,2025-12-31,2026-08-19T14:21:59Z,2026-08-19
MAR,Morocco,1975,510,0,0,0,0,0,0,,0,unhcr_population,2025-12-31,2026-08-19T14:21:59Z,2026-08-19
MAR,Morocco,1976,360,0,0,0,0,0,0,,0,unhcr_population,2025-12-31,2026-08-19T14:21:59Z,2026-08-19
MAR,Morocco,1977,500,0,0,0,0,0,0,,0,unhcr_population,2025-12-31,2026-08-19T14:21:59Z,2026-08-19
MAR,Morocco,1978,500,0,0,0,0,0,0,,0,unhcr_population,2025-12-31,2026-08-19T14:21:59Z,2026-08-19
MAR,Morocco,1979,500,0,0,0,0,0,0,,0,unhcr_population,2025-12-31,2026-08-19T14:21:59Z,2026-08-19
MAR,Morocco,1980,340,0,0,0,0,0,0,,0,unhcr_population,2025-12-31,2026-08-19T14:21:59Z,2026-08-19
MAR,Morocco,1981,500,0,0,0,0,0,0,,0,unhcr_population,2025-12-31,2026-08-19T14:21:59Z,2026-08-19
MAR,Morocco,1982,510,0,0,0,0,0,0,,0,unhcr_population,2025-12-31,2026-08-19T14:21:59Z,2026-08-19
MAR,Morocco,1983,540,0,0,0,0,0,0,,0,unhcr_population,2025-12-31,2026-08-19T14:21:59Z,2026-08-19
MAR,Morocco,1984,800,0,0,0,0,0,0,,0,unhcr_population,2025-12-31,2026-08-19T14:21:59Z,2026-08-19
MAR,Morocco,1985,860,0,0,0,0,0,0,,0,unhcr_population,2025-12-31,2026-08-19T14:21:59Z,2026-08-19
MAR,Morocco,1986,800,0,0,0,0,0,0,,0,unhcr_population,2025-12-31,2026-08-19T14:21:59Z,2026-08-19
MAR,Morocco,1987,800,0,0,0,0,0,0,,0,unhcr_population,2025-12-31,2026-08-19T14:21:59Z,2026-08-19
MAR,Morocco,1988,800,0,0,0,0,0,0,,0,unhcr_population,2025-12-31,2026-08-19T14:21:59Z,2026-08-19
MAR,Morocco,1989,303,0,0,0,0,0,0,,0,unhcr_population,2025-12-31,2026-08-19T14:21:59Z,2026-08-19
MAR,Morocco,1990,311,0,0,0,0,0,0,,0,unhcr_population,2025-12-31,2026-08-19T14:21:59Z,2026-08-19
MAR,Morocco,1991,322,0,0,0,0,0,0,,0,unhcr_population,2025-12-31,2026-08-19T14:21:59Z,2026-08-19
MAR,Morocco,1992,319,0,0,0,0,0,0,,0,unhcr_population,2025-12-31,2026-08-19T14:21:59Z,2026-08-19
MAR,Morocco,1993,336,0,0,0,0,0,0,,0,unhcr_population,2025-12-31,2026-08-19T14:21:59Z,2026-08-19
MAR,Morocco,1994,336,0,0,0,0,0,0,,0,unhcr_population,2025-12-31,2026-08-19T14:21:59Z,2026-08-19
MAR,Morocco,1995,38,0,0,0,0,0,0,,0,unhcr_population,2025-12-31,2026-08-19T14:21:59Z,2026-08-19
MAR,Morocco,1996,36,0,0,0,0,0,0,,0,unhcr_population,2025-12-31,2026-08-19T14:21:59Z,2026-08-19
MAR,Morocco,1997,42,0,0,0,0,0,0,,0,unhcr_population,2025-12-31,2026-08-19T14:21:59Z,2026-08-19
MAR,Morocco,1998,901,0,0,0,0,0,0,,0,unhcr_population,2025-12-31,2026-08-19T14:21:59Z,2026-08-19
MAR,Morocco,1999,901,0,0,0,0,0,0,,0,unhcr_population,2025-12-31,2026-08-19T14:21:59Z,2026-08-19
MAR,Morocco,2000,2107,0,0,0,0,0,0,,0,unhcr_population,2025-12-31,2026-08-19T14:21:59Z,2026-08-19
MAR,Morocco,2001,2093,448,0,0,0,0,0,,0,unhcr_population,2025-12-31,2026-08-19T14:21:59Z,2026-08-19
MAR,Morocco,2002,2127,111,0,0,0,0,0,,0,unhcr_population,2025-12-31,2026-08-19T14:21:59Z,2026-08-19
MAR,Morocco,2003,2119,174,0,0,0,0,0,,0,unhcr_population,2025-12-31,2026-08-19T14:21:59Z,2026-08-19
MAR,Morocco,2004,189,174,0,5,0,0,0,,0,unhcr_population,2025-12-31,2026-08-19T14:21:59Z,2026-08-19
MAR,Morocco,2005,210,1838,0,5,0,0,0,,0,unhcr_population,2025-12-31,2026-08-19T14:21:59Z,2026-08-19
MAR,Morocco,2006,495,1368,0,0,0,0,0,,0,unhcr_population,2025-12-31,2026-08-19T14:21:59Z,2026-08-19
MAR,Morocco,2007,779,667,0,0,0,0,0,,0,unhcr_population,2025-12-31,2026-08-19T14:21:59Z,2026-08-19
MAR,Morocco,2008,768,439,0,0,0,10,0,,0,unhcr_population,2025-12-31,2026-08-19T14:21:59Z,2026-08-19
MAR,Morocco,2009,776,315,0,0,0,13,0,,0,unhcr_population,2025-12-31,2026-08-19T14:21:59Z,2026-08-19
MAR,Morocco,2010,798,269,0,0,0,0,0,,0,unhcr_population,2025-12-31,2026-08-19T14:21:59Z,2026-08-19
MAR,Morocco,2011,736,602,0,0,0,0,0,,0,unhcr_population,2025-12-31,2026-08-19T14:21:59Z,2026-08-19
MAR,Morocco,2012,745,2161,0,0,0,5,0,,0,unhcr_population,2025-12-31,2026-08-19T14:21:59Z,2026-08-19
MAR,Morocco,2013,1458,3486,0,0,0,34,0,,0,unhcr_population,2025-12-31,2026-08-19T14:21:59Z,2026-08-19
MAR,Morocco,2014,1205,1828,0,0,0,5,0,,0,unhcr_population,2025-12-31,2026-08-19T14:21:59Z,2026-08-19
MAR,Morocco,2015,3899,1534,0,0,0,15,0,,0,unhcr_population,2025-12-31,2026-08-19T14:21:59Z,2026-08-19
MAR,Morocco,2016,4762,1943,0,0,0,0,0,,0,unhcr_population,2025-12-31,2026-08-19T14:21:59Z,2026-08-19
MAR,Morocco,2017,4703,2050,0,0,0,0,0,,0,unhcr_population,2025-12-31,2026-08-19T14:21:59Z,2026-08-19
MAR,Morocco,2018,5932,1829,0,0,0,0,0,,0,unhcr_population,2025-12-31,2026-08-19T14:21:59Z,2026-08-19
MAR,Morocco,2019,6642,3079,0,0,0,0,0,,0,unhcr_population,2025-12-31,2026-08-19T14:21:59Z,2026-08-19
MAR,Morocco,2020,6505,7011,0,0,0,0,0,,0,unhcr_population,2025-12-31,2026-08-19T14:21:59Z,2026-08-19
MAR,Morocco,2021,7272,10956,0,0,0,0,0,,0,unhcr_population,2025-12-31,2026-08-19T14:21:59Z,2026-08-19
MAR,Morocco,2022,7907,10159,0,0,0,0,0,,0,unhcr_population,2025-12-31,2026-08-19T14:21:59Z,2026-08-19
MAR,Morocco,2023,8295,11340,0,0,0,0,0,,0,unhcr_population,2025-12-31,2026-08-19T14:21:59Z,2026-08-19
MAR,Morocco,2024,7470,11378,0,0,0,0,0,,0,unhcr_population,2025-12-31,2026-08-19T14:21:59Z,2026-08-19
MAR,Morocco,2025,7304,15033,0,0,0,0,0,,0,unhcr_population,2025-12-31,2026-08-19T14:21:59Z,2026-08-19
MCO,Monaco,2011,37,0,0,0,0,0,0,,0,unhcr_population,2025-12-31,2026-08-19T14:21:59Z,2026-08-19
MCO,Monaco,2012,37,0,0,0,0,0,0,,0,unhcr_population,2025-12-31,2026-08-19T14:21:59Z,2026-08-19
MCO,Monaco,2013,34,0,0,0,0,0,0,,0,unhcr_population,2025-12-31,2026-08-19T14:21:59Z,2026-08-19
MCO,Monaco,2014,33,0,0,0,0,0,0,,0,unhcr_population,2025-12-31,2026-08-19T14:21:59Z,2026-08-19
MCO,Monaco,2015,32,0,0,0,0,0,0,,0,unhcr_population,2025-12-31,2026-08-19T14:21:59Z,2026-08-19
MCO,Monaco,2016,27,0,0,0,0,0,0,,0,unhcr_population,2025-12-31,2026-08-19T14:21:59Z,2026-08-19
MCO,Monaco,2017,25,0,0,0,0,0,0,,0,unhcr_population,2025-12-31,2026-08-19T14:21:59Z,2026-08-19
MCO,Monaco,2018,25,0,0,0,0,0,0,,0,unhcr_population,2025-12-31,2026-08-19T14:21:59Z,2026-08-19
MCO,Monaco,2019,22,0,0,0,0,0,0,,0,unhcr_population,2025-12-31,2026-08-19T14:21:59Z,2026-08-19
MCO,Monaco,2020,22,0,0,0,0,0,0,,0,unhcr_population,2025-12-31,2026-08-19T14:21:59Z,2026-08-19
MCO,Monaco,2021,17,0,0,0,0,0,0,,0,unhcr_population,2025-12-31,2026-08-19T14:21:59Z,2026-08-19
MCO,Monaco,2022,17,0,0,0,0,0,0,,0,unhcr_population,2025-12-31,2026-08-19T14:21:59Z,2026-08-19
MCO,Monaco,2023,17,0,0,0,0,0,0,,0,unhcr_population,2025-12-31,2026-08-19T14:21:59Z,2026-08-19
MCO,Monaco,2024,17,0,0,0,0,0,0,,0,unhcr_population,2025-12-31,2026-08-19T14:21:59Z,2026-08-19
MCO,Monaco,2025,17,0,0,0,0,0,0,,0,unhcr_population,2025-12-31,2026-08-19T14:21:59Z,2026-08-19
MDA,Rep. of Moldova,1997,0,0,1278,0,0,0,0,,0,unhcr_population,2025-12-31,2026-08-19T14:21:59Z,2026-08-19
MDA,Rep. of Moldova,1998,0,0,1278,0,0,0,0,,0,unhcr_population,2025-12-31,2026-08-19T14:21:59Z,2026-08-19
MDA,Rep. of Moldova,1999,10,0,8080,0,0,0,0,,0,unhcr_population,2025-12-31,2026-08-19T14:21:59Z,2026-08-19
MDA,Rep. of Moldova,2000,64,187,8080,0,0,0,0,,0,unhcr_population,2025-12-31,2026-08-19T14:21:59Z,2026-08-19
MDA,Rep. of Moldova,2001,156,105,1000,0,0,9,0,,0,unhcr_population,2025-12-31,2026-08-19T14:21:59Z,2026-08-19
MDA,Rep. of Moldova,2002,172,83,1000,0,0,7,0,,0,unhcr_population,2025-12-31,2026-08-19T14:21:59Z,2026-08-19
MDA,Rep. of Moldova,2003,97,131,0,0,0,42,0,,0,unhcr_population,2025-12-31,2026-08-19T14:21:59Z,2026-08-19
MDA,Rep. of Moldova,2004,51,184,0,0,0,44,0,,0,unhcr_population,2025-12-31,2026-08-19T14:21:59Z,2026-08-19
MDA,Rep. of Moldova,2005,79,137,0,1530,0,15,0,,0,unhcr_population,2025-12-31,2026-08-19T14:21:59Z,2026-08-19
MDA,Rep. of Moldova,2006,157,60,0,1706,0,5,0,,0,unhcr_population,2025-12-31,2026-08-19T14:21:59Z,2026-08-19
MDA,Rep. of Moldova,2007,140,63,0,1663,0,5,0,,0,unhcr_population,2025-12-31,2026-08-19T14:21:59Z,2026-08-19
MDA,Rep. of Moldova,2008,135,18,0,1807,0,5,0,,0,unhcr_population,2025-12-31,2026-08-19T14:21:59Z,2026-08-19
MDA,Rep. of Moldova,2009,131,45,0,2014,0,0,0,,0,unhcr_population,2025-12-31,2026-08-19T14:21:59Z,2026-08-19
MDA,Rep. of Moldova,2010,132,74,0,2031,0,0,0,,0,unhcr_population,2025-12-31,2026-08-19T14:21:59Z,2026-08-19
MDA,Rep. of Moldova,2011,131,42,0,2073,0,0,0,,0,unhcr_population,2025-12-31,2026-08-19T14:21:59Z,2026-08-19
MDA,Rep. of Moldova,2012,176,53,0,1998,0,0,0,,0,unhcr_population,2025-12-31,2026-08-19T14:21:59Z,2026-08-19
MDA,Rep. of Moldova,2013,237,62,0,2029,0,0,0,,0,unhcr_population,2025-12-31,2026-08-19T14:21:59Z,2026-08-19
MDA,Rep. of Moldova,2014,323,130,0,2036,0,0,0,,0,unhcr_population,2025-12-31,2026-08-19T14:21:59Z,2026-08-19
MDA,Rep. of Moldova,2015,434,94,0,5014,0,0,0,,0,unhcr_population,2025-12-31,2026-08-19T14:21:59Z,2026-08-19
MDA,Rep. of Moldova,2016,419,75,0,4776,0,0,0,,0,unhcr_population,2025-12-31,2026-08-19T14:21:59Z,2026-08-19
MDA,Rep. of Moldova,2017,391,61,0,4569,0,0,0,,0,unhcr_population,2025-12-31,2026-08-19T14:21:59Z,2026-08-19
MDA,Rep. of Moldova,2018,409,93,0,4451,0,0,0,,0,unhcr_population,2025-12-31,2026-08-19T14:21:59Z,2026-08-19
MDA,Rep. of Moldova,2019,417,94,0,3500,0,0,0,,0,unhcr_population,2025-12-31,2026-08-19T14:21:59Z,2026-08-19
MDA,Rep. of Moldova,2020,405,59,0,3405,0,0,0,,0,unhcr_population,2025-12-31,2026-08-19T14:21:59Z,2026-08-19
MDA,Rep. of Moldova,2021,349,56,0,3343,0,0,0,,0,unhcr_population,2025-12-31,2026-08-19T14:21:59Z,2026-08-19
MDA,Rep. of Moldova,2022,105374,3620,0,3307,0,16000,0,,0,unhcr_population,2025-12-31,2026-08-19T14:21:59Z,2026-08-19
MDA,Rep. of Moldova,2023,120947,556,0,3267,0,6000,0,,0,unhcr_population,2025-12-31,2026-08-19T14:21:59Z,2026-08-19
MDA,Rep. of Moldova,2024,135941,904,0,3164,0,6000,0,,0,unhcr_population,2025-12-31,2026-08-19T14:21:59Z,2026-08-19
MDA,Rep. of Moldova,2025,149324,594,0,3422,0,6000,0,,0,unhcr_population,2025-12-31,2026-08-19T14:21:59Z,2026-08-19
MDG,Madagascar,1994,73,0,0,0,0,0,0,,0,unhcr_population,2025-12-31,2026-08-19T14:21:59Z,2026-08-19
MDG,Madagascar,1999,28,0,0,0,0,0,0,,0,unhcr_population,2025-12-31,2026-08-19T14:21:59Z,2026-08-19
MDG,Madagascar,2000,50,0,0,0,0,0,0,,0,unhcr_population,2025-12-31,2026-08-19T14:21:59Z,2026-08-19
MDG,Madagascar,2001,34,0,0,0,0,0,0,,0,unhcr_population,2025-12-31,2026-08-19T14:21:59Z,2026-08-19
MDG,Madagascar,2002,0,0,0,0,0,15,0,,0,unhcr_population,2025-12-31,2026-08-19T14:21:59Z,2026-08-19
MDG,Madagascar,2011,5,0,0,0,0,0,0,,0,unhcr_population,2025-12-31,2026-08-19T14:21:59Z,2026-08-19
MDG,Madagascar,2012,5,0,0,0,0,0,0,,0,unhcr_population,2025-12-31,2026-08-19T14:21:59Z,2026-08-19
MDG,Madagascar,2013,11,0,0,0,0,0,0,,0,unhcr_population,2025-12-31,2026-08-19T14:21:59Z,2026-08-19
MDG,Madagascar,2014,11,5,0,0,0,0,0,,0,unhcr_population,2025-12-31,2026-08-19T14:21:59Z,2026-08-19
MDG,Madagascar,2015,6,10,0,0,0,0,0,,0,unhcr_population,2025-12-31,2026-08-19T14:21:59Z,2026-08-19
MDG,Madagascar,2016,22,27,0,0,0,0,0,,0,unhcr_population,2025-12-31,2026-08-19T14:21:59Z,2026-08-19
MDG,Madagascar,2017,39,57,0,0,0,0,0,,0,unhcr_population,2025-12-31,2026-08-19T14:21:59Z,2026-08-19
MDG,Madagascar,2018,39,90,0,0,0,0,0,,0,unhcr_population,2025-12-31,2026-08-19T14:21:59Z,2026-08-19
MDG,Madagascar,2019,113,128,0,0,0,0,0,,0,unhcr_population,2025-12-31,2026-08-19T14:21:59Z,2026-08-19
MDG,Madagascar,2020,112,189,0,0,0,0,0,,0,unhcr_population,2025-12-31,2026-08-19T14:21:59Z,2026-08-19
MDG,Madagascar,2021,165,122,0,0,10,6,0,,0,unhcr_population,2025-12-31,2026-08-19T14:21:59Z,2026-08-19
MDG,Madagascar,2022,119,114,0,0,12,0,0,,0,unhcr_population,2025-12-31,2026-08-19T14:21:59Z,2026-08-19
MDG,Madagascar,2023,49,938,0,0,19,0,0,,0,unhcr_population,2025-12-31,2026-08-19T14:21:59Z,2026-08-19
MDG,Madagascar,2024,83,1173,0,0,20,0,0,,0,unhcr_population,2025-12-31,2026-08-19T14:21:59Z,2026-08-19
MDG,Madagascar,2025,87,1279,0,0,26,0,0,,0,unhcr_population,2025-12-31,2026-08-19T14:21:59Z,2026-08-19
MEX,Mexico,1970,3000,0,0,0,0,0,0,,0,unhcr_population,2025-12-31,2026-08-19T14:21:59Z,2026-08-19
MEX,Mexico,1971,3000,0,0,0,0,0,0,,0,unhcr_population,2025-12-31,2026-08-19T14:21:59Z,2026-08-19
MEX,Mexico,1972,3000,0,0,0,0,0,0,,0,unhcr_population,2025-12-31,2026-08-19T14:21:59Z,2026-08-19
MEX,Mexico,1973,4000,0,0,0,0,0,0,,0,unhcr_population,2025-12-31,2026-08-19T14:21:59Z,2026-08-19
MEX,Mexico,1974,3500,0,0,0,0,0,0,,0,unhcr_population,2025-12-31,2026-08-19T14:21:59Z,2026-08-19
MEX,Mexico,1977,4000,0,0,0,0,0,0,,0,unhcr_population,2025-12-31,2026-08-19T14:21:59Z,2026-08-19
MEX,Mexico,1978,5000,0,0,0,0,0,0,,0,unhcr_population,2025-12-31,2026-08-19T14:21:59Z,2026-08-19
MEX,Mexico,1979,5770,0,0,0,0,550,0,,0,unhcr_population,2025-12-31,2026-08-19T14:21:59Z,2026-08-19
MEX,Mexico,1980,44000,0,0,0,0,0,0,,0,unhcr_population,2025-12-31,2026-08-19T14:21:59Z,2026-08-19
MEX,Mexico,1981,150000,0,0,0,0,0,0,,0,unhcr_population,2025-12-31,2026-08-19T14:21:59Z,2026-08-19
MEX,Mexico,1982,167750,0,0,0,0,230,0,,0,unhcr_population,2025-12-31,2026-08-19T14:21:59Z,2026-08-19
MEX,Mexico,1983,170000,0,0,0,0,0,0,,0,unhcr_population,2025-12-31,2026-08-19T14:21:59Z,2026-08-19
MEX,Mexico,1984,175000,0,0,0,0,60,0,,0,unhcr_population,2025-12-31,2026-08-19T14:21:59Z,2026-08-19
MEX,Mexico,1985,175000,0,0,0,0,0,0,,0,unhcr_population,2025-12-31,2026-08-19T14:21:59Z,2026-08-19
MEX,Mexico,1986,175100,0,0,0,0,0,0,,0,unhcr_population,2025-12-31,2026-08-19T14:21:59Z,2026-08-19
MEX,Mexico,1987,177090,0,0,0,0,0,0,,0,unhcr_population,2025-12-31,2026-08-19T14:21:59Z,2026-08-19
MEX,Mexico,1988,356400,0,0,0,0,2060,0,,0,unhcr_population,2025-12-31,2026-08-19T14:21:59Z,2026-08-19
MEX,Mexico,1989,356507,0,0,0,0,1290,0,,0,unhcr_population,2025-12-31,2026-08-19T14:21:59Z,2026-08-19
MEX,Mexico,1990,356400,0,0,0,0,1310,0,,0,unhcr_population,2025-12-31,2026-08-19T14:21:59Z,2026-08-19
MEX,Mexico,1991,360170,0,0,0,0,1440,0,,0,unhcr_population,2025-12-31,2026-08-19T14:21:59Z,2026-08-19
MEX,Mexico,1992,360991,0,0,0,0,2090,0,,0,unhcr_population,2025-12-31,2026-08-19T14:21:59Z,2026-08-19
MEX,Mexico,1993,52472,0,0,0,0,5293,0,,0,unhcr_population,2025-12-31,2026-08-19T14:21:59Z,2026-08-19
MEX,Mexico,1994,47357,0,0,0,0,6407,0,,0,unhcr_population,2025-12-31,2026-08-19T14:21:59Z,2026-08-19
MEX,Mexico,1995,38717,0,0,0,0,9601,0,,0,unhcr_population,2025-12-31,2026-08-19T14:21:59Z,2026-08-19
MEX,Mexico,1996,34569,0,0,0,0,5491,0,,0,unhcr_population,2025-12-31,2026-08-19T14:21:59Z,2026-08-19
MEX,Mexico,1997,31892,0,0,0,0,3546,0,,0,unhcr_population,2025-12-31,2026-08-19T14:21:59Z,2026-08-19
MEX,Mexico,1998,28242,0,0,0,0,3896,0,,0,unhcr_population,2025-12-31,2026-08-19T14:21:59Z,2026-08-19
MEX,Mexico,1999,24506,0,0,0,0,1999,0,,0,unhcr_population,2025-12-31,2026-08-19T14:21:59Z,2026-08-19
MEX,Mexico,2000,18452,6,0,0,0,56,0,,0,unhcr_population,2025-12-31,2026-08-19T14:21:59Z,2026-08-19
MEX,Mexico,2001,15452,10,0,0,0,0,0,,0,unhcr_population,2025-12-31,2026-08-19T14:21:59Z,2026-08-19
MEX,Mexico,2002,12953,15,0,0,0,0,0,,0,unhcr_population,2025-12-31,2026-08-19T14:21:59Z,2026-08-19
MEX,Mexico,2003,6068,66,0,0,0,62,0,,0,unhcr_population,2025-12-31,2026-08-19T14:21:59Z,2026-08-19
MEX,Mexico,2004,4336,154,0,0,0,13,0,,0,unhcr_population,2025-12-31,2026-08-19T14:21:59Z,2026-08-19
MEX,Mexico,2005,3212,142,0,0,0,0,0,,0,unhcr_population,2025-12-31,2026-08-19T14:21:59Z,2026-08-19
MEX,Mexico,2006,3309,128,0,0,0,0,0,,0,unhcr_population,2025-12-31,2026-08-19T14:21:59Z,2026-08-19
MEX,Mexico,2007,1603,44,0,0,0,0,0,,0,unhcr_population,2025-12-31,2026-08-19T14:21:59Z,2026-08-19
MEX,Mexico,2008,1038,15,0,0,0,0,0,,0,unhcr_population,2025-12-31,2026-08-19T14:21:59Z,2026-08-19
MEX,Mexico,2009,1215,87,0,0,0,0,0,,0,unhcr_population,2025-12-31,2026-08-19T14:21:59Z,2026-08-19
MEX,Mexico,2010,1364,156,0,5,0,0,0,,0,unhcr_population,2025-12-31,2026-08-19T14:21:59Z,2026-08-19
MEX,Mexico,2011,1647,611,0,5,0,0,0,,0,unhcr_population,2025-12-31,2026-08-19T14:21:59Z,2026-08-19
MEX,Mexico,2012,1501,353,0,7,0,0,0,,0,unhcr_population,2025-12-31,2026-08-19T14:21:59Z,2026-08-19
MEX,Mexico,2013,1814,1347,0,13,0,0,0,,0,unhcr_population,2025-12-31,2026-08-19T14:21:59Z,2026-08-19
MEX,Mexico,2014,1820,2862,0,13,0,0,0,,0,unhcr_population,2025-12-31,2026-08-19T14:21:59Z,2026-08-19
MEX,Mexico,2015,2904,1344,0,13,0,0,0,,0,unhcr_population,2025-12-31,2026-08-19T14:21:59Z,2026-08-19
MEX,Mexico,2016,6178,2636,0,13,0,0,0,,0,unhcr_population,2025-12-31,2026-08-19T14:21:59Z,2026-08-19
MEX,Mexico,2017,8993,10357,0,13,0,0,0,,0,unhcr_population,2025-12-31,2026-08-19T14:21:59Z,2026-08-19
MEX,Mexico,2018,16530,23833,0,13,82993,0,0,42104,0,unhcr_population,2025-12-31,2026-08-19T14:21:59Z,2026-08-19
MEX,Mexico,2019,28517,69451,0,13,140710,0,0,52982,0,unhcr_population,2025-12-31,2026-08-19T14:21:59Z,2026-08-19
MEX,Mexico,2020,45434,83792,0,13,73635,0,0,81847,0,unhcr_population,2025-12-31,2026-08-19T14:21:59Z,2026-08-19
MEX,Mexico,2021,73448,157150,0,13,165218,0,0,63179,0,unhcr_population,2025-12-31,2026-08-19T14:21:59Z,2026-08-19
MEX,Mexico,2022,95579,210609,262411,13,451532,0,0,53027,0,unhcr_population,2025-12-31,2026-08-19T14:21:59Z,2026-08-19
MEX,Mexico,2023,124784,257396,262411,13,69497,0,0,73753,0,unhcr_population,2025-12-31,2026-08-19T14:21:59Z,2026-08-19
MEX,Mexico,2024,150836,266710,262411,13,94342,0,0,64347,0,unhcr_population,2025-12-31,2026-08-19T14:21:59Z,2026-08-19
MEX,Mexico,2025,152002,173532,262411,13,31888,0,0,64160,0,unhcr_population,2025-12-31,2026-08-19T14:21:59Z,2026-08-19
MKD,North Macedonia,1992,32000,0,0,0,0,0,0,,0,unhcr_population,2025-12-31,2026-08-19T14:21:59Z,2026-08-19
MKD,North Macedonia,1993,31452,0,0,0,0,0,0,,0,unhcr_population,2025-12-31,2026-08-19T14:21:59Z,2026-08-19
MKD,North Macedonia,1994,14891,0,0,0,0,90,0,,0,unhcr_population,2025-12-31,2026-08-19T14:21:59Z,2026-08-19
MKD,North Macedonia,1995,9048,0,0,0,0,650,0,,0,unhcr_population,2025-12-31,2026-08-19T14:21:59Z,2026-08-19
MKD,North Macedonia,1996,5089,0,0,0,0,1211,0,,0,unhcr_population,2025-12-31,2026-08-19T14:21:59Z,2026-08-19
MKD,North Macedonia,1997,3500,0,0,0,0,418,0,,0,unhcr_population,2025-12-31,2026-08-19T14:21:59Z,2026-08-19
MKD,North Macedonia,1998,1700,0,0,0,0,101,0,,0,unhcr_population,2025-12-31,2026-08-19T14:21:59Z,2026-08-19
MKD,North Macedonia,1999,21200,0,0,0,0,233780,0,,0,unhcr_population,2025-12-31,2026-08-19T14:21:59Z,2026-08-19
MKD,North Macedonia,2000,9048,0,0,0,0,12139,0,,0,unhcr_population,2025-12-31,2026-08-19T14:21:59Z,2026-08-19
MKD,North Macedonia,2001,4362,53,16371,0,0,4505,58153,,0,unhcr_population,2025-12-31,2026-08-19T14:21:59Z,2026-08-19
MKD,North Macedonia,2002,2815,62,9442,0,2130,1089,6929,,0,unhcr_population,2025-12-31,2026-08-19T14:21:59Z,2026-08-19
MKD,North Macedonia,2003,191,2285,0,0,0,194,6764,,0,unhcr_population,2025-12-31,2026-08-19T14:21:59Z,2026-08-19
MKD,North Macedonia,2004,1003,1232,0,5761,6,90,0,,0,unhcr_population,2025-12-31,2026-08-19T14:21:59Z,2026-08-19
MKD,North Macedonia,2005,1273,724,0,2200,123,126,0,,0,unhcr_population,2025-12-31,2026-08-19T14:21:59Z,2026-08-19
MKD,North Macedonia,2006,1239,205,0,762,479,75,0,,0,unhcr_population,2025-12-31,2026-08-19T14:21:59Z,2026-08-19
MKD,North Macedonia,2007,1234,166,0,537,454,70,0,,0,unhcr_population,2025-12-31,2026-08-19T14:21:59Z,2026-08-19
MKD,North Macedonia,2008,1671,95,0,1051,0,70,0,,0,unhcr_population,2025-12-31,2026-08-19T14:21:59Z,2026-08-19
MKD,North Macedonia,2009,1541,68,0,1911,0,86,0,,0,unhcr_population,2025-12-31,2026-08-19T14:21:59Z,2026-08-19
MKD,North Macedonia,2010,1397,149,0,1573,0,158,0,,0,unhcr_population,2025-12-31,2026-08-19T14:21:59Z,2026-08-19
MKD,North Macedonia,2011,1129,384,0,1154,0,248,0,,0,unhcr_population,2025-12-31,2026-08-19T14:21:59Z,2026-08-19
MKD,North Macedonia,2012,1076,518,0,905,0,43,0,,0,unhcr_population,2025-12-31,2026-08-19T14:21:59Z,2026-08-19
MKD,North Macedonia,2013,980,1091,0,819,0,84,0,,0,unhcr_population,2025-12-31,2026-08-19T14:21:59Z,2026-08-19
MKD,North Macedonia,2014,880,1547,0,741,0,84,0,,0,unhcr_population,2025-12-31,2026-08-19T14:21:59Z,2026-08-19
MKD,North Macedonia,2015,697,15,0,667,0,172,0,,0,unhcr_population,2025-12-31,2026-08-19T14:21:59Z,2026-08-19
MKD,North Macedonia,2016,634,15,0,600,0,54,0,,0,unhcr_population,2025-12-31,2026-08-19T14:21:59Z,2026-08-19
MKD,North Macedonia,2017,414,26,0,590,0,284,0,,0,unhcr_population,2025-12-31,2026-08-19T14:21:59Z,2026-08-19
MKD,North Macedonia,2018,413,5,0,571,0,0,0,,0,unhcr_population,2025-12-31,2026-08-19T14:21:59Z,2026-08-19
MKD,North Macedonia,2019,354,75,0,567,0,34,0,,0,unhcr_population,2025-12-31,2026-08-19T14:21:59Z,2026-08-19
MKD,North Macedonia,2020,303,21,0,558,0,0,0,,0,unhcr_population,2025-12-31,2026-08-19T14:21:59Z,2026-08-19
MKD,North Macedonia,2021,292,25,116,554,25,5,0,,0,unhcr_population,2025-12-31,2026-08-19T14:21:59Z,2026-08-19
MKD,North Macedonia,2022,7065,19,0,453,11,16,0,,0,unhcr_population,2025-12-31,2026-08-19T14:21:59Z,2026-08-19
MKD,North Macedonia,2023,18898,39,0,275,33,5,0,,0,unhcr_population,2025-12-31,2026-08-19T14:21:59Z,2026-08-19
MKD,North Macedonia,2024,20911,26,0,159,48,0,0,,0,unhcr_population,2025-12-31,2026-08-19T14:21:59Z,2026-08-19
MKD,North Macedonia,2025,20822,38,0,300,4900,0,0,,0,unhcr_population,2025-12-31,2026-08-19T14:21:59Z,2026-08-19
MLI,Mali,1971,60,0,0,0,0,0,0,,0,unhcr_population,2025-12-31,2026-08-19T14:21:59Z,2026-08-19
MLI,Mali,1986,50,0,0,0,0,0,0,,0,unhcr_population,2025-12-31,2026-08-19T14:21:59Z,2026-08-19
MLI,Mali,1987,50,0,0,0,0,0,0,,0,unhcr_population,2025-12-31,2026-08-19T14:21:59Z,2026-08-19
MLI,Mali,1988,50,0,0,0,0,0,0,,0,unhcr_population,2025-12-31,2026-08-19T14:21:59Z,2026-08-19
MLI,Mali,1989,50,0,0,0,0,0,0,,0,unhcr_population,2025-12-31,2026-08-19T14:21:59Z,2026-08-19
MLI,Mali,1990,13411,0,0,0,0,50,0,,0,unhcr_population,2025-12-31,2026-08-19T14:21:59Z,2026-08-19
MLI,Mali,1991,13120,0,0,0,0,140,0,,0,unhcr_population,2025-12-31,2026-08-19T14:21:59Z,2026-08-19
MLI,Mali,1992,13109,0,0,0,0,0,0,,0,unhcr_population,2025-12-31,2026-08-19T14:21:59Z,2026-08-19
MLI,Mali,1993,15224,0,0,0,0,0,0,,0,unhcr_population,2025-12-31,2026-08-19T14:21:59Z,2026-08-19
MLI,Mali,1994,15800,0,3000,0,0,0,0,,0,unhcr_population,2025-12-31,2026-08-19T14:21:59Z,2026-08-19
MLI,Mali,1995,17916,0,0,0,0,0,0,,0,unhcr_population,2025-12-31,2026-08-19T14:21:59Z,2026-08-19
MLI,Mali,1996,18234,0,0,0,0,198,0,,0,unhcr_population,2025-12-31,2026-08-19T14:21:59Z,2026-08-19
MLI,Mali,1997,12552,0,0,0,0,5660,0,,0,unhcr_population,2025-12-31,2026-08-19T14:21:59Z,2026-08-19
MLI,Mali,1998,13594,0,0,0,0,1016,0,,0,unhcr_population,2025-12-31,2026-08-19T14:21:59Z,2026-08-19
MLI,Mali,1999,8302,0,0,0,0,0,0,,0,unhcr_population,2025-12-31,2026-08-19T14:21:59Z,2026-08-19
MLI,Mali,2000,8412,710,0,0,0,5,0,,0,unhcr_population,2025-12-31,2026-08-19T14:21:59Z,2026-08-19
MLI,Mali,2001,8439,804,0,0,0,7,0,,0,unhcr_population,2025-12-31,2026-08-19T14:21:59Z,2026-08-19
MLI,Mali,2002,9093,716,0,0,0,0,0,,0,unhcr_population,2025-12-31,2026-08-19T14:21:59Z,2026-08-19
MLI,Mali,2003,10010,710,0,0,0,162,0,,0,unhcr_population,2025-12-31,2026-08-19T14:21:59Z,2026-08-19
MLI,Mali,2004,11256,1081,0,0,0,67,0,,0,unhcr_population,2025-12-31,2026-08-19T14:21:59Z,2026-08-19
MLI,Mali,2005,11232,1829,0,0,0,0,0,,0,unhcr_population,2025-12-31,2026-08-19T14:21:59Z,2026-08-19
MLI,Mali,2006,10584,1879,0,0,0,17,0,,0,unhcr_population,2025-12-31,2026-08-19T14:21:59Z,2026-08-19
MLI,Mali,2007,9202,1905,0,0,0,58,0,,0,unhcr_population,2025-12-31,2026-08-19T14:21:59Z,2026-08-19
MLI,Mali,2008,9574,1910,0,0,0,0,0,,0,unhcr_population,2025-12-31,2026-08-19T14:21:59Z,2026-08-19
MLI,Mali,2009,13532,1702,0,0,0,22,0,,0,unhcr_population,2025-12-31,2026-08-19T14:21:59Z,2026-08-19
MLI,Mali,2010,13552,1702,0,0,0,0,0,,0,unhcr_population,2025-12-31,2026-08-19T14:21:59Z,2026-08-19
MLI,Mali,2011,15618,2497,0,0,0,0,0,,0,unhcr_population,2025-12-31,2026-08-19T14:21:59Z,2026-08-19
MLI,Mali,2012,13930,236,227930,0,0,176,0,,0,unhcr_population,2025-12-31,2026-08-19T14:21:59Z,2026-08-19
MLI,Mali,2013,14317,287,254822,0,0,16,42253,,0,unhcr_population,2025-12-31,2026-08-19T14:21:59Z,2026-08-19
MLI,Mali,2014,15193,633,99816,0,0,0,155006,,0,unhcr_population,2025-12-31,2026-08-19T14:21:59Z,2026-08-19
MLI,Mali,2015,15913,336,61920,0,0,0,53551,,0,unhcr_population,2025-12-31,2026-08-19T14:21:59Z,2026-08-19
MLI,Mali,2016,17510,299,36690,0,0,99,35986,,0,unhcr_population,2025-12-31,2026-08-19T14:21:59Z,2026-08-19
MLI,Mali,2017,17036,554,38172,0,0,513,23240,,0,unhcr_population,2025-12-31,2026-08-19T14:21:59Z,2026-08-19
MLI,Mali,2018,26538,917,120298,0,0,8972,0,,0,unhcr_population,2025-12-31,2026-08-19T14:21:59Z,2026-08-19
MLI,Mali,2019,26672,1004,207751,0,0,274,35101,,0,unhcr_population,2025-12-31,2026-08-19T14:21:59Z,2026-08-19
MLI,Mali,2020,47380,969,332957,0,0,32,20473,,0,unhcr_population,2025-12-31,2026-08-19T14:21:59Z,2026-08-19
MLI,Mali,2021,49975,863,350110,0,0,214,76926,,0,unhcr_population,2025-12-31,2026-08-19T14:21:59Z,2026-08-19
MLI,Mali,2022,60637,880,379932,0,0,329,64642,,0,unhcr_population,2025-12-31,2026-08-19T14:21:59Z,2026-08-19
MLI,Mali,2023,66443,273,354739,0,0,12,79763,,0,unhcr_population,2025-12-31,2026-08-19T14:21:59Z,2026-08-19
MLI,Mali,2024,135533,294,360591,0,0,16,51546,,0,unhcr_population,2025-12-31,2026-08-19T14:21:59Z,2026-08-19
MLI,Mali,2025,286715,322,414524,0,0,0,153133,,0,unhcr_population,2025-12-31,2026-08-19T14:21:59Z,2026-08-19
MLT,Malta,1993,505,0,0,0,0,0,0,,0,unhcr_population,2025-12-31,2026-08-19T14:21:59Z,2026-08-19
MLT,Malta,1994,424,0,0,0,0,0,0,,0,unhcr_population,2025-12-31,2026-08-19T14:21:59Z,2026-08-19
MLT,Malta,1995,410,0,0,0,0,0,0,,0,unhcr_population,2025-12-31,2026-08-19T14:21:59Z,2026-08-19
MLT,Malta,1996,357,0,0,0,0,84,0,,0,unhcr_population,2025-12-31,2026-08-19T14:21:59Z,2026-08-19
MLT,Malta,1997,334,0,0,0,0,0,0,,0,unhcr_population,2025-12-31,2026-08-19T14:21:59Z,2026-08-19
MLT,Malta,1998,291,0,0,0,0,0,0,,0,unhcr_population,2025-12-31,2026-08-19T14:21:59Z,2026-08-19
MLT,Malta,1999,271,0,0,0,0,109,0,,0,unhcr_population,2025-12-31,2026-08-19T14:21:59Z,2026-08-19
MLT,Malta,2000,191,10,0,0,0,0,0,,0,unhcr_population,2025-12-31,2026-08-19T14:21:59Z,2026-08-19
MLT,Malta,2001,175,53,0,0,0,0,0,,0,unhcr_population,2025-12-31,2026-08-19T14:21:59Z,2026-08-19
MLT,Malta,2002,311,23,0,0,0,0,0,,0,unhcr_population,2025-12-31,2026-08-19T14:21:59Z,2026-08-19
MLT,Malta,2003,894,54,0,0,0,0,0,,0,unhcr_population,2025-12-31,2026-08-19T14:21:59Z,2026-08-19
MLT,Malta,2004,1561,140,0,0,0,0,0,,0,unhcr_population,2025-12-31,2026-08-19T14:21:59Z,2026-08-19
MLT,Malta,2005,1942,147,0,0,0,0,0,,0,unhcr_population,2025-12-31,2026-08-19T14:21:59Z,2026-08-19
MLT,Malta,2006,2407,205,0,0,0,0,0,,0,unhcr_population,2025-12-31,2026-08-19T14:21:59Z,2026-08-19
MLT,Malta,2007,3003,862,0,0,0,0,0,,0,unhcr_population,2025-12-31,2026-08-19T14:21:59Z,2026-08-19
MLT,Malta,2008,4329,1223,0,0,0,0,0,,0,unhcr_population,2025-12-31,2026-08-19T14:21:59Z,2026-08-19
MLT,Malta,2009,5951,1824,0,0,0,0,0,,0,unhcr_population,2025-12-31,2026-08-19T14:21:59Z,2026-08-19
MLT,Malta,2010,6143,1282,0,0,0,0,0,,0,unhcr_population,2025-12-31,2026-08-19T14:21:59Z,2026-08-19
MLT,Malta,2011,6948,1448,0,0,0,0,0,,0,unhcr_population,2025-12-31,2026-08-19T14:21:59Z,2026-08-19
MLT,Malta,2012,8242,754,0,0,0,0,0,,0,unhcr_population,2025-12-31,2026-08-19T14:21:59Z,2026-08-19
MLT,Malta,2013,9900,900,0,0,0,0,0,,0,unhcr_population,2025-12-31,2026-08-19T14:21:59Z,2026-08-19
MLT,Malta,2014,6095,176,0,0,0,0,0,,0,unhcr_population,2025-12-31,2026-08-19T14:21:59Z,2026-08-19
MLT,Malta,2015,7068,574,0,0,0,5,0,,0,unhcr_population,2025-12-31,2026-08-19T14:21:59Z,2026-08-19
MLT,Malta,2016,7941,868,0,0,0,0,0,,0,unhcr_population,2025-12-31,2026-08-19T14:21:59Z,2026-08-19
MLT,Malta,2017,7994,1349,0,11,0,0,0,,0,unhcr_population,2025-12-31,2026-08-19T14:21:59Z,2026-08-19
MLT,Malta,2018,8579,1860,0,11,0,0,0,,0,unhcr_population,2025-12-31,2026-08-19T14:21:59Z,2026-08-19
MLT,Malta,2019,8908,3681,0,11,0,0,0,,0,unhcr_population,2025-12-31,2026-08-19T14:21:59Z,2026-08-19
MLT,Malta,2020,9168,4047,0,11,0,0,0,,0,unhcr_population,2025-12-31,2026-08-19T14:21:59Z,2026-08-19
MLT,Malta,2021,9335,3674,0,11,0,0,0,,0,unhcr_population,2025-12-31,2026-08-19T14:21:59Z,2026-08-19
MLT,Malta,2022,11098,2070,0,0,0,0,0,,0,unhcr_population,2025-12-31,2026-08-19T14:21:59Z,2026-08-19
MLT,Malta,2023,11724,815,0,0,0,0,0,,0,unhcr_population,2025-12-31,2026-08-19T14:21:59Z,2026-08-19
MLT,Malta,2024,7814,1470,0,171,171,0,0,,0,unhcr_population,2025-12-31,2026-08-19T14:21:59Z,2026-08-19
MLT,Malta,2025,8306,1390,0,171,171,0,0,,0,unhcr_population,2025-12-31,2026-08-19T14:21:59Z,2026-08-19
MMR,Myanmar,2005,0,0,0,236495,0,0,0,,0,unhcr_population,2025-12-31,2026-08-19T14:21:59Z,2026-08-19
MMR,Myanmar,2006,0,0,58500,669500,0,0,0,,0,unhcr_population,2025-12-31,2026-08-19T14:21:59Z,2026-08-19
MMR,Myanmar,2007,0,0,67290,723571,0,0,0,,0,unhcr_population,2025-12-31,2026-08-19T14:21:59Z,2026-08-19
MMR,Myanmar,2008,0,0,67290,723571,0,0,0,,0,unhcr_population,2025-12-31,2026-08-19T14:21:59Z,2026-08-19
MMR,Myanmar,2009,0,0,67290,723571,0,0,0,,0,unhcr_population,2025-12-31,2026-08-19T14:21:59Z,2026-08-19
MMR,Myanmar,2010,0,0,62015,797388,0,0,0,,0,unhcr_population,2025-12-31,2026-08-19T14:21:59Z,2026-08-19
MMR,Myanmar,2011,0,0,339200,808075,0,0,0,,0,unhcr_population,2025-12-31,2026-08-19T14:21:59Z,2026-08-19
MMR,Myanmar,2012,0,0,430400,808075,0,0,0,,0,unhcr_population,2025-12-31,2026-08-19T14:21:59Z,2026-08-19
MMR,Myanmar,2013,0,0,372000,810000,0,0,27383,,0,unhcr_population,2025-12-31,2026-08-19T14:21:59Z,2026-08-19
MMR,Myanmar,2014,0,0,376500,810000,0,0,0,,0,unhcr_population,2025-12-31,2026-08-19T14:21:59Z,2026-08-19
MMR,Myanmar,2015,0,0,451089,938000,0,0,25265,,0,unhcr_population,2025-12-31,2026-08-19T14:21:59Z,2026-08-19
MMR,Myanmar,2016,0,0,375016,925939,0,0,1346,,0,unhcr_population,2025-12-31,2026-08-19T14:21:59Z,2026-08-19
MMR,Myanmar,2017,0,0,353108,621514,0,0,684,,0,unhcr_population,2025-12-31,2026-08-19T14:21:59Z,2026-08-19
MMR,Myanmar,2018,0,0,370306,620939,0,0,379,,0,unhcr_population,2025-12-31,2026-08-19T14:21:59Z,2026-08-19
MMR,Myanmar,2019,0,0,312018,600000,0,0,1641,,0,unhcr_population,2025-12-31,2026-08-19T14:21:59Z,2026-08-19
MMR,Myanmar,2020,0,0,370320,600000,0,0,2992,,0,unhcr_population,2025-12-31,2026-08-19T14:21:59Z,2026-08-19
MMR,Myanmar,2021,0,0,671011,600000,0,0,130432,,0,unhcr_population,2025-12-31,2026-08-19T14:21:59Z,2026-08-19
MMR,Myanmar,2022,0,0,1504848,630000,0,0,325206,,0,unhcr_population,2025-12-31,2026-08-19T14:21:59Z,2026-08-19
MMR,Myanmar,2023,0,0,2607645,632789,0,0,276612,,0,unhcr_population,2025-12-31,2026-08-19T14:21:59Z,2026-08-19
MMR,Myanmar,2024,0,0,3513867,619429,0,0,377566,,0,unhcr_population,2025-12-31,2026-08-19T14:21:59Z,2026-08-19
MMR,Myanmar,2025,0,0,3628840,519647,0,0,415089,,0,unhcr_population,2025-12-31,2026-08-19T14:21:59Z,2026-08-19
MNE,Montenegro,2006,6926,11,16196,0,0,32,199,,0,unhcr_population,2025-12-31,2026-08-19T14:21:59Z,2026-08-19
MNE,Montenegro,2007,8527,0,16155,0,0,7,137,,0,unhcr_population,2025-12-31,2026-08-19T14:21:59Z,2026-08-19
MNE,Montenegro,2008,24739,0,0,1500,0,99,0,,0,unhcr_population,2025-12-31,2026-08-19T14:21:59Z,2026-08-19
MNE,Montenegro,2009,24017,7,0,1500,0,210,0,,0,unhcr_population,2025-12-31,2026-08-19T14:21:59Z,2026-08-19
MNE,Montenegro,2010,16363,5,0,1300,373,213,0,,0,unhcr_population,2025-12-31,2026-08-19T14:21:59Z,2026-08-19
MNE,Montenegro,2011,12871,34,0,4312,3937,88,0,,0,unhcr_population,2025-12-31,2026-08-19T14:21:59Z,2026-08-19
MNE,Montenegro,2012,11193,108,0,3383,5404,129,0,,0,unhcr_population,2025-12-31,2026-08-19T14:21:59Z,2026-08-19
MNE,Montenegro,2013,8471,189,0,3341,8089,94,0,,0,unhcr_population,2025-12-31,2026-08-19T14:21:59Z,2026-08-19
MNE,Montenegro,2014,6455,70,0,3296,11021,131,0,,0,unhcr_population,2025-12-31,2026-08-19T14:21:59Z,2026-08-19
MNE,Montenegro,2015,1762,18,0,3262,10822,156,0,,0,unhcr_population,2025-12-31,2026-08-19T14:21:59Z,2026-08-19
MNE,Montenegro,2016,970,73,0,3237,11451,117,0,,0,unhcr_population,2025-12-31,2026-08-19T14:21:59Z,2026-08-19
MNE,Montenegro,2017,794,173,0,145,11703,62,0,,0,unhcr_population,2025-12-31,2026-08-19T14:21:59Z,2026-08-19
MNE,Montenegro,2018,727,162,0,145,12293,6,0,,0,unhcr_population,2025-12-31,2026-08-19T14:21:59Z,2026-08-19
MNE,Montenegro,2019,653,484,0,142,12275,5,0,,0,unhcr_population,2025-12-31,2026-08-19T14:21:59Z,2026-08-19
MNE,Montenegro,2020,166,193,0,472,1094,19,0,,0,unhcr_population,2025-12-31,2026-08-19T14:21:59Z,2026-08-19
MNE,Montenegro,2021,175,132,0,502,1093,9,0,,0,unhcr_population,2025-12-31,2026-08-19T14:21:59Z,2026-08-19
MNE,Montenegro,2022,32438,167,0,503,476,0,0,,0,unhcr_population,2025-12-31,2026-08-19T14:21:59Z,2026-08-19
MNE,Montenegro,2023,64733,174,0,416,213,7,0,,0,unhcr_population,2025-12-31,2026-08-19T14:21:59Z,2026-08-19
MNE,Montenegro,2024,18670,150,0,423,0,0,0,,0,unhcr_population,2025-12-31,2026-08-19T14:21:59Z,2026-08-19
MNE,Montenegro,2025,12269,175,0,300,2567,0,0,,0,unhcr_population,2025-12-31,2026-08-19T14:21:59Z,2026-08-19
MNG,Mongolia,2005,0,0,0,581,0,0,0,,0,unhcr_population,2025-12-31,2026-08-19T14:21:59Z,2026-08-19
MNG,Mongolia,2006,5,0,0,581,0,0,0,,0,unhcr_population,2025-12-31,2026-08-19T14:21:59Z,2026-08-19
MNG,Mongolia,2007,5,5,0,75,0,0,0,,0,unhcr_population,2025-12-31,2026-08-19T14:21:59Z,2026-08-19
MNG,Mongolia,2008,11,0,0,358,0,0,0,,0,unhcr_population,2025-12-31,2026-08-19T14:21:59Z,2026-08-19
MNG,Mongolia,2009,11,0,0,373,0,0,0,,0,unhcr_population,2025-12-31,2026-08-19T14:21:59Z,2026-08-19
MNG,Mongolia,2010,12,0,0,260,0,0,0,,0,unhcr_population,2025-12-31,2026-08-19T14:21:59Z,2026-08-19
MNG,Mongolia,2011,0,5,0,292,0,0,0,,0,unhcr_population,2025-12-31,2026-08-19T14:21:59Z,2026-08-19
MNG,Mongolia,2012,5,11,0,220,0,0,0,,0,unhcr_population,2025-12-31,2026-08-19T14:21:59Z,2026-08-19
MNG,Mongolia,2013,8,5,0,16,0,0,0,,0,unhcr_population,2025-12-31,2026-08-19T14:21:59Z,2026-08-19
MNG,Mongolia,2014,5,5,0,16,0,0,0,,0,unhcr_population,2025-12-31,2026-08-19T14:21:59Z,2026-08-19
MNG,Mongolia,2015,11,5,0,6,0,0,0,,0,unhcr_population,2025-12-31,2026-08-19T14:21:59Z,2026-08-19
MNG,Mongolia,2016,10,0,0,14,0,0,0,,0,unhcr_population,2025-12-31,2026-08-19T14:21:59Z,2026-08-19
MNG,Mongolia,2017,5,5,0,17,5,0,0,,0,unhcr_population,2025-12-31,2026-08-19T14:21:59Z,2026-08-19
MNG,Mongolia,2018,5,0,0,17,5,0,0,,0,unhcr_population,2025-12-31,2026-08-19T14:21:59Z,2026-08-19
MNG,Mongolia,2019,0,5,0,17,10,0,0,,0,unhcr_population,2025-12-31,2026-08-19T14:21:59Z,2026-08-19
MNG,Mongolia,2020,0,10,0,0,8,0,0,,0,unhcr_population,2025-12-31,2026-08-19T14:21:59Z,2026-08-19
MNG,Mongolia,2021,0,5,0,17,5,0,0,,0,unhcr_population,2025-12-31,2026-08-19T14:21:59Z,2026-08-19
MNG,Mongolia,2022,10,0,0,17,6,0,0,,0,unhcr_population,2025-12-31,2026-08-19T14:21:59Z,2026-08-19
MNG,Mongolia,2023,10,0,0,17,5,0,0,,0,unhcr_population,2025-12-31,2026-08-19T14:21:59Z,2026-08-19
MNG,Mongolia,2024,11,15,0,17,5,0,0,,0,unhcr_population,2025-12-31,2026-08-19T14:21:59Z,2026-08-19
MNG,Mongolia,2025,11,15,0,100,5,0,0,,0,unhcr_population,2025-12-31,2026-08-19T14:21:59Z,2026-08-19
MOZ,Mozambique,1975,44570,0,0,0,0,0,0,,0,unhcr_population,2025-12-31,2026-08-19T14:21:59Z,2026-08-19
MOZ,Mozambique,1976,30000,0,0,0,0,0,0,,0,unhcr_population,2025-12-31,2026-08-19T14:21:59Z,2026-08-19
MOZ,Mozambique,1977,42460,0,0,0,0,0,0,,0,unhcr_population,2025-12-31,2026-08-19T14:21:59Z,2026-08-19
MOZ,Mozambique,1978,100000,0,0,0,0,0,0,,0,unhcr_population,2025-12-31,2026-08-19T14:21:59Z,2026-08-19
MOZ,Mozambique,1979,150000,0,0,0,0,0,0,,0,unhcr_population,2025-12-31,2026-08-19T14:21:59Z,2026-08-19
MOZ,Mozambique,1980,100,0,0,0,0,150000,0,,0,unhcr_population,2025-12-31,2026-08-19T14:21:59Z,2026-08-19
MOZ,Mozambique,1981,100,0,0,0,0,0,0,,0,unhcr_population,2025-12-31,2026-08-19T14:21:59Z,2026-08-19
MOZ,Mozambique,1982,130,0,0,0,0,0,0,,0,unhcr_population,2025-12-31,2026-08-19T14:21:59Z,2026-08-19
MOZ,Mozambique,1983,900,0,0,0,0,0,0,,0,unhcr_population,2025-12-31,2026-08-19T14:21:59Z,2026-08-19
MOZ,Mozambique,1984,820,0,0,0,0,50,0,,0,unhcr_population,2025-12-31,2026-08-19T14:21:59Z,2026-08-19
MOZ,Mozambique,1985,710,0,0,0,0,70,0,,0,unhcr_population,2025-12-31,2026-08-19T14:21:59Z,2026-08-19
MOZ,Mozambique,1986,660,0,0,0,0,0,0,,0,unhcr_population,2025-12-31,2026-08-19T14:21:59Z,2026-08-19
MOZ,Mozambique,1987,400,0,0,0,0,60,0,,0,unhcr_population,2025-12-31,2026-08-19T14:21:59Z,2026-08-19
MOZ,Mozambique,1988,390,0,0,0,0,0,0,,0,unhcr_population,2025-12-31,2026-08-19T14:21:59Z,2026-08-19
MOZ,Mozambique,1989,400,0,0,0,0,0,0,,0,unhcr_population,2025-12-31,2026-08-19T14:21:59Z,2026-08-19
MOZ,Mozambique,1990,420,0,0,0,0,0,0,,0,unhcr_population,2025-12-31,2026-08-19T14:21:59Z,2026-08-19
MOZ,Mozambique,1991,420,0,0,0,0,0,0,,0,unhcr_population,2025-12-31,2026-08-19T14:21:59Z,2026-08-19
MOZ,Mozambique,1992,299,0,0,0,0,0,0,,0,unhcr_population,2025-12-31,2026-08-19T14:21:59Z,2026-08-19
MOZ,Mozambique,1993,202,0,0,0,0,0,0,,0,unhcr_population,2025-12-31,2026-08-19T14:21:59Z,2026-08-19
MOZ,Mozambique,1994,313,0,0,0,0,36,0,,0,unhcr_population,2025-12-31,2026-08-19T14:21:59Z,2026-08-19
MOZ,Mozambique,1995,130,0,0,0,0,19,0,,0,unhcr_population,2025-12-31,2026-08-19T14:21:59Z,2026-08-19
MOZ,Mozambique,1996,200,0,0,0,0,37,0,,0,unhcr_population,2025-12-31,2026-08-19T14:21:59Z,2026-08-19
MOZ,Mozambique,1997,69,0,0,0,0,5,0,,0,unhcr_population,2025-12-31,2026-08-19T14:21:59Z,2026-08-19
MOZ,Mozambique,1998,51,0,0,0,0,9,0,,0,unhcr_population,2025-12-31,2026-08-19T14:21:59Z,2026-08-19
MOZ,Mozambique,1999,219,0,0,0,0,7,0,,0,unhcr_population,2025-12-31,2026-08-19T14:21:59Z,2026-08-19
MOZ,Mozambique,2000,206,2266,0,0,0,0,0,,0,unhcr_population,2025-12-31,2026-08-19T14:21:59Z,2026-08-19
MOZ,Mozambique,2001,206,5304,0,0,0,0,0,,0,unhcr_population,2025-12-31,2026-08-19T14:21:59Z,2026-08-19
MOZ,Mozambique,2002,206,6972,0,0,0,0,0,,0,unhcr_population,2025-12-31,2026-08-19T14:21:59Z,2026-08-19
MOZ,Mozambique,2003,309,9215,0,0,0,0,0,,0,unhcr_population,2025-12-31,2026-08-19T14:21:59Z,2026-08-19
MOZ,Mozambique,2004,617,4886,0,0,0,71,0,,0,unhcr_population,2025-12-31,2026-08-19T14:21:59Z,2026-08-19
MOZ,Mozambique,2005,1949,4013,0,0,0,42,0,,0,unhcr_population,2025-12-31,2026-08-19T14:21:59Z,2026-08-19
MOZ,Mozambique,2006,2555,4313,0,0,0,5,0,,0,unhcr_population,2025-12-31,2026-08-19T14:21:59Z,2026-08-19
MOZ,Mozambique,2007,2760,4156,0,0,0,314,0,,0,unhcr_population,2025-12-31,2026-08-19T14:21:59Z,2026-08-19
MOZ,Mozambique,2008,3156,4449,0,0,0,557,0,,0,unhcr_population,2025-12-31,2026-08-19T14:21:59Z,2026-08-19
MOZ,Mozambique,2009,3536,4169,0,0,0,18,0,,0,unhcr_population,2025-12-31,2026-08-19T14:21:59Z,2026-08-19
MOZ,Mozambique,2010,4072,5902,0,0,0,0,0,,0,unhcr_population,2025-12-31,2026-08-19T14:21:59Z,2026-08-19
MOZ,Mozambique,2011,4074,9592,0,0,0,5,0,,0,unhcr_population,2025-12-31,2026-08-19T14:21:59Z,2026-08-19
MOZ,Mozambique,2012,4395,8192,0,0,0,8,0,,0,unhcr_population,2025-12-31,2026-08-19T14:21:59Z,2026-08-19
MOZ,Mozambique,2013,4443,10664,0,0,0,0,0,,0,unhcr_population,2025-12-31,2026-08-19T14:21:59Z,2026-08-19
MOZ,Mozambique,2014,4534,13316,0,0,5,0,0,,0,unhcr_population,2025-12-31,2026-08-19T14:21:59Z,2026-08-19
MOZ,Mozambique,2015,5624,14819,0,0,0,0,0,,0,unhcr_population,2025-12-31,2026-08-19T14:21:59Z,2026-08-19
MOZ,Mozambique,2016,4663,12976,15128,0,0,7,0,,0,unhcr_population,2025-12-31,2026-08-19T14:21:59Z,2026-08-19
MOZ,Mozambique,2017,4876,18795,15128,0,0,0,0,,0,unhcr_population,2025-12-31,2026-08-19T14:21:59Z,2026-08-19
MOZ,Mozambique,2018,4910,21133,0,0,0,0,8845,,0,unhcr_population,2025-12-31,2026-08-19T14:21:59Z,2026-08-19
MOZ,Mozambique,2019,4713,20975,180516,0,0,0,0,,0,unhcr_population,2025-12-31,2026-08-19T14:21:59Z,2026-08-19
MOZ,Mozambique,2020,4757,22442,668038,0,0,0,0,,0,unhcr_population,2025-12-31,2026-08-19T14:21:59Z,2026-08-19
MOZ,Mozambique,2021,4797,24386,744949,0,9,54,0,,0,unhcr_population,2025-12-31,2026-08-19T14:21:59Z,2026-08-19
MOZ,Mozambique,2022,4992,25919,1028743,0,580,226,270502,,0,unhcr_population,2025-12-31,2026-08-19T14:21:59Z,2026-08-19
MOZ,Mozambique,2023,5152,18438,582764,0,1323,90,280988,,0,unhcr_population,2025-12-31,2026-08-19T14:21:59Z,2026-08-19
MOZ,Mozambique,2024,5370,18880,577545,0,2009,12,5090,,0,unhcr_population,2025-12-31,2026-08-19T14:21:59Z,2026-08-19
MOZ,Mozambique,2025,5105,18972,461745,0,2388,98,88509,,0,unhcr_population,2025-12-31,2026-08-19T14:21:59Z,2026-08-19
MRT,Mauritania,1987,50,0,0,0,0,0,0,,0,unhcr_population,2025-12-31,2026-08-19T14:21:59Z,2026-08-19
MRT,Mauritania,1989,15000,0,0,0,0,0,0,,0,unhcr_population,2025-12-31,2026-08-19T14:21:59Z,2026-08-19
MRT,Mauritania,1990,60000,0,0,0,0,0,0,,0,unhcr_population,2025-12-31,2026-08-19T14:21:59Z,2026-08-19
MRT,Mauritania,1991,35200,0,0,0,0,0,0,,0,unhcr_population,2025-12-31,2026-08-19T14:21:59Z,2026-08-19
MRT,Mauritania,1992,37500,0,0,0,0,0,0,,0,unhcr_population,2025-12-31,2026-08-19T14:21:59Z,2026-08-19
MRT,Mauritania,1993,51548,0,0,0,0,0,0,,0,unhcr_population,2025-12-31,2026-08-19T14:21:59Z,2026-08-19
MRT,Mauritania,1994,82225,0,0,0,0,0,0,,0,unhcr_population,2025-12-31,2026-08-19T14:21:59Z,2026-08-19
MRT,Mauritania,1995,34392,0,0,0,0,4600,0,,0,unhcr_population,2025-12-31,2026-08-19T14:21:59Z,2026-08-19
MRT,Mauritania,1996,15877,0,0,0,0,18515,0,,0,unhcr_population,2025-12-31,2026-08-19T14:21:59Z,2026-08-19
MRT,Mauritania,1997,7512,0,0,0,0,13845,0,,0,unhcr_population,2025-12-31,2026-08-19T14:21:59Z,2026-08-19
MRT,Mauritania,1998,26,0,0,0,3500,840,0,,0,unhcr_population,2025-12-31,2026-08-19T14:21:59Z,2026-08-19
MRT,Mauritania,1999,221,0,0,0,29916,0,0,,0,unhcr_population,2025-12-31,2026-08-19T14:21:59Z,2026-08-19
MRT,Mauritania,2000,350,41,0,0,29500,0,0,,0,unhcr_population,2025-12-31,2026-08-19T14:21:59Z,2026-08-19
MRT,Mauritania,2001,363,27,0,0,29500,0,0,,0,unhcr_population,2025-12-31,2026-08-19T14:21:59Z,2026-08-19
MRT,Mauritania,2002,398,15,0,0,29500,0,0,,0,unhcr_population,2025-12-31,2026-08-19T14:21:59Z,2026-08-19
MRT,Mauritania,2003,475,50,0,0,29500,8,0,,0,unhcr_population,2025-12-31,2026-08-19T14:21:59Z,2026-08-19
MRT,Mauritania,2004,473,110,0,0,29500,56,0,,0,unhcr_population,2025-12-31,2026-08-19T14:21:59Z,2026-08-19
MRT,Mauritania,2005,627,92,0,0,29500,0,0,,0,unhcr_population,2025-12-31,2026-08-19T14:21:59Z,2026-08-19
MRT,Mauritania,2006,771,92,0,0,29500,17,0,,0,unhcr_population,2025-12-31,2026-08-19T14:21:59Z,2026-08-19
MRT,Mauritania,2007,30465,18,0,0,0,0,0,,0,unhcr_population,2025-12-31,2026-08-19T14:21:59Z,2026-08-19
MRT,Mauritania,2008,27036,53,0,0,0,15,0,,0,unhcr_population,2025-12-31,2026-08-19T14:21:59Z,2026-08-19
MRT,Mauritania,2009,26789,112,0,0,0,41,0,,0,unhcr_population,2025-12-31,2026-08-19T14:21:59Z,2026-08-19
MRT,Mauritania,2010,26709,237,0,0,0,10,0,,0,unhcr_population,2025-12-31,2026-08-19T14:21:59Z,2026-08-19
MRT,Mauritania,2011,26535,269,0,0,0,0,0,,0,unhcr_population,2025-12-31,2026-08-19T14:21:59Z,2026-08-19
MRT,Mauritania,2012,80500,796,0,0,0,14,0,,0,unhcr_population,2025-12-31,2026-08-19T14:21:59Z,2026-08-19
MRT,Mauritania,2013,92766,839,0,0,0,3902,0,,0,unhcr_population,2025-12-31,2026-08-19T14:21:59Z,2026-08-19
MRT,Mauritania,2014,75628,417,0,0,0,4557,0,,0,unhcr_population,2025-12-31,2026-08-19T14:21:59Z,2026-08-19
MRT,Mauritania,2015,77390,492,0,0,0,499,0,,0,unhcr_population,2025-12-31,2026-08-19T14:21:59Z,2026-08-19
MRT,Mauritania,2016,74146,573,0,0,0,2828,0,,0,unhcr_population,2025-12-31,2026-08-19T14:21:59Z,2026-08-19
MRT,Mauritania,2017,77424,746,0,0,0,1210,0,,0,unhcr_population,2025-12-31,2026-08-19T14:21:59Z,2026-08-19
MRT,Mauritania,2018,83183,1126,0,0,0,854,0,,0,unhcr_population,2025-12-31,2026-08-19T14:21:59Z,2026-08-19
MRT,Mauritania,2019,84900,1540,0,0,0,2737,0,,0,unhcr_population,2025-12-31,2026-08-19T14:21:59Z,2026-08-19
MRT,Mauritania,2020,93607,1960,0,0,0,92,0,,0,unhcr_population,2025-12-31,2026-08-19T14:21:59Z,2026-08-19
MRT,Mauritania,2021,101942,3369,0,0,0,533,0,,0,unhcr_population,2025-12-31,2026-08-19T14:21:59Z,2026-08-19
MRT,Mauritania,2022,100981,5389,0,0,0,312,0,,0,unhcr_population,2025-12-31,2026-08-19T14:21:59Z,2026-08-19
MRT,Mauritania,2023,112549,5927,0,0,0,253,0,,0,unhcr_population,2025-12-31,2026-08-19T14:21:59Z,2026-08-19
MRT,Mauritania,2024,155193,7084,0,0,0,2430,0,,0,unhcr_population,2025-12-31,2026-08-19T14:21:59Z,2026-08-19
MRT,Mauritania,2025,301490,7378,0,0,123,588,0,,0,unhcr_population,2025-12-31,2026-08-19T14:21:59Z,2026-08-19
MSR,Montserrat,2010,0,14,0,0,0,0,0,,0,unhcr_population,2025-12-31,2026-08-19T14:21:59Z,2026-08-19
MSR,Montserrat,2011,0,5,0,0,0,0,0,,0,unhcr_population,2025-12-31,2026-08-19T14:21:59Z,2026-08-19
MSR,Montserrat,2012,0,5,0,0,0,0,0,,0,unhcr_population,2025-12-31,2026-08-19T14:21:59Z,2026-08-19
MUS,Mauritius,1999,43,0,0,0,0,0,0,,0,unhcr_population,2025-12-31,2026-08-19T14:21:59Z,2026-08-19
MUS,Mauritius,2001,14,0,0,0,0,0,0,,0,unhcr_population,2025-12-31,2026-08-19T14:21:59Z,2026-08-19
MUS,Mauritius,2016,0,5,0,0,0,0,0,,0,unhcr_population,2025-12-31,2026-08-19T14:21:59Z,2026-08-19
MUS,Mauritius,2017,5,0,0,0,0,0,0,,0,unhcr_population,2025-12-31,2026-08-19T14:21:59Z,2026-08-19
MUS,Mauritius,2018,16,0,0,0,0,0,0,,0,unhcr_population,2025-12-31,2026-08-19T14:21:59Z,2026-08-19
MUS,Mauritius,2019,20,5,0,0,0,0,0,,0,unhcr_population,2025-12-31,2026-08-19T14:21:59Z,2026-08-19
MUS,Mauritius,2020,20,0,0,0,0,0,0,,0,unhcr_population,2025-12-31,2026-08-19T14:21:59Z,2026-08-19
MUS,Mauritius,2021,10,0,0,0,0,10,0,,0,unhcr_population,2025-12-31,2026-08-19T14:21:59Z,2026-08-19
MUS,Mauritius,2023,5,19,0,0,0,0,0,,0,unhcr_population,2025-12-31,2026-08-19T14:21:59Z,2026-08-19
MUS,Mauritius,2024,10,72,0,0,0,0,0,,0,unhcr_population,2025-12-31,2026-08-19T14:21:59Z,2026-08-19
MUS,Mauritius,2025,24,233,0,0,0,0,0,,0,unhcr_population,2025-12-31,2026-08-19T14:21:59Z,2026-08-19
MWI,Malawi,1986,100000,0,0,0,0,0,0,,0,unhcr_population,2025-12-31,2026-08-19T14:21:59Z,2026-08-19
MWI,Malawi,1987,401640,0,0,0,0,42300,0,,0,unhcr_population,2025-12-31,2026-08-19T14:21:59Z,2026-08-19
MWI,Malawi,1988,628133,0,0,0,0,4010,0,,0,unhcr_population,2025-12-31,2026-08-19T14:21:59Z,2026-08-19
MWI,Malawi,1989,822503,0,0,0,0,3520,0,,0,unhcr_population,2025-12-31,2026-08-19T14:21:59Z,2026-08-19
MWI,Malawi,1990,926725,0,0,0,0,510,0,,0,unhcr_population,2025-12-31,2026-08-19T14:21:59Z,2026-08-19
MWI,Malawi,1991,981812,0,0,0,0,0,0,,0,unhcr_population,2025-12-31,2026-08-19T14:21:59Z,2026-08-19
MWI,Malawi,1992,1058498,0,0,0,0,0,0,,0,unhcr_population,2025-12-31,2026-08-19T14:21:59Z,2026-08-19
MWI,Malawi,1993,713605,0,0,0,0,345091,0,,0,unhcr_population,2025-12-31,2026-08-19T14:21:59Z,2026-08-19
MWI,Malawi,1994,90242,0,0,0,0,624467,0,,0,unhcr_population,2025-12-31,2026-08-19T14:21:59Z,2026-08-19
MWI,Malawi,1995,1018,0,0,0,0,0,0,,0,unhcr_population,2025-12-31,2026-08-19T14:21:59Z,2026-08-19
MWI,Malawi,1996,1267,0,0,0,0,0,0,,0,unhcr_population,2025-12-31,2026-08-19T14:21:59Z,2026-08-19
MWI,Malawi,1997,278,0,0,0,0,0,0,,0,unhcr_population,2025-12-31,2026-08-19T14:21:59Z,2026-08-19
MWI,Malawi,1998,1241,0,0,0,0,101,0,,0,unhcr_population,2025-12-31,2026-08-19T14:21:59Z,2026-08-19
MWI,Malawi,1999,1692,0,0,0,0,0,0,,0,unhcr_population,2025-12-31,2026-08-19T14:21:59Z,2026-08-19
MWI,Malawi,2000,3900,0,0,0,0,0,0,,0,unhcr_population,2025-12-31,2026-08-19T14:21:59Z,2026-08-19
MWI,Malawi,2001,6200,0,0,0,0,12,0,,0,unhcr_population,2025-12-31,2026-08-19T14:21:59Z,2026-08-19
MWI,Malawi,2002,2170,11065,0,0,0,0,0,,0,unhcr_population,2025-12-31,2026-08-19T14:21:59Z,2026-08-19
MWI,Malawi,2003,3208,8846,0,0,0,14,0,,0,unhcr_population,2025-12-31,2026-08-19T14:21:59Z,2026-08-19
MWI,Malawi,2004,3682,3332,0,0,0,25,0,,0,unhcr_population,2025-12-31,2026-08-19T14:21:59Z,2026-08-19
MWI,Malawi,2005,4241,5325,0,0,0,47,0,,0,unhcr_population,2025-12-31,2026-08-19T14:21:59Z,2026-08-19
MWI,Malawi,2006,3943,5244,0,0,0,58,0,,0,unhcr_population,2025-12-31,2026-08-19T14:21:59Z,2026-08-19
MWI,Malawi,2007,2927,6776,0,0,0,13,0,,0,unhcr_population,2025-12-31,2026-08-19T14:21:59Z,2026-08-19
MWI,Malawi,2008,4174,6538,0,0,0,100,0,,0,unhcr_population,2025-12-31,2026-08-19T14:21:59Z,2026-08-19
MWI,Malawi,2009,5436,4600,0,0,0,211,0,,0,unhcr_population,2025-12-31,2026-08-19T14:21:59Z,2026-08-19
MWI,Malawi,2010,5738,9356,0,0,0,131,0,,0,unhcr_population,2025-12-31,2026-08-19T14:21:59Z,2026-08-19
MWI,Malawi,2011,6306,10542,0,0,0,67,0,,0,unhcr_population,2025-12-31,2026-08-19T14:21:59Z,2026-08-19
MWI,Malawi,2012,6546,10110,0,0,0,84,0,,0,unhcr_population,2025-12-31,2026-08-19T14:21:59Z,2026-08-19
MWI,Malawi,2013,5794,11136,0,0,0,70,0,,0,unhcr_population,2025-12-31,2026-08-19T14:21:59Z,2026-08-19
MWI,Malawi,2014,5871,14493,0,0,0,73,0,,0,unhcr_population,2025-12-31,2026-08-19T14:21:59Z,2026-08-19
MWI,Malawi,2015,9018,14467,0,0,0,0,0,,0,unhcr_population,2025-12-31,2026-08-19T14:21:59Z,2026-08-19
MWI,Malawi,2016,9386,21022,0,0,0,5771,0,,0,unhcr_population,2025-12-31,2026-08-19T14:21:59Z,2026-08-19
MWI,Malawi,2017,8977,25987,0,0,357,6231,0,,0,unhcr_population,2025-12-31,2026-08-19T14:21:59Z,2026-08-19
MWI,Malawi,2018,13783,23135,0,0,320,0,0,,0,unhcr_population,2025-12-31,2026-08-19T14:21:59Z,2026-08-19
MWI,Malawi,2019,14087,30293,0,0,239,0,0,,0,unhcr_population,2025-12-31,2026-08-19T14:21:59Z,2026-08-19
MWI,Malawi,2020,14892,33129,0,0,244,0,0,,0,unhcr_population,2025-12-31,2026-08-19T14:21:59Z,2026-08-19
MWI,Malawi,2021,21529,30904,0,0,240,0,0,,0,unhcr_population,2025-12-31,2026-08-19T14:21:59Z,2026-08-19
MWI,Malawi,2022,35162,21263,0,0,135,0,0,,0,unhcr_population,2025-12-31,2026-08-19T14:21:59Z,2026-08-19
MWI,Malawi,2023,35201,17695,0,0,5,225,0,,0,unhcr_population,2025-12-31,2026-08-19T14:21:59Z,2026-08-19
MWI,Malawi,2024,35510,21149,0,0,5,97,0,,0,unhcr_population,2025-12-31,2026-08-19T14:21:59Z,2026-08-19
MWI,Malawi,2025,35241,25251,0,0,5,176,0,,0,unhcr_population,2025-12-31,2026-08-19T14:21:59Z,2026-08-19
MYS,Malaysia,1977,96000,0,0,0,0,0,0,,0,unhcr_population,2025-12-31,2026-08-19T14:21:59Z,2026-08-19
MYS,Malaysia,1978,141580,0,0,0,0,0,0,,0,unhcr_population,2025-12-31,2026-08-19T14:21:59Z,2026-08-19
MYS,Malaysia,1979,124880,0,0,0,0,0,0,,0,unhcr_population,2025-12-31,2026-08-19T14:21:59Z,2026-08-19
MYS,Malaysia,1980,104040,0,0,0,0,0,0,,0,unhcr_population,2025-12-31,2026-08-19T14:21:59Z,2026-08-19
MYS,Malaysia,1981,103250,0,0,0,0,25660,0,,0,unhcr_population,2025-12-31,2026-08-19T14:21:59Z,2026-08-19
MYS,Malaysia,1982,99240,0,0,0,0,0,0,,0,unhcr_population,2025-12-31,2026-08-19T14:21:59Z,2026-08-19
MYS,Malaysia,1983,110700,0,0,0,0,0,0,,0,unhcr_population,2025-12-31,2026-08-19T14:21:59Z,2026-08-19
MYS,Malaysia,1984,109060,0,0,0,0,0,0,,0,unhcr_population,2025-12-31,2026-08-19T14:21:59Z,2026-08-19
MYS,Malaysia,1985,105310,0,0,0,0,0,0,,0,unhcr_population,2025-12-31,2026-08-19T14:21:59Z,2026-08-19
MYS,Malaysia,1986,99000,0,0,0,0,0,0,,0,unhcr_population,2025-12-31,2026-08-19T14:21:59Z,2026-08-19
MYS,Malaysia,1987,99420,0,0,0,0,0,0,,0,unhcr_population,2025-12-31,2026-08-19T14:21:59Z,2026-08-19
MYS,Malaysia,1988,104553,0,0,0,0,0,0,,0,unhcr_population,2025-12-31,2026-08-19T14:21:59Z,2026-08-19
MYS,Malaysia,1989,110482,0,0,0,0,18,0,,0,unhcr_population,2025-12-31,2026-08-19T14:21:59Z,2026-08-19
MYS,Malaysia,1990,14862,0,0,0,0,299,0,,0,unhcr_population,2025-12-31,2026-08-19T14:21:59Z,2026-08-19
MYS,Malaysia,1991,13947,0,0,0,0,355,0,,0,unhcr_population,2025-12-31,2026-08-19T14:21:59Z,2026-08-19
MYS,Malaysia,1992,11399,0,0,0,0,756,0,,0,unhcr_population,2025-12-31,2026-08-19T14:21:59Z,2026-08-19
MYS,Malaysia,1993,145,0,0,0,0,1427,0,,0,unhcr_population,2025-12-31,2026-08-19T14:21:59Z,2026-08-19
MYS,Malaysia,1994,5298,0,0,0,0,1267,0,,0,unhcr_population,2025-12-31,2026-08-19T14:21:59Z,2026-08-19
MYS,Malaysia,1995,5279,0,0,0,0,1435,0,,0,unhcr_population,2025-12-31,2026-08-19T14:21:59Z,2026-08-19
MYS,Malaysia,1996,5305,0,0,0,0,220,0,,0,unhcr_population,2025-12-31,2026-08-19T14:21:59Z,2026-08-19
MYS,Malaysia,1997,5277,0,0,0,0,10,0,,0,unhcr_population,2025-12-31,2026-08-19T14:21:59Z,2026-08-19
MYS,Malaysia,1998,50603,0,0,0,0,16,0,,0,unhcr_population,2025-12-31,2026-08-19T14:21:59Z,2026-08-19
MYS,Malaysia,1999,50509,0,0,0,0,0,0,,0,unhcr_population,2025-12-31,2026-08-19T14:21:59Z,2026-08-19
MYS,Malaysia,2000,50477,21,0,0,0,74,0,,0,unhcr_population,2025-12-31,2026-08-19T14:21:59Z,2026-08-19
MYS,Malaysia,2001,50456,238,0,0,0,6,0,,0,unhcr_population,2025-12-31,2026-08-19T14:21:59Z,2026-08-19
MYS,Malaysia,2002,50614,1574,0,0,0,6,0,,0,unhcr_population,2025-12-31,2026-08-19T14:21:59Z,2026-08-19
MYS,Malaysia,2003,7422,9199,0,0,62053,5,0,,0,unhcr_population,2025-12-31,2026-08-19T14:21:59Z,2026-08-19
MYS,Malaysia,2004,24900,10313,0,0,62311,0,0,,0,unhcr_population,2025-12-31,2026-08-19T14:21:59Z,2026-08-19
MYS,Malaysia,2005,33684,10829,0,0,61550,0,0,,0,unhcr_population,2025-12-31,2026-08-19T14:21:59Z,2026-08-19
MYS,Malaysia,2006,37158,9173,0,0,61314,0,0,,0,unhcr_population,2025-12-31,2026-08-19T14:21:59Z,2026-08-19
MYS,Malaysia,2007,32657,6834,0,40001,61314,0,0,,0,unhcr_population,2025-12-31,2026-08-19T14:21:59Z,2026-08-19
MYS,Malaysia,2008,36668,9322,0,40001,61314,0,0,,0,unhcr_population,2025-12-31,2026-08-19T14:21:59Z,2026-08-19
MYS,Malaysia,2009,66126,10253,0,40001,61326,0,0,,0,unhcr_population,2025-12-31,2026-08-19T14:21:59Z,2026-08-19
MYS,Malaysia,2010,81518,11317,0,40001,80000,13,0,,0,unhcr_population,2025-12-31,2026-08-19T14:21:59Z,2026-08-19
MYS,Malaysia,2011,86676,10918,0,40001,80000,143,0,,0,unhcr_population,2025-12-31,2026-08-19T14:21:59Z,2026-08-19
MYS,Malaysia,2012,90173,11623,0,40001,80000,175,0,,0,unhcr_population,2025-12-31,2026-08-19T14:21:59Z,2026-08-19
MYS,Malaysia,2013,97502,43007,0,40000,80000,110,0,,0,unhcr_population,2025-12-31,2026-08-19T14:21:59Z,2026-08-19
MYS,Malaysia,2014,99362,51217,0,40000,80000,87,0,,0,unhcr_population,2025-12-31,2026-08-19T14:21:59Z,2026-08-19
MYS,Malaysia,2015,94158,60393,0,11689,80000,61,0,,0,unhcr_population,2025-12-31,2026-08-19T14:21:59Z,2026-08-19
MYS,Malaysia,2016,92256,56313,0,10931,80000,0,0,,0,unhcr_population,2025-12-31,2026-08-19T14:21:59Z,2026-08-19
MYS,Malaysia,2017,103837,47509,0,10068,80000,5,0,,0,unhcr_population,2025-12-31,2026-08-19T14:21:59Z,2026-08-19
MYS,Malaysia,2018,121305,41801,0,9631,80000,0,0,,0,unhcr_population,2025-12-31,2026-08-19T14:21:59Z,2026-08-19
MYS,Malaysia,2019,129102,50619,0,108332,55000,0,0,,0,unhcr_population,2025-12-31,2026-08-19T14:21:59Z,2026-08-19
MYS,Malaysia,2020,129902,49822,0,111298,0,6,0,,0,unhcr_population,2025-12-31,2026-08-19T14:21:59Z,2026-08-19
MYS,Malaysia,2021,132086,49372,0,112420,55000,0,0,,0,unhcr_population,2025-12-31,2026-08-19T14:21:59Z,2026-08-19
MYS,Malaysia,2022,134554,47433,0,115169,55961,0,0,,0,unhcr_population,2025-12-31,2026-08-19T14:21:59Z,2026-08-19
MYS,Malaysia,2023,135872,48571,0,117070,55814,0,0,,0,unhcr_population,2025-12-31,2026-08-19T14:21:59Z,2026-08-19
MYS,Malaysia,2024,138417,52926,0,120857,55866,0,0,,0,unhcr_population,2025-12-31,2026-08-19T14:21:59Z,2026-08-19
MYS,Malaysia,2025,150164,63011,0,134676,55881,40,0,,0,unhcr_population,2025-12-31,2026-08-19T14:21:59Z,2026-08-19
NAM,Namibia,1991,136,0,0,0,0,0,0,,0,unhcr_population,2025-12-31,2026-08-19T14:21:59Z,2026-08-19
NAM,Namibia,1992,171,0,0,0,0,340,0,,0,unhcr_population,2025-12-31,2026-08-19T14:21:59Z,2026-08-19
NAM,Namibia,1993,584,0,0,0,0,319,0,,0,unhcr_population,2025-12-31,2026-08-19T14:21:59Z,2026-08-19
NAM,Namibia,1994,1145,0,0,0,0,0,0,,0,unhcr_population,2025-12-31,2026-08-19T14:21:59Z,2026-08-19
NAM,Namibia,1995,1679,0,0,0,0,97,0,,0,unhcr_population,2025-12-31,2026-08-19T14:21:59Z,2026-08-19
NAM,Namibia,1996,2198,0,0,0,0,94,0,,0,unhcr_population,2025-12-31,2026-08-19T14:21:59Z,2026-08-19
NAM,Namibia,1997,2502,0,0,0,0,129,0,,0,unhcr_population,2025-12-31,2026-08-19T14:21:59Z,2026-08-19
NAM,Namibia,1998,3816,0,0,0,0,0,0,,0,unhcr_population,2025-12-31,2026-08-19T14:21:59Z,2026-08-19
NAM,Namibia,1999,7612,0,0,0,0,5,0,,0,unhcr_population,2025-12-31,2026-08-19T14:21:59Z,2026-08-19
NAM,Namibia,2000,27263,1141,0,0,0,0,0,,0,unhcr_population,2025-12-31,2026-08-19T14:21:59Z,2026-08-19
NAM,Namibia,2001,30886,1817,0,0,0,5,0,,0,unhcr_population,2025-12-31,2026-08-19T14:21:59Z,2026-08-19
NAM,Namibia,2002,21649,761,0,0,0,1128,0,,0,unhcr_population,2025-12-31,2026-08-19T14:21:59Z,2026-08-19
NAM,Namibia,2003,19800,1989,0,0,0,9503,0,,0,unhcr_population,2025-12-31,2026-08-19T14:21:59Z,2026-08-19
NAM,Namibia,2004,14773,2040,0,0,0,8878,0,,0,unhcr_population,2025-12-31,2026-08-19T14:21:59Z,2026-08-19
NAM,Namibia,2005,5297,1064,0,0,0,2750,0,,0,unhcr_population,2025-12-31,2026-08-19T14:21:59Z,2026-08-19
NAM,Namibia,2006,5454,1115,0,0,0,58,0,,0,unhcr_population,2025-12-31,2026-08-19T14:21:59Z,2026-08-19
NAM,Namibia,2007,6522,1201,0,0,0,12,0,,0,unhcr_population,2025-12-31,2026-08-19T14:21:59Z,2026-08-19
NAM,Namibia,2008,6794,1326,0,0,0,13,0,,0,unhcr_population,2025-12-31,2026-08-19T14:21:59Z,2026-08-19
NAM,Namibia,2009,7160,1334,0,0,0,159,0,,0,unhcr_population,2025-12-31,2026-08-19T14:21:59Z,2026-08-19
NAM,Namibia,2010,7249,1411,0,0,0,93,0,,0,unhcr_population,2025-12-31,2026-08-19T14:21:59Z,2026-08-19
NAM,Namibia,2011,6050,925,0,0,0,55,0,,0,unhcr_population,2025-12-31,2026-08-19T14:21:59Z,2026-08-19
NAM,Namibia,2012,1808,1084,0,0,0,2813,0,,0,unhcr_population,2025-12-31,2026-08-19T14:21:59Z,2026-08-19
NAM,Namibia,2013,2330,1153,0,0,1660,40,0,,0,unhcr_population,2025-12-31,2026-08-19T14:21:59Z,2026-08-19
NAM,Namibia,2014,1765,816,0,0,1660,0,0,,0,unhcr_population,2025-12-31,2026-08-19T14:21:59Z,2026-08-19
NAM,Namibia,2015,1730,1102,0,0,1703,5,0,,0,unhcr_population,2025-12-31,2026-08-19T14:21:59Z,2026-08-19
NAM,Namibia,2016,1747,1664,0,0,48,0,0,,0,unhcr_population,2025-12-31,2026-08-19T14:21:59Z,2026-08-19
NAM,Namibia,2017,2182,1889,0,0,7,0,0,,0,unhcr_population,2025-12-31,2026-08-19T14:21:59Z,2026-08-19
NAM,Namibia,2018,2394,1516,0,0,7,0,0,,0,unhcr_population,2025-12-31,2026-08-19T14:21:59Z,2026-08-19
NAM,Namibia,2019,3182,1906,0,0,7,6,0,,0,unhcr_population,2025-12-31,2026-08-19T14:21:59Z,2026-08-19
NAM,Namibia,2020,3578,2214,0,0,7,0,0,,0,unhcr_population,2025-12-31,2026-08-19T14:21:59Z,2026-08-19
NAM,Namibia,2021,3733,2747,0,0,65,250,0,,0,unhcr_population,2025-12-31,2026-08-19T14:21:59Z,2026-08-19
NAM,Namibia,2022,4685,2512,0,0,71,0,0,,0,unhcr_population,2025-12-31,2026-08-19T14:21:59Z,2026-08-19
NAM,Namibia,2023,5157,1978,0,0,77,183,0,,0,unhcr_population,2025-12-31,2026-08-19T14:21:59Z,2026-08-19
NAM,Namibia,2024,5258,1317,0,14796,58,0,0,,0,unhcr_population,2025-12-31,2026-08-19T14:21:59Z,2026-08-19
NAM,Namibia,2025,5470,1326,0,14796,57,33,0,,0,unhcr_population,2025-12-31,2026-08-19T14:21:59Z,2026-08-19
NER,Niger,1977,1500,0,0,0,0,0,0,,0,unhcr_population,2025-12-31,2026-08-19T14:21:59Z,2026-08-19
NER,Niger,1990,792,0,0,0,0,0,0,,0,unhcr_population,2025-12-31,2026-08-19T14:21:59Z,2026-08-19
NER,Niger,1991,1385,0,0,0,0,2170,0,,0,unhcr_population,2025-12-31,2026-08-19T14:21:59Z,2026-08-19
NER,Niger,1992,3699,0,0,0,0,200,0,,0,unhcr_population,2025-12-31,2026-08-19T14:21:59Z,2026-08-19
NER,Niger,1993,16686,0,0,0,0,0,0,,0,unhcr_population,2025-12-31,2026-08-19T14:21:59Z,2026-08-19
NER,Niger,1994,15070,0,0,0,0,5,0,,0,unhcr_population,2025-12-31,2026-08-19T14:21:59Z,2026-08-19
NER,Niger,1995,27620,0,0,0,0,822,0,,0,unhcr_population,2025-12-31,2026-08-19T14:21:59Z,2026-08-19
NER,Niger,1996,25842,0,0,0,0,1907,0,,0,unhcr_population,2025-12-31,2026-08-19T14:21:59Z,2026-08-19
NER,Niger,1997,7374,0,0,0,0,1234,0,,0,unhcr_population,2025-12-31,2026-08-19T14:21:59Z,2026-08-19
NER,Niger,1998,3691,0,0,0,0,3995,0,,0,unhcr_population,2025-12-31,2026-08-19T14:21:59Z,2026-08-19
NER,Niger,1999,350,0,0,0,0,6214,0,,0,unhcr_population,2025-12-31,2026-08-19T14:21:59Z,2026-08-19
NER,Niger,2000,59,442,0,0,0,0,0,,0,unhcr_population,2025-12-31,2026-08-19T14:21:59Z,2026-08-19
NER,Niger,2001,79,442,0,0,0,0,0,,0,unhcr_population,2025-12-31,2026-08-19T14:21:59Z,2026-08-19
NER,Niger,2002,296,42,0,0,0,0,0,,0,unhcr_population,2025-12-31,2026-08-19T14:21:59Z,2026-08-19
NER,Niger,2003,333,27,0,0,0,5,0,,0,unhcr_population,2025-12-31,2026-08-19T14:21:59Z,2026-08-19
NER,Niger,2004,342,32,0,0,0,0,0,,0,unhcr_population,2025-12-31,2026-08-19T14:21:59Z,2026-08-19
NER,Niger,2005,297,41,0,0,0,36,0,,0,unhcr_population,2025-12-31,2026-08-19T14:21:59Z,2026-08-19
NER,Niger,2006,312,18,0,0,0,0,0,,0,unhcr_population,2025-12-31,2026-08-19T14:21:59Z,2026-08-19
NER,Niger,2007,318,14,0,0,0,0,0,,0,unhcr_population,2025-12-31,2026-08-19T14:21:59Z,2026-08-19
NER,Niger,2008,316,22,0,0,0,0,0,,0,unhcr_population,2025-12-31,2026-08-19T14:21:59Z,2026-08-19
NER,Niger,2009,326,30,0,0,0,5,0,,0,unhcr_population,2025-12-31,2026-08-19T14:21:59Z,2026-08-19
NER,Niger,2010,315,11,0,0,0,5,0,,0,unhcr_population,2025-12-31,2026-08-19T14:21:59Z,2026-08-19
NER,Niger,2011,301,113,0,0,0,0,0,,0,unhcr_population,2025-12-31,2026-08-19T14:21:59Z,2026-08-19
NER,Niger,2012,50509,99,0,0,0,5,0,,0,unhcr_population,2025-12-31,2026-08-19T14:21:59Z,2026-08-19
NER,Niger,2013,57657,76,0,0,35166,5694,0,,0,unhcr_population,2025-12-31,2026-08-19T14:21:59Z,2026-08-19
NER,Niger,2014,77826,103,0,0,70000,6304,0,,0,unhcr_population,2025-12-31,2026-08-19T14:21:59Z,2026-08-19
NER,Niger,2015,124717,103,137337,0,70000,1107,0,,0,unhcr_population,2025-12-31,2026-08-19T14:21:59Z,2026-08-19
NER,Niger,2016,166089,61,121391,0,14678,2445,0,,0,unhcr_population,2025-12-31,2026-08-19T14:21:59Z,2026-08-19
NER,Niger,2017,165729,278,129015,0,14820,2215,5867,,0,unhcr_population,2025-12-31,2026-08-19T14:21:59Z,2026-08-19
NER,Niger,2018,175413,3547,156137,0,27142,3995,24727,,0,unhcr_population,2025-12-31,2026-08-19T14:21:59Z,2026-08-19
NER,Niger,2019,179997,37896,191902,0,32072,1452,0,,0,unhcr_population,2025-12-31,2026-08-19T14:21:59Z,2026-08-19
NER,Niger,2020,233293,3285,298458,0,38127,7932,0,,0,unhcr_population,2025-12-31,2026-08-19T14:21:59Z,2026-08-19
NER,Niger,2021,249945,16501,224016,0,50384,6455,0,,0,unhcr_population,2025-12-31,2026-08-19T14:21:59Z,2026-08-19
NER,Niger,2022,255307,46705,376809,0,37591,10803,0,,0,unhcr_population,2025-12-31,2026-08-19T14:21:59Z,2026-08-19
NER,Niger,2023,269996,35570,335277,0,45410,27625,0,,0,unhcr_population,2025-12-31,2026-08-19T14:21:59Z,2026-08-19
NER,Niger,2024,369836,51959,507438,0,46590,21637,0,,0,unhcr_population,2025-12-31,2026-08-19T14:21:59Z,2026-08-19
NER,Niger,2025,385986,50004,459585,0,47376,18434,0,,0,unhcr_population,2025-12-31,2026-08-19T14:21:59Z,2026-08-19
NGA,Nigeria,1976,50,0,0,0,0,0,0,,0,unhcr_population,2025-12-31,2026-08-19T14:21:59Z,2026-08-19
NGA,Nigeria,1977,300,0,0,0,0,0,0,,0,unhcr_population,2025-12-31,2026-08-19T14:21:59Z,2026-08-19
NGA,Nigeria,1978,370,0,0,0,0,0,0,,0,unhcr_population,2025-12-31,2026-08-19T14:21:59Z,2026-08-19
NGA,Nigeria,1979,400,0,0,0,0,0,0,,0,unhcr_population,2025-12-31,2026-08-19T14:21:59Z,2026-08-19
NGA,Nigeria,1980,100000,0,0,0,0,0,0,,0,unhcr_population,2025-12-31,2026-08-19T14:21:59Z,2026-08-19
NGA,Nigeria,1981,89570,0,0,0,0,15430,0,,0,unhcr_population,2025-12-31,2026-08-19T14:21:59Z,2026-08-19
NGA,Nigeria,1982,5240,0,0,0,0,0,0,,0,unhcr_population,2025-12-31,2026-08-19T14:21:59Z,2026-08-19
NGA,Nigeria,1983,4620,0,0,0,0,0,0,,0,unhcr_population,2025-12-31,2026-08-19T14:21:59Z,2026-08-19
NGA,Nigeria,1984,4570,0,0,0,0,0,0,,0,unhcr_population,2025-12-31,2026-08-19T14:21:59Z,2026-08-19
NGA,Nigeria,1985,5880,0,0,0,0,0,0,,0,unhcr_population,2025-12-31,2026-08-19T14:21:59Z,2026-08-19
NGA,Nigeria,1986,4760,0,0,0,0,120,0,,0,unhcr_population,2025-12-31,2026-08-19T14:21:59Z,2026-08-19
NGA,Nigeria,1987,5100,0,0,0,0,1270,0,,0,unhcr_population,2025-12-31,2026-08-19T14:21:59Z,2026-08-19
NGA,Nigeria,1988,5173,0,0,0,0,220,0,,0,unhcr_population,2025-12-31,2026-08-19T14:21:59Z,2026-08-19
NGA,Nigeria,1989,3781,0,0,0,0,1060,0,,0,unhcr_population,2025-12-31,2026-08-19T14:21:59Z,2026-08-19
NGA,Nigeria,1990,3571,0,0,0,0,1760,0,,0,unhcr_population,2025-12-31,2026-08-19T14:21:59Z,2026-08-19
NGA,Nigeria,1991,3573,0,0,0,0,140,0,,0,unhcr_population,2025-12-31,2026-08-19T14:21:59Z,2026-08-19
NGA,Nigeria,1992,4782,0,0,0,0,60,0,,0,unhcr_population,2025-12-31,2026-08-19T14:21:59Z,2026-08-19
NGA,Nigeria,1993,4819,0,0,0,0,21,0,,0,unhcr_population,2025-12-31,2026-08-19T14:21:59Z,2026-08-19
NGA,Nigeria,1994,6025,0,0,0,0,178,0,,0,unhcr_population,2025-12-31,2026-08-19T14:21:59Z,2026-08-19
NGA,Nigeria,1995,8118,0,0,0,0,139,0,,0,unhcr_population,2025-12-31,2026-08-19T14:21:59Z,2026-08-19
NGA,Nigeria,1996,8486,0,0,0,0,45,0,,0,unhcr_population,2025-12-31,2026-08-19T14:21:59Z,2026-08-19
NGA,Nigeria,1997,9071,0,0,0,0,364,0,,0,unhcr_population,2025-12-31,2026-08-19T14:21:59Z,2026-08-19
NGA,Nigeria,1998,6782,0,0,0,0,852,0,,0,unhcr_population,2025-12-31,2026-08-19T14:21:59Z,2026-08-19
NGA,Nigeria,1999,6942,0,0,0,0,135,0,,0,unhcr_population,2025-12-31,2026-08-19T14:21:59Z,2026-08-19
NGA,Nigeria,2000,7271,0,0,0,0,17,0,,0,unhcr_population,2025-12-31,2026-08-19T14:21:59Z,2026-08-19
NGA,Nigeria,2001,7201,137,0,0,0,0,0,,0,unhcr_population,2025-12-31,2026-08-19T14:21:59Z,2026-08-19
NGA,Nigeria,2002,7353,25,0,0,0,273,0,,0,unhcr_population,2025-12-31,2026-08-19T14:21:59Z,2026-08-19
NGA,Nigeria,2003,9173,1120,0,0,0,91,0,,0,unhcr_population,2025-12-31,2026-08-19T14:21:59Z,2026-08-19
NGA,Nigeria,2004,8395,1077,0,0,0,1022,0,,0,unhcr_population,2025-12-31,2026-08-19T14:21:59Z,2026-08-19
NGA,Nigeria,2005,9017,407,0,0,3000,290,0,,0,unhcr_population,2025-12-31,2026-08-19T14:21:59Z,2026-08-19
NGA,Nigeria,2006,8761,667,0,0,0,901,0,,0,unhcr_population,2025-12-31,2026-08-19T14:21:59Z,2026-08-19
NGA,Nigeria,2007,8463,697,0,0,0,376,0,,0,unhcr_population,2025-12-31,2026-08-19T14:21:59Z,2026-08-19
NGA,Nigeria,2008,10127,1216,0,0,0,361,0,,0,unhcr_population,2025-12-31,2026-08-19T14:21:59Z,2026-08-19
NGA,Nigeria,2009,9129,1143,0,0,0,91,0,,0,unhcr_population,2025-12-31,2026-08-19T14:21:59Z,2026-08-19
NGA,Nigeria,2010,8744,1809,0,0,0,32,0,,0,unhcr_population,2025-12-31,2026-08-19T14:21:59Z,2026-08-19
NGA,Nigeria,2011,8803,1526,0,0,0,19,0,,0,unhcr_population,2025-12-31,2026-08-19T14:21:59Z,2026-08-19
NGA,Nigeria,2012,3151,1038,0,0,0,172,0,,0,unhcr_population,2025-12-31,2026-08-19T14:21:59Z,2026-08-19
NGA,Nigeria,2013,1688,812,0,0,0,0,0,,0,unhcr_population,2025-12-31,2026-08-19T14:21:59Z,2026-08-19
NGA,Nigeria,2014,1237,848,1188018,0,0,385,0,,0,unhcr_population,2025-12-31,2026-08-19T14:21:59Z,2026-08-19
NGA,Nigeria,2015,1387,385,2172532,0,0,0,0,,0,unhcr_population,2025-12-31,2026-08-19T14:21:59Z,2026-08-19
NGA,Nigeria,2016,1357,464,2219272,0,0,131,689906,,0,unhcr_population,2025-12-31,2026-08-19T14:21:59Z,2026-08-19
NGA,Nigeria,2017,1910,8650,1704080,0,0,0,381780,,0,unhcr_population,2025-12-31,2026-08-19T14:21:59Z,2026-08-19
NGA,Nigeria,2018,34727,940,2167925,0,0,8,176155,,0,unhcr_population,2025-12-31,2026-08-19T14:21:59Z,2026-08-19
NGA,Nigeria,2019,54157,1032,2195779,0,0,0,18356,,0,unhcr_population,2025-12-31,2026-08-19T14:21:59Z,2026-08-19
NGA,Nigeria,2020,66056,2787,2610278,0,0,18279,0,,0,unhcr_population,2025-12-31,2026-08-19T14:21:59Z,2026-08-19
NGA,Nigeria,2021,77132,1658,3084916,0,0,0,205201,,0,unhcr_population,2025-12-31,2026-08-19T14:21:59Z,2026-08-19
NGA,Nigeria,2022,91275,1623,3286881,0,0,47,139622,,0,unhcr_population,2025-12-31,2026-08-19T14:21:59Z,2026-08-19
NGA,Nigeria,2023,69940,34170,3313601,0,326,21,35131,,0,unhcr_population,2025-12-31,2026-08-19T14:21:59Z,2026-08-19
NGA,Nigeria,2024,96387,30744,3432959,0,309,5,35721,,0,unhcr_population,2025-12-31,2026-08-19T14:21:59Z,2026-08-19
NGA,Nigeria,2025,123848,18192,3544519,0,367,5,0,,0,unhcr_population,2025-12-31,2026-08-19T14:21:59Z,2026-08-19
NIC,Nicaragua,1972,50,0,0,0,0,0,0,,0,unhcr_population,2025-12-31,2026-08-19T14:21:59Z,2026-08-19
NIC,Nicaragua,1980,4100,0,0,0,0,0,0,,0,unhcr_population,2025-12-31,2026-08-19T14:21:59Z,2026-08-19
NIC,Nicaragua,1981,21320,0,0,0,0,50,0,,0,unhcr_population,2025-12-31,2026-08-19T14:21:59Z,2026-08-19
NIC,Nicaragua,1982,23800,0,0,0,0,0,0,,0,unhcr_population,2025-12-31,2026-08-19T14:21:59Z,2026-08-19
NIC,Nicaragua,1983,18500,0,0,0,0,0,0,,0,unhcr_population,2025-12-31,2026-08-19T14:21:59Z,2026-08-19
NIC,Nicaragua,1984,18500,0,0,0,0,0,0,,0,unhcr_population,2025-12-31,2026-08-19T14:21:59Z,2026-08-19
NIC,Nicaragua,1985,17270,0,0,0,0,740,0,,0,unhcr_population,2025-12-31,2026-08-19T14:21:59Z,2026-08-19
NIC,Nicaragua,1986,8280,0,0,0,0,270,0,,0,unhcr_population,2025-12-31,2026-08-19T14:21:59Z,2026-08-19
NIC,Nicaragua,1987,9000,0,0,0,0,210,0,,0,unhcr_population,2025-12-31,2026-08-19T14:21:59Z,2026-08-19
NIC,Nicaragua,1988,16000,0,0,0,0,670,0,,0,unhcr_population,2025-12-31,2026-08-19T14:21:59Z,2026-08-19
NIC,Nicaragua,1989,15210,0,0,0,0,130,0,,0,unhcr_population,2025-12-31,2026-08-19T14:21:59Z,2026-08-19
NIC,Nicaragua,1990,16000,0,0,0,0,140,0,,0,unhcr_population,2025-12-31,2026-08-19T14:21:59Z,2026-08-19
NIC,Nicaragua,1991,14933,0,0,0,0,1130,0,,0,unhcr_population,2025-12-31,2026-08-19T14:21:59Z,2026-08-19
NIC,Nicaragua,1992,14450,0,0,0,0,480,0,,0,unhcr_population,2025-12-31,2026-08-19T14:21:59Z,2026-08-19
NIC,Nicaragua,1993,5642,0,0,0,0,215,0,,0,unhcr_population,2025-12-31,2026-08-19T14:21:59Z,2026-08-19
NIC,Nicaragua,1994,314,0,0,0,0,130,0,,0,unhcr_population,2025-12-31,2026-08-19T14:21:59Z,2026-08-19
NIC,Nicaragua,1995,577,0,0,0,0,25,0,,0,unhcr_population,2025-12-31,2026-08-19T14:21:59Z,2026-08-19
NIC,Nicaragua,1996,557,0,0,0,0,14,0,,0,unhcr_population,2025-12-31,2026-08-19T14:21:59Z,2026-08-19
NIC,Nicaragua,1997,462,0,0,0,0,12,0,,0,unhcr_population,2025-12-31,2026-08-19T14:21:59Z,2026-08-19
NIC,Nicaragua,1998,471,0,0,0,0,0,0,,0,unhcr_population,2025-12-31,2026-08-19T14:21:59Z,2026-08-19
NIC,Nicaragua,1999,471,0,0,0,0,0,0,,0,unhcr_population,2025-12-31,2026-08-19T14:21:59Z,2026-08-19
NIC,Nicaragua,2000,330,10,0,0,0,24,0,,0,unhcr_population,2025-12-31,2026-08-19T14:21:59Z,2026-08-19
NIC,Nicaragua,2001,322,15,0,0,0,0,0,,0,unhcr_population,2025-12-31,2026-08-19T14:21:59Z,2026-08-19
NIC,Nicaragua,2002,324,15,0,0,0,0,0,,0,unhcr_population,2025-12-31,2026-08-19T14:21:59Z,2026-08-19
NIC,Nicaragua,2003,300,15,0,0,0,0,0,,0,unhcr_population,2025-12-31,2026-08-19T14:21:59Z,2026-08-19
NIC,Nicaragua,2004,288,0,0,0,0,0,0,,0,unhcr_population,2025-12-31,2026-08-19T14:21:59Z,2026-08-19
NIC,Nicaragua,2005,222,0,0,0,0,0,0,,0,unhcr_population,2025-12-31,2026-08-19T14:21:59Z,2026-08-19
NIC,Nicaragua,2006,195,5,0,0,0,0,0,,0,unhcr_population,2025-12-31,2026-08-19T14:21:59Z,2026-08-19
NIC,Nicaragua,2007,182,19,0,0,0,0,0,,0,unhcr_population,2025-12-31,2026-08-19T14:21:59Z,2026-08-19
NIC,Nicaragua,2008,142,0,0,0,0,0,0,,0,unhcr_population,2025-12-31,2026-08-19T14:21:59Z,2026-08-19
NIC,Nicaragua,2009,115,0,0,0,0,0,0,,0,unhcr_population,2025-12-31,2026-08-19T14:21:59Z,2026-08-19
NIC,Nicaragua,2010,59,15,0,0,0,0,0,,0,unhcr_population,2025-12-31,2026-08-19T14:21:59Z,2026-08-19
NIC,Nicaragua,2011,80,10,0,0,0,0,0,,0,unhcr_population,2025-12-31,2026-08-19T14:21:59Z,2026-08-19
NIC,Nicaragua,2012,124,11,0,0,0,0,0,,0,unhcr_population,2025-12-31,2026-08-19T14:21:59Z,2026-08-19
NIC,Nicaragua,2013,184,15,0,0,0,0,0,,0,unhcr_population,2025-12-31,2026-08-19T14:21:59Z,2026-08-19
NIC,Nicaragua,2014,273,57,0,0,0,0,0,,0,unhcr_population,2025-12-31,2026-08-19T14:21:59Z,2026-08-19
NIC,Nicaragua,2015,325,126,0,0,0,0,0,,0,unhcr_population,2025-12-31,2026-08-19T14:21:59Z,2026-08-19
NIC,Nicaragua,2016,325,338,0,0,0,0,0,,0,unhcr_population,2025-12-31,2026-08-19T14:21:59Z,2026-08-19
NIC,Nicaragua,2017,322,407,0,0,0,0,0,,0,unhcr_population,2025-12-31,2026-08-19T14:21:59Z,2026-08-19
NIC,Nicaragua,2018,321,126,0,0,357,0,0,,0,unhcr_population,2025-12-31,2026-08-19T14:21:59Z,2026-08-19
NIC,Nicaragua,2019,322,126,0,0,510,0,0,,0,unhcr_population,2025-12-31,2026-08-19T14:21:59Z,2026-08-19
NIC,Nicaragua,2020,311,126,0,0,563,0,0,,0,unhcr_population,2025-12-31,2026-08-19T14:21:59Z,2026-08-19
NIC,Nicaragua,2021,313,126,0,0,588,0,0,,0,unhcr_population,2025-12-31,2026-08-19T14:21:59Z,2026-08-19
NIC,Nicaragua,2022,312,124,0,0,578,0,0,,0,unhcr_population,2025-12-31,2026-08-19T14:21:59Z,2026-08-19
NIC,Nicaragua,2023,311,124,0,0,583,0,0,,0,unhcr_population,2025-12-31,2026-08-19T14:21:59Z,2026-08-19
NLD,Netherlands (Kingdom of the),1951,14200,0,0,0,0,0,0,,0,unhcr_population,2025-12-31,2026-08-19T14:21:59Z,2026-08-19
NLD,Netherlands (Kingdom of the),1952,14100,0,0,0,0,0,0,,0,unhcr_population,2025-12-31,2026-08-19T14:21:59Z,2026-08-19
NLD,Netherlands (Kingdom of the),1953,13900,0,0,0,0,0,0,,0,unhcr_population,2025-12-31,2026-08-19T14:21:59Z,2026-08-19
NLD,Netherlands (Kingdom of the),1954,12400,0,0,0,0,0,0,,0,unhcr_population,2025-12-31,2026-08-19T14:21:59Z,2026-08-19
NLD,Netherlands (Kingdom of the),1955,11400,0,0,0,0,0,0,,0,unhcr_population,2025-12-31,2026-08-19T14:21:59Z,2026-08-19
NLD,Netherlands (Kingdom of the),1956,13600,0,0,0,0,0,0,,0,unhcr_population,2025-12-31,2026-08-19T14:21:59Z,2026-08-19
NLD,Netherlands (Kingdom of the),1957,13500,0,0,0,0,0,0,,0,unhcr_population,2025-12-31,2026-08-19T14:21:59Z,2026-08-19
NLD,Netherlands (Kingdom of the),1958,13000,0,0,0,0,0,0,,0,unhcr_population,2025-12-31,2026-08-19T14:21:59Z,2026-08-19
NLD,Netherlands (Kingdom of the),1959,12800,0,0,0,0,0,0,,0,unhcr_population,2025-12-31,2026-08-19T14:21:59Z,2026-08-19
NLD,Netherlands (Kingdom of the),1960,12000,0,0,0,0,0,0,,0,unhcr_population,2025-12-31,2026-08-19T14:21:59Z,2026-08-19
NLD,Netherlands (Kingdom of the),1961,10000,0,0,0,0,0,0,,0,unhcr_population,2025-12-31,2026-08-19T14:21:59Z,2026-08-19
NLD,Netherlands (Kingdom of the),1962,10000,0,0,0,0,0,0,,0,unhcr_population,2025-12-31,2026-08-19T14:21:59Z,2026-08-19
NLD,Netherlands (Kingdom of the),1963,9500,0,0,0,0,0,0,,0,unhcr_population,2025-12-31,2026-08-19T14:21:59Z,2026-08-19
NLD,Netherlands (Kingdom of the),1964,9500,0,0,0,0,0,0,,0,unhcr_population,2025-12-31,2026-08-19T14:21:59Z,2026-08-19
NLD,Netherlands (Kingdom of the),1965,9000,0,0,0,0,0,0,,0,unhcr_population,2025-12-31,2026-08-19T14:21:59Z,2026-08-19
NLD,Netherlands (Kingdom of the),1966,8500,0,0,0,0,0,0,,0,unhcr_population,2025-12-31,2026-08-19T14:21:59Z,2026-08-19
NLD,Netherlands (Kingdom of the),1967,8000,0,0,0,0,0,0,,0,unhcr_population,2025-12-31,2026-08-19T14:21:59Z,2026-08-19
NLD,Netherlands (Kingdom of the),1968,8000,0,0,0,0,0,0,,0,unhcr_population,2025-12-31,2026-08-19T14:21:59Z,2026-08-19
NLD,Netherlands (Kingdom of the),1969,8000,0,0,0,0,0,0,,0,unhcr_population,2025-12-31,2026-08-19T14:21:59Z,2026-08-19
NLD,Netherlands (Kingdom of the),1970,8524,0,0,0,0,0,0,,0,unhcr_population,2025-12-31,2026-08-19T14:21:59Z,2026-08-19
NLD,Netherlands (Kingdom of the),1971,8600,0,0,0,0,0,0,,0,unhcr_population,2025-12-31,2026-08-19T14:21:59Z,2026-08-19
NLD,Netherlands (Kingdom of the),1972,8830,0,0,0,0,0,0,,0,unhcr_population,2025-12-31,2026-08-19T14:21:59Z,2026-08-19
NLD,Netherlands (Kingdom of the),1973,8400,0,0,0,0,0,0,,0,unhcr_population,2025-12-31,2026-08-19T14:21:59Z,2026-08-19
NLD,Netherlands (Kingdom of the),1974,8015,0,0,0,0,0,0,,0,unhcr_population,2025-12-31,2026-08-19T14:21:59Z,2026-08-19
NLD,Netherlands (Kingdom of the),1975,7850,0,0,0,0,0,0,,0,unhcr_population,2025-12-31,2026-08-19T14:21:59Z,2026-08-19
NLD,Netherlands (Kingdom of the),1976,7900,0,0,0,0,0,0,,0,unhcr_population,2025-12-31,2026-08-19T14:21:59Z,2026-08-19
NLD,Netherlands (Kingdom of the),1977,8000,0,0,0,0,0,0,,0,unhcr_population,2025-12-31,2026-08-19T14:21:59Z,2026-08-19
NLD,Netherlands (Kingdom of the),1978,8000,0,0,0,0,0,0,,0,unhcr_population,2025-12-31,2026-08-19T14:21:59Z,2026-08-19
NLD,Netherlands (Kingdom of the),1979,10000,0,0,0,0,0,0,,0,unhcr_population,2025-12-31,2026-08-19T14:21:59Z,2026-08-19
NLD,Netherlands (Kingdom of the),1980,12000,0,0,0,0,0,0,,0,unhcr_population,2025-12-31,2026-08-19T14:21:59Z,2026-08-19
NLD,Netherlands (Kingdom of the),1981,13000,0,0,0,0,0,0,,0,unhcr_population,2025-12-31,2026-08-19T14:21:59Z,2026-08-19
NLD,Netherlands (Kingdom of the),1982,14000,0,0,0,0,0,0,,0,unhcr_population,2025-12-31,2026-08-19T14:21:59Z,2026-08-19
NLD,Netherlands (Kingdom of the),1983,14500,0,0,0,0,0,0,,0,unhcr_population,2025-12-31,2026-08-19T14:21:59Z,2026-08-19
NLD,Netherlands (Kingdom of the),1984,15000,0,0,0,0,0,0,,0,unhcr_population,2025-12-31,2026-08-19T14:21:59Z,2026-08-19
NLD,Netherlands (Kingdom of the),1985,15500,0,0,0,0,0,0,,0,unhcr_population,2025-12-31,2026-08-19T14:21:59Z,2026-08-19
NLD,Netherlands (Kingdom of the),1986,16000,0,0,0,0,0,0,,0,unhcr_population,2025-12-31,2026-08-19T14:21:59Z,2026-08-19
NLD,Netherlands (Kingdom of the),1987,24000,0,0,0,0,0,0,,0,unhcr_population,2025-12-31,2026-08-19T14:21:59Z,2026-08-19
NLD,Netherlands (Kingdom of the),1988,25963,0,0,0,0,0,0,,0,unhcr_population,2025-12-31,2026-08-19T14:21:59Z,2026-08-19
NLD,Netherlands (Kingdom of the),1989,16971,0,0,0,0,0,0,,0,unhcr_population,2025-12-31,2026-08-19T14:21:59Z,2026-08-19
NLD,Netherlands (Kingdom of the),1990,17337,0,0,0,0,0,0,,0,unhcr_population,2025-12-31,2026-08-19T14:21:59Z,2026-08-19
NLD,Netherlands (Kingdom of the),1991,19020,0,0,0,0,0,0,,0,unhcr_population,2025-12-31,2026-08-19T14:21:59Z,2026-08-19
NLD,Netherlands (Kingdom of the),1992,29721,0,0,0,0,0,0,,0,unhcr_population,2025-12-31,2026-08-19T14:21:59Z,2026-08-19
NLD,Netherlands (Kingdom of the),1993,43521,0,0,0,0,0,0,,0,unhcr_population,2025-12-31,2026-08-19T14:21:59Z,2026-08-19
NLD,Netherlands (Kingdom of the),1994,62152,0,0,0,0,0,0,,0,unhcr_population,2025-12-31,2026-08-19T14:21:59Z,2026-08-19
NLD,Netherlands (Kingdom of the),1995,79949,0,0,0,0,0,0,,0,unhcr_population,2025-12-31,2026-08-19T14:21:59Z,2026-08-19
NLD,Netherlands (Kingdom of the),1996,102573,0,0,0,0,114,0,,0,unhcr_population,2025-12-31,2026-08-19T14:21:59Z,2026-08-19
NLD,Netherlands (Kingdom of the),1997,118057,0,0,0,0,5,0,,0,unhcr_population,2025-12-31,2026-08-19T14:21:59Z,2026-08-19
NLD,Netherlands (Kingdom of the),1998,131481,0,0,0,0,165,0,,0,unhcr_population,2025-12-31,2026-08-19T14:21:59Z,2026-08-19
NLD,Netherlands (Kingdom of the),1999,138633,0,0,0,0,2881,0,,0,unhcr_population,2025-12-31,2026-08-19T14:21:59Z,2026-08-19
NLD,Netherlands (Kingdom of the),2000,146174,84416,0,0,0,773,0,,0,unhcr_population,2025-12-31,2026-08-19T14:21:59Z,2026-08-19
NLD,Netherlands (Kingdom of the),2001,151919,78496,0,0,0,182,0,,0,unhcr_population,2025-12-31,2026-08-19T14:21:59Z,2026-08-19
NLD,Netherlands (Kingdom of the),2002,148349,58134,0,0,0,522,0,,0,unhcr_population,2025-12-31,2026-08-19T14:21:59Z,2026-08-19
NLD,Netherlands (Kingdom of the),2003,140877,44635,0,0,0,438,0,,0,unhcr_population,2025-12-31,2026-08-19T14:21:59Z,2026-08-19
NLD,Netherlands (Kingdom of the),2004,126792,28419,0,0,0,275,0,,0,unhcr_population,2025-12-31,2026-08-19T14:21:59Z,2026-08-19
NLD,Netherlands (Kingdom of the),2005,118172,14617,0,6500,0,371,0,,0,unhcr_population,2025-12-31,2026-08-19T14:21:59Z,2026-08-19
NLD,Netherlands (Kingdom of the),2006,100565,13068,0,4461,0,363,0,,0,unhcr_population,2025-12-31,2026-08-19T14:21:59Z,2026-08-19
NLD,Netherlands (Kingdom of the),2007,86576,5840,0,4461,0,47,0,,0,unhcr_population,2025-12-31,2026-08-19T14:21:59Z,2026-08-19
NLD,Netherlands (Kingdom of the),2008,77589,9743,0,4591,0,54,0,,0,unhcr_population,2025-12-31,2026-08-19T14:21:59Z,2026-08-19
NLD,Netherlands (Kingdom of the),2009,75996,16228,0,5034,0,515,0,,0,unhcr_population,2025-12-31,2026-08-19T14:21:59Z,2026-08-19
NLD,Netherlands (Kingdom of the),2010,74948,13034,0,2061,0,34,0,,0,unhcr_population,2025-12-31,2026-08-19T14:21:59Z,2026-08-19
NLD,Netherlands (Kingdom of the),2011,74587,10406,0,2005,0,933,0,,0,unhcr_population,2025-12-31,2026-08-19T14:21:59Z,2026-08-19
NLD,Netherlands (Kingdom of the),2012,71893,10406,0,2005,0,720,0,,0,unhcr_population,2025-12-31,2026-08-19T14:21:59Z,2026-08-19
NLD,Netherlands (Kingdom of the),2013,74700,0,0,1951,0,480,0,,0,unhcr_population,2025-12-31,2026-08-19T14:21:59Z,2026-08-19
NLD,Netherlands (Kingdom of the),2014,82483,6914,0,1951,0,9,0,,0,unhcr_population,2025-12-31,2026-08-19T14:21:59Z,2026-08-19
NLD,Netherlands (Kingdom of the),2015,88518,28030,0,1951,0,5,0,,0,unhcr_population,2025-12-31,2026-08-19T14:21:59Z,2026-08-19
NLD,Netherlands (Kingdom of the),2016,101727,10369,0,1951,0,0,0,,0,unhcr_population,2025-12-31,2026-08-19T14:21:59Z,2026-08-19
NLD,Netherlands (Kingdom of the),2017,103843,5818,0,1951,0,33,0,,0,unhcr_population,2025-12-31,2026-08-19T14:21:59Z,2026-08-19
NLD,Netherlands (Kingdom of the),2018,101824,12303,0,1951,0,0,0,,0,unhcr_population,2025-12-31,2026-08-19T14:21:59Z,2026-08-19
NLD,Netherlands (Kingdom of the),2019,94417,15599,0,1951,0,0,0,,0,unhcr_population,2025-12-31,2026-08-19T14:21:59Z,2026-08-19
NLD,Netherlands (Kingdom of the),2020,95897,11882,0,4407,0,0,0,,0,unhcr_population,2025-12-31,2026-08-19T14:21:59Z,2026-08-19
NLD,Netherlands (Kingdom of the),2021,99585,17106,0,4527,0,0,0,,0,unhcr_population,2025-12-31,2026-08-19T14:21:59Z,2026-08-19
NLD,Netherlands (Kingdom of the),2022,237368,31594,0,4652,0,7005,0,,0,unhcr_population,2025-12-31,2026-08-19T14:21:59Z,2026-08-19
NLD,Netherlands (Kingdom of the),2023,237767,43915,0,4816,0,1000,0,,0,unhcr_population,2025-12-31,2026-08-19T14:21:59Z,2026-08-19
NLD,Netherlands (Kingdom of the),2024,263399,46840,0,4428,0,3000,0,,0,unhcr_population,2025-12-31,2026-08-19T14:21:59Z,2026-08-19
NLD,Netherlands (Kingdom of the),2025,283935,49662,0,4134,0,1000,0,,0,unhcr_population,2025-12-31,2026-08-19T14:21:59Z,2026-08-19
NOR,Norway,1951,2500,0,0,0,0,0,0,,0,unhcr_population,2025-12-31,2026-08-19T14:21:59Z,2026-08-19
NOR,Norway,1952,2500,0,0,0,0,0,0,,0,unhcr_population,2025-12-31,2026-08-19T14:21:59Z,2026-08-19
NOR,Norway,1953,2500,0,0,0,0,0,0,,0,unhcr_population,2025-12-31,2026-08-19T14:21:59Z,2026-08-19
NOR,Norway,1954,2300,0,0,0,0,0,0,,0,unhcr_population,2025-12-31,2026-08-19T14:21:59Z,2026-08-19
NOR,Norway,1955,2300,0,0,0,0,0,0,,0,unhcr_population,2025-12-31,2026-08-19T14:21:59Z,2026-08-19
NOR,Norway,1956,2800,0,0,0,0,0,0,,0,unhcr_population,2025-12-31,2026-08-19T14:21:59Z,2026-08-19
NOR,Norway,1957,3400,0,0,0,0,0,0,,0,unhcr_population,2025-12-31,2026-08-19T14:21:59Z,2026-08-19
NOR,Norway,1958,3300,0,0,0,0,0,0,,0,unhcr_population,2025-12-31,2026-08-19T14:21:59Z,2026-08-19
NOR,Norway,1959,3100,0,0,0,0,0,0,,0,unhcr_population,2025-12-31,2026-08-19T14:21:59Z,2026-08-19
NOR,Norway,1960,3000,0,0,0,0,0,0,,0,unhcr_population,2025-12-31,2026-08-19T14:21:59Z,2026-08-19
NOR,Norway,1961,3000,0,0,0,0,0,0,,0,unhcr_population,2025-12-31,2026-08-19T14:21:59Z,2026-08-19
NOR,Norway,1962,3000,0,0,0,0,0,0,,0,unhcr_population,2025-12-31,2026-08-19T14:21:59Z,2026-08-19
NOR,Norway,1963,3000,0,0,0,0,0,0,,0,unhcr_population,2025-12-31,2026-08-19T14:21:59Z,2026-08-19
NOR,Norway,1970,2000,0,0,0,0,0,0,,0,unhcr_population,2025-12-31,2026-08-19T14:21:59Z,2026-08-19
NOR,Norway,1971,3000,0,0,0,0,0,0,,0,unhcr_population,2025-12-31,2026-08-19T14:21:59Z,2026-08-19
NOR,Norway,1972,3000,0,0,0,0,0,0,,0,unhcr_population,2025-12-31,2026-08-19T14:21:59Z,2026-08-19
NOR,Norway,1973,3000,0,0,0,0,0,0,,0,unhcr_population,2025-12-31,2026-08-19T14:21:59Z,2026-08-19
NOR,Norway,1974,3000,0,0,0,0,0,0,,0,unhcr_population,2025-12-31,2026-08-19T14:21:59Z,2026-08-19
NOR,Norway,1975,3000,0,0,0,0,0,0,,0,unhcr_population,2025-12-31,2026-08-19T14:21:59Z,2026-08-19
NOR,Norway,1976,1000,0,0,0,0,0,0,,0,unhcr_population,2025-12-31,2026-08-19T14:21:59Z,2026-08-19
NOR,Norway,1977,6000,0,0,0,0,0,0,,0,unhcr_population,2025-12-31,2026-08-19T14:21:59Z,2026-08-19
NOR,Norway,1978,6000,0,0,0,0,0,0,,0,unhcr_population,2025-12-31,2026-08-19T14:21:59Z,2026-08-19
NOR,Norway,1979,6000,0,0,0,0,0,0,,0,unhcr_population,2025-12-31,2026-08-19T14:21:59Z,2026-08-19
NOR,Norway,1980,6000,0,0,0,0,0,0,,0,unhcr_population,2025-12-31,2026-08-19T14:21:59Z,2026-08-19
NOR,Norway,1981,6000,0,0,0,0,0,0,,0,unhcr_population,2025-12-31,2026-08-19T14:21:59Z,2026-08-19
NOR,Norway,1982,6000,0,0,0,0,0,0,,0,unhcr_population,2025-12-31,2026-08-19T14:21:59Z,2026-08-19
NOR,Norway,1983,10000,0,0,0,0,0,0,,0,unhcr_population,2025-12-31,2026-08-19T14:21:59Z,2026-08-19
NOR,Norway,1984,10000,0,0,0,0,0,0,,0,unhcr_population,2025-12-31,2026-08-19T14:21:59Z,2026-08-19
NOR,Norway,1985,11800,0,0,0,0,0,0,,0,unhcr_population,2025-12-31,2026-08-19T14:21:59Z,2026-08-19
NOR,Norway,1986,13200,0,0,0,0,0,0,,0,unhcr_population,2025-12-31,2026-08-19T14:21:59Z,2026-08-19
NOR,Norway,1987,15000,0,0,0,0,0,0,,0,unhcr_population,2025-12-31,2026-08-19T14:21:59Z,2026-08-19
NOR,Norway,1988,10952,0,0,0,0,0,0,,0,unhcr_population,2025-12-31,2026-08-19T14:21:59Z,2026-08-19
NOR,Norway,1989,18500,0,0,0,0,0,0,,0,unhcr_population,2025-12-31,2026-08-19T14:21:59Z,2026-08-19
NOR,Norway,1990,19581,0,0,0,0,0,0,,0,unhcr_population,2025-12-31,2026-08-19T14:21:59Z,2026-08-19
NOR,Norway,1991,29054,0,0,0,0,0,0,,0,unhcr_population,2025-12-31,2026-08-19T14:21:59Z,2026-08-19
NOR,Norway,1992,29846,0,0,0,0,0,0,,0,unhcr_population,2025-12-31,2026-08-19T14:21:59Z,2026-08-19
NOR,Norway,1993,38375,0,0,0,0,0,0,,0,unhcr_population,2025-12-31,2026-08-19T14:21:59Z,2026-08-19
NOR,Norway,1994,44617,0,0,0,0,0,0,,0,unhcr_population,2025-12-31,2026-08-19T14:21:59Z,2026-08-19
NOR,Norway,1995,47607,0,0,0,0,5,0,,0,unhcr_population,2025-12-31,2026-08-19T14:21:59Z,2026-08-19
NOR,Norway,1996,48409,0,0,0,0,844,0,,0,unhcr_population,2025-12-31,2026-08-19T14:21:59Z,2026-08-19
NOR,Norway,1997,47372,0,0,0,0,448,0,,0,unhcr_population,2025-12-31,2026-08-19T14:21:59Z,2026-08-19
NOR,Norway,1998,45325,0,0,0,0,449,0,,0,unhcr_population,2025-12-31,2026-08-19T14:21:59Z,2026-08-19
NOR,Norway,1999,43441,0,0,0,0,3755,0,,0,unhcr_population,2025-12-31,2026-08-19T14:21:59Z,2026-08-19
NOR,Norway,2000,47700,0,0,0,0,1791,0,,0,unhcr_population,2025-12-31,2026-08-19T14:21:59Z,2026-08-19
NOR,Norway,2001,50122,0,0,0,0,1543,0,,0,unhcr_population,2025-12-31,2026-08-19T14:21:59Z,2026-08-19
NOR,Norway,2002,50421,0,0,0,0,1589,0,,0,unhcr_population,2025-12-31,2026-08-19T14:21:59Z,2026-08-19
NOR,Norway,2003,46107,0,0,0,0,854,0,,0,unhcr_population,2025-12-31,2026-08-19T14:21:59Z,2026-08-19
NOR,Norway,2004,44031,0,0,923,0,434,0,,0,unhcr_population,2025-12-31,2026-08-19T14:21:59Z,2026-08-19
NOR,Norway,2005,43015,0,0,941,0,202,0,,0,unhcr_population,2025-12-31,2026-08-19T14:21:59Z,2026-08-19
NOR,Norway,2006,43315,7924,0,672,0,229,0,,0,unhcr_population,2025-12-31,2026-08-19T14:21:59Z,2026-08-19
NOR,Norway,2007,34499,6641,0,1457,0,38,0,,0,unhcr_population,2025-12-31,2026-08-19T14:21:59Z,2026-08-19
NOR,Norway,2008,36076,13593,0,1788,0,65,0,,0,unhcr_population,2025-12-31,2026-08-19T14:21:59Z,2026-08-19
NOR,Norway,2009,37806,16621,0,2860,0,223,0,,0,unhcr_population,2025-12-31,2026-08-19T14:21:59Z,2026-08-19
NOR,Norway,2010,40245,12443,0,3118,0,32,0,,0,unhcr_population,2025-12-31,2026-08-19T14:21:59Z,2026-08-19
NOR,Norway,2011,40671,11114,0,2773,0,343,0,,0,unhcr_population,2025-12-31,2026-08-19T14:21:59Z,2026-08-19
NOR,Norway,2012,42805,9317,0,2313,0,345,0,,0,unhcr_population,2025-12-31,2026-08-19T14:21:59Z,2026-08-19
NOR,Norway,2013,46088,6311,0,1975,0,160,0,,0,unhcr_population,2025-12-31,2026-08-19T14:21:59Z,2026-08-19
NOR,Norway,2014,47025,7148,0,1997,0,254,0,,0,unhcr_population,2025-12-31,2026-08-19T14:21:59Z,2026-08-19
NOR,Norway,2015,50377,25274,0,2561,0,146,0,,0,unhcr_population,2025-12-31,2026-08-19T14:21:59Z,2026-08-19
NOR,Norway,2016,59512,7505,0,3251,0,0,0,,0,unhcr_population,2025-12-31,2026-08-19T14:21:59Z,2026-08-19
NOR,Norway,2017,59230,2952,0,3282,0,24,0,,0,unhcr_population,2025-12-31,2026-08-19T14:21:59Z,2026-08-19
NOR,Norway,2018,57004,2246,0,2809,0,0,0,,0,unhcr_population,2025-12-31,2026-08-19T14:21:59Z,2026-08-19
NOR,Norway,2019,53882,1507,0,5019,0,0,0,,0,unhcr_population,2025-12-31,2026-08-19T14:21:59Z,2026-08-19
NOR,Norway,2020,49653,1083,0,4206,0,0,0,,0,unhcr_population,2025-12-31,2026-08-19T14:21:59Z,2026-08-19
NOR,Norway,2021,46042,1268,0,3944,0,0,0,,0,unhcr_population,2025-12-31,2026-08-19T14:21:59Z,2026-08-19
NOR,Norway,2022,75311,3313,0,3980,0,5,0,,0,unhcr_population,2025-12-31,2026-08-19T14:21:59Z,2026-08-19
NOR,Norway,2023,103606,4967,0,2046,0,0,0,,0,unhcr_population,2025-12-31,2026-08-19T14:21:59Z,2026-08-19
NOR,Norway,2024,123981,5913,0,1621,0,0,0,,0,unhcr_population,2025-12-31,2026-08-19T14:21:59Z,2026-08-19
NOR,Norway,2025,124006,6280,0,1491,0,3000,0,,0,unhcr_population,2025-12-31,2026-08-19T14:21:59Z,2026-08-19
NPL,Nepal,1964,7000,0,0,0,0,0,0,,0,unhcr_population,2025-12-31,2026-08-19T14:21:59Z,2026-08-19
NPL,Nepal,1965,7000,0,0,0,0,0,0,,0,unhcr_population,2025-12-31,2026-08-19T14:21:59Z,2026-08-19
NPL,Nepal,1966,7000,0,0,0,0,0,0,,0,unhcr_population,2025-12-31,2026-08-19T14:21:59Z,2026-08-19
NPL,Nepal,1967,7180,0,0,0,0,0,0,,0,unhcr_population,2025-12-31,2026-08-19T14:21:59Z,2026-08-19
NPL,Nepal,1968,7730,0,0,0,0,0,0,,0,unhcr_population,2025-12-31,2026-08-19T14:21:59Z,2026-08-19
NPL,Nepal,1969,7990,0,0,0,0,0,0,,0,unhcr_population,2025-12-31,2026-08-19T14:21:59Z,2026-08-19
NPL,Nepal,1970,8060,0,0,0,0,0,0,,0,unhcr_population,2025-12-31,2026-08-19T14:21:59Z,2026-08-19
NPL,Nepal,1971,7930,0,0,0,0,0,0,,0,unhcr_population,2025-12-31,2026-08-19T14:21:59Z,2026-08-19
NPL,Nepal,1972,8000,0,0,0,0,0,0,,0,unhcr_population,2025-12-31,2026-08-19T14:21:59Z,2026-08-19
NPL,Nepal,1973,8000,0,0,0,0,0,0,,0,unhcr_population,2025-12-31,2026-08-19T14:21:59Z,2026-08-19
NPL,Nepal,1974,8100,0,0,0,0,10870,0,,0,unhcr_population,2025-12-31,2026-08-19T14:21:59Z,2026-08-19
NPL,Nepal,1975,8200,0,0,0,0,0,0,,0,unhcr_population,2025-12-31,2026-08-19T14:21:59Z,2026-08-19
NPL,Nepal,1976,8300,0,0,0,0,0,0,,0,unhcr_population,2025-12-31,2026-08-19T14:21:59Z,2026-08-19
NPL,Nepal,1977,8400,0,0,0,0,0,0,,0,unhcr_population,2025-12-31,2026-08-19T14:21:59Z,2026-08-19
NPL,Nepal,1978,8500,0,0,0,0,0,0,,0,unhcr_population,2025-12-31,2026-08-19T14:21:59Z,2026-08-19
NPL,Nepal,1979,8600,0,0,0,0,0,0,,0,unhcr_population,2025-12-31,2026-08-19T14:21:59Z,2026-08-19
NPL,Nepal,1980,8700,0,0,0,0,0,0,,0,unhcr_population,2025-12-31,2026-08-19T14:21:59Z,2026-08-19
NPL,Nepal,1981,8800,0,0,0,0,0,0,,0,unhcr_population,2025-12-31,2026-08-19T14:21:59Z,2026-08-19
NPL,Nepal,1982,9800,0,0,0,0,0,0,,0,unhcr_population,2025-12-31,2026-08-19T14:21:59Z,2026-08-19
NPL,Nepal,1983,10800,0,0,0,0,0,0,,0,unhcr_population,2025-12-31,2026-08-19T14:21:59Z,2026-08-19
NPL,Nepal,1984,11800,0,0,0,0,0,0,,0,unhcr_population,2025-12-31,2026-08-19T14:21:59Z,2026-08-19
NPL,Nepal,1985,12800,0,0,0,0,0,0,,0,unhcr_population,2025-12-31,2026-08-19T14:21:59Z,2026-08-19
NPL,Nepal,1986,13800,0,0,0,0,0,0,,0,unhcr_population,2025-12-31,2026-08-19T14:21:59Z,2026-08-19
NPL,Nepal,1987,14800,0,0,0,0,0,0,,0,unhcr_population,2025-12-31,2026-08-19T14:21:59Z,2026-08-19
NPL,Nepal,1988,15800,0,0,0,0,0,0,,0,unhcr_population,2025-12-31,2026-08-19T14:21:59Z,2026-08-19
NPL,Nepal,1989,16850,0,0,0,0,0,0,,0,unhcr_population,2025-12-31,2026-08-19T14:21:59Z,2026-08-19
NPL,Nepal,1990,17800,0,0,0,0,1470,0,,0,unhcr_population,2025-12-31,2026-08-19T14:21:59Z,2026-08-19
NPL,Nepal,1991,28319,0,0,0,0,0,0,,0,unhcr_population,2025-12-31,2026-08-19T14:21:59Z,2026-08-19
NPL,Nepal,1992,95251,0,0,0,0,2460,0,,0,unhcr_population,2025-12-31,2026-08-19T14:21:59Z,2026-08-19
NPL,Nepal,1993,105344,0,0,0,0,6,0,,0,unhcr_population,2025-12-31,2026-08-19T14:21:59Z,2026-08-19
NPL,Nepal,1994,123270,0,0,0,0,0,0,,0,unhcr_population,2025-12-31,2026-08-19T14:21:59Z,2026-08-19
NPL,Nepal,1995,124751,0,0,0,0,0,0,,0,unhcr_population,2025-12-31,2026-08-19T14:21:59Z,2026-08-19
NPL,Nepal,1996,126814,0,0,0,0,0,0,,0,unhcr_population,2025-12-31,2026-08-19T14:21:59Z,2026-08-19
NPL,Nepal,1997,129158,0,0,0,0,0,0,,0,unhcr_population,2025-12-31,2026-08-19T14:21:59Z,2026-08-19
NPL,Nepal,1998,126104,0,0,0,0,0,0,,0,unhcr_population,2025-12-31,2026-08-19T14:21:59Z,2026-08-19
NPL,Nepal,1999,127942,0,0,0,0,0,0,,0,unhcr_population,2025-12-31,2026-08-19T14:21:59Z,2026-08-19
NPL,Nepal,2000,129234,9,0,0,0,0,0,,0,unhcr_population,2025-12-31,2026-08-19T14:21:59Z,2026-08-19
NPL,Nepal,2001,130945,11,0,0,0,0,0,,0,unhcr_population,2025-12-31,2026-08-19T14:21:59Z,2026-08-19
NPL,Nepal,2002,132432,8,0,0,0,0,0,,0,unhcr_population,2025-12-31,2026-08-19T14:21:59Z,2026-08-19
NPL,Nepal,2003,123662,232,0,0,10704,0,0,,0,unhcr_population,2025-12-31,2026-08-19T14:21:59Z,2026-08-19
NPL,Nepal,2004,124920,655,0,0,10737,0,0,,0,unhcr_population,2025-12-31,2026-08-19T14:21:59Z,2026-08-19
NPL,Nepal,2005,126432,1266,0,400000,10928,0,0,,0,unhcr_population,2025-12-31,2026-08-19T14:21:59Z,2026-08-19
NPL,Nepal,2006,128172,1477,100000,3400000,10387,0,0,,0,unhcr_population,2025-12-31,2026-08-19T14:21:59Z,2026-08-19
NPL,Nepal,2007,130678,1632,50000,800000,141,0,50000,,0,unhcr_population,2025-12-31,2026-08-19T14:21:59Z,2026-08-19
NPL,Nepal,2008,124826,975,0,800000,59,0,0,,0,unhcr_population,2025-12-31,2026-08-19T14:21:59Z,2026-08-19
NPL,Nepal,2009,108457,972,0,800000,476,0,0,,0,unhcr_population,2025-12-31,2026-08-19T14:21:59Z,2026-08-19
NPL,Nepal,2010,89804,937,0,800000,571,0,0,,0,unhcr_population,2025-12-31,2026-08-19T14:21:59Z,2026-08-19
NPL,Nepal,2011,72651,929,0,800000,541,0,0,,0,unhcr_population,2025-12-31,2026-08-19T14:21:59Z,2026-08-19
NPL,Nepal,2012,56263,17,0,0,446,0,0,,0,unhcr_population,2025-12-31,2026-08-19T14:21:59Z,2026-08-19
NPL,Nepal,2013,46303,237,0,0,425,0,0,,0,unhcr_population,2025-12-31,2026-08-19T14:21:59Z,2026-08-19
NPL,Nepal,2014,38490,134,0,0,386,0,0,,0,unhcr_population,2025-12-31,2026-08-19T14:21:59Z,2026-08-19
NPL,Nepal,2015,32669,18,0,0,384,0,0,,0,unhcr_population,2025-12-31,2026-08-19T14:21:59Z,2026-08-19
NPL,Nepal,2016,25249,71,0,0,849,0,0,,0,unhcr_population,2025-12-31,2026-08-19T14:21:59Z,2026-08-19
NPL,Nepal,2017,21467,148,0,0,625,0,0,,0,unhcr_population,2025-12-31,2026-08-19T14:21:59Z,2026-08-19
NPL,Nepal,2018,20804,51,0,0,542,0,0,,0,unhcr_population,2025-12-31,2026-08-19T14:21:59Z,2026-08-19
NPL,Nepal,2019,19570,57,0,0,534,0,0,,0,unhcr_population,2025-12-31,2026-08-19T14:21:59Z,2026-08-19
NPL,Nepal,2020,19555,42,0,371,560,0,0,,0,unhcr_population,2025-12-31,2026-08-19T14:21:59Z,2026-08-19
NPL,Nepal,2021,19574,137,0,465,553,0,0,,0,unhcr_population,2025-12-31,2026-08-19T14:21:59Z,2026-08-19
NPL,Nepal,2022,19560,154,0,452,558,10,0,,0,unhcr_population,2025-12-31,2026-08-19T14:21:59Z,2026-08-19
NPL,Nepal,2023,19582,300,0,489,567,9,0,,0,unhcr_population,2025-12-31,2026-08-19T14:21:59Z,2026-08-19
NPL,Nepal,2024,19598,276,0,467,553,0,0,,0,unhcr_population,2025-12-31,2026-08-19T14:21:59Z,2026-08-19
NPL,Nepal,2025,19613,302,0,475,553,0,0,,0,unhcr_population,2025-12-31,2026-08-19T14:21:59Z,2026-08-19
NRU,Nauru,2012,0,379,0,0,0,0,0,,0,unhcr_population,2025-12-31,2026-08-19T14:21:59Z,2026-08-19
NRU,Nauru,2013,0,533,0,0,0,0,0,,0,unhcr_population,2025-12-31,2026-08-19T14:21:59Z,2026-08-19
NRU,Nauru,2014,386,730,0,0,0,0,0,,0,unhcr_population,2025-12-31,2026-08-19T14:21:59Z,2026-08-19
NRU,Nauru,2015,508,309,0,0,0,0,0,,0,unhcr_population,2025-12-31,2026-08-19T14:21:59Z,2026-08-19
NRU,Nauru,2016,508,309,0,0,0,0,0,,0,unhcr_population,2025-12-31,2026-08-19T14:21:59Z,2026-08-19
NRU,Nauru,2017,964,126,0,0,0,0,0,,0,unhcr_population,2025-12-31,2026-08-19T14:21:59Z,2026-08-19
NRU,Nauru,2018,964,416,0,0,0,0,0,,0,unhcr_population,2025-12-31,2026-08-19T14:21:59Z,2026-08-19
NRU,Nauru,2019,755,415,0,63,0,0,0,,0,unhcr_population,2025-12-31,2026-08-19T14:21:59Z,2026-08-19
NRU,Nauru,2020,1074,90,0,140,0,0,0,,0,unhcr_population,2025-12-31,2026-08-19T14:21:59Z,2026-08-19
NRU,Nauru,2021,953,76,0,130,6,0,0,,0,unhcr_population,2025-12-31,2026-08-19T14:21:59Z,2026-08-19
NRU,Nauru,2022,45,22,0,5,0,0,0,,0,unhcr_population,2025-12-31,2026-08-19T14:21:59Z,2026-08-19
NRU,Nauru,2023,0,13,0,0,0,0,0,,0,unhcr_population,2025-12-31,2026-08-19T14:21:59Z,2026-08-19
NRU,Nauru,2024,5,90,0,0,0,0,0,,0,unhcr_population,2025-12-31,2026-08-19T14:21:59Z,2026-08-19
NRU,Nauru,2025,5,92,0,0,0,0,0,,0,unhcr_population,2025-12-31,2026-08-19T14:21:59Z,2026-08-19
NZL,New Zealand,1967,3000,0,0,0,0,0,0,,0,unhcr_population,2025-12-31,2026-08-19T14:21:59Z,2026-08-19
NZL,New Zealand,1968,2000,0,0,0,0,0,0,,0,unhcr_population,2025-12-31,2026-08-19T14:21:59Z,2026-08-19
NZL,New Zealand,1969,2000,0,0,0,0,0,0,,0,unhcr_population,2025-12-31,2026-08-19T14:21:59Z,2026-08-19
NZL,New Zealand,1970,2000,0,0,0,0,0,0,,0,unhcr_population,2025-12-31,2026-08-19T14:21:59Z,2026-08-19
NZL,New Zealand,1978,10000,0,0,0,0,0,0,,0,unhcr_population,2025-12-31,2026-08-19T14:21:59Z,2026-08-19
NZL,New Zealand,1979,10000,0,0,0,0,0,0,,0,unhcr_population,2025-12-31,2026-08-19T14:21:59Z,2026-08-19
NZL,New Zealand,1980,10000,0,0,0,0,0,0,,0,unhcr_population,2025-12-31,2026-08-19T14:21:59Z,2026-08-19
NZL,New Zealand,1981,10600,0,0,0,0,0,0,,0,unhcr_population,2025-12-31,2026-08-19T14:21:59Z,2026-08-19
NZL,New Zealand,1982,10600,0,0,0,0,0,0,,0,unhcr_population,2025-12-31,2026-08-19T14:21:59Z,2026-08-19
NZL,New Zealand,1983,10600,0,0,0,0,0,0,,0,unhcr_population,2025-12-31,2026-08-19T14:21:59Z,2026-08-19
NZL,New Zealand,1984,4500,0,0,0,0,0,0,,0,unhcr_population,2025-12-31,2026-08-19T14:21:59Z,2026-08-19
NZL,New Zealand,1985,4600,0,0,0,0,0,0,,0,unhcr_population,2025-12-31,2026-08-19T14:21:59Z,2026-08-19
NZL,New Zealand,1986,4400,0,0,0,0,0,0,,0,unhcr_population,2025-12-31,2026-08-19T14:21:59Z,2026-08-19
NZL,New Zealand,1987,4200,0,0,0,0,0,0,,0,unhcr_population,2025-12-31,2026-08-19T14:21:59Z,2026-08-19
NZL,New Zealand,1988,4150,0,0,0,0,0,0,,0,unhcr_population,2025-12-31,2026-08-19T14:21:59Z,2026-08-19
NZL,New Zealand,1989,4666,0,0,0,0,0,0,,0,unhcr_population,2025-12-31,2026-08-19T14:21:59Z,2026-08-19
NZL,New Zealand,1990,4666,0,0,0,0,0,0,,0,unhcr_population,2025-12-31,2026-08-19T14:21:59Z,2026-08-19
NZL,New Zealand,1991,16760,0,0,0,0,0,0,,0,unhcr_population,2025-12-31,2026-08-19T14:21:59Z,2026-08-19
NZL,New Zealand,1992,17310,0,0,0,0,0,0,,0,unhcr_population,2025-12-31,2026-08-19T14:21:59Z,2026-08-19
NZL,New Zealand,1993,3942,0,0,0,0,8,0,,0,unhcr_population,2025-12-31,2026-08-19T14:21:59Z,2026-08-19
NZL,New Zealand,1994,3668,0,0,0,0,0,0,,0,unhcr_population,2025-12-31,2026-08-19T14:21:59Z,2026-08-19
NZL,New Zealand,1995,3766,0,0,0,0,0,0,,0,unhcr_population,2025-12-31,2026-08-19T14:21:59Z,2026-08-19
NZL,New Zealand,1996,3790,0,0,0,0,0,0,,0,unhcr_population,2025-12-31,2026-08-19T14:21:59Z,2026-08-19
NZL,New Zealand,1997,3652,0,0,0,0,0,0,,0,unhcr_population,2025-12-31,2026-08-19T14:21:59Z,2026-08-19
NZL,New Zealand,1998,4099,0,0,0,0,0,0,,0,unhcr_population,2025-12-31,2026-08-19T14:21:59Z,2026-08-19
NZL,New Zealand,1999,4801,0,0,0,0,15,0,,0,unhcr_population,2025-12-31,2026-08-19T14:21:59Z,2026-08-19
NZL,New Zealand,2000,4919,2337,0,0,0,19,0,,0,unhcr_population,2025-12-31,2026-08-19T14:21:59Z,2026-08-19
NZL,New Zealand,2001,5251,1917,0,0,0,0,0,,0,unhcr_population,2025-12-31,2026-08-19T14:21:59Z,2026-08-19
NZL,New Zealand,2002,5760,1320,0,0,0,0,0,,0,unhcr_population,2025-12-31,2026-08-19T14:21:59Z,2026-08-19
NZL,New Zealand,2003,5796,1019,0,0,0,0,0,,0,unhcr_population,2025-12-31,2026-08-19T14:21:59Z,2026-08-19
NZL,New Zealand,2004,5334,720,0,0,0,0,0,,0,unhcr_population,2025-12-31,2026-08-19T14:21:59Z,2026-08-19
NZL,New Zealand,2005,5298,370,0,0,0,6,0,,0,unhcr_population,2025-12-31,2026-08-19T14:21:59Z,2026-08-19
NZL,New Zealand,2006,4878,217,0,0,0,0,0,,0,unhcr_population,2025-12-31,2026-08-19T14:21:59Z,2026-08-19
NZL,New Zealand,2007,2715,149,0,0,0,0,0,,0,unhcr_population,2025-12-31,2026-08-19T14:21:59Z,2026-08-19
NZL,New Zealand,2008,2702,113,0,0,0,0,0,,0,unhcr_population,2025-12-31,2026-08-19T14:21:59Z,2026-08-19
NZL,New Zealand,2009,3285,203,0,0,0,0,0,,0,unhcr_population,2025-12-31,2026-08-19T14:21:59Z,2026-08-19
NZL,New Zealand,2010,2298,157,0,0,0,0,0,,0,unhcr_population,2025-12-31,2026-08-19T14:21:59Z,2026-08-19
NZL,New Zealand,2011,1916,201,0,0,0,0,0,,0,unhcr_population,2025-12-31,2026-08-19T14:21:59Z,2026-08-19
NZL,New Zealand,2012,1504,248,0,0,0,0,0,,0,unhcr_population,2025-12-31,2026-08-19T14:21:59Z,2026-08-19
NZL,New Zealand,2013,1388,291,0,0,0,0,0,,0,unhcr_population,2025-12-31,2026-08-19T14:21:59Z,2026-08-19
NZL,New Zealand,2014,1342,240,0,0,0,368,0,,0,unhcr_population,2025-12-31,2026-08-19T14:21:59Z,2026-08-19
NZL,New Zealand,2015,1313,139,0,0,0,119,0,,0,unhcr_population,2025-12-31,2026-08-19T14:21:59Z,2026-08-19
NZL,New Zealand,2016,1408,298,0,0,0,0,0,,0,unhcr_population,2025-12-31,2026-08-19T14:21:59Z,2026-08-19
NZL,New Zealand,2017,1465,391,0,0,0,5,0,,0,unhcr_population,2025-12-31,2026-08-19T14:21:59Z,2026-08-19
NZL,New Zealand,2018,1545,446,0,0,0,0,0,,0,unhcr_population,2025-12-31,2026-08-19T14:21:59Z,2026-08-19
NZL,New Zealand,2019,1709,558,0,5,0,0,0,,0,unhcr_population,2025-12-31,2026-08-19T14:21:59Z,2026-08-19
NZL,New Zealand,2020,1748,691,0,0,0,0,0,,0,unhcr_population,2025-12-31,2026-08-19T14:21:59Z,2026-08-19
NZL,New Zealand,2021,1794,711,0,0,0,0,0,,0,unhcr_population,2025-12-31,2026-08-19T14:21:59Z,2026-08-19
NZL,New Zealand,2022,1791,573,0,0,0,0,0,,0,unhcr_population,2025-12-31,2026-08-19T14:21:59Z,2026-08-19
NZL,New Zealand,2023,1837,1839,0,29,0,0,0,,0,unhcr_population,2025-12-31,2026-08-19T14:21:59Z,2026-08-19
NZL,New Zealand,2024,2063,3559,0,29,0,0,0,,0,unhcr_population,2025-12-31,2026-08-19T14:21:59Z,2026-08-19
NZL,New Zealand,2025,2148,4584,0,29,0,0,0,,0,unhcr_population,2025-12-31,2026-08-19T14:21:59Z,2026-08-19
OMN,Oman,2001,0,21,0,0,0,0,0,,0,unhcr_population,2025-12-31,2026-08-19T14:21:59Z,2026-08-19
OMN,Oman,2002,0,26,0,0,0,0,0,,0,unhcr_population,2025-12-31,2026-08-19T14:21:59Z,2026-08-19
OMN,Oman,2003,0,21,0,0,0,0,0,,0,unhcr_population,2025-12-31,2026-08-19T14:21:59Z,2026-08-19
OMN,Oman,2004,7,21,0,0,0,0,0,,0,unhcr_population,2025-12-31,2026-08-19T14:21:59Z,2026-08-19
OMN,Oman,2005,7,0,0,0,0,0,0,,0,unhcr_population,2025-12-31,2026-08-19T14:21:59Z,2026-08-19
OMN,Oman,2006,7,0,0,0,0,0,0,,0,unhcr_population,2025-12-31,2026-08-19T14:21:59Z,2026-08-19
OMN,Oman,2007,7,35,0,0,0,0,0,,0,unhcr_population,2025-12-31,2026-08-19T14:21:59Z,2026-08-19
OMN,Oman,2008,7,44,0,0,0,0,0,,0,unhcr_population,2025-12-31,2026-08-19T14:21:59Z,2026-08-19
OMN,Oman,2009,26,12,0,0,0,0,0,,0,unhcr_population,2025-12-31,2026-08-19T14:21:59Z,2026-08-19
OMN,Oman,2010,78,13,0,0,0,0,0,,0,unhcr_population,2025-12-31,2026-08-19T14:21:59Z,2026-08-19
OMN,Oman,2011,83,45,0,0,0,220,0,,0,unhcr_population,2025-12-31,2026-08-19T14:21:59Z,2026-08-19
OMN,Oman,2012,138,21,0,0,0,255,0,,0,unhcr_population,2025-12-31,2026-08-19T14:21:59Z,2026-08-19
OMN,Oman,2013,138,80,0,0,0,250,0,,0,unhcr_population,2025-12-31,2026-08-19T14:21:59Z,2026-08-19
OMN,Oman,2014,150,232,0,0,0,32,0,,0,unhcr_population,2025-12-31,2026-08-19T14:21:59Z,2026-08-19
OMN,Oman,2015,244,190,0,0,0,22,0,,0,unhcr_population,2025-12-31,2026-08-19T14:21:59Z,2026-08-19
OMN,Oman,2016,316,365,0,0,0,0,0,,0,unhcr_population,2025-12-31,2026-08-19T14:21:59Z,2026-08-19
OMN,Oman,2017,308,398,0,0,0,0,0,,0,unhcr_population,2025-12-31,2026-08-19T14:21:59Z,2026-08-19
OMN,Oman,2018,310,254,0,0,0,0,0,,0,unhcr_population,2025-12-31,2026-08-19T14:21:59Z,2026-08-19
OMN,Oman,2019,308,254,0,0,0,0,0,,0,unhcr_population,2025-12-31,2026-08-19T14:21:59Z,2026-08-19
OMN,Oman,2020,308,330,0,0,0,0,0,,0,unhcr_population,2025-12-31,2026-08-19T14:21:59Z,2026-08-19
OMN,Oman,2021,295,497,0,0,0,0,0,,0,unhcr_population,2025-12-31,2026-08-19T14:21:59Z,2026-08-19
OMN,Oman,2022,295,421,0,0,0,0,0,,0,unhcr_population,2025-12-31,2026-08-19T14:21:59Z,2026-08-19
OMN,Oman,2023,300,421,0,0,0,0,0,,0,unhcr_population,2025-12-31,2026-08-19T14:21:59Z,2026-08-19
OMN,Oman,2024,294,420,0,0,0,0,0,,0,unhcr_population,2025-12-31,2026-08-19T14:21:59Z,2026-08-19
OMN,Oman,2025,289,414,0,0,0,0,0,,0,unhcr_population,2025-12-31,2026-08-19T14:21:59Z,2026-08-19
PAK,Pakistan,1979,400000,0,0,0,0,0,0,,0,unhcr_population,2025-12-31,2026-08-19T14:21:59Z,2026-08-19
PAK,Pakistan,1980,1428230,0,0,0,0,0,0,,0,unhcr_population,2025-12-31,2026-08-19T14:21:59Z,2026-08-19
PAK,Pakistan,1981,2375330,0,0,0,0,0,0,,0,unhcr_population,2025-12-31,2026-08-19T14:21:59Z,2026-08-19
PAK,Pakistan,1982,2877480,0,0,0,0,0,0,,0,unhcr_population,2025-12-31,2026-08-19T14:21:59Z,2026-08-19
PAK,Pakistan,1983,2901360,0,0,0,0,390,0,,0,unhcr_population,2025-12-31,2026-08-19T14:21:59Z,2026-08-19
PAK,Pakistan,1984,2500000,0,0,0,0,0,0,,0,unhcr_population,2025-12-31,2026-08-19T14:21:59Z,2026-08-19
PAK,Pakistan,1985,2732440,0,0,0,0,2450,0,,0,unhcr_population,2025-12-31,2026-08-19T14:21:59Z,2026-08-19
PAK,Pakistan,1986,2882100,0,0,0,0,0,0,,0,unhcr_population,2025-12-31,2026-08-19T14:21:59Z,2026-08-19
PAK,Pakistan,1987,3159000,0,0,0,0,0,0,,0,unhcr_population,2025-12-31,2026-08-19T14:21:59Z,2026-08-19
PAK,Pakistan,1988,3257577,0,0,0,0,350,0,,0,unhcr_population,2025-12-31,2026-08-19T14:21:59Z,2026-08-19
PAK,Pakistan,1989,3275715,0,0,0,0,60,0,,0,unhcr_population,2025-12-31,2026-08-19T14:21:59Z,2026-08-19
PAK,Pakistan,1990,3255975,0,0,0,0,19290,0,,0,unhcr_population,2025-12-31,2026-08-19T14:21:59Z,2026-08-19
PAK,Pakistan,1991,3099891,0,0,0,0,175370,0,,0,unhcr_population,2025-12-31,2026-08-19T14:21:59Z,2026-08-19
PAK,Pakistan,1992,1629218,0,0,0,0,1360050,0,,0,unhcr_population,2025-12-31,2026-08-19T14:21:59Z,2026-08-19
PAK,Pakistan,1993,1479266,0,0,0,0,0,0,,0,unhcr_population,2025-12-31,2026-08-19T14:21:59Z,2026-08-19
PAK,Pakistan,1994,1055435,0,0,0,0,102742,0,,0,unhcr_population,2025-12-31,2026-08-19T14:21:59Z,2026-08-19
PAK,Pakistan,1995,1202493,0,0,0,0,153304,0,,0,unhcr_population,2025-12-31,2026-08-19T14:21:59Z,2026-08-19
PAK,Pakistan,1996,1202703,0,0,0,0,140454,0,,0,unhcr_population,2025-12-31,2026-08-19T14:21:59Z,2026-08-19
PAK,Pakistan,1997,1202733,0,0,0,0,84511,0,,0,unhcr_population,2025-12-31,2026-08-19T14:21:59Z,2026-08-19
PAK,Pakistan,1998,1202462,0,0,0,0,93028,0,,0,unhcr_population,2025-12-31,2026-08-19T14:21:59Z,2026-08-19
PAK,Pakistan,1999,1202015,0,0,0,0,91834,0,,0,unhcr_population,2025-12-31,2026-08-19T14:21:59Z,2026-08-19
PAK,Pakistan,2000,2001460,616,0,0,0,76773,0,,0,unhcr_population,2025-12-31,2026-08-19T14:21:59Z,2026-08-19
PAK,Pakistan,2001,2198792,575,0,0,0,8000,0,,0,unhcr_population,2025-12-31,2026-08-19T14:21:59Z,2026-08-19
PAK,Pakistan,2002,1227429,1597,0,0,0,1569809,0,,0,unhcr_population,2025-12-31,2026-08-19T14:21:59Z,2026-08-19
PAK,Pakistan,2003,1124295,13702,0,0,0,375547,0,,0,unhcr_population,2025-12-31,2026-08-19T14:21:59Z,2026-08-19
PAK,Pakistan,2004,1290980,8147,0,0,0,424477,0,,0,unhcr_population,2025-12-31,2026-08-19T14:21:59Z,2026-08-19
PAK,Pakistan,2005,1084689,3413,0,0,0,461123,0,,0,unhcr_population,2025-12-31,2026-08-19T14:21:59Z,2026-08-19
PAK,Pakistan,2006,1044464,2668,0,0,0,143024,0,,0,unhcr_population,2025-12-31,2026-08-19T14:21:59Z,2026-08-19
PAK,Pakistan,2007,2035025,3121,0,0,0,365663,0,,0,unhcr_population,2025-12-31,2026-08-19T14:21:59Z,2026-08-19
PAK,Pakistan,2008,1780935,2950,155809,0,0,274200,0,,0,unhcr_population,2025-12-31,2026-08-19T14:21:59Z,2026-08-19
PAK,Pakistan,2009,1740709,2429,1894557,0,0,51290,1106396,,0,unhcr_population,2025-12-31,2026-08-19T14:21:59Z,2026-08-19
PAK,Pakistan,2010,1900619,2093,952035,0,0,109383,1186889,,0,unhcr_population,2025-12-31,2026-08-19T14:21:59Z,2026-08-19
PAK,Pakistan,2011,1702698,1617,452932,0,0,52096,620362,,0,unhcr_population,2025-12-31,2026-08-19T14:21:59Z,2026-08-19
PAK,Pakistan,2012,1638452,3281,757996,0,0,83436,56181,,0,unhcr_population,2025-12-31,2026-08-19T14:21:59Z,2026-08-19
PAK,Pakistan,2013,1616505,5384,747498,0,0,31224,90637,,0,unhcr_population,2025-12-31,2026-08-19T14:21:59Z,2026-08-19
PAK,Pakistan,2014,1505521,5524,1375904,0,0,12991,75825,,0,unhcr_population,2025-12-31,2026-08-19T14:21:59Z,2026-08-19
PAK,Pakistan,2015,1561157,6437,1146108,0,0,58211,676638,,0,unhcr_population,2025-12-31,2026-08-19T14:21:59Z,2026-08-19
PAK,Pakistan,2016,1352551,4854,448956,0,0,381275,704370,,0,unhcr_population,2025-12-31,2026-08-19T14:21:59Z,2026-08-19
PAK,Pakistan,2017,1393132,3487,174354,0,0,59020,281640,,0,unhcr_population,2025-12-31,2026-08-19T14:21:59Z,2026-08-19
PAK,Pakistan,2018,1404008,5170,96384,0,0,14017,83454,,0,unhcr_population,2025-12-31,2026-08-19T14:21:59Z,2026-08-19
PAK,Pakistan,2019,1419596,8528,100680,0,0,6232,18,,0,unhcr_population,2025-12-31,2026-08-19T14:21:59Z,2026-08-19
PAK,Pakistan,2020,1438940,9794,98898,47,62,1130,1782,,0,unhcr_population,2025-12-31,2026-08-19T14:21:59Z,2026-08-19
PAK,Pakistan,2021,1491070,13429,98898,47,5358,451,0,,1224393,unhcr_population,2025-12-31,2026-08-19T14:21:59Z,2026-08-19
PAK,Pakistan,2022,1743785,38277,0,55,37795,6039,98898,,1224393,unhcr_population,2025-12-31,2026-08-19T14:21:59Z,2026-08-19
PAK,Pakistan,2023,1988231,61648,0,59,142,56802,0,,1400000,unhcr_population,2025-12-31,2026-08-19T14:21:59Z,2026-08-19
PAK,Pakistan,2024,1560480,198852,3439,60,798631,126812,0,,1456000,unhcr_population,2025-12-31,2026-08-19T14:21:59Z,2026-08-19
PAK,Pakistan,2025,1159038,119502,0,60,566577,558359,3439,140558,1514240,unhcr_population,2025-12-31,2026-08-19T14:21:59Z,2026-08-19
PAN,Panama,1972,130,0,0,0,0,0,0,,0,unhcr_population,2025-12-31,2026-08-19T14:21:59Z,2026-08-19
PAN,Panama,1974,1150,0,0,0,0,0,0,,0,unhcr_population,2025-12-31,2026-08-19T14:21:59Z,2026-08-19
PAN,Panama,1977,500,0,0,0,0,0,0,,0,unhcr_population,2025-12-31,2026-08-19T14:21:59Z,2026-08-19
PAN,Panama,1978,1050,0,0,0,0,0,0,,0,unhcr_population,2025-12-31,2026-08-19T14:21:59Z,2026-08-19
PAN,Panama,1979,1070,0,0,0,0,1300,0,,0,unhcr_population,2025-12-31,2026-08-19T14:21:59Z,2026-08-19
PAN,Panama,1980,3320,0,0,0,0,0,0,,0,unhcr_population,2025-12-31,2026-08-19T14:21:59Z,2026-08-19
PAN,Panama,1981,1500,0,0,0,0,0,0,,0,unhcr_population,2025-12-31,2026-08-19T14:21:59Z,2026-08-19
PAN,Panama,1982,1820,0,0,0,0,0,0,,0,unhcr_population,2025-12-31,2026-08-19T14:21:59Z,2026-08-19
PAN,Panama,1983,1500,0,0,0,0,0,0,,0,unhcr_population,2025-12-31,2026-08-19T14:21:59Z,2026-08-19
PAN,Panama,1984,1500,0,0,0,0,0,0,,0,unhcr_population,2025-12-31,2026-08-19T14:21:59Z,2026-08-19
PAN,Panama,1985,1200,0,0,0,0,0,0,,0,unhcr_population,2025-12-31,2026-08-19T14:21:59Z,2026-08-19
PAN,Panama,1986,1270,0,0,0,0,0,0,,0,unhcr_population,2025-12-31,2026-08-19T14:21:59Z,2026-08-19
PAN,Panama,1987,1600,0,0,0,0,0,0,,0,unhcr_population,2025-12-31,2026-08-19T14:21:59Z,2026-08-19
PAN,Panama,1988,1992,0,0,0,0,0,0,,0,unhcr_population,2025-12-31,2026-08-19T14:21:59Z,2026-08-19
PAN,Panama,1989,1451,0,0,0,0,50,0,,0,unhcr_population,2025-12-31,2026-08-19T14:21:59Z,2026-08-19
PAN,Panama,1990,1350,0,0,0,0,90,0,,0,unhcr_population,2025-12-31,2026-08-19T14:21:59Z,2026-08-19
PAN,Panama,1991,914,0,0,0,0,650,0,,0,unhcr_population,2025-12-31,2026-08-19T14:21:59Z,2026-08-19
PAN,Panama,1992,1007,0,0,0,0,70,0,,0,unhcr_population,2025-12-31,2026-08-19T14:21:59Z,2026-08-19
PAN,Panama,1993,964,0,0,0,0,23,0,,0,unhcr_population,2025-12-31,2026-08-19T14:21:59Z,2026-08-19
PAN,Panama,1994,972,0,0,0,0,34,0,,0,unhcr_population,2025-12-31,2026-08-19T14:21:59Z,2026-08-19
PAN,Panama,1995,867,0,0,0,0,28,0,,0,unhcr_population,2025-12-31,2026-08-19T14:21:59Z,2026-08-19
PAN,Panama,1996,864,0,0,0,0,0,0,,0,unhcr_population,2025-12-31,2026-08-19T14:21:59Z,2026-08-19
PAN,Panama,1997,618,0,0,0,0,0,0,,0,unhcr_population,2025-12-31,2026-08-19T14:21:59Z,2026-08-19
PAN,Panama,1998,1179,0,0,0,0,0,0,,0,unhcr_population,2025-12-31,2026-08-19T14:21:59Z,2026-08-19
PAN,Panama,1999,1315,0,0,0,0,39,0,,0,unhcr_population,2025-12-31,2026-08-19T14:21:59Z,2026-08-19
PAN,Panama,2000,1307,85,0,0,0,258,0,,0,unhcr_population,2025-12-31,2026-08-19T14:21:59Z,2026-08-19
PAN,Panama,2001,1471,53,0,0,0,67,0,,0,unhcr_population,2025-12-31,2026-08-19T14:21:59Z,2026-08-19
PAN,Panama,2002,1565,82,0,0,93,0,0,,0,unhcr_population,2025-12-31,2026-08-19T14:21:59Z,2026-08-19
PAN,Panama,2003,1436,95,0,0,301,90,0,,0,unhcr_population,2025-12-31,2026-08-19T14:21:59Z,2026-08-19
PAN,Panama,2004,1596,260,0,0,0,50,0,,0,unhcr_population,2025-12-31,2026-08-19T14:21:59Z,2026-08-19
PAN,Panama,2005,1717,426,0,6,10265,0,0,,0,unhcr_population,2025-12-31,2026-08-19T14:21:59Z,2026-08-19
PAN,Panama,2006,1835,241,0,0,13500,6,0,,0,unhcr_population,2025-12-31,2026-08-19T14:21:59Z,2026-08-19
PAN,Panama,2007,16877,524,0,0,0,7,0,,0,unhcr_population,2025-12-31,2026-08-19T14:21:59Z,2026-08-19
PAN,Panama,2008,16906,596,0,0,0,11,0,,0,unhcr_population,2025-12-31,2026-08-19T14:21:59Z,2026-08-19
PAN,Panama,2009,16917,778,0,0,0,29,0,,0,unhcr_population,2025-12-31,2026-08-19T14:21:59Z,2026-08-19
PAN,Panama,2010,17066,469,0,5,0,5,0,,0,unhcr_population,2025-12-31,2026-08-19T14:21:59Z,2026-08-19
PAN,Panama,2011,17249,782,0,5,0,0,0,,0,unhcr_population,2025-12-31,2026-08-19T14:21:59Z,2026-08-19
PAN,Panama,2012,17414,357,0,0,0,0,0,,0,unhcr_population,2025-12-31,2026-08-19T14:21:59Z,2026-08-19
PAN,Panama,2013,17650,624,0,0,0,0,0,,0,unhcr_population,2025-12-31,2026-08-19T14:21:59Z,2026-08-19
PAN,Panama,2014,17256,1395,0,0,0,0,0,,0,unhcr_population,2025-12-31,2026-08-19T14:21:59Z,2026-08-19
PAN,Panama,2015,17304,2929,0,0,0,0,0,,0,unhcr_population,2025-12-31,2026-08-19T14:21:59Z,2026-08-19
PAN,Panama,2016,17332,4465,0,0,0,0,0,,0,unhcr_population,2025-12-31,2026-08-19T14:21:59Z,2026-08-19
PAN,Panama,2017,2417,7289,0,0,48900,5,0,,0,unhcr_population,2025-12-31,2026-08-19T14:21:59Z,2026-08-19
PAN,Panama,2018,2501,13602,0,0,0,0,0,94400,0,unhcr_population,2025-12-31,2026-08-19T14:21:59Z,2026-08-19
PAN,Panama,2019,2536,17673,0,0,0,0,0,115768,0,unhcr_population,2025-12-31,2026-08-19T14:21:59Z,2026-08-19
PAN,Panama,2020,2562,12892,0,0,0,0,0,118937,0,unhcr_population,2025-12-31,2026-08-19T14:21:59Z,2026-08-19
PAN,Panama,2021,2542,11630,0,0,0,0,0,128000,14521,unhcr_population,2025-12-31,2026-08-19T14:21:59Z,2026-08-19
PAN,Panama,2022,2576,8475,0,0,248284,0,0,146696,96800,unhcr_population,2025-12-31,2026-08-19T14:21:59Z,2026-08-19
PAN,Panama,2023,2724,8419,0,0,96324,0,0,57358,14521,unhcr_population,2025-12-31,2026-08-19T14:21:59Z,2026-08-19
PAN,Panama,2024,2658,8143,0,928,68874,0,0,56921,2236,unhcr_population,2025-12-31,2026-08-19T14:21:59Z,2026-08-19
PAN,Panama,2025,2694,4129,0,942,1908,0,0,57286,2000,unhcr_population,2025-12-31,2026-08-19T14:21:59Z,2026-08-19
PER,Peru,1970,1500,0,0,0,0,0,0,,0,unhcr_population,2025-12-31,2026-08-19T14:21:59Z,2026-08-19
PER,Peru,1971,1500,0,0,0,0,0,0,,0,unhcr_population,2025-12-31,2026-08-19T14:21:59Z,2026-08-19
PER,Peru,1972,1550,0,0,0,0,0,0,,0,unhcr_population,2025-12-31,2026-08-19T14:21:59Z,2026-08-19
PER,Peru,1974,4600,0,0,0,0,0,0,,0,unhcr_population,2025-12-31,2026-08-19T14:21:59Z,2026-08-19
PER,Peru,1975,600,0,0,0,0,0,0,,0,unhcr_population,2025-12-31,2026-08-19T14:21:59Z,2026-08-19
PER,Peru,1976,440,0,0,0,0,0,0,,0,unhcr_population,2025-12-31,2026-08-19T14:21:59Z,2026-08-19
PER,Peru,1977,1200,0,0,0,0,0,0,,0,unhcr_population,2025-12-31,2026-08-19T14:21:59Z,2026-08-19
PER,Peru,1978,1100,0,0,0,0,60,0,,0,unhcr_population,2025-12-31,2026-08-19T14:21:59Z,2026-08-19
PER,Peru,1979,6280,0,0,0,0,0,0,,0,unhcr_population,2025-12-31,2026-08-19T14:21:59Z,2026-08-19
PER,Peru,1980,1460,0,0,0,0,0,0,,0,unhcr_population,2025-12-31,2026-08-19T14:21:59Z,2026-08-19
PER,Peru,1981,1500,0,0,0,0,0,0,,0,unhcr_population,2025-12-31,2026-08-19T14:21:59Z,2026-08-19
PER,Peru,1982,1200,0,0,0,0,190,0,,0,unhcr_population,2025-12-31,2026-08-19T14:21:59Z,2026-08-19
PER,Peru,1983,600,0,0,0,0,50,0,,0,unhcr_population,2025-12-31,2026-08-19T14:21:59Z,2026-08-19
PER,Peru,1984,560,0,0,0,0,0,0,,0,unhcr_population,2025-12-31,2026-08-19T14:21:59Z,2026-08-19
PER,Peru,1985,700,0,0,0,0,0,0,,0,unhcr_population,2025-12-31,2026-08-19T14:21:59Z,2026-08-19
PER,Peru,1986,600,0,0,0,0,0,0,,0,unhcr_population,2025-12-31,2026-08-19T14:21:59Z,2026-08-19
PER,Peru,1987,640,0,0,0,0,0,0,,0,unhcr_population,2025-12-31,2026-08-19T14:21:59Z,2026-08-19
PER,Peru,1988,654,0,0,0,0,0,0,,0,unhcr_population,2025-12-31,2026-08-19T14:21:59Z,2026-08-19
PER,Peru,1989,691,0,0,0,0,0,0,,0,unhcr_population,2025-12-31,2026-08-19T14:21:59Z,2026-08-19
PER,Peru,1990,724,0,0,0,0,0,0,,0,unhcr_population,2025-12-31,2026-08-19T14:21:59Z,2026-08-19
PER,Peru,1991,683,0,0,0,0,110,0,,0,unhcr_population,2025-12-31,2026-08-19T14:21:59Z,2026-08-19
PER,Peru,1992,640,0,0,0,0,140,0,,0,unhcr_population,2025-12-31,2026-08-19T14:21:59Z,2026-08-19
PER,Peru,1993,736,0,0,0,0,0,0,,0,unhcr_population,2025-12-31,2026-08-19T14:21:59Z,2026-08-19
PER,Peru,1994,656,0,0,0,0,136,0,,0,unhcr_population,2025-12-31,2026-08-19T14:21:59Z,2026-08-19
PER,Peru,1995,610,0,0,0,0,0,0,,0,unhcr_population,2025-12-31,2026-08-19T14:21:59Z,2026-08-19
PER,Peru,1996,659,0,0,0,0,61,0,,0,unhcr_population,2025-12-31,2026-08-19T14:21:59Z,2026-08-19
PER,Peru,1997,744,0,0,0,0,0,0,,0,unhcr_population,2025-12-31,2026-08-19T14:21:59Z,2026-08-19
PER,Peru,1998,425,0,0,0,0,5,0,,0,unhcr_population,2025-12-31,2026-08-19T14:21:59Z,2026-08-19
PER,Peru,1999,700,0,0,0,0,0,0,,0,unhcr_population,2025-12-31,2026-08-19T14:21:59Z,2026-08-19
PER,Peru,2000,686,7,0,0,0,0,0,,0,unhcr_population,2025-12-31,2026-08-19T14:21:59Z,2026-08-19
PER,Peru,2001,681,56,0,0,0,0,0,,0,unhcr_population,2025-12-31,2026-08-19T14:21:59Z,2026-08-19
PER,Peru,2002,679,130,0,0,0,5,0,,0,unhcr_population,2025-12-31,2026-08-19T14:21:59Z,2026-08-19
PER,Peru,2003,710,174,0,0,0,0,0,,0,unhcr_population,2025-12-31,2026-08-19T14:21:59Z,2026-08-19
PER,Peru,2004,757,222,0,0,0,0,0,,0,unhcr_population,2025-12-31,2026-08-19T14:21:59Z,2026-08-19
PER,Peru,2005,835,328,0,0,0,0,0,,0,unhcr_population,2025-12-31,2026-08-19T14:21:59Z,2026-08-19
PER,Peru,2006,897,479,0,0,0,0,0,,0,unhcr_population,2025-12-31,2026-08-19T14:21:59Z,2026-08-19
PER,Peru,2007,981,533,0,0,0,8,0,,0,unhcr_population,2025-12-31,2026-08-19T14:21:59Z,2026-08-19
PER,Peru,2008,1060,570,0,0,0,0,0,,0,unhcr_population,2025-12-31,2026-08-19T14:21:59Z,2026-08-19
PER,Peru,2009,1092,359,0,0,0,0,0,,0,unhcr_population,2025-12-31,2026-08-19T14:21:59Z,2026-08-19
PER,Peru,2010,1129,257,0,0,0,0,0,,0,unhcr_population,2025-12-31,2026-08-19T14:21:59Z,2026-08-19
PER,Peru,2011,1130,484,0,0,0,0,0,,0,unhcr_population,2025-12-31,2026-08-19T14:21:59Z,2026-08-19
PER,Peru,2012,1100,473,0,0,0,0,0,,0,unhcr_population,2025-12-31,2026-08-19T14:21:59Z,2026-08-19
PER,Peru,2013,1128,500,0,0,0,0,0,,0,unhcr_population,2025-12-31,2026-08-19T14:21:59Z,2026-08-19
PER,Peru,2014,1275,374,0,0,0,0,0,,0,unhcr_population,2025-12-31,2026-08-19T14:21:59Z,2026-08-19
PER,Peru,2015,1454,350,0,0,0,0,0,,0,unhcr_population,2025-12-31,2026-08-19T14:21:59Z,2026-08-19
PER,Peru,2016,1615,4368,0,0,0,0,0,,0,unhcr_population,2025-12-31,2026-08-19T14:21:59Z,2026-08-19
PER,Peru,2017,1788,37728,0,0,31224,5,0,,0,unhcr_population,2025-12-31,2026-08-19T14:21:59Z,2026-08-19
PER,Peru,2018,2506,230845,0,0,0,0,0,428214,0,unhcr_population,2025-12-31,2026-08-19T14:21:59Z,2026-08-19
PER,Peru,2019,2850,487049,0,0,0,0,0,377864,0,unhcr_population,2025-12-31,2026-08-19T14:21:59Z,2026-08-19
PER,Peru,2020,4272,537552,0,0,0,0,0,515039,500353,unhcr_population,2025-12-31,2026-08-19T14:21:59Z,2026-08-19
PER,Peru,2021,5790,537047,0,0,0,0,0,791442,500353,unhcr_population,2025-12-31,2026-08-19T14:21:59Z,2026-08-19
PER,Peru,2022,6543,537461,0,0,7419,0,0,969817,617687,unhcr_population,2025-12-31,2026-08-19T14:21:59Z,2026-08-19
PER,Peru,2023,6712,508429,0,32,18916,0,0,1043622,17847,unhcr_population,2025-12-31,2026-08-19T14:21:59Z,2026-08-19
PER,Peru,2024,6742,539957,0,32,12706,0,0,1135215,16328,unhcr_population,2025-12-31,2026-08-19T14:21:59Z,2026-08-19
PER,Peru,2025,6788,556770,0,33,17104,0,0,1098014,9050,unhcr_population,2025-12-31,2026-08-19T14:21:59Z,2026-08-19
PHL,Philippines,1975,690,0,0,0,0,0,0,,0,unhcr_population,2025-12-31,2026-08-19T14:21:59Z,2026-08-19
PHL,Philippines,1976,940,0,0,0,0,0,0,,0,unhcr_population,2025-12-31,2026-08-19T14:21:59Z,2026-08-19
PHL,Philippines,1977,1300,0,0,0,0,0,0,,0,unhcr_population,2025-12-31,2026-08-19T14:21:59Z,2026-08-19
PHL,Philippines,1978,5300,0,0,0,0,0,0,,0,unhcr_population,2025-12-31,2026-08-19T14:21:59Z,2026-08-19
PHL,Philippines,1979,5300,0,0,0,0,0,0,,0,unhcr_population,2025-12-31,2026-08-19T14:21:59Z,2026-08-19
PHL,Philippines,1980,20300,0,0,0,0,6890,0,,0,unhcr_population,2025-12-31,2026-08-19T14:21:59Z,2026-08-19
PHL,Philippines,1981,23310,0,0,0,0,0,0,,0,unhcr_population,2025-12-31,2026-08-19T14:21:59Z,2026-08-19
PHL,Philippines,1982,15240,0,0,0,0,0,0,,0,unhcr_population,2025-12-31,2026-08-19T14:21:59Z,2026-08-19
PHL,Philippines,1983,18890,0,0,0,0,0,0,,0,unhcr_population,2025-12-31,2026-08-19T14:21:59Z,2026-08-19
PHL,Philippines,1984,18270,0,0,0,0,0,0,,0,unhcr_population,2025-12-31,2026-08-19T14:21:59Z,2026-08-19
PHL,Philippines,1985,16990,0,0,0,0,0,0,,0,unhcr_population,2025-12-31,2026-08-19T14:21:59Z,2026-08-19
PHL,Philippines,1986,13830,0,0,0,0,0,0,,0,unhcr_population,2025-12-31,2026-08-19T14:21:59Z,2026-08-19
PHL,Philippines,1987,13170,0,0,0,0,0,0,,0,unhcr_population,2025-12-31,2026-08-19T14:21:59Z,2026-08-19
PHL,Philippines,1988,21109,0,0,0,0,0,0,,0,unhcr_population,2025-12-31,2026-08-19T14:21:59Z,2026-08-19
PHL,Philippines,1989,26651,0,0,0,0,50,0,,0,unhcr_population,2025-12-31,2026-08-19T14:21:59Z,2026-08-19
PHL,Philippines,1990,19860,0,0,0,0,120,0,,0,unhcr_population,2025-12-31,2026-08-19T14:21:59Z,2026-08-19
PHL,Philippines,1991,8972,0,0,0,0,71,0,,0,unhcr_population,2025-12-31,2026-08-19T14:21:59Z,2026-08-19
PHL,Philippines,1992,6721,0,0,0,0,130,0,,0,unhcr_population,2025-12-31,2026-08-19T14:21:59Z,2026-08-19
PHL,Philippines,1993,2476,0,0,0,0,395,0,,0,unhcr_population,2025-12-31,2026-08-19T14:21:59Z,2026-08-19
PHL,Philippines,1994,668,0,0,0,0,767,0,,0,unhcr_population,2025-12-31,2026-08-19T14:21:59Z,2026-08-19
PHL,Philippines,1995,776,0,0,0,0,142,0,,0,unhcr_population,2025-12-31,2026-08-19T14:21:59Z,2026-08-19
PHL,Philippines,1996,685,0,0,0,0,917,0,,0,unhcr_population,2025-12-31,2026-08-19T14:21:59Z,2026-08-19
PHL,Philippines,1997,306,0,0,0,0,0,0,,0,unhcr_population,2025-12-31,2026-08-19T14:21:59Z,2026-08-19
PHL,Philippines,1998,303,0,0,0,0,20,0,,0,unhcr_population,2025-12-31,2026-08-19T14:21:59Z,2026-08-19
PHL,Philippines,1999,166,0,0,0,0,14,0,,0,unhcr_population,2025-12-31,2026-08-19T14:21:59Z,2026-08-19
PHL,Philippines,2000,175,10,0,0,0,10,0,,0,unhcr_population,2025-12-31,2026-08-19T14:21:59Z,2026-08-19
PHL,Philippines,2001,132,34,0,0,2000,0,0,,0,unhcr_population,2025-12-31,2026-08-19T14:21:59Z,2026-08-19
PHL,Philippines,2002,109,38,0,0,1918,12,0,,0,unhcr_population,2025-12-31,2026-08-19T14:21:59Z,2026-08-19
PHL,Philippines,2003,109,32,0,0,1691,5,0,,0,unhcr_population,2025-12-31,2026-08-19T14:21:59Z,2026-08-19
PHL,Philippines,2004,106,38,0,0,1829,0,0,,0,unhcr_population,2025-12-31,2026-08-19T14:21:59Z,2026-08-19
PHL,Philippines,2005,92,27,0,0,766,6,0,,0,unhcr_population,2025-12-31,2026-08-19T14:21:59Z,2026-08-19
PHL,Philippines,2006,96,19,0,0,416,0,0,,0,unhcr_population,2025-12-31,2026-08-19T14:21:59Z,2026-08-19
PHL,Philippines,2007,102,12,0,0,165,0,0,,0,unhcr_population,2025-12-31,2026-08-19T14:21:59Z,2026-08-19
PHL,Philippines,2008,99,78,0,0,87,0,0,,0,unhcr_population,2025-12-31,2026-08-19T14:21:59Z,2026-08-19
PHL,Philippines,2009,93,36,0,0,68,0,0,,0,unhcr_population,2025-12-31,2026-08-19T14:21:59Z,2026-08-19
PHL,Philippines,2010,238,58,139509,0,68,0,0,,0,unhcr_population,2025-12-31,2026-08-19T14:21:59Z,2026-08-19
PHL,Philippines,2011,118,46,159465,0,68,0,0,,0,unhcr_population,2025-12-31,2026-08-19T14:21:59Z,2026-08-19
PHL,Philippines,2012,141,29,1159,6015,68,0,336215,,0,unhcr_population,2025-12-31,2026-08-19T14:21:59Z,2026-08-19
PHL,Philippines,2013,178,68,117369,6015,68,0,211607,,0,unhcr_population,2025-12-31,2026-08-19T14:21:59Z,2026-08-19
PHL,Philippines,2014,213,91,142430,6370,68,0,98718,,0,unhcr_population,2025-12-31,2026-08-19T14:21:59Z,2026-08-19
PHL,Philippines,2015,254,185,63174,7138,68,0,254848,,0,unhcr_population,2025-12-31,2026-08-19T14:21:59Z,2026-08-19
PHL,Philippines,2016,392,205,87418,4636,68,0,255626,,0,unhcr_population,2025-12-31,2026-08-19T14:21:59Z,2026-08-19
PHL,Philippines,2017,512,210,311943,2678,68,0,318483,,0,unhcr_population,2025-12-31,2026-08-19T14:21:59Z,2026-08-19
PHL,Philippines,2018,631,238,77651,1068,68,0,445655,,0,unhcr_population,2025-12-31,2026-08-19T14:21:59Z,2026-08-19
PHL,Philippines,2019,680,319,178897,388,129734,0,115106,,0,unhcr_population,2025-12-31,2026-08-19T14:21:59Z,2026-08-19
PHL,Philippines,2020,709,397,150368,387,129513,0,150242,,0,unhcr_population,2025-12-31,2026-08-19T14:21:59Z,2026-08-19
PHL,Philippines,2021,801,586,105214,260,128691,0,181317,,0,unhcr_population,2025-12-31,2026-08-19T14:21:59Z,2026-08-19
PHL,Philippines,2022,856,780,98094,267,128183,0,118120,,0,unhcr_population,2025-12-31,2026-08-19T14:21:59Z,2026-08-19
PHL,Philippines,2023,934,1029,108237,28,126228,5,137352,,0,unhcr_population,2025-12-31,2026-08-19T14:21:59Z,2026-08-19
PHL,Philippines,2024,962,1380,121576,30,121070,0,166193,,0,unhcr_population,2025-12-31,2026-08-19T14:21:59Z,2026-08-19
PHL,Philippines,2025,1032,942,43500,55,108642,0,172452,,0,unhcr_population,2025-12-31,2026-08-19T14:21:59Z,2026-08-19
PLW,Palau,2009,11,0,0,0,0,0,0,,0,unhcr_population,2025-12-31,2026-08-19T14:21:59Z,2026-08-19
PLW,Palau,2024,5,0,0,0,0,0,0,,0,unhcr_population,2025-12-31,2026-08-19T14:21:59Z,2026-08-19
PNG,Papua New Guinea,1978,1000,0,0,0,0,0,0,,0,unhcr_population,2025-12-31,2026-08-19T14:21:59Z,2026-08-19
PNG,Papua New Guinea,1979,1000,0,0,0,0,0,0,,0,unhcr_population,2025-12-31,2026-08-19T14:21:59Z,2026-08-19
PNG,Papua New Guinea,1980,1000,0,0,0,0,0,0,,0,unhcr_population,2025-12-31,2026-08-19T14:21:59Z,2026-08-19
PNG,Papua New Guinea,1981,150,0,0,0,0,0,0,,0,unhcr_population,2025-12-31,2026-08-19T14:21:59Z,2026-08-19
PNG,Papua New Guinea,1982,2200,0,0,0,0,0,0,,0,unhcr_population,2025-12-31,2026-08-19T14:21:59Z,2026-08-19
PNG,Papua New Guinea,1983,1230,0,0,0,0,850,0,,0,unhcr_population,2025-12-31,2026-08-19T14:21:59Z,2026-08-19
PNG,Papua New Guinea,1984,10950,0,0,0,0,110,0,,0,unhcr_population,2025-12-31,2026-08-19T14:21:59Z,2026-08-19
PNG,Papua New Guinea,1985,11750,0,0,0,0,70,0,,0,unhcr_population,2025-12-31,2026-08-19T14:21:59Z,2026-08-19
PNG,Papua New Guinea,1986,11290,0,0,0,0,1130,0,,0,unhcr_population,2025-12-31,2026-08-19T14:21:59Z,2026-08-19
PNG,Papua New Guinea,1987,9620,0,0,0,0,1330,0,,0,unhcr_population,2025-12-31,2026-08-19T14:21:59Z,2026-08-19
PNG,Papua New Guinea,1988,9241,0,0,0,0,450,0,,0,unhcr_population,2025-12-31,2026-08-19T14:21:59Z,2026-08-19
PNG,Papua New Guinea,1989,7732,0,0,0,0,80,0,,0,unhcr_population,2025-12-31,2026-08-19T14:21:59Z,2026-08-19
PNG,Papua New Guinea,1990,7099,0,0,0,0,990,0,,0,unhcr_population,2025-12-31,2026-08-19T14:21:59Z,2026-08-19
PNG,Papua New Guinea,1991,6098,0,0,0,0,540,0,,0,unhcr_population,2025-12-31,2026-08-19T14:21:59Z,2026-08-19
PNG,Papua New Guinea,1992,6686,0,0,0,0,0,0,,0,unhcr_population,2025-12-31,2026-08-19T14:21:59Z,2026-08-19
PNG,Papua New Guinea,1993,7670,0,0,0,0,232,0,,0,unhcr_population,2025-12-31,2026-08-19T14:21:59Z,2026-08-19
PNG,Papua New Guinea,1994,8461,0,0,0,0,186,0,,0,unhcr_population,2025-12-31,2026-08-19T14:21:59Z,2026-08-19
PNG,Papua New Guinea,1995,9600,0,0,0,0,0,0,,0,unhcr_population,2025-12-31,2026-08-19T14:21:59Z,2026-08-19
PNG,Papua New Guinea,1996,10175,0,0,0,0,25,0,,0,unhcr_population,2025-12-31,2026-08-19T14:21:59Z,2026-08-19
PNG,Papua New Guinea,1997,8198,0,0,0,0,0,0,,0,unhcr_population,2025-12-31,2026-08-19T14:21:59Z,2026-08-19
PNG,Papua New Guinea,1998,8198,0,0,0,0,0,0,,0,unhcr_population,2025-12-31,2026-08-19T14:21:59Z,2026-08-19
PNG,Papua New Guinea,1999,6664,0,0,0,0,0,0,,0,unhcr_population,2025-12-31,2026-08-19T14:21:59Z,2026-08-19
PNG,Papua New Guinea,2000,5862,0,0,0,400,802,0,,0,unhcr_population,2025-12-31,2026-08-19T14:21:59Z,2026-08-19
PNG,Papua New Guinea,2001,4941,0,0,0,313,0,0,,0,unhcr_population,2025-12-31,2026-08-19T14:21:59Z,2026-08-19
PNG,Papua New Guinea,2002,4941,312,0,0,0,0,0,,0,unhcr_population,2025-12-31,2026-08-19T14:21:59Z,2026-08-19
PNG,Papua New Guinea,2003,7491,305,0,0,430,0,0,,0,unhcr_population,2025-12-31,2026-08-19T14:21:59Z,2026-08-19
PNG,Papua New Guinea,2004,7626,199,0,135,0,0,0,,0,unhcr_population,2025-12-31,2026-08-19T14:21:59Z,2026-08-19
PNG,Papua New Guinea,2005,10001,5,0,0,0,135,0,,0,unhcr_population,2025-12-31,2026-08-19T14:21:59Z,2026-08-19
PNG,Papua New Guinea,2006,10182,0,0,0,0,0,0,,0,unhcr_population,2025-12-31,2026-08-19T14:21:59Z,2026-08-19
PNG,Papua New Guinea,2007,10000,10,0,0,0,5,0,,0,unhcr_population,2025-12-31,2026-08-19T14:21:59Z,2026-08-19
PNG,Papua New Guinea,2008,10005,5,0,0,0,0,0,,0,unhcr_population,2025-12-31,2026-08-19T14:21:59Z,2026-08-19
PNG,Papua New Guinea,2009,9704,5,0,0,0,311,0,,0,unhcr_population,2025-12-31,2026-08-19T14:21:59Z,2026-08-19
PNG,Papua New Guinea,2010,9699,0,0,0,0,0,0,,0,unhcr_population,2025-12-31,2026-08-19T14:21:59Z,2026-08-19
PNG,Papua New Guinea,2011,9378,0,0,0,0,0,0,,0,unhcr_population,2025-12-31,2026-08-19T14:21:59Z,2026-08-19
PNG,Papua New Guinea,2012,9378,156,0,0,0,35,0,,0,unhcr_population,2025-12-31,2026-08-19T14:21:59Z,2026-08-19
PNG,Papua New Guinea,2013,9373,404,0,0,0,0,0,,0,unhcr_population,2025-12-31,2026-08-19T14:21:59Z,2026-08-19
PNG,Papua New Guinea,2014,9503,398,0,0,0,0,0,,0,unhcr_population,2025-12-31,2026-08-19T14:21:59Z,2026-08-19
PNG,Papua New Guinea,2015,9503,448,0,0,0,0,0,,0,unhcr_population,2025-12-31,2026-08-19T14:21:59Z,2026-08-19
PNG,Papua New Guinea,2016,9529,16,0,0,0,0,0,,0,unhcr_population,2025-12-31,2026-08-19T14:21:59Z,2026-08-19
PNG,Papua New Guinea,2017,10018,0,0,0,0,0,0,,0,unhcr_population,2025-12-31,2026-08-19T14:21:59Z,2026-08-19
PNG,Papua New Guinea,2018,10022,151,0,0,0,0,0,,0,unhcr_population,2025-12-31,2026-08-19T14:21:59Z,2026-08-19
PNG,Papua New Guinea,2019,9698,132,0,9,0,0,0,,0,unhcr_population,2025-12-31,2026-08-19T14:21:59Z,2026-08-19
PNG,Papua New Guinea,2020,10781,108,14000,10,0,0,0,,0,unhcr_population,2025-12-31,2026-08-19T14:21:59Z,2026-08-19
PNG,Papua New Guinea,2021,11839,125,24000,10,106,0,0,,0,unhcr_population,2025-12-31,2026-08-19T14:21:59Z,2026-08-19
PNG,Papua New Guinea,2022,10524,3303,90634,0,0,0,0,,0,unhcr_population,2025-12-31,2026-08-19T14:21:59Z,2026-08-19
PNG,Papua New Guinea,2023,10523,3298,95000,0,1736,23,0,,134,unhcr_population,2025-12-31,2026-08-19T14:21:59Z,2026-08-19
PNG,Papua New Guinea,2024,7732,3251,84051,0,2177,0,0,,134,unhcr_population,2025-12-31,2026-08-19T14:21:59Z,2026-08-19
PNG,Papua New Guinea,2025,7727,3121,70124,0,2177,0,0,,0,unhcr_population,2025-12-31,2026-08-19T14:21:59Z,2026-08-19
POL,Poland,1991,550,0,0,0,0,0,0,,0,unhcr_population,2025-12-31,2026-08-19T14:21:59Z,2026-08-19
POL,Poland,1992,2719,0,0,0,0,3730,0,,0,unhcr_population,2025-12-31,2026-08-19T14:21:59Z,2026-08-19
POL,Poland,1993,810,0,0,0,0,0,0,,0,unhcr_population,2025-12-31,2026-08-19T14:21:59Z,2026-08-19
POL,Poland,1994,393,0,0,0,0,0,0,,0,unhcr_population,2025-12-31,2026-08-19T14:21:59Z,2026-08-19
POL,Poland,1995,600,0,0,0,0,0,0,,0,unhcr_population,2025-12-31,2026-08-19T14:21:59Z,2026-08-19
POL,Poland,1996,600,0,0,0,0,0,0,,0,unhcr_population,2025-12-31,2026-08-19T14:21:59Z,2026-08-19
POL,Poland,1997,835,0,0,0,0,0,0,,0,unhcr_population,2025-12-31,2026-08-19T14:21:59Z,2026-08-19
POL,Poland,1998,895,0,0,0,0,0,0,,0,unhcr_population,2025-12-31,2026-08-19T14:21:59Z,2026-08-19
POL,Poland,1999,937,0,0,0,0,748,0,,0,unhcr_population,2025-12-31,2026-08-19T14:21:59Z,2026-08-19
POL,Poland,2000,1011,0,0,0,0,28,0,,0,unhcr_population,2025-12-31,2026-08-19T14:21:59Z,2026-08-19
POL,Poland,2001,1295,0,0,0,0,0,0,,0,unhcr_population,2025-12-31,2026-08-19T14:21:59Z,2026-08-19
POL,Poland,2002,1586,2554,0,0,0,0,0,,0,unhcr_population,2025-12-31,2026-08-19T14:21:59Z,2026-08-19
POL,Poland,2003,1822,1512,0,0,0,0,0,,0,unhcr_population,2025-12-31,2026-08-19T14:21:59Z,2026-08-19
POL,Poland,2004,2491,3520,0,0,0,0,0,,0,unhcr_population,2025-12-31,2026-08-19T14:21:59Z,2026-08-19
POL,Poland,2005,4585,1620,0,74,0,0,0,,0,unhcr_population,2025-12-31,2026-08-19T14:21:59Z,2026-08-19
POL,Poland,2006,6786,1965,0,74,0,0,0,,0,unhcr_population,2025-12-31,2026-08-19T14:21:59Z,2026-08-19
POL,Poland,2007,10037,5937,0,74,0,0,0,,0,unhcr_population,2025-12-31,2026-08-19T14:21:59Z,2026-08-19
POL,Poland,2008,12761,4381,0,839,0,0,0,,0,unhcr_population,2025-12-31,2026-08-19T14:21:59Z,2026-08-19
POL,Poland,2009,15299,2397,0,865,0,0,0,,0,unhcr_population,2025-12-31,2026-08-19T14:21:59Z,2026-08-19
POL,Poland,2010,15537,2111,0,763,0,0,0,,0,unhcr_population,2025-12-31,2026-08-19T14:21:59Z,2026-08-19
POL,Poland,2011,15834,2873,0,763,0,0,0,,0,unhcr_population,2025-12-31,2026-08-19T14:21:59Z,2026-08-19
POL,Poland,2012,15897,2394,0,10825,0,0,0,,0,unhcr_population,2025-12-31,2026-08-19T14:21:59Z,2026-08-19
POL,Poland,2013,16428,2157,0,10825,0,0,0,,0,unhcr_population,2025-12-31,2026-08-19T14:21:59Z,2026-08-19
POL,Poland,2014,15730,2675,0,10825,0,0,0,,0,unhcr_population,2025-12-31,2026-08-19T14:21:59Z,2026-08-19
POL,Poland,2015,14057,3281,0,10825,0,0,0,,0,unhcr_population,2025-12-31,2026-08-19T14:21:59Z,2026-08-19
POL,Poland,2016,11738,3412,0,10825,0,0,0,,0,unhcr_population,2025-12-31,2026-08-19T14:21:59Z,2026-08-19
POL,Poland,2017,12225,2878,0,10825,0,0,0,,0,unhcr_population,2025-12-31,2026-08-19T14:21:59Z,2026-08-19
POL,Poland,2018,12495,3059,0,10825,0,0,0,,0,unhcr_population,2025-12-31,2026-08-19T14:21:59Z,2026-08-19
POL,Poland,2019,12658,4783,0,1328,0,0,0,,0,unhcr_population,2025-12-31,2026-08-19T14:21:59Z,2026-08-19
POL,Poland,2020,2771,3602,0,1390,0,0,0,,0,unhcr_population,2025-12-31,2026-08-19T14:21:59Z,2026-08-19
POL,Poland,2021,4875,3823,0,1387,0,0,0,,0,unhcr_population,2025-12-31,2026-08-19T14:21:59Z,2026-08-19
POL,Poland,2022,971129,3020,0,1446,1328,285000,0,,0,unhcr_population,2025-12-31,2026-08-19T14:21:59Z,2026-08-19
POL,Poland,2023,971478,6989,0,1540,1328,122000,0,,0,unhcr_population,2025-12-31,2026-08-19T14:21:59Z,2026-08-19
POL,Poland,2024,1008871,10992,0,1486,1328,39000,0,,0,unhcr_population,2025-12-31,2026-08-19T14:21:59Z,2026-08-19
POL,Poland,2025,990469,13848,0,1504,1328,32000,0,,0,unhcr_population,2025-12-31,2026-08-19T14:21:59Z,2026-08-19
PRK,Dem. People's Rep. of Korea,2015,0,0,0,0,0,16,0,,0,unhcr_population,2025-12-31,2026-08-19T14:21:59Z,2026-08-19
PRT,Portugal,1975,150,0,0,0,0,0,0,,0,unhcr_population,2025-12-31,2026-08-19T14:21:59Z,2026-08-19
PRT,Portugal,1977,7500,0,0,0,0,0,0,,0,unhcr_population,2025-12-31,2026-08-19T14:21:59Z,2026-08-19
PRT,Portugal,1978,7500,0,0,0,0,0,0,,0,unhcr_population,2025-12-31,2026-08-19T14:21:59Z,2026-08-19
PRT,Portugal,1979,7600,0,0,0,0,0,0,,0,unhcr_population,2025-12-31,2026-08-19T14:21:59Z,2026-08-19
PRT,Portugal,1980,7600,0,0,0,0,0,0,,0,unhcr_population,2025-12-31,2026-08-19T14:21:59Z,2026-08-19
PRT,Portugal,1981,7600,0,0,0,0,0,0,,0,unhcr_population,2025-12-31,2026-08-19T14:21:59Z,2026-08-19
PRT,Portugal,1982,7600,0,0,0,0,0,0,,0,unhcr_population,2025-12-31,2026-08-19T14:21:59Z,2026-08-19
PRT,Portugal,1983,700,0,0,0,0,0,0,,0,unhcr_population,2025-12-31,2026-08-19T14:21:59Z,2026-08-19
PRT,Portugal,1984,600,0,0,0,0,0,0,,0,unhcr_population,2025-12-31,2026-08-19T14:21:59Z,2026-08-19
PRT,Portugal,1985,700,0,0,0,0,0,0,,0,unhcr_population,2025-12-31,2026-08-19T14:21:59Z,2026-08-19
PRT,Portugal,1986,800,0,0,0,0,0,0,,0,unhcr_population,2025-12-31,2026-08-19T14:21:59Z,2026-08-19
PRT,Portugal,1987,800,0,0,0,0,0,0,,0,unhcr_population,2025-12-31,2026-08-19T14:21:59Z,2026-08-19
PRT,Portugal,1988,789,0,0,0,0,0,0,,0,unhcr_population,2025-12-31,2026-08-19T14:21:59Z,2026-08-19
PRT,Portugal,1989,657,0,0,0,0,0,0,,0,unhcr_population,2025-12-31,2026-08-19T14:21:59Z,2026-08-19
PRT,Portugal,1990,867,0,0,0,0,0,0,,0,unhcr_population,2025-12-31,2026-08-19T14:21:59Z,2026-08-19
PRT,Portugal,1991,998,0,0,0,0,0,0,,0,unhcr_population,2025-12-31,2026-08-19T14:21:59Z,2026-08-19
PRT,Portugal,1992,1778,0,0,0,0,0,0,,0,unhcr_population,2025-12-31,2026-08-19T14:21:59Z,2026-08-19
PRT,Portugal,1993,600,0,0,0,0,0,0,,0,unhcr_population,2025-12-31,2026-08-19T14:21:59Z,2026-08-19
PRT,Portugal,1994,248,0,0,0,0,0,0,,0,unhcr_population,2025-12-31,2026-08-19T14:21:59Z,2026-08-19
PRT,Portugal,1995,248,0,0,0,0,0,0,,0,unhcr_population,2025-12-31,2026-08-19T14:21:59Z,2026-08-19
PRT,Portugal,1996,297,0,0,0,0,7,0,,0,unhcr_population,2025-12-31,2026-08-19T14:21:59Z,2026-08-19
PRT,Portugal,1997,310,0,0,0,0,0,0,,0,unhcr_population,2025-12-31,2026-08-19T14:21:59Z,2026-08-19
PRT,Portugal,1998,329,0,0,0,0,0,0,,0,unhcr_population,2025-12-31,2026-08-19T14:21:59Z,2026-08-19
PRT,Portugal,1999,364,0,0,0,0,1035,0,,0,unhcr_population,2025-12-31,2026-08-19T14:21:59Z,2026-08-19
PRT,Portugal,2000,416,0,0,0,0,17,0,,0,unhcr_population,2025-12-31,2026-08-19T14:21:59Z,2026-08-19
PRT,Portugal,2001,444,0,0,0,0,0,0,,0,unhcr_population,2025-12-31,2026-08-19T14:21:59Z,2026-08-19
PRT,Portugal,2002,460,0,0,0,0,0,0,,0,unhcr_population,2025-12-31,2026-08-19T14:21:59Z,2026-08-19
PRT,Portugal,2003,414,0,0,0,0,0,0,,0,unhcr_population,2025-12-31,2026-08-19T14:21:59Z,2026-08-19
PRT,Portugal,2004,368,0,0,0,0,0,0,,0,unhcr_population,2025-12-31,2026-08-19T14:21:59Z,2026-08-19
PRT,Portugal,2005,355,0,0,0,0,0,0,,0,unhcr_population,2025-12-31,2026-08-19T14:21:59Z,2026-08-19
PRT,Portugal,2006,322,0,0,0,0,0,0,,0,unhcr_population,2025-12-31,2026-08-19T14:21:59Z,2026-08-19
PRT,Portugal,2007,346,0,0,0,0,0,0,,0,unhcr_population,2025-12-31,2026-08-19T14:21:59Z,2026-08-19
PRT,Portugal,2008,393,0,0,273,0,0,0,,0,unhcr_population,2025-12-31,2026-08-19T14:21:59Z,2026-08-19
PRT,Portugal,2009,383,10,0,31,0,0,0,,0,unhcr_population,2025-12-31,2026-08-19T14:21:59Z,2026-08-19
PRT,Portugal,2010,368,61,0,31,0,0,0,,0,unhcr_population,2025-12-31,2026-08-19T14:21:59Z,2026-08-19
PRT,Portugal,2011,399,212,0,31,0,0,0,,0,unhcr_population,2025-12-31,2026-08-19T14:21:59Z,2026-08-19
PRT,Portugal,2012,473,192,0,553,0,0,0,,0,unhcr_population,2025-12-31,2026-08-19T14:21:59Z,2026-08-19
PRT,Portugal,2013,596,198,0,553,0,0,0,,0,unhcr_population,2025-12-31,2026-08-19T14:21:59Z,2026-08-19
PRT,Portugal,2014,704,327,0,14,0,0,0,,0,unhcr_population,2025-12-31,2026-08-19T14:21:59Z,2026-08-19
PRT,Portugal,2015,851,571,0,14,0,0,0,,0,unhcr_population,2025-12-31,2026-08-19T14:21:59Z,2026-08-19
PRT,Portugal,2016,1189,850,0,14,0,0,0,,0,unhcr_population,2025-12-31,2026-08-19T14:21:59Z,2026-08-19
PRT,Portugal,2017,1619,45,0,14,0,0,0,,0,unhcr_population,2025-12-31,2026-08-19T14:21:59Z,2026-08-19
PRT,Portugal,2018,2130,85,0,14,0,0,0,,0,unhcr_population,2025-12-31,2026-08-19T14:21:59Z,2026-08-19
PRT,Portugal,2019,2375,1057,0,50,14,0,0,,0,unhcr_population,2025-12-31,2026-08-19T14:21:59Z,2026-08-19
PRT,Portugal,2020,2405,1154,0,45,14,0,0,,0,unhcr_population,2025-12-31,2026-08-19T14:21:59Z,2026-08-19
PRT,Portugal,2021,2651,2162,0,45,14,0,0,,0,unhcr_population,2025-12-31,2026-08-19T14:21:59Z,2026-08-19
PRT,Portugal,2022,59777,968,0,24,0,6000,0,,0,unhcr_population,2025-12-31,2026-08-19T14:21:59Z,2026-08-19
PRT,Portugal,2023,62807,1267,0,31,0,1000,0,,0,unhcr_population,2025-12-31,2026-08-19T14:21:59Z,2026-08-19
PRT,Portugal,2024,68603,2563,0,31,0,2000,0,,0,unhcr_population,2025-12-31,2026-08-19T14:21:59Z,2026-08-19
PRT,Portugal,2025,70349,8595,0,46,0,0,0,,0,unhcr_population,2025-12-31,2026-08-19T14:21:59Z,2026-08-19
PRY,Paraguay,1969,4000,0,0,0,0,0,0,,0,unhcr_population,2025-12-31,2026-08-19T14:21:59Z,2026-08-19
PRY,Paraguay,1970,1500,0,0,0,0,0,0,,0,unhcr_population,2025-12-31,2026-08-19T14:21:59Z,2026-08-19
PRY,Paraguay,1971,1500,0,0,0,0,0,0,,0,unhcr_population,2025-12-31,2026-08-19T14:21:59Z,2026-08-19
PRY,Paraguay,1972,1400,0,0,0,0,0,0,,0,unhcr_population,2025-12-31,2026-08-19T14:21:59Z,2026-08-19
PRY,Paraguay,1974,1160,0,0,0,0,0,0,,0,unhcr_population,2025-12-31,2026-08-19T14:21:59Z,2026-08-19
PRY,Paraguay,1977,1500,0,0,0,0,0,0,,0,unhcr_population,2025-12-31,2026-08-19T14:21:59Z,2026-08-19
PRY,Paraguay,1978,1500,0,0,0,0,0,0,,0,unhcr_population,2025-12-31,2026-08-19T14:21:59Z,2026-08-19
PRY,Paraguay,1979,1200,0,0,0,0,0,0,,0,unhcr_population,2025-12-31,2026-08-19T14:21:59Z,2026-08-19
PRY,Paraguay,1980,800,0,0,0,0,0,0,,0,unhcr_population,2025-12-31,2026-08-19T14:21:59Z,2026-08-19
PRY,Paraguay,1981,800,0,0,0,0,0,0,,0,unhcr_population,2025-12-31,2026-08-19T14:21:59Z,2026-08-19
PRY,Paraguay,1982,50,0,0,0,0,0,0,,0,unhcr_population,2025-12-31,2026-08-19T14:21:59Z,2026-08-19
PRY,Paraguay,1983,50,0,0,0,0,0,0,,0,unhcr_population,2025-12-31,2026-08-19T14:21:59Z,2026-08-19
PRY,Paraguay,1985,80,0,0,0,0,0,0,,0,unhcr_population,2025-12-31,2026-08-19T14:21:59Z,2026-08-19
PRY,Paraguay,1986,60,0,0,0,0,0,0,,0,unhcr_population,2025-12-31,2026-08-19T14:21:59Z,2026-08-19
PRY,Paraguay,1987,50,0,0,0,0,0,0,,0,unhcr_population,2025-12-31,2026-08-19T14:21:59Z,2026-08-19
PRY,Paraguay,1988,50,0,0,0,0,0,0,,0,unhcr_population,2025-12-31,2026-08-19T14:21:59Z,2026-08-19
PRY,Paraguay,1989,50,0,0,0,0,0,0,,0,unhcr_population,2025-12-31,2026-08-19T14:21:59Z,2026-08-19
PRY,Paraguay,1990,66,0,0,0,0,0,0,,0,unhcr_population,2025-12-31,2026-08-19T14:21:59Z,2026-08-19
PRY,Paraguay,1991,66,0,0,0,0,0,0,,0,unhcr_population,2025-12-31,2026-08-19T14:21:59Z,2026-08-19
PRY,Paraguay,1992,45,0,0,0,0,0,0,,0,unhcr_population,2025-12-31,2026-08-19T14:21:59Z,2026-08-19
PRY,Paraguay,1993,50,0,0,0,0,0,0,,0,unhcr_population,2025-12-31,2026-08-19T14:21:59Z,2026-08-19
PRY,Paraguay,1994,60,0,0,0,0,0,0,,0,unhcr_population,2025-12-31,2026-08-19T14:21:59Z,2026-08-19
PRY,Paraguay,1995,60,0,0,0,0,0,0,,0,unhcr_population,2025-12-31,2026-08-19T14:21:59Z,2026-08-19
PRY,Paraguay,1996,53,0,0,0,0,0,0,,0,unhcr_population,2025-12-31,2026-08-19T14:21:59Z,2026-08-19
PRY,Paraguay,1997,48,0,0,0,0,0,0,,0,unhcr_population,2025-12-31,2026-08-19T14:21:59Z,2026-08-19
PRY,Paraguay,1998,34,0,0,0,0,0,0,,0,unhcr_population,2025-12-31,2026-08-19T14:21:59Z,2026-08-19
PRY,Paraguay,1999,20,0,0,0,0,0,0,,0,unhcr_population,2025-12-31,2026-08-19T14:21:59Z,2026-08-19
PRY,Paraguay,2000,19,0,0,0,0,0,0,,0,unhcr_population,2025-12-31,2026-08-19T14:21:59Z,2026-08-19
PRY,Paraguay,2001,19,12,0,0,0,0,0,,0,unhcr_population,2025-12-31,2026-08-19T14:21:59Z,2026-08-19
PRY,Paraguay,2002,19,5,0,0,0,0,0,,0,unhcr_population,2025-12-31,2026-08-19T14:21:59Z,2026-08-19
PRY,Paraguay,2003,25,5,0,0,0,0,0,,0,unhcr_population,2025-12-31,2026-08-19T14:21:59Z,2026-08-19
PRY,Paraguay,2004,40,0,0,0,0,0,0,,0,unhcr_population,2025-12-31,2026-08-19T14:21:59Z,2026-08-19
PRY,Paraguay,2005,46,8,0,0,0,0,0,,0,unhcr_population,2025-12-31,2026-08-19T14:21:59Z,2026-08-19
PRY,Paraguay,2006,55,0,0,0,0,0,0,,0,unhcr_population,2025-12-31,2026-08-19T14:21:59Z,2026-08-19
PRY,Paraguay,2007,57,14,0,0,0,0,0,,0,unhcr_population,2025-12-31,2026-08-19T14:21:59Z,2026-08-19
PRY,Paraguay,2008,70,0,0,0,0,0,0,,0,unhcr_population,2025-12-31,2026-08-19T14:21:59Z,2026-08-19
PRY,Paraguay,2009,85,0,0,0,0,0,0,,0,unhcr_population,2025-12-31,2026-08-19T14:21:59Z,2026-08-19
PRY,Paraguay,2010,103,0,0,0,0,0,0,,0,unhcr_population,2025-12-31,2026-08-19T14:21:59Z,2026-08-19
PRY,Paraguay,2011,120,5,0,0,0,0,0,,0,unhcr_population,2025-12-31,2026-08-19T14:21:59Z,2026-08-19
PRY,Paraguay,2012,129,5,0,0,0,0,0,,0,unhcr_population,2025-12-31,2026-08-19T14:21:59Z,2026-08-19
PRY,Paraguay,2013,132,0,0,0,0,0,0,,0,unhcr_population,2025-12-31,2026-08-19T14:21:59Z,2026-08-19
PRY,Paraguay,2014,149,9,0,0,0,0,0,,0,unhcr_population,2025-12-31,2026-08-19T14:21:59Z,2026-08-19
PRY,Paraguay,2015,167,27,0,0,0,5,0,,0,unhcr_population,2025-12-31,2026-08-19T14:21:59Z,2026-08-19
PRY,Paraguay,2016,199,31,0,0,0,0,0,,0,unhcr_population,2025-12-31,2026-08-19T14:21:59Z,2026-08-19
PRY,Paraguay,2017,200,69,0,0,0,8,0,,0,unhcr_population,2025-12-31,2026-08-19T14:21:59Z,2026-08-19
PRY,Paraguay,2018,260,350,0,0,0,0,0,803,0,unhcr_population,2025-12-31,2026-08-19T14:21:59Z,2026-08-19
PRY,Paraguay,2019,1014,680,0,0,0,0,0,3588,0,unhcr_population,2025-12-31,2026-08-19T14:21:59Z,2026-08-19
PRY,Paraguay,2020,1686,1452,0,0,0,0,0,2879,0,unhcr_population,2025-12-31,2026-08-19T14:21:59Z,2026-08-19
PRY,Paraguay,2021,4484,860,0,0,0,0,0,1910,3581,unhcr_population,2025-12-31,2026-08-19T14:21:59Z,2026-08-19
PRY,Paraguay,2022,5420,1200,0,0,0,0,0,1004,2155,unhcr_population,2025-12-31,2026-08-19T14:21:59Z,2026-08-19
PRY,Paraguay,2023,5991,1598,0,5,0,0,0,,3461,unhcr_population,2025-12-31,2026-08-19T14:21:59Z,2026-08-19
PRY,Paraguay,2024,6071,1578,0,5,0,0,0,,2254,unhcr_population,2025-12-31,2026-08-19T14:21:59Z,2026-08-19
PRY,Paraguay,2025,4621,1659,0,5,0,0,0,,53,unhcr_population,2025-12-31,2026-08-19T14:21:59Z,2026-08-19
QAT,Qatar,1980,200,0,0,0,0,0,0,,0,unhcr_population,2025-12-31,2026-08-19T14:21:59Z,2026-08-19
QAT,Qatar,1981,200,0,0,0,0,0,0,,0,unhcr_population,2025-12-31,2026-08-19T14:21:59Z,2026-08-19
QAT,Qatar,1982,200,0,0,0,0,0,0,,0,unhcr_population,2025-12-31,2026-08-19T14:21:59Z,2026-08-19
QAT,Qatar,1983,200,0,0,0,0,0,0,,0,unhcr_population,2025-12-31,2026-08-19T14:21:59Z,2026-08-19
QAT,Qatar,1984,200,0,0,0,0,0,0,,0,unhcr_population,2025-12-31,2026-08-19T14:21:59Z,2026-08-19
QAT,Qatar,1985,200,0,0,0,0,0,0,,0,unhcr_population,2025-12-31,2026-08-19T14:21:59Z,2026-08-19
QAT,Qatar,1999,6,0,0,0,0,0,0,,0,unhcr_population,2025-12-31,2026-08-19T14:21:59Z,2026-08-19
QAT,Qatar,2000,31,0,0,0,0,0,0,,0,unhcr_population,2025-12-31,2026-08-19T14:21:59Z,2026-08-19
QAT,Qatar,2001,67,9,0,0,0,0,0,,0,unhcr_population,2025-12-31,2026-08-19T14:21:59Z,2026-08-19
QAT,Qatar,2002,46,19,0,0,0,0,0,,0,unhcr_population,2025-12-31,2026-08-19T14:21:59Z,2026-08-19
QAT,Qatar,2003,46,42,0,0,0,0,0,,0,unhcr_population,2025-12-31,2026-08-19T14:21:59Z,2026-08-19
QAT,Qatar,2004,46,23,0,6000,0,0,0,,0,unhcr_population,2025-12-31,2026-08-19T14:21:59Z,2026-08-19
QAT,Qatar,2005,46,23,0,0,0,0,0,,0,unhcr_population,2025-12-31,2026-08-19T14:21:59Z,2026-08-19
QAT,Qatar,2006,46,28,0,0,0,0,0,,0,unhcr_population,2025-12-31,2026-08-19T14:21:59Z,2026-08-19
QAT,Qatar,2007,46,38,0,0,0,0,0,,0,unhcr_population,2025-12-31,2026-08-19T14:21:59Z,2026-08-19
QAT,Qatar,2008,13,31,0,1200,0,0,0,,0,unhcr_population,2025-12-31,2026-08-19T14:21:59Z,2026-08-19
QAT,Qatar,2009,29,10,0,1200,0,0,0,,0,unhcr_population,2025-12-31,2026-08-19T14:21:59Z,2026-08-19
QAT,Qatar,2010,51,15,0,1200,0,0,0,,0,unhcr_population,2025-12-31,2026-08-19T14:21:59Z,2026-08-19
QAT,Qatar,2011,80,48,0,1200,0,0,0,,0,unhcr_population,2025-12-31,2026-08-19T14:21:59Z,2026-08-19
QAT,Qatar,2012,80,54,0,1200,0,0,0,,0,unhcr_population,2025-12-31,2026-08-19T14:21:59Z,2026-08-19
QAT,Qatar,2013,130,10,0,1200,0,0,0,,0,unhcr_population,2025-12-31,2026-08-19T14:21:59Z,2026-08-19
QAT,Qatar,2014,132,86,0,1200,0,0,0,,0,unhcr_population,2025-12-31,2026-08-19T14:21:59Z,2026-08-19
QAT,Qatar,2015,117,116,0,1200,0,12,0,,0,unhcr_population,2025-12-31,2026-08-19T14:21:59Z,2026-08-19
QAT,Qatar,2016,176,143,0,1200,0,0,0,,0,unhcr_population,2025-12-31,2026-08-19T14:21:59Z,2026-08-19
QAT,Qatar,2017,188,123,0,1200,0,0,0,,0,unhcr_population,2025-12-31,2026-08-19T14:21:59Z,2026-08-19
QAT,Qatar,2018,189,91,0,1200,0,0,0,,0,unhcr_population,2025-12-31,2026-08-19T14:21:59Z,2026-08-19
QAT,Qatar,2019,202,99,0,1200,0,0,0,,0,unhcr_population,2025-12-31,2026-08-19T14:21:59Z,2026-08-19
QAT,Qatar,2020,201,243,0,1200,0,0,0,,0,unhcr_population,2025-12-31,2026-08-19T14:21:59Z,2026-08-19
QAT,Qatar,2021,197,310,0,1200,0,0,0,,0,unhcr_population,2025-12-31,2026-08-19T14:21:59Z,2026-08-19
QAT,Qatar,2022,197,140,0,1200,0,0,0,,0,unhcr_population,2025-12-31,2026-08-19T14:21:59Z,2026-08-19
QAT,Qatar,2023,197,140,0,1200,0,0,0,,0,unhcr_population,2025-12-31,2026-08-19T14:21:59Z,2026-08-19
QAT,Qatar,2024,197,152,0,1200,0,0,0,,0,unhcr_population,2025-12-31,2026-08-19T14:21:59Z,2026-08-19
QAT,Qatar,2025,195,153,0,1200,0,0,0,,0,unhcr_population,2025-12-31,2026-08-19T14:21:59Z,2026-08-19
ROU,Romania,1977,1000,0,0,0,0,0,0,,0,unhcr_population,2025-12-31,2026-08-19T14:21:59Z,2026-08-19
ROU,Romania,1978,1000,0,0,0,0,0,0,,0,unhcr_population,2025-12-31,2026-08-19T14:21:59Z,2026-08-19
ROU,Romania,1979,1000,0,0,0,0,0,0,,0,unhcr_population,2025-12-31,2026-08-19T14:21:59Z,2026-08-19
ROU,Romania,1980,1000,0,0,0,0,0,0,,0,unhcr_population,2025-12-31,2026-08-19T14:21:59Z,2026-08-19
ROU,Romania,1981,1000,0,0,0,0,0,0,,0,unhcr_population,2025-12-31,2026-08-19T14:21:59Z,2026-08-19
ROU,Romania,1982,1000,0,0,0,0,0,0,,0,unhcr_population,2025-12-31,2026-08-19T14:21:59Z,2026-08-19
ROU,Romania,1983,1000,0,0,0,0,0,0,,0,unhcr_population,2025-12-31,2026-08-19T14:21:59Z,2026-08-19
ROU,Romania,1984,1000,0,0,0,0,0,0,,0,unhcr_population,2025-12-31,2026-08-19T14:21:59Z,2026-08-19
ROU,Romania,1991,651,0,0,0,0,0,0,,0,unhcr_population,2025-12-31,2026-08-19T14:21:59Z,2026-08-19
ROU,Romania,1992,520,0,0,0,0,310,0,,0,unhcr_population,2025-12-31,2026-08-19T14:21:59Z,2026-08-19
ROU,Romania,1993,1170,0,0,0,0,0,0,,0,unhcr_population,2025-12-31,2026-08-19T14:21:59Z,2026-08-19
ROU,Romania,1994,1170,0,0,0,0,0,0,,0,unhcr_population,2025-12-31,2026-08-19T14:21:59Z,2026-08-19
ROU,Romania,1995,192,0,0,0,0,0,0,,0,unhcr_population,2025-12-31,2026-08-19T14:21:59Z,2026-08-19
ROU,Romania,1996,261,0,0,0,0,0,0,,0,unhcr_population,2025-12-31,2026-08-19T14:21:59Z,2026-08-19
ROU,Romania,1997,631,0,0,0,0,0,0,,0,unhcr_population,2025-12-31,2026-08-19T14:21:59Z,2026-08-19
ROU,Romania,1998,983,0,0,0,0,0,0,,0,unhcr_population,2025-12-31,2026-08-19T14:21:59Z,2026-08-19
ROU,Romania,1999,1234,0,0,0,0,368,0,,0,unhcr_population,2025-12-31,2026-08-19T14:21:59Z,2026-08-19
ROU,Romania,2000,1677,0,0,0,0,0,0,,0,unhcr_population,2025-12-31,2026-08-19T14:21:59Z,2026-08-19
ROU,Romania,2001,1792,0,0,0,0,0,0,,0,unhcr_population,2025-12-31,2026-08-19T14:21:59Z,2026-08-19
ROU,Romania,2002,1839,34,0,0,0,0,0,,0,unhcr_population,2025-12-31,2026-08-19T14:21:59Z,2026-08-19
ROU,Romania,2003,1991,302,0,0,0,0,0,,0,unhcr_population,2025-12-31,2026-08-19T14:21:59Z,2026-08-19
ROU,Romania,2004,1610,188,0,400,0,0,0,,0,unhcr_population,2025-12-31,2026-08-19T14:21:59Z,2026-08-19
ROU,Romania,2005,2040,263,0,400,0,0,0,,0,unhcr_population,2025-12-31,2026-08-19T14:21:59Z,2026-08-19
ROU,Romania,2006,1636,165,0,223,0,0,0,,0,unhcr_population,2025-12-31,2026-08-19T14:21:59Z,2026-08-19
ROU,Romania,2007,1741,158,0,257,0,0,0,,0,unhcr_population,2025-12-31,2026-08-19T14:21:59Z,2026-08-19
ROU,Romania,2008,1586,287,0,253,0,0,0,,0,unhcr_population,2025-12-31,2026-08-19T14:21:59Z,2026-08-19
ROU,Romania,2009,1065,391,0,306,0,0,0,,0,unhcr_population,2025-12-31,2026-08-19T14:21:59Z,2026-08-19
ROU,Romania,2010,1019,372,0,321,0,0,0,,0,unhcr_population,2025-12-31,2026-08-19T14:21:59Z,2026-08-19
ROU,Romania,2011,1003,751,0,275,0,125,0,,0,unhcr_population,2025-12-31,2026-08-19T14:21:59Z,2026-08-19
ROU,Romania,2012,1263,21,0,248,0,75,0,,0,unhcr_population,2025-12-31,2026-08-19T14:21:59Z,2026-08-19
ROU,Romania,2013,1747,121,0,297,0,0,0,,0,unhcr_population,2025-12-31,2026-08-19T14:21:59Z,2026-08-19
ROU,Romania,2014,2171,325,0,299,0,33,0,,0,unhcr_population,2025-12-31,2026-08-19T14:21:59Z,2026-08-19
ROU,Romania,2015,2581,408,0,240,0,25,0,,0,unhcr_population,2025-12-31,2026-08-19T14:21:59Z,2026-08-19
ROU,Romania,2016,2880,72,0,249,0,0,0,,0,unhcr_population,2025-12-31,2026-08-19T14:21:59Z,2026-08-19
ROU,Romania,2017,3911,1514,0,238,0,0,0,,0,unhcr_population,2025-12-31,2026-08-19T14:21:59Z,2026-08-19
ROU,Romania,2018,4134,1476,0,227,0,0,0,,0,unhcr_population,2025-12-31,2026-08-19T14:21:59Z,2026-08-19
ROU,Romania,2019,3860,916,0,290,192,0,0,,0,unhcr_population,2025-12-31,2026-08-19T14:21:59Z,2026-08-19
ROU,Romania,2020,3581,2242,0,275,183,0,0,,0,unhcr_population,2025-12-31,2026-08-19T14:21:59Z,2026-08-19
ROU,Romania,2021,4200,1504,0,316,181,0,0,,0,unhcr_population,2025-12-31,2026-08-19T14:21:59Z,2026-08-19
ROU,Romania,2022,105621,1172,0,300,156,26000,0,,0,unhcr_population,2025-12-31,2026-08-19T14:21:59Z,2026-08-19
ROU,Romania,2023,87487,1068,0,287,159,28000,0,,0,unhcr_population,2025-12-31,2026-08-19T14:21:59Z,2026-08-19
ROU,Romania,2024,184529,462,0,297,180,28000,0,,0,unhcr_population,2025-12-31,2026-08-19T14:21:59Z,2026-08-19
ROU,Romania,2025,206671,316,0,257,0,4000,0,,0,unhcr_population,2025-12-31,2026-08-19T14:21:59Z,2026-08-19
RUS,Russian Federation,1993,0,0,0,0,0,120,0,,0,unhcr_population,2025-12-31,2026-08-19T14:21:59Z,2026-08-19
RUS,Russian Federation,1994,0,0,90800,0,0,101,0,,0,unhcr_population,2025-12-31,2026-08-19T14:21:59Z,2026-08-19
RUS,Russian Federation,1995,0,0,128000,0,0,122,0,,0,unhcr_population,2025-12-31,2026-08-19T14:21:59Z,2026-08-19
RUS,Russian Federation,1996,246689,0,161312,0,0,84,0,,0,unhcr_population,2025-12-31,2026-08-19T14:21:59Z,2026-08-19
RUS,Russian Federation,1997,237720,0,337000,0,957000,0,0,,0,unhcr_population,2025-12-31,2026-08-19T14:21:59Z,2026-08-19
RUS,Russian Federation,1998,128575,0,171871,0,827562,1495,0,,0,unhcr_population,2025-12-31,2026-08-19T14:21:59Z,2026-08-19
RUS,Russian Federation,1999,80061,0,498354,0,845341,274,29503,,0,unhcr_population,2025-12-31,2026-08-19T14:21:59Z,2026-08-19
RUS,Russian Federation,2000,26265,689,490650,0,753882,125,70000,,0,unhcr_population,2025-12-31,2026-08-19T14:21:59Z,2026-08-19
RUS,Russian Federation,2001,17970,737,443288,0,630193,60,47362,,0,unhcr_population,2025-12-31,2026-08-19T14:21:59Z,2026-08-19
RUS,Russian Federation,2002,14966,606,371195,0,525722,70,59404,,0,unhcr_population,2025-12-31,2026-08-19T14:21:59Z,2026-08-19
RUS,Russian Federation,2003,9897,275,368220,0,407482,279,19666,,0,unhcr_population,2025-12-31,2026-08-19T14:21:59Z,2026-08-19
RUS,Russian Federation,2004,1851,313,334796,10755,297761,274,19019,,0,unhcr_population,2025-12-31,2026-08-19T14:21:59Z,2026-08-19
RUS,Russian Federation,2005,1513,286,170544,71155,237676,230,1677,,0,unhcr_population,2025-12-31,2026-08-19T14:21:59Z,2026-08-19
RUS,Russian Federation,2006,1413,298,158905,53982,235799,59,2017,,0,unhcr_population,2025-12-31,2026-08-19T14:21:59Z,2026-08-19
RUS,Russian Federation,2007,1636,3074,189274,51296,2893,60,1141,,0,unhcr_population,2025-12-31,2026-08-19T14:21:59Z,2026-08-19
RUS,Russian Federation,2008,3470,1800,91505,50000,0,36,1096,,0,unhcr_population,2025-12-31,2026-08-19T14:21:59Z,2026-08-19
RUS,Russian Federation,2009,4877,1679,79950,50000,0,59,878,,0,unhcr_population,2025-12-31,2026-08-19T14:21:59Z,2026-08-19
RUS,Russian Federation,2010,4924,1432,75371,50000,0,38,758,,0,unhcr_population,2025-12-31,2026-08-19T14:21:59Z,2026-08-19
RUS,Russian Federation,2011,3913,943,28450,178000,10246,22,166,,0,unhcr_population,2025-12-31,2026-08-19T14:21:59Z,2026-08-19
RUS,Russian Federation,2012,3164,816,0,178000,9068,20,0,,0,unhcr_population,2025-12-31,2026-08-19T14:21:59Z,2026-08-19
RUS,Russian Federation,2013,3450,1242,0,178000,7259,19,0,,0,unhcr_population,2025-12-31,2026-08-19T14:21:59Z,2026-08-19
RUS,Russian Federation,2014,235732,3051,0,113474,2126,58,0,,0,unhcr_population,2025-12-31,2026-08-19T14:21:59Z,2026-08-19
RUS,Russian Federation,2015,314498,2047,0,101813,0,10,0,,0,unhcr_population,2025-12-31,2026-08-19T14:21:59Z,2026-08-19
RUS,Russian Federation,2016,228981,3025,0,90771,0,5,0,,0,unhcr_population,2025-12-31,2026-08-19T14:21:59Z,2026-08-19
RUS,Russian Federation,2017,126021,2168,0,82148,0,13,0,,0,unhcr_population,2025-12-31,2026-08-19T14:21:59Z,2026-08-19
RUS,Russian Federation,2018,77382,1361,0,75679,0,0,0,,0,unhcr_population,2025-12-31,2026-08-19T14:21:59Z,2026-08-19
RUS,Russian Federation,2019,42413,1445,0,68251,0,10,0,,0,unhcr_population,2025-12-31,2026-08-19T14:21:59Z,2026-08-19
RUS,Russian Federation,2020,20260,813,0,60185,0,6,0,,0,unhcr_population,2025-12-31,2026-08-19T14:21:59Z,2026-08-19
RUS,Russian Federation,2021,10901,524,0,54061,0,0,0,,0,unhcr_population,2025-12-31,2026-08-19T14:21:59Z,2026-08-19
RUS,Russian Federation,2022,1277672,1066,0,95195,0,0,0,,0,unhcr_population,2025-12-31,2026-08-19T14:21:59Z,2026-08-19
RUS,Russian Federation,2023,1230131,891,0,92209,0,21,0,,0,unhcr_population,2025-12-31,2026-08-19T14:21:59Z,2026-08-19
RUS,Russian Federation,2024,10077,1363,0,90185,0,16,0,,0,unhcr_population,2025-12-31,2026-08-19T14:21:59Z,2026-08-19
RUS,Russian Federation,2025,11811,976,0,87826,80000,0,0,,0,unhcr_population,2025-12-31,2026-08-19T14:21:59Z,2026-08-19
RWA,Rwanda,1965,3000,0,0,0,0,1000,0,,0,unhcr_population,2025-12-31,2026-08-19T14:21:59Z,2026-08-19
RWA,Rwanda,1966,250,0,0,0,0,0,0,,0,unhcr_population,2025-12-31,2026-08-19T14:21:59Z,2026-08-19
RWA,Rwanda,1972,4000,0,0,0,0,0,0,,0,unhcr_population,2025-12-31,2026-08-19T14:21:59Z,2026-08-19
RWA,Rwanda,1973,6500,0,0,0,0,0,0,,0,unhcr_population,2025-12-31,2026-08-19T14:21:59Z,2026-08-19
RWA,Rwanda,1974,6000,0,0,0,0,0,0,,0,unhcr_population,2025-12-31,2026-08-19T14:21:59Z,2026-08-19
RWA,Rwanda,1975,7400,0,0,0,0,0,0,,0,unhcr_population,2025-12-31,2026-08-19T14:21:59Z,2026-08-19
RWA,Rwanda,1976,7500,0,0,0,0,0,0,,0,unhcr_population,2025-12-31,2026-08-19T14:21:59Z,2026-08-19
RWA,Rwanda,1977,7500,0,0,0,0,0,0,,0,unhcr_population,2025-12-31,2026-08-19T14:21:59Z,2026-08-19
RWA,Rwanda,1978,7600,0,0,0,0,70,0,,0,unhcr_population,2025-12-31,2026-08-19T14:21:59Z,2026-08-19
RWA,Rwanda,1979,7900,0,0,0,0,400,0,,0,unhcr_population,2025-12-31,2026-08-19T14:21:59Z,2026-08-19
RWA,Rwanda,1980,10450,0,0,0,0,310,0,,0,unhcr_population,2025-12-31,2026-08-19T14:21:59Z,2026-08-19
RWA,Rwanda,1981,18150,0,0,0,0,50,0,,0,unhcr_population,2025-12-31,2026-08-19T14:21:59Z,2026-08-19
RWA,Rwanda,1982,62000,0,0,0,0,0,0,,0,unhcr_population,2025-12-31,2026-08-19T14:21:59Z,2026-08-19
RWA,Rwanda,1983,49500,0,0,0,0,3130,0,,0,unhcr_population,2025-12-31,2026-08-19T14:21:59Z,2026-08-19
RWA,Rwanda,1984,48940,0,0,0,0,242190,0,,0,unhcr_population,2025-12-31,2026-08-19T14:21:59Z,2026-08-19
RWA,Rwanda,1985,20110,0,0,0,0,28500,0,,0,unhcr_population,2025-12-31,2026-08-19T14:21:59Z,2026-08-19
RWA,Rwanda,1986,19400,0,0,0,0,0,0,,0,unhcr_population,2025-12-31,2026-08-19T14:21:59Z,2026-08-19
RWA,Rwanda,1987,19470,0,0,0,0,0,0,,0,unhcr_population,2025-12-31,2026-08-19T14:21:59Z,2026-08-19
RWA,Rwanda,1988,22202,0,0,0,0,53000,0,,0,unhcr_population,2025-12-31,2026-08-19T14:21:59Z,2026-08-19
RWA,Rwanda,1989,23290,0,0,0,0,80,0,,0,unhcr_population,2025-12-31,2026-08-19T14:21:59Z,2026-08-19
RWA,Rwanda,1990,23601,0,0,0,0,320,0,,0,unhcr_population,2025-12-31,2026-08-19T14:21:59Z,2026-08-19
RWA,Rwanda,1991,34004,0,0,0,0,590,0,,0,unhcr_population,2025-12-31,2026-08-19T14:21:59Z,2026-08-19
RWA,Rwanda,1992,25162,0,0,0,0,9680,0,,0,unhcr_population,2025-12-31,2026-08-19T14:21:59Z,2026-08-19
RWA,Rwanda,1993,277000,0,0,0,0,0,0,,0,unhcr_population,2025-12-31,2026-08-19T14:21:59Z,2026-08-19
RWA,Rwanda,1994,6000,0,300000,0,0,0,0,,0,unhcr_population,2025-12-31,2026-08-19T14:21:59Z,2026-08-19
RWA,Rwanda,1995,7792,0,0,0,0,1402,0,,0,unhcr_population,2025-12-31,2026-08-19T14:21:59Z,2026-08-19
RWA,Rwanda,1996,25257,0,0,0,0,0,0,,0,unhcr_population,2025-12-31,2026-08-19T14:21:59Z,2026-08-19
RWA,Rwanda,1997,34227,0,21877,0,0,5605,0,,0,unhcr_population,2025-12-31,2026-08-19T14:21:59Z,2026-08-19
RWA,Rwanda,1998,33398,0,625000,0,0,994,1100,,0,unhcr_population,2025-12-31,2026-08-19T14:21:59Z,2026-08-19
RWA,Rwanda,1999,34363,0,0,0,0,12095,625000,,0,unhcr_population,2025-12-31,2026-08-19T14:21:59Z,2026-08-19
RWA,Rwanda,2000,28398,1716,0,0,0,7094,0,,0,unhcr_population,2025-12-31,2026-08-19T14:21:59Z,2026-08-19
RWA,Rwanda,2001,34793,1715,0,0,0,26,0,,0,unhcr_population,2025-12-31,2026-08-19T14:21:59Z,2026-08-19
RWA,Rwanda,2002,30861,1574,0,0,0,9111,0,,0,unhcr_population,2025-12-31,2026-08-19T14:21:59Z,2026-08-19
RWA,Rwanda,2003,36608,3019,0,0,0,106,0,,0,unhcr_population,2025-12-31,2026-08-19T14:21:59Z,2026-08-19
RWA,Rwanda,2004,50221,3240,0,0,0,590,0,,0,unhcr_population,2025-12-31,2026-08-19T14:21:59Z,2026-08-19
RWA,Rwanda,2005,45202,4299,0,0,0,14849,0,,0,unhcr_population,2025-12-31,2026-08-19T14:21:59Z,2026-08-19
RWA,Rwanda,2006,49191,3945,0,0,0,615,0,,0,unhcr_population,2025-12-31,2026-08-19T14:21:59Z,2026-08-19
RWA,Rwanda,2007,53574,725,0,0,0,2045,0,,0,unhcr_population,2025-12-31,2026-08-19T14:21:59Z,2026-08-19
RWA,Rwanda,2008,55067,347,0,0,0,49,0,,0,unhcr_population,2025-12-31,2026-08-19T14:21:59Z,2026-08-19
RWA,Rwanda,2009,54016,278,0,0,0,2805,0,,0,unhcr_population,2025-12-31,2026-08-19T14:21:59Z,2026-08-19
RWA,Rwanda,2010,55398,284,0,0,0,0,0,,0,unhcr_population,2025-12-31,2026-08-19T14:21:59Z,2026-08-19
RWA,Rwanda,2011,55325,291,0,0,0,5,0,,0,unhcr_population,2025-12-31,2026-08-19T14:21:59Z,2026-08-19
RWA,Rwanda,2012,58217,1473,0,0,89,5,0,,0,unhcr_population,2025-12-31,2026-08-19T14:21:59Z,2026-08-19
RWA,Rwanda,2013,73352,210,0,0,123,0,0,,0,unhcr_population,2025-12-31,2026-08-19T14:21:59Z,2026-08-19
RWA,Rwanda,2014,73822,218,0,0,293,0,0,,0,unhcr_population,2025-12-31,2026-08-19T14:21:59Z,2026-08-19
RWA,Rwanda,2015,144739,406,0,0,965,11,0,,0,unhcr_population,2025-12-31,2026-08-19T14:21:59Z,2026-08-19
RWA,Rwanda,2016,156065,456,0,0,1444,192,0,,0,unhcr_population,2025-12-31,2026-08-19T14:21:59Z,2026-08-19
RWA,Rwanda,2017,170991,438,0,0,1844,0,0,,0,unhcr_population,2025-12-31,2026-08-19T14:21:59Z,2026-08-19
RWA,Rwanda,2018,145359,423,0,0,3734,0,0,,0,unhcr_population,2025-12-31,2026-08-19T14:21:59Z,2026-08-19
RWA,Rwanda,2019,145054,493,0,0,5323,0,0,,0,unhcr_population,2025-12-31,2026-08-19T14:21:59Z,2026-08-19
RWA,Rwanda,2020,139491,465,0,0,5475,7974,0,,8165,unhcr_population,2025-12-31,2026-08-19T14:21:59Z,2026-08-19
RWA,Rwanda,2021,121896,393,0,9500,5520,22980,0,,8165,unhcr_population,2025-12-31,2026-08-19T14:21:59Z,2026-08-19
RWA,Rwanda,2022,120753,478,0,9500,6515,932,0,,11972,unhcr_population,2025-12-31,2026-08-19T14:21:59Z,2026-08-19
RWA,Rwanda,2023,115643,12660,0,9500,7060,325,0,,12139,unhcr_population,2025-12-31,2026-08-19T14:21:59Z,2026-08-19
RWA,Rwanda,2024,114368,14193,0,14500,7105,125,0,,12134,unhcr_population,2025-12-31,2026-08-19T14:21:59Z,2026-08-19
RWA,Rwanda,2025,115794,15251,0,14500,7278,184,0,,12197,unhcr_population,2025-12-31,2026-08-19T14:21:59Z,2026-08-19
SAU,Saudi Arabia,1974,100,0,0,0,0,0,0,,0,unhcr_population,2025-12-31,2026-08-19T14:21:59Z,2026-08-19
SAU,Saudi Arabia,1979,100000,0,0,0,0,0,0,,0,unhcr_population,2025-12-31,2026-08-19T14:21:59Z,2026-08-19
SAU,Saudi Arabia,1980,100000,0,0,0,0,0,0,,0,unhcr_population,2025-12-31,2026-08-19T14:21:59Z,2026-08-19
SAU,Saudi Arabia,1981,65000,0,0,0,0,0,0,,0,unhcr_population,2025-12-31,2026-08-19T14:21:59Z,2026-08-19
SAU,Saudi Arabia,1982,59000,0,0,0,0,0,0,,0,unhcr_population,2025-12-31,2026-08-19T14:21:59Z,2026-08-19
SAU,Saudi Arabia,1983,59000,0,0,0,0,0,0,,0,unhcr_population,2025-12-31,2026-08-19T14:21:59Z,2026-08-19
SAU,Saudi Arabia,1984,105500,0,0,0,0,30000,0,,0,unhcr_population,2025-12-31,2026-08-19T14:21:59Z,2026-08-19
SAU,Saudi Arabia,1985,130000,0,0,0,0,0,0,,0,unhcr_population,2025-12-31,2026-08-19T14:21:59Z,2026-08-19
SAU,Saudi Arabia,1986,202100,0,0,0,0,0,0,,0,unhcr_population,2025-12-31,2026-08-19T14:21:59Z,2026-08-19
SAU,Saudi Arabia,1991,33261,0,0,0,0,2700,0,,0,unhcr_population,2025-12-31,2026-08-19T14:21:59Z,2026-08-19
SAU,Saudi Arabia,1992,28660,0,0,0,0,520,0,,0,unhcr_population,2025-12-31,2026-08-19T14:21:59Z,2026-08-19
SAU,Saudi Arabia,1993,24025,0,0,0,0,0,0,,0,unhcr_population,2025-12-31,2026-08-19T14:21:59Z,2026-08-19
SAU,Saudi Arabia,1994,17965,0,0,0,0,0,0,,0,unhcr_population,2025-12-31,2026-08-19T14:21:59Z,2026-08-19
SAU,Saudi Arabia,1995,13169,0,0,0,0,520,0,,0,unhcr_population,2025-12-31,2026-08-19T14:21:59Z,2026-08-19
SAU,Saudi Arabia,1996,9852,0,0,0,0,40,0,,0,unhcr_population,2025-12-31,2026-08-19T14:21:59Z,2026-08-19
SAU,Saudi Arabia,1997,5833,0,0,0,0,0,0,,0,unhcr_population,2025-12-31,2026-08-19T14:21:59Z,2026-08-19
SAU,Saudi Arabia,1998,5531,0,0,0,0,94,0,,0,unhcr_population,2025-12-31,2026-08-19T14:21:59Z,2026-08-19
SAU,Saudi Arabia,1999,5560,0,0,0,0,102,0,,0,unhcr_population,2025-12-31,2026-08-19T14:21:59Z,2026-08-19
SAU,Saudi Arabia,2000,5308,173,0,0,0,68,0,,0,unhcr_population,2025-12-31,2026-08-19T14:21:59Z,2026-08-19
SAU,Saudi Arabia,2001,245266,235,0,0,0,240,0,,0,unhcr_population,2025-12-31,2026-08-19T14:21:59Z,2026-08-19
SAU,Saudi Arabia,2002,245290,125,0,0,0,108,0,,0,unhcr_population,2025-12-31,2026-08-19T14:21:59Z,2026-08-19
SAU,Saudi Arabia,2003,240831,94,0,0,0,4529,0,,0,unhcr_population,2025-12-31,2026-08-19T14:21:59Z,2026-08-19
SAU,Saudi Arabia,2004,240551,172,0,0,0,493,0,,0,unhcr_population,2025-12-31,2026-08-19T14:21:59Z,2026-08-19
SAU,Saudi Arabia,2005,240701,212,0,70000,0,84,0,,0,unhcr_population,2025-12-31,2026-08-19T14:21:59Z,2026-08-19
SAU,Saudi Arabia,2006,240772,269,0,70000,0,119,0,,0,unhcr_population,2025-12-31,2026-08-19T14:21:59Z,2026-08-19
SAU,Saudi Arabia,2007,240742,284,0,70000,0,16,0,,0,unhcr_population,2025-12-31,2026-08-19T14:21:59Z,2026-08-19
SAU,Saudi Arabia,2008,240570,189,0,70000,0,131,0,,0,unhcr_population,2025-12-31,2026-08-19T14:21:59Z,2026-08-19
SAU,Saudi Arabia,2009,573,101,0,70000,0,0,0,,0,unhcr_population,2025-12-31,2026-08-19T14:21:59Z,2026-08-19
SAU,Saudi Arabia,2010,578,85,0,70000,0,0,0,,0,unhcr_population,2025-12-31,2026-08-19T14:21:59Z,2026-08-19
SAU,Saudi Arabia,2011,595,80,0,70000,0,175,0,,0,unhcr_population,2025-12-31,2026-08-19T14:21:59Z,2026-08-19
SAU,Saudi Arabia,2012,575,98,0,70000,0,350,0,,0,unhcr_population,2025-12-31,2026-08-19T14:21:59Z,2026-08-19
SAU,Saudi Arabia,2013,557,98,0,70000,0,0,0,,0,unhcr_population,2025-12-31,2026-08-19T14:21:59Z,2026-08-19
SAU,Saudi Arabia,2014,559,99,0,70000,0,56,0,,0,unhcr_population,2025-12-31,2026-08-19T14:21:59Z,2026-08-19
SAU,Saudi Arabia,2015,122,33,0,70000,0,64,0,,0,unhcr_population,2025-12-31,2026-08-19T14:21:59Z,2026-08-19
SAU,Saudi Arabia,2016,136,51,0,70000,0,0,0,,0,unhcr_population,2025-12-31,2026-08-19T14:21:59Z,2026-08-19
SAU,Saudi Arabia,2017,153,82,0,70000,0,5,0,,0,unhcr_population,2025-12-31,2026-08-19T14:21:59Z,2026-08-19
SAU,Saudi Arabia,2018,263,2167,0,70000,0,0,0,,0,unhcr_population,2025-12-31,2026-08-19T14:21:59Z,2026-08-19
SAU,Saudi Arabia,2019,315,2327,0,70000,0,0,0,,0,unhcr_population,2025-12-31,2026-08-19T14:21:59Z,2026-08-19
SAU,Saudi Arabia,2020,330,9434,0,70000,0,0,0,,0,unhcr_population,2025-12-31,2026-08-19T14:21:59Z,2026-08-19
SAU,Saudi Arabia,2021,333,12449,0,70000,0,0,0,,0,unhcr_population,2025-12-31,2026-08-19T14:21:59Z,2026-08-19
SAU,Saudi Arabia,2022,454,3941,0,70000,0,0,0,,0,unhcr_population,2025-12-31,2026-08-19T14:21:59Z,2026-08-19
SAU,Saudi Arabia,2023,477,3945,0,70000,0,0,0,,0,unhcr_population,2025-12-31,2026-08-19T14:21:59Z,2026-08-19
SAU,Saudi Arabia,2024,448,3907,0,70000,0,0,0,,0,unhcr_population,2025-12-31,2026-08-19T14:21:59Z,2026-08-19
SAU,Saudi Arabia,2025,448,3907,0,70000,0,0,0,,0,unhcr_population,2025-12-31,2026-08-19T14:21:59Z,2026-08-19
SDN,Sudan,1967,33000,0,0,0,0,0,0,,0,unhcr_population,2025-12-31,2026-08-19T14:21:59Z,2026-08-19
SDN,Sudan,1968,38300,0,0,0,0,0,0,,0,unhcr_population,2025-12-31,2026-08-19T14:21:59Z,2026-08-19
SDN,Sudan,1969,37350,0,0,0,0,950,0,,0,unhcr_population,2025-12-31,2026-08-19T14:21:59Z,2026-08-19
SDN,Sudan,1970,60840,0,0,0,0,360,0,,0,unhcr_population,2025-12-31,2026-08-19T14:21:59Z,2026-08-19
SDN,Sudan,1971,60000,0,0,0,0,1140,0,,0,unhcr_population,2025-12-31,2026-08-19T14:21:59Z,2026-08-19
SDN,Sudan,1972,49020,0,0,0,0,8590,0,,0,unhcr_population,2025-12-31,2026-08-19T14:21:59Z,2026-08-19
SDN,Sudan,1973,50900,0,0,0,0,0,0,,0,unhcr_population,2025-12-31,2026-08-19T14:21:59Z,2026-08-19
SDN,Sudan,1974,53700,0,0,0,0,0,0,,0,unhcr_population,2025-12-31,2026-08-19T14:21:59Z,2026-08-19
SDN,Sudan,1975,95500,0,0,0,0,0,0,,0,unhcr_population,2025-12-31,2026-08-19T14:21:59Z,2026-08-19
SDN,Sudan,1976,110100,0,0,0,0,0,0,,0,unhcr_population,2025-12-31,2026-08-19T14:21:59Z,2026-08-19
SDN,Sudan,1977,150000,0,0,0,0,1100,0,,0,unhcr_population,2025-12-31,2026-08-19T14:21:59Z,2026-08-19
SDN,Sudan,1978,270000,0,0,0,0,90,0,,0,unhcr_population,2025-12-31,2026-08-19T14:21:59Z,2026-08-19
SDN,Sudan,1979,351700,0,0,0,0,21000,0,,0,unhcr_population,2025-12-31,2026-08-19T14:21:59Z,2026-08-19
SDN,Sudan,1980,493000,0,0,0,0,1000,0,,0,unhcr_population,2025-12-31,2026-08-19T14:21:59Z,2026-08-19
SDN,Sudan,1981,553000,0,0,0,0,8160,0,,0,unhcr_population,2025-12-31,2026-08-19T14:21:59Z,2026-08-19
SDN,Sudan,1982,637000,0,0,0,0,36000,0,,0,unhcr_population,2025-12-31,2026-08-19T14:21:59Z,2026-08-19
SDN,Sudan,1983,690000,0,0,0,0,0,0,,0,unhcr_population,2025-12-31,2026-08-19T14:21:59Z,2026-08-19
SDN,Sudan,1984,971000,0,0,0,0,36910,0,,0,unhcr_population,2025-12-31,2026-08-19T14:21:59Z,2026-08-19
SDN,Sudan,1985,1164000,0,0,0,0,187170,0,,0,unhcr_population,2025-12-31,2026-08-19T14:21:59Z,2026-08-19
SDN,Sudan,1986,974200,0,0,0,0,189800,0,,0,unhcr_population,2025-12-31,2026-08-19T14:21:59Z,2026-08-19
SDN,Sudan,1987,807070,0,0,0,0,95390,0,,0,unhcr_population,2025-12-31,2026-08-19T14:21:59Z,2026-08-19
SDN,Sudan,1988,745000,0,0,0,0,83500,0,,0,unhcr_population,2025-12-31,2026-08-19T14:21:59Z,2026-08-19
SDN,Sudan,1989,767729,0,0,0,0,20390,0,,0,unhcr_population,2025-12-31,2026-08-19T14:21:59Z,2026-08-19
SDN,Sudan,1990,1031050,0,0,0,0,0,0,,0,unhcr_population,2025-12-31,2026-08-19T14:21:59Z,2026-08-19
SDN,Sudan,1991,729200,0,0,0,0,99250,0,,0,unhcr_population,2025-12-31,2026-08-19T14:21:59Z,2026-08-19
SDN,Sudan,1992,725900,0,0,0,0,78200,0,,0,unhcr_population,2025-12-31,2026-08-19T14:21:59Z,2026-08-19
SDN,Sudan,1993,745200,0,0,0,0,19300,0,,0,unhcr_population,2025-12-31,2026-08-19T14:21:59Z,2026-08-19
SDN,Sudan,1994,727174,0,0,0,0,22526,0,,0,unhcr_population,2025-12-31,2026-08-19T14:21:59Z,2026-08-19
SDN,Sudan,1995,674071,0,0,0,0,28569,0,,0,unhcr_population,2025-12-31,2026-08-19T14:21:59Z,2026-08-19
SDN,Sudan,1996,393874,0,0,0,0,23392,0,,0,unhcr_population,2025-12-31,2026-08-19T14:21:59Z,2026-08-19
SDN,Sudan,1997,374414,0,0,0,0,8069,0,,0,unhcr_population,2025-12-31,2026-08-19T14:21:59Z,2026-08-19
SDN,Sudan,1998,391496,0,0,0,0,13591,0,,0,unhcr_population,2025-12-31,2026-08-19T14:21:59Z,2026-08-19
SDN,Sudan,1999,390995,0,0,0,0,1584,0,,0,unhcr_population,2025-12-31,2026-08-19T14:21:59Z,2026-08-19
SDN,Sudan,2000,414928,3203,0,0,0,52918,0,,0,unhcr_population,2025-12-31,2026-08-19T14:21:59Z,2026-08-19
SDN,Sudan,2001,349209,5,0,0,0,42147,0,,0,unhcr_population,2025-12-31,2026-08-19T14:21:59Z,2026-08-19
SDN,Sudan,2002,328177,23449,0,0,0,19388,0,,0,unhcr_population,2025-12-31,2026-08-19T14:21:59Z,2026-08-19
SDN,Sudan,2003,138162,477,0,0,22024,9747,0,,0,unhcr_population,2025-12-31,2026-08-19T14:21:59Z,2026-08-19
SDN,Sudan,2004,141587,4265,662302,0,37416,9979,0,,0,unhcr_population,2025-12-31,2026-08-19T14:21:59Z,2026-08-19
SDN,Sudan,2005,147255,4420,841946,0,36110,11,0,,0,unhcr_population,2025-12-31,2026-08-19T14:21:59Z,2026-08-19
SDN,Sudan,2006,196200,4456,1325235,0,42114,853,11955,,0,unhcr_population,2025-12-31,2026-08-19T14:21:59Z,2026-08-19
SDN,Sudan,2007,222720,7322,1250000,0,0,5,84834,,0,unhcr_population,2025-12-31,2026-08-19T14:21:59Z,2026-08-19
SDN,Sudan,2008,181605,5862,1201040,0,0,105,21081,,0,unhcr_population,2025-12-31,2026-08-19T14:21:59Z,2026-08-19
SDN,Sudan,2009,186292,5936,1034140,0,0,891,166900,,0,unhcr_population,2025-12-31,2026-08-19T14:21:59Z,2026-08-19
SDN,Sudan,2010,178305,6038,1624100,0,0,66,143000,,0,unhcr_population,2025-12-31,2026-08-19T14:21:59Z,2026-08-19
SDN,Sudan,2011,139407,6896,2422520,0,0,0,279325,,0,unhcr_population,2025-12-31,2026-08-19T14:21:59Z,2026-08-19
SDN,Sudan,2012,152188,7665,1873300,0,3381,2548,91554,,0,unhcr_population,2025-12-31,2026-08-19T14:21:59Z,2026-08-19
SDN,Sudan,2013,159848,10792,1873300,0,3259,4600,19471,,0,unhcr_population,2025-12-31,2026-08-19T14:21:59Z,2026-08-19
SDN,Sudan,2014,277818,10194,2192830,0,3070,53,1695,,0,unhcr_population,2025-12-31,2026-08-19T14:21:59Z,2026-08-19
SDN,Sudan,2015,309632,12582,3218234,0,3355,6,152663,,0,unhcr_population,2025-12-31,2026-08-19T14:21:59Z,2026-08-19
SDN,Sudan,2016,421459,16056,2225557,0,3758,0,0,,0,unhcr_population,2025-12-31,2026-08-19T14:21:59Z,2026-08-19
SDN,Sudan,2017,906590,18212,1997022,0,3873,942,386243,,0,unhcr_population,2025-12-31,2026-08-19T14:21:59Z,2026-08-19
SDN,Sudan,2018,1078280,17619,1864195,0,3725,10083,0,,0,unhcr_population,2025-12-31,2026-08-19T14:21:59Z,2026-08-19
SDN,Sudan,2019,1055489,15541,1885782,0,3691,65575,0,,0,unhcr_population,2025-12-31,2026-08-19T14:21:59Z,2026-08-19
SDN,Sudan,2020,1040288,16023,2552174,0,3698,22500,0,,0,unhcr_population,2025-12-31,2026-08-19T14:21:59Z,2026-08-19
SDN,Sudan,2021,1103918,26619,3036590,0,3860,44496,0,,0,unhcr_population,2025-12-31,2026-08-19T14:21:59Z,2026-08-19
SDN,Sudan,2022,1097128,31830,3552717,0,3681,49067,0,,0,unhcr_population,2025-12-31,2026-08-19T14:21:59Z,2026-08-19
SDN,Sudan,2023,922474,39510,9052822,0,3636,397061,0,,21661,unhcr_population,2025-12-31,2026-08-19T14:21:59Z,2026-08-19
SDN,Sudan,2024,793395,44593,11559970,0,3563,306567,0,,32823,unhcr_population,2025-12-31,2026-08-19T14:21:59Z,2026-08-19
SDN,Sudan,2025,809816,50147,9139309,0,3140,157645,2913113,,91287,unhcr_population,2025-12-31,2026-08-19T14:21:59Z,2026-08-19
SEN,Senegal,1963,6000,0,0,0,0,0,0,,0,unhcr_population,2025-12-31,2026-08-19T14:21:59Z,2026-08-19
SEN,Senegal,1964,30000,0,0,0,0,0,0,,0,unhcr_population,2025-12-31,2026-08-19T14:21:59Z,2026-08-19
SEN,Senegal,1965,50000,0,0,0,0,0,0,,0,unhcr_population,2025-12-31,2026-08-19T14:21:59Z,2026-08-19
SEN,Senegal,1966,61400,0,0,0,0,0,0,,0,unhcr_population,2025-12-31,2026-08-19T14:21:59Z,2026-08-19
SEN,Senegal,1967,59870,0,0,0,0,2100,0,,0,unhcr_population,2025-12-31,2026-08-19T14:21:59Z,2026-08-19
SEN,Senegal,1968,57210,0,0,0,0,4680,0,,0,unhcr_population,2025-12-31,2026-08-19T14:21:59Z,2026-08-19
SEN,Senegal,1969,68400,0,0,0,0,0,0,,0,unhcr_population,2025-12-31,2026-08-19T14:21:59Z,2026-08-19
SEN,Senegal,1970,67060,0,0,0,0,1340,0,,0,unhcr_population,2025-12-31,2026-08-19T14:21:59Z,2026-08-19
SEN,Senegal,1971,80000,0,0,0,0,0,0,,0,unhcr_population,2025-12-31,2026-08-19T14:21:59Z,2026-08-19
SEN,Senegal,1972,82000,0,0,0,0,50,0,,0,unhcr_population,2025-12-31,2026-08-19T14:21:59Z,2026-08-19
SEN,Senegal,1973,84000,0,0,0,0,0,0,,0,unhcr_population,2025-12-31,2026-08-19T14:21:59Z,2026-08-19
SEN,Senegal,1974,90000,0,0,0,0,0,0,,0,unhcr_population,2025-12-31,2026-08-19T14:21:59Z,2026-08-19
SEN,Senegal,1975,46000,0,0,0,0,40000,0,,0,unhcr_population,2025-12-31,2026-08-19T14:21:59Z,2026-08-19
SEN,Senegal,1976,38000,0,0,0,0,9000,0,,0,unhcr_population,2025-12-31,2026-08-19T14:21:59Z,2026-08-19
SEN,Senegal,1977,5000,0,0,0,0,0,0,,0,unhcr_population,2025-12-31,2026-08-19T14:21:59Z,2026-08-19
SEN,Senegal,1978,5000,0,0,0,0,0,0,,0,unhcr_population,2025-12-31,2026-08-19T14:21:59Z,2026-08-19
SEN,Senegal,1979,5000,0,0,0,0,0,0,,0,unhcr_population,2025-12-31,2026-08-19T14:21:59Z,2026-08-19
SEN,Senegal,1980,5000,0,0,0,0,0,0,,0,unhcr_population,2025-12-31,2026-08-19T14:21:59Z,2026-08-19
SEN,Senegal,1981,4000,0,0,0,0,0,0,,0,unhcr_population,2025-12-31,2026-08-19T14:21:59Z,2026-08-19
SEN,Senegal,1982,5250,0,0,0,0,0,0,,0,unhcr_population,2025-12-31,2026-08-19T14:21:59Z,2026-08-19
SEN,Senegal,1983,5140,0,0,0,0,0,0,,0,unhcr_population,2025-12-31,2026-08-19T14:21:59Z,2026-08-19
SEN,Senegal,1984,5200,0,0,0,0,0,0,,0,unhcr_population,2025-12-31,2026-08-19T14:21:59Z,2026-08-19
SEN,Senegal,1985,5500,0,0,0,0,0,0,,0,unhcr_population,2025-12-31,2026-08-19T14:21:59Z,2026-08-19
SEN,Senegal,1986,5510,0,0,0,0,0,0,,0,unhcr_population,2025-12-31,2026-08-19T14:21:59Z,2026-08-19
SEN,Senegal,1987,5180,0,0,0,0,0,0,,0,unhcr_population,2025-12-31,2026-08-19T14:21:59Z,2026-08-19
SEN,Senegal,1988,5203,0,0,0,0,0,0,,0,unhcr_population,2025-12-31,2026-08-19T14:21:59Z,2026-08-19
SEN,Senegal,1989,53345,0,0,0,0,0,0,,0,unhcr_population,2025-12-31,2026-08-19T14:21:59Z,2026-08-19
SEN,Senegal,1990,58113,0,0,0,0,50,0,,0,unhcr_population,2025-12-31,2026-08-19T14:21:59Z,2026-08-19
SEN,Senegal,1991,71908,0,0,0,0,1400,0,,0,unhcr_population,2025-12-31,2026-08-19T14:21:59Z,2026-08-19
SEN,Senegal,1992,71620,0,0,0,0,490,0,,0,unhcr_population,2025-12-31,2026-08-19T14:21:59Z,2026-08-19
SEN,Senegal,1993,73001,0,0,0,0,1008,0,,0,unhcr_population,2025-12-31,2026-08-19T14:21:59Z,2026-08-19
SEN,Senegal,1994,72994,0,0,0,0,31,0,,0,unhcr_population,2025-12-31,2026-08-19T14:21:59Z,2026-08-19
SEN,Senegal,1995,66762,0,0,0,0,2058,0,,0,unhcr_population,2025-12-31,2026-08-19T14:21:59Z,2026-08-19
SEN,Senegal,1996,65042,0,0,0,0,1812,0,,0,unhcr_population,2025-12-31,2026-08-19T14:21:59Z,2026-08-19
SEN,Senegal,1997,57220,0,0,0,0,5032,0,,0,unhcr_population,2025-12-31,2026-08-19T14:21:59Z,2026-08-19
SEN,Senegal,1998,60822,0,0,0,0,6000,0,,0,unhcr_population,2025-12-31,2026-08-19T14:21:59Z,2026-08-19
SEN,Senegal,1999,21537,0,0,0,0,4183,0,,0,unhcr_population,2025-12-31,2026-08-19T14:21:59Z,2026-08-19
SEN,Senegal,2000,20762,1948,0,0,0,354,0,,0,unhcr_population,2025-12-31,2026-08-19T14:21:59Z,2026-08-19
SEN,Senegal,2001,20703,2639,0,0,0,0,0,,0,unhcr_population,2025-12-31,2026-08-19T14:21:59Z,2026-08-19
SEN,Senegal,2002,20706,1924,0,0,0,10,0,,0,unhcr_population,2025-12-31,2026-08-19T14:21:59Z,2026-08-19
SEN,Senegal,2003,20722,2260,0,0,0,15,0,,0,unhcr_population,2025-12-31,2026-08-19T14:21:59Z,2026-08-19
SEN,Senegal,2004,20802,2407,0,0,0,24,0,,0,unhcr_population,2025-12-31,2026-08-19T14:21:59Z,2026-08-19
SEN,Senegal,2005,20706,2628,0,0,0,10,0,,0,unhcr_population,2025-12-31,2026-08-19T14:21:59Z,2026-08-19
SEN,Senegal,2006,20587,2633,0,0,0,19,0,,0,unhcr_population,2025-12-31,2026-08-19T14:21:59Z,2026-08-19
SEN,Senegal,2007,20417,2539,0,0,0,76,0,,0,unhcr_population,2025-12-31,2026-08-19T14:21:59Z,2026-08-19
SEN,Senegal,2008,33189,2692,0,0,0,7050,0,,0,unhcr_population,2025-12-31,2026-08-19T14:21:59Z,2026-08-19
SEN,Senegal,2009,22143,2792,0,0,0,12017,0,,0,unhcr_population,2025-12-31,2026-08-19T14:21:59Z,2026-08-19
SEN,Senegal,2010,20670,2174,0,0,0,1406,0,,0,unhcr_population,2025-12-31,2026-08-19T14:21:59Z,2026-08-19
SEN,Senegal,2011,20640,2261,0,0,0,1367,0,,0,unhcr_population,2025-12-31,2026-08-19T14:21:59Z,2026-08-19
SEN,Senegal,2012,14229,2333,0,0,0,6223,0,,0,unhcr_population,2025-12-31,2026-08-19T14:21:59Z,2026-08-19
SEN,Senegal,2013,14241,2474,0,0,0,0,0,,0,unhcr_population,2025-12-31,2026-08-19T14:21:59Z,2026-08-19
SEN,Senegal,2014,14267,2911,0,0,0,0,0,,0,unhcr_population,2025-12-31,2026-08-19T14:21:59Z,2026-08-19
SEN,Senegal,2015,14383,3116,0,0,0,0,0,,0,unhcr_population,2025-12-31,2026-08-19T14:21:59Z,2026-08-19
SEN,Senegal,2016,14575,3213,0,0,0,0,0,,0,unhcr_population,2025-12-31,2026-08-19T14:21:59Z,2026-08-19
SEN,Senegal,2017,14646,3368,0,0,0,128,0,,0,unhcr_population,2025-12-31,2026-08-19T14:21:59Z,2026-08-19
SEN,Senegal,2018,14359,1699,0,0,0,9,0,,0,unhcr_population,2025-12-31,2026-08-19T14:21:59Z,2026-08-19
SEN,Senegal,2019,14467,1791,0,0,0,19,0,,0,unhcr_population,2025-12-31,2026-08-19T14:21:59Z,2026-08-19
SEN,Senegal,2020,14361,1913,0,0,0,5,0,,0,unhcr_population,2025-12-31,2026-08-19T14:21:59Z,2026-08-19
SEN,Senegal,2021,14479,2045,0,0,0,5,0,,0,unhcr_population,2025-12-31,2026-08-19T14:21:59Z,2026-08-19
SEN,Senegal,2022,11802,260,0,0,0,20,0,,0,unhcr_population,2025-12-31,2026-08-19T14:21:59Z,2026-08-19
SEN,Senegal,2023,11856,770,0,0,0,0,0,,0,unhcr_population,2025-12-31,2026-08-19T14:21:59Z,2026-08-19
SEN,Senegal,2024,11836,1228,0,0,0,0,0,,0,unhcr_population,2025-12-31,2026-08-19T14:21:59Z,2026-08-19
SEN,Senegal,2025,17259,1538,0,0,255,5,0,,0,unhcr_population,2025-12-31,2026-08-19T14:21:59Z,2026-08-19
SGP,Singapore,1978,730,0,0,0,0,0,0,,0,unhcr_population,2025-12-31,2026-08-19T14:21:59Z,2026-08-19
SGP,Singapore,1979,900,0,0,0,0,0,0,,0,unhcr_population,2025-12-31,2026-08-19T14:21:59Z,2026-08-19
SGP,Singapore,1981,0,0,0,0,0,6140,0,,0,unhcr_population,2025-12-31,2026-08-19T14:21:59Z,2026-08-19
SGP,Singapore,1982,480,0,0,0,0,0,0,,0,unhcr_population,2025-12-31,2026-08-19T14:21:59Z,2026-08-19
SGP,Singapore,1983,290,0,0,0,0,0,0,,0,unhcr_population,2025-12-31,2026-08-19T14:21:59Z,2026-08-19
SGP,Singapore,1986,60,0,0,0,0,50,0,,0,unhcr_population,2025-12-31,2026-08-19T14:21:59Z,2026-08-19
SGP,Singapore,1987,320,0,0,0,0,160,0,,0,unhcr_population,2025-12-31,2026-08-19T14:21:59Z,2026-08-19
SGP,Singapore,1988,320,0,0,0,0,0,0,,0,unhcr_population,2025-12-31,2026-08-19T14:21:59Z,2026-08-19
SGP,Singapore,1989,480,0,0,0,0,0,0,,0,unhcr_population,2025-12-31,2026-08-19T14:21:59Z,2026-08-19
SGP,Singapore,1990,146,0,0,0,0,5,0,,0,unhcr_population,2025-12-31,2026-08-19T14:21:59Z,2026-08-19
SGP,Singapore,1991,166,0,0,0,0,0,0,,0,unhcr_population,2025-12-31,2026-08-19T14:21:59Z,2026-08-19
SGP,Singapore,1992,115,0,0,0,0,0,0,,0,unhcr_population,2025-12-31,2026-08-19T14:21:59Z,2026-08-19
SGP,Singapore,1993,5,0,0,0,0,18,0,,0,unhcr_population,2025-12-31,2026-08-19T14:21:59Z,2026-08-19
SGP,Singapore,1994,10,0,0,0,0,0,0,,0,unhcr_population,2025-12-31,2026-08-19T14:21:59Z,2026-08-19
SGP,Singapore,1995,109,0,0,0,0,0,0,,0,unhcr_population,2025-12-31,2026-08-19T14:21:59Z,2026-08-19
SGP,Singapore,1996,10,0,0,0,0,99,0,,0,unhcr_population,2025-12-31,2026-08-19T14:21:59Z,2026-08-19
SGP,Singapore,1997,5,0,0,0,0,0,0,,0,unhcr_population,2025-12-31,2026-08-19T14:21:59Z,2026-08-19
SGP,Singapore,1998,5,0,0,0,0,0,0,,0,unhcr_population,2025-12-31,2026-08-19T14:21:59Z,2026-08-19
SGP,Singapore,1999,0,0,0,0,0,5,0,,0,unhcr_population,2025-12-31,2026-08-19T14:21:59Z,2026-08-19
SGP,Singapore,2006,0,10,0,0,0,0,0,,0,unhcr_population,2025-12-31,2026-08-19T14:21:59Z,2026-08-19
SGP,Singapore,2007,7,21,0,0,0,0,0,,0,unhcr_population,2025-12-31,2026-08-19T14:21:59Z,2026-08-19
SGP,Singapore,2008,7,0,0,0,0,0,0,,0,unhcr_population,2025-12-31,2026-08-19T14:21:59Z,2026-08-19
SGP,Singapore,2009,5,0,0,0,0,0,0,,0,unhcr_population,2025-12-31,2026-08-19T14:21:59Z,2026-08-19
SGP,Singapore,2010,5,0,0,0,0,0,0,,0,unhcr_population,2025-12-31,2026-08-19T14:21:59Z,2026-08-19
SGP,Singapore,2014,5,0,0,0,0,0,0,,0,unhcr_population,2025-12-31,2026-08-19T14:21:59Z,2026-08-19
SGP,Singapore,2018,0,0,0,1303,0,0,0,,0,unhcr_population,2025-12-31,2026-08-19T14:21:59Z,2026-08-19
SGP,Singapore,2019,0,0,0,1303,0,0,0,,0,unhcr_population,2025-12-31,2026-08-19T14:21:59Z,2026-08-19
SGP,Singapore,2020,0,0,0,1109,0,0,0,,0,unhcr_population,2025-12-31,2026-08-19T14:21:59Z,2026-08-19
SGP,Singapore,2021,0,0,0,1109,0,0,0,,0,unhcr_population,2025-12-31,2026-08-19T14:21:59Z,2026-08-19
SGP,Singapore,2022,0,0,0,1109,0,0,0,,0,unhcr_population,2025-12-31,2026-08-19T14:21:59Z,2026-08-19
SGP,Singapore,2023,0,0,0,1109,0,0,0,,0,unhcr_population,2025-12-31,2026-08-19T14:21:59Z,2026-08-19
SGP,Singapore,2024,0,0,0,1109,0,0,0,,0,unhcr_population,2025-12-31,2026-08-19T14:21:59Z,2026-08-19
SGP,Singapore,2025,0,0,0,1109,0,0,0,,0,unhcr_population,2025-12-31,2026-08-19T14:21:59Z,2026-08-19
SLB,Solomon Islands,1995,2000,0,0,0,0,0,0,,0,unhcr_population,2025-12-31,2026-08-19T14:21:59Z,2026-08-19
SLB,Solomon Islands,1996,2000,0,0,0,0,0,0,,0,unhcr_population,2025-12-31,2026-08-19T14:21:59Z,2026-08-19
SLB,Solomon Islands,1997,800,0,0,0,0,0,0,,0,unhcr_population,2025-12-31,2026-08-19T14:21:59Z,2026-08-19
SLB,Solomon Islands,1998,210,0,0,0,0,0,0,,0,unhcr_population,2025-12-31,2026-08-19T14:21:59Z,2026-08-19
SLB,Solomon Islands,2012,0,5,0,0,0,0,0,,0,unhcr_population,2025-12-31,2026-08-19T14:21:59Z,2026-08-19
SLB,Solomon Islands,2013,0,5,0,0,0,0,0,,0,unhcr_population,2025-12-31,2026-08-19T14:21:59Z,2026-08-19
SLB,Solomon Islands,2014,5,0,0,0,0,0,0,,0,unhcr_population,2025-12-31,2026-08-19T14:21:59Z,2026-08-19
SLB,Solomon Islands,2015,5,0,0,0,0,0,0,,0,unhcr_population,2025-12-31,2026-08-19T14:21:59Z,2026-08-19
SLB,Solomon Islands,2018,0,5,0,0,0,0,0,,0,unhcr_population,2025-12-31,2026-08-19T14:21:59Z,2026-08-19
SLB,Solomon Islands,2021,0,0,1000,0,0,0,0,,0,unhcr_population,2025-12-31,2026-08-19T14:21:59Z,2026-08-19
SLB,Solomon Islands,2022,0,0,1000,0,0,0,0,,0,unhcr_population,2025-12-31,2026-08-19T14:21:59Z,2026-08-19
SLB,Solomon Islands,2023,0,0,1000,0,0,0,0,,0,unhcr_population,2025-12-31,2026-08-19T14:21:59Z,2026-08-19
SLB,Solomon Islands,2024,0,0,11,0,0,0,0,,0,unhcr_population,2025-12-31,2026-08-19T14:21:59Z,2026-08-19
SLE,Sierra Leone,1969,500,0,0,0,0,0,0,,0,unhcr_population,2025-12-31,2026-08-19T14:21:59Z,2026-08-19
SLE,Sierra Leone,1976,170,0,0,0,0,0,0,,0,unhcr_population,2025-12-31,2026-08-19T14:21:59Z,2026-08-19
SLE,Sierra Leone,1977,150,0,0,0,0,0,0,,0,unhcr_population,2025-12-31,2026-08-19T14:21:59Z,2026-08-19
SLE,Sierra Leone,1978,50,0,0,0,0,0,0,,0,unhcr_population,2025-12-31,2026-08-19T14:21:59Z,2026-08-19
SLE,Sierra Leone,1979,60,0,0,0,0,0,0,,0,unhcr_population,2025-12-31,2026-08-19T14:21:59Z,2026-08-19
SLE,Sierra Leone,1982,120,0,0,0,0,0,0,,0,unhcr_population,2025-12-31,2026-08-19T14:21:59Z,2026-08-19
SLE,Sierra Leone,1983,150,0,0,0,0,0,0,,0,unhcr_population,2025-12-31,2026-08-19T14:21:59Z,2026-08-19
SLE,Sierra Leone,1984,180,0,0,0,0,0,0,,0,unhcr_population,2025-12-31,2026-08-19T14:21:59Z,2026-08-19
SLE,Sierra Leone,1985,160,0,0,0,0,0,0,,0,unhcr_population,2025-12-31,2026-08-19T14:21:59Z,2026-08-19
SLE,Sierra Leone,1986,170,0,0,0,0,0,0,,0,unhcr_population,2025-12-31,2026-08-19T14:21:59Z,2026-08-19
SLE,Sierra Leone,1987,90,0,0,0,0,60,0,,0,unhcr_population,2025-12-31,2026-08-19T14:21:59Z,2026-08-19
SLE,Sierra Leone,1988,60,0,0,0,0,0,0,,0,unhcr_population,2025-12-31,2026-08-19T14:21:59Z,2026-08-19
SLE,Sierra Leone,1990,125830,0,0,0,0,0,0,,0,unhcr_population,2025-12-31,2026-08-19T14:21:59Z,2026-08-19
SLE,Sierra Leone,1991,28036,0,0,0,0,97800,0,,0,unhcr_population,2025-12-31,2026-08-19T14:21:59Z,2026-08-19
SLE,Sierra Leone,1992,5866,0,0,0,0,110,0,,0,unhcr_population,2025-12-31,2026-08-19T14:21:59Z,2026-08-19
SLE,Sierra Leone,1993,16274,0,532000,0,0,0,0,,0,unhcr_population,2025-12-31,2026-08-19T14:21:59Z,2026-08-19
SLE,Sierra Leone,1994,15866,0,782000,0,0,296,0,,0,unhcr_population,2025-12-31,2026-08-19T14:21:59Z,2026-08-19
SLE,Sierra Leone,1995,4677,0,654600,0,0,2564,0,,0,unhcr_population,2025-12-31,2026-08-19T14:21:59Z,2026-08-19
SLE,Sierra Leone,1996,13536,0,654600,0,0,0,0,,0,unhcr_population,2025-12-31,2026-08-19T14:21:59Z,2026-08-19
SLE,Sierra Leone,1997,13015,0,670000,0,0,500,0,,0,unhcr_population,2025-12-31,2026-08-19T14:21:59Z,2026-08-19
SLE,Sierra Leone,1998,9862,0,670000,0,0,643,0,,0,unhcr_population,2025-12-31,2026-08-19T14:21:59Z,2026-08-19
SLE,Sierra Leone,1999,6566,0,500000,0,0,1129,0,,0,unhcr_population,2025-12-31,2026-08-19T14:21:59Z,2026-08-19
SLE,Sierra Leone,2000,6543,458,300000,0,0,0,200000,,0,unhcr_population,2025-12-31,2026-08-19T14:21:59Z,2026-08-19
SLE,Sierra Leone,2001,10498,273,0,0,0,0,0,,0,unhcr_population,2025-12-31,2026-08-19T14:21:59Z,2026-08-19
SLE,Sierra Leone,2002,63491,278,0,0,0,0,0,,0,unhcr_population,2025-12-31,2026-08-19T14:21:59Z,2026-08-19
SLE,Sierra Leone,2003,61192,136,0,0,0,0,0,,0,unhcr_population,2025-12-31,2026-08-19T14:21:59Z,2026-08-19
SLE,Sierra Leone,2004,65433,136,0,0,0,14775,0,,0,unhcr_population,2025-12-31,2026-08-19T14:21:59Z,2026-08-19
SLE,Sierra Leone,2005,59962,174,0,0,0,6202,0,,0,unhcr_population,2025-12-31,2026-08-19T14:21:59Z,2026-08-19
SLE,Sierra Leone,2006,27364,228,0,0,0,33095,0,,0,unhcr_population,2025-12-31,2026-08-19T14:21:59Z,2026-08-19
SLE,Sierra Leone,2007,8794,226,0,0,0,17340,0,,0,unhcr_population,2025-12-31,2026-08-19T14:21:59Z,2026-08-19
SLE,Sierra Leone,2008,7825,329,0,0,0,1142,0,,0,unhcr_population,2025-12-31,2026-08-19T14:21:59Z,2026-08-19
SLE,Sierra Leone,2009,9050,207,0,0,0,64,0,,0,unhcr_population,2025-12-31,2026-08-19T14:21:59Z,2026-08-19
SLE,Sierra Leone,2010,8362,204,0,0,0,38,0,,0,unhcr_population,2025-12-31,2026-08-19T14:21:59Z,2026-08-19
SLE,Sierra Leone,2011,8091,61,0,0,0,76,0,,0,unhcr_population,2025-12-31,2026-08-19T14:21:59Z,2026-08-19
SLE,Sierra Leone,2012,4203,66,0,0,0,1032,0,,0,unhcr_population,2025-12-31,2026-08-19T14:21:59Z,2026-08-19
SLE,Sierra Leone,2013,2816,36,0,0,0,26,0,,0,unhcr_population,2025-12-31,2026-08-19T14:21:59Z,2026-08-19
SLE,Sierra Leone,2014,1371,12,0,0,0,0,0,,0,unhcr_population,2025-12-31,2026-08-19T14:21:59Z,2026-08-19
SLE,Sierra Leone,2015,760,12,0,0,0,0,0,,0,unhcr_population,2025-12-31,2026-08-19T14:21:59Z,2026-08-19
SLE,Sierra Leone,2016,683,5,0,0,0,0,0,,0,unhcr_population,2025-12-31,2026-08-19T14:21:59Z,2026-08-19
SLE,Sierra Leone,2017,678,0,0,0,0,0,0,,0,unhcr_population,2025-12-31,2026-08-19T14:21:59Z,2026-08-19
SLE,Sierra Leone,2018,591,0,0,0,0,0,0,,0,unhcr_population,2025-12-31,2026-08-19T14:21:59Z,2026-08-19
SLE,Sierra Leone,2019,441,0,0,0,0,0,0,,0,unhcr_population,2025-12-31,2026-08-19T14:21:59Z,2026-08-19
SLE,Sierra Leone,2020,342,0,0,0,0,0,0,,0,unhcr_population,2025-12-31,2026-08-19T14:21:59Z,2026-08-19
SLE,Sierra Leone,2021,345,0,0,0,0,0,0,,0,unhcr_population,2025-12-31,2026-08-19T14:21:59Z,2026-08-19
SLE,Sierra Leone,2022,0,0,0,0,324,0,0,,0,unhcr_population,2025-12-31,2026-08-19T14:21:59Z,2026-08-19
SLE,Sierra Leone,2023,0,0,0,0,210,0,0,,0,unhcr_population,2025-12-31,2026-08-19T14:21:59Z,2026-08-19
SLE,Sierra Leone,2024,0,0,0,0,210,0,0,,0,unhcr_population,2025-12-31,2026-08-19T14:21:59Z,2026-08-19
SLE,Sierra Leone,2025,0,0,0,0,210,0,0,,0,unhcr_population,2025-12-31,2026-08-19T14:21:59Z,2026-08-19
SLV,El Salvador,1972,100,0,0,0,0,0,0,,0,unhcr_population,2025-12-31,2026-08-19T14:21:59Z,2026-08-19
SLV,El Salvador,1979,0,0,0,0,0,250,0,,0,unhcr_population,2025-12-31,2026-08-19T14:21:59Z,2026-08-19
SLV,El Salvador,1980,390,0,0,0,0,60,0,,0,unhcr_population,2025-12-31,2026-08-19T14:21:59Z,2026-08-19
SLV,El Salvador,1985,210,0,0,0,0,0,0,,0,unhcr_population,2025-12-31,2026-08-19T14:21:59Z,2026-08-19
SLV,El Salvador,1986,310,0,0,0,0,0,0,,0,unhcr_population,2025-12-31,2026-08-19T14:21:59Z,2026-08-19
SLV,El Salvador,1987,300,0,0,0,0,0,0,,0,unhcr_population,2025-12-31,2026-08-19T14:21:59Z,2026-08-19
SLV,El Salvador,1988,20350,0,0,0,0,250,0,,0,unhcr_population,2025-12-31,2026-08-19T14:21:59Z,2026-08-19
SLV,El Salvador,1989,20730,0,0,0,0,0,0,,0,unhcr_population,2025-12-31,2026-08-19T14:21:59Z,2026-08-19
SLV,El Salvador,1990,20300,0,0,0,0,150,0,,0,unhcr_population,2025-12-31,2026-08-19T14:21:59Z,2026-08-19
SLV,El Salvador,1991,20099,0,0,0,0,200,0,,0,unhcr_population,2025-12-31,2026-08-19T14:21:59Z,2026-08-19
SLV,El Salvador,1992,19903,0,0,0,0,120,0,,0,unhcr_population,2025-12-31,2026-08-19T14:21:59Z,2026-08-19
SLV,El Salvador,1993,161,0,0,0,0,9,0,,0,unhcr_population,2025-12-31,2026-08-19T14:21:59Z,2026-08-19
SLV,El Salvador,1994,153,0,0,0,0,7,0,,0,unhcr_population,2025-12-31,2026-08-19T14:21:59Z,2026-08-19
SLV,El Salvador,1995,153,0,0,0,0,21,0,,0,unhcr_population,2025-12-31,2026-08-19T14:21:59Z,2026-08-19
SLV,El Salvador,1996,148,0,0,0,0,0,0,,0,unhcr_population,2025-12-31,2026-08-19T14:21:59Z,2026-08-19
SLV,El Salvador,1997,106,0,0,0,0,0,0,,0,unhcr_population,2025-12-31,2026-08-19T14:21:59Z,2026-08-19
SLV,El Salvador,1998,30,0,0,0,0,0,0,,0,unhcr_population,2025-12-31,2026-08-19T14:21:59Z,2026-08-19
SLV,El Salvador,1999,21,0,0,0,0,0,0,,0,unhcr_population,2025-12-31,2026-08-19T14:21:59Z,2026-08-19
SLV,El Salvador,2000,57,5,0,0,0,5,0,,0,unhcr_population,2025-12-31,2026-08-19T14:21:59Z,2026-08-19
SLV,El Salvador,2001,69,5,0,0,0,0,0,,0,unhcr_population,2025-12-31,2026-08-19T14:21:59Z,2026-08-19
SLV,El Salvador,2002,74,5,0,0,0,0,0,,0,unhcr_population,2025-12-31,2026-08-19T14:21:59Z,2026-08-19
SLV,El Salvador,2003,246,5,0,0,0,0,0,,0,unhcr_population,2025-12-31,2026-08-19T14:21:59Z,2026-08-19
SLV,El Salvador,2004,235,0,0,0,0,0,0,,0,unhcr_population,2025-12-31,2026-08-19T14:21:59Z,2026-08-19
SLV,El Salvador,2005,51,0,0,0,0,44,0,,0,unhcr_population,2025-12-31,2026-08-19T14:21:59Z,2026-08-19
SLV,El Salvador,2006,39,0,0,0,0,0,0,,0,unhcr_population,2025-12-31,2026-08-19T14:21:59Z,2026-08-19
SLV,El Salvador,2007,39,5,0,0,0,0,0,,0,unhcr_population,2025-12-31,2026-08-19T14:21:59Z,2026-08-19
SLV,El Salvador,2008,34,0,0,0,0,0,0,,0,unhcr_population,2025-12-31,2026-08-19T14:21:59Z,2026-08-19
SLV,El Salvador,2009,32,54,0,0,0,0,0,,0,unhcr_population,2025-12-31,2026-08-19T14:21:59Z,2026-08-19
SLV,El Salvador,2010,39,18,0,0,0,0,0,,0,unhcr_population,2025-12-31,2026-08-19T14:21:59Z,2026-08-19
SLV,El Salvador,2011,39,5,0,0,0,0,0,,0,unhcr_population,2025-12-31,2026-08-19T14:21:59Z,2026-08-19
SLV,El Salvador,2012,43,0,0,0,0,0,0,,0,unhcr_population,2025-12-31,2026-08-19T14:21:59Z,2026-08-19
SLV,El Salvador,2013,42,5,0,0,0,0,0,,0,unhcr_population,2025-12-31,2026-08-19T14:21:59Z,2026-08-19
SLV,El Salvador,2014,33,0,0,0,0,0,0,,0,unhcr_population,2025-12-31,2026-08-19T14:21:59Z,2026-08-19
SLV,El Salvador,2015,46,0,0,0,10100,0,0,,0,unhcr_population,2025-12-31,2026-08-19T14:21:59Z,2026-08-19
SLV,El Salvador,2016,41,0,0,0,9800,0,0,,0,unhcr_population,2025-12-31,2026-08-19T14:21:59Z,2026-08-19
SLV,El Salvador,2017,40,5,71500,0,4200,0,0,,0,unhcr_population,2025-12-31,2026-08-19T14:21:59Z,2026-08-19
SLV,El Salvador,2018,44,16,71501,0,4700,0,0,,0,unhcr_population,2025-12-31,2026-08-19T14:21:59Z,2026-08-19
SLV,El Salvador,2019,48,29,71500,0,6800,0,0,,0,unhcr_population,2025-12-31,2026-08-19T14:21:59Z,2026-08-19
SLV,El Salvador,2020,48,53,71500,0,1700,0,0,,0,unhcr_population,2025-12-31,2026-08-19T14:21:59Z,2026-08-19
SLV,El Salvador,2021,98,66,71500,0,2634,0,0,,391,unhcr_population,2025-12-31,2026-08-19T14:21:59Z,2026-08-19
SLV,El Salvador,2022,104,54,71500,0,6205,0,0,,85061,unhcr_population,2025-12-31,2026-08-19T14:21:59Z,2026-08-19
SLV,El Salvador,2023,106,263,71500,0,118591,0,0,,346175,unhcr_population,2025-12-31,2026-08-19T14:21:59Z,2026-08-19
SLV,El Salvador,2024,120,272,71500,0,114393,0,0,,255433,unhcr_population,2025-12-31,2026-08-19T14:21:59Z,2026-08-19
SLV,El Salvador,2025,182,328,71500,0,40817,0,0,,80480,unhcr_population,2025-12-31,2026-08-19T14:21:59Z,2026-08-19
SOM,Somalia,1977,500000,0,0,0,0,0,0,,0,unhcr_population,2025-12-31,2026-08-19T14:21:59Z,2026-08-19
SOM,Somalia,1978,600000,0,0,0,0,8880,0,,0,unhcr_population,2025-12-31,2026-08-19T14:21:59Z,2026-08-19
SOM,Somalia,1979,1175190,0,0,0,0,0,0,,0,unhcr_population,2025-12-31,2026-08-19T14:21:59Z,2026-08-19
SOM,Somalia,1980,2000000,0,0,0,0,0,0,,0,unhcr_population,2025-12-31,2026-08-19T14:21:59Z,2026-08-19
SOM,Somalia,1981,700000,0,0,0,0,0,0,,0,unhcr_population,2025-12-31,2026-08-19T14:21:59Z,2026-08-19
SOM,Somalia,1982,700000,0,0,0,0,0,0,,0,unhcr_population,2025-12-31,2026-08-19T14:21:59Z,2026-08-19
SOM,Somalia,1983,700000,0,0,0,0,0,0,,0,unhcr_population,2025-12-31,2026-08-19T14:21:59Z,2026-08-19
SOM,Somalia,1984,701300,0,0,0,0,0,0,,0,unhcr_population,2025-12-31,2026-08-19T14:21:59Z,2026-08-19
SOM,Somalia,1985,812000,0,0,0,0,0,0,,0,unhcr_population,2025-12-31,2026-08-19T14:21:59Z,2026-08-19
SOM,Somalia,1986,700000,0,0,0,0,104430,0,,0,unhcr_population,2025-12-31,2026-08-19T14:21:59Z,2026-08-19
SOM,Somalia,1987,840100,0,0,0,0,30230,0,,0,unhcr_population,2025-12-31,2026-08-19T14:21:59Z,2026-08-19
SOM,Somalia,1988,834000,0,0,0,0,1850,0,,0,unhcr_population,2025-12-31,2026-08-19T14:21:59Z,2026-08-19
SOM,Somalia,1989,769630,0,0,0,0,4700,0,,0,unhcr_population,2025-12-31,2026-08-19T14:21:59Z,2026-08-19
SOM,Somalia,1990,460000,0,0,0,0,0,0,,0,unhcr_population,2025-12-31,2026-08-19T14:21:59Z,2026-08-19
SOM,Somalia,1992,480,0,0,0,0,0,0,,0,unhcr_population,2025-12-31,2026-08-19T14:21:59Z,2026-08-19
SOM,Somalia,1993,399,0,0,0,0,0,0,,0,unhcr_population,2025-12-31,2026-08-19T14:21:59Z,2026-08-19
SOM,Somalia,1994,389,0,0,0,0,0,0,,0,unhcr_population,2025-12-31,2026-08-19T14:21:59Z,2026-08-19
SOM,Somalia,1995,628,0,0,0,0,0,0,,0,unhcr_population,2025-12-31,2026-08-19T14:21:59Z,2026-08-19
SOM,Somalia,1996,700,0,200000,0,0,41,0,,0,unhcr_population,2025-12-31,2026-08-19T14:21:59Z,2026-08-19
SOM,Somalia,1997,622,0,200000,0,50000,9,0,,0,unhcr_population,2025-12-31,2026-08-19T14:21:59Z,2026-08-19
SOM,Somalia,1998,338,0,1603,0,50000,39,0,,0,unhcr_population,2025-12-31,2026-08-19T14:21:59Z,2026-08-19
SOM,Somalia,1999,130,0,0,0,0,207,0,,0,unhcr_population,2025-12-31,2026-08-19T14:21:59Z,2026-08-19
SOM,Somalia,2000,555,0,18000,0,0,11,0,,0,unhcr_population,2025-12-31,2026-08-19T14:21:59Z,2026-08-19
SOM,Somalia,2001,587,60,0,0,0,0,0,,0,unhcr_population,2025-12-31,2026-08-19T14:21:59Z,2026-08-19
SOM,Somalia,2002,193,214,0,0,0,153,0,,0,unhcr_population,2025-12-31,2026-08-19T14:21:59Z,2026-08-19
SOM,Somalia,2003,366,190,0,0,0,0,0,,0,unhcr_population,2025-12-31,2026-08-19T14:21:59Z,2026-08-19
SOM,Somalia,2004,362,331,0,0,0,0,0,,0,unhcr_population,2025-12-31,2026-08-19T14:21:59Z,2026-08-19
SOM,Somalia,2005,498,97,400000,0,0,0,0,,0,unhcr_population,2025-12-31,2026-08-19T14:21:59Z,2026-08-19
SOM,Somalia,2006,669,1215,400000,0,0,0,0,,0,unhcr_population,2025-12-31,2026-08-19T14:21:59Z,2026-08-19
SOM,Somalia,2007,903,8705,1000000,0,0,0,0,,0,unhcr_population,2025-12-31,2026-08-19T14:21:59Z,2026-08-19
SOM,Somalia,2008,1842,9243,1277200,0,0,0,0,,0,unhcr_population,2025-12-31,2026-08-19T14:21:59Z,2026-08-19
SOM,Somalia,2009,1819,24666,1550000,0,0,0,0,,0,unhcr_population,2025-12-31,2026-08-19T14:21:59Z,2026-08-19
SOM,Somalia,2010,1934,24111,1463780,0,0,0,0,,0,unhcr_population,2025-12-31,2026-08-19T14:21:59Z,2026-08-19
SOM,Somalia,2011,2100,6018,1356845,0,11,0,0,,0,unhcr_population,2025-12-31,2026-08-19T14:21:59Z,2026-08-19
SOM,Somalia,2012,2307,8461,1132963,0,51,70,10188,,0,unhcr_population,2025-12-31,2026-08-19T14:21:59Z,2026-08-19
SOM,Somalia,2013,2426,9877,1133000,0,69,8,104706,,0,unhcr_population,2025-12-31,2026-08-19T14:21:59Z,2026-08-19
SOM,Somalia,2014,2732,9262,1133000,0,69,5,12736,,0,unhcr_population,2025-12-31,2026-08-19T14:21:59Z,2026-08-19
SOM,Somalia,2015,8081,10115,1133000,0,86,0,5000,,0,unhcr_population,2025-12-31,2026-08-19T14:21:59Z,2026-08-19
SOM,Somalia,2016,11579,12792,1562554,0,130,0,0,,0,unhcr_population,2025-12-31,2026-08-19T14:21:59Z,2026-08-19
SOM,Somalia,2017,14565,14706,2116705,0,129,0,0,,0,unhcr_population,2025-12-31,2026-08-19T14:21:59Z,2026-08-19
SOM,Somalia,2018,16738,16361,2648001,0,380,0,0,,0,unhcr_population,2025-12-31,2026-08-19T14:21:59Z,2026-08-19
SOM,Somalia,2019,17882,17789,2648000,0,152,0,22555,,0,unhcr_population,2025-12-31,2026-08-19T14:21:59Z,2026-08-19
SOM,Somalia,2020,11220,13229,2967500,0,8,5,288966,,0,unhcr_population,2025-12-31,2026-08-19T14:21:59Z,2026-08-19
SOM,Somalia,2021,13804,16258,2967500,0,17,0,544249,,0,unhcr_population,2025-12-31,2026-08-19T14:21:59Z,2026-08-19
SOM,Somalia,2022,16023,18578,2967500,0,175,0,607256,,0,unhcr_population,2025-12-31,2026-08-19T14:21:59Z,2026-08-19
SOM,Somalia,2023,17770,20500,3860099,0,209,5,0,,0,unhcr_population,2025-12-31,2026-08-19T14:21:59Z,2026-08-19
SOM,Somalia,2024,19503,22260,3861643,0,213,0,290750,,0,unhcr_population,2025-12-31,2026-08-19T14:21:59Z,2026-08-19
SOM,Somalia,2025,20967,25702,3347408,0,343,0,0,,0,unhcr_population,2025-12-31,2026-08-19T14:21:59Z,2026-08-19
SRB,Serbia and Kosovo: S/RES/1244 (1999),1965,25820,0,0,0,0,0,0,,0,unhcr_population,2025-12-31,2026-08-19T14:21:59Z,2026-08-19
SRB,Serbia and Kosovo: S/RES/1244 (1999),1966,26100,0,0,0,0,0,0,,0,unhcr_population,2025-12-31,2026-08-19T14:21:59Z,2026-08-19
SRB,Serbia and Kosovo: S/RES/1244 (1999),1967,26210,0,0,0,0,0,0,,0,unhcr_population,2025-12-31,2026-08-19T14:21:59Z,2026-08-19
SRB,Serbia and Kosovo: S/RES/1244 (1999),1968,26270,0,0,0,0,0,0,,0,unhcr_population,2025-12-31,2026-08-19T14:21:59Z,2026-08-19
SRB,Serbia and Kosovo: S/RES/1244 (1999),1969,26120,0,0,0,0,0,0,,0,unhcr_population,2025-12-31,2026-08-19T14:21:59Z,2026-08-19
SRB,Serbia and Kosovo: S/RES/1244 (1999),1970,26120,0,0,0,0,0,0,,0,unhcr_population,2025-12-31,2026-08-19T14:21:59Z,2026-08-19
SRB,Serbia and Kosovo: S/RES/1244 (1999),1971,24000,0,0,0,0,0,0,,0,unhcr_population,2025-12-31,2026-08-19T14:21:59Z,2026-08-19
SRB,Serbia and Kosovo: S/RES/1244 (1999),1972,26700,0,0,0,0,0,0,,0,unhcr_population,2025-12-31,2026-08-19T14:21:59Z,2026-08-19
SRB,Serbia and Kosovo: S/RES/1244 (1999),1973,26290,0,0,0,0,0,0,,0,unhcr_population,2025-12-31,2026-08-19T14:21:59Z,2026-08-19
SRB,Serbia and Kosovo: S/RES/1244 (1999),1974,26300,0,0,0,0,0,0,,0,unhcr_population,2025-12-31,2026-08-19T14:21:59Z,2026-08-19
SRB,Serbia and Kosovo: S/RES/1244 (1999),1975,26300,0,0,0,0,0,0,,0,unhcr_population,2025-12-31,2026-08-19T14:21:59Z,2026-08-19
SRB,Serbia and Kosovo: S/RES/1244 (1999),1976,26000,0,0,0,0,0,0,,0,unhcr_population,2025-12-31,2026-08-19T14:21:59Z,2026-08-19
SRB,Serbia and Kosovo: S/RES/1244 (1999),1977,2000,0,0,0,0,0,0,,0,unhcr_population,2025-12-31,2026-08-19T14:21:59Z,2026-08-19
SRB,Serbia and Kosovo: S/RES/1244 (1999),1978,1970,0,0,0,0,0,0,,0,unhcr_population,2025-12-31,2026-08-19T14:21:59Z,2026-08-19
SRB,Serbia and Kosovo: S/RES/1244 (1999),1979,1970,0,0,0,0,0,0,,0,unhcr_population,2025-12-31,2026-08-19T14:21:59Z,2026-08-19
SRB,Serbia and Kosovo: S/RES/1244 (1999),1980,1970,0,0,0,0,0,0,,0,unhcr_population,2025-12-31,2026-08-19T14:21:59Z,2026-08-19
SRB,Serbia and Kosovo: S/RES/1244 (1999),1981,1920,0,0,0,0,0,0,,0,unhcr_population,2025-12-31,2026-08-19T14:21:59Z,2026-08-19
SRB,Serbia and Kosovo: S/RES/1244 (1999),1982,2030,0,0,0,0,0,0,,0,unhcr_population,2025-12-31,2026-08-19T14:21:59Z,2026-08-19
SRB,Serbia and Kosovo: S/RES/1244 (1999),1983,2020,0,0,0,0,0,0,,0,unhcr_population,2025-12-31,2026-08-19T14:21:59Z,2026-08-19
SRB,Serbia and Kosovo: S/RES/1244 (1999),1984,3150,0,0,0,0,0,0,,0,unhcr_population,2025-12-31,2026-08-19T14:21:59Z,2026-08-19
SRB,Serbia and Kosovo: S/RES/1244 (1999),1985,3530,0,0,0,0,260,0,,0,unhcr_population,2025-12-31,2026-08-19T14:21:59Z,2026-08-19
SRB,Serbia and Kosovo: S/RES/1244 (1999),1986,2180,0,0,0,0,0,0,,0,unhcr_population,2025-12-31,2026-08-19T14:21:59Z,2026-08-19
SRB,Serbia and Kosovo: S/RES/1244 (1999),1987,1400,0,0,0,0,0,0,,0,unhcr_population,2025-12-31,2026-08-19T14:21:59Z,2026-08-19
SRB,Serbia and Kosovo: S/RES/1244 (1999),1988,850,0,0,0,0,0,0,,0,unhcr_population,2025-12-31,2026-08-19T14:21:59Z,2026-08-19
SRB,Serbia and Kosovo: S/RES/1244 (1999),1989,955,0,0,0,0,430,0,,0,unhcr_population,2025-12-31,2026-08-19T14:21:59Z,2026-08-19
SRB,Serbia and Kosovo: S/RES/1244 (1999),1990,920,0,0,0,0,240,0,,0,unhcr_population,2025-12-31,2026-08-19T14:21:59Z,2026-08-19
SRB,Serbia and Kosovo: S/RES/1244 (1999),1991,517,0,0,0,0,220,0,,0,unhcr_population,2025-12-31,2026-08-19T14:21:59Z,2026-08-19
SRB,Serbia and Kosovo: S/RES/1244 (1999),1992,516430,0,0,0,0,0,0,,0,unhcr_population,2025-12-31,2026-08-19T14:21:59Z,2026-08-19
SRB,Serbia and Kosovo: S/RES/1244 (1999),1993,479110,0,0,0,0,0,0,,0,unhcr_population,2025-12-31,2026-08-19T14:21:59Z,2026-08-19
SRB,Serbia and Kosovo: S/RES/1244 (1999),1994,450694,0,0,0,0,16,0,,0,unhcr_population,2025-12-31,2026-08-19T14:21:59Z,2026-08-19
SRB,Serbia and Kosovo: S/RES/1244 (1999),1995,650695,0,490,0,0,22,0,,0,unhcr_population,2025-12-31,2026-08-19T14:21:59Z,2026-08-19
SRB,Serbia and Kosovo: S/RES/1244 (1999),1996,563210,0,487,0,0,1145,0,,0,unhcr_population,2025-12-31,2026-08-19T14:21:59Z,2026-08-19
SRB,Serbia and Kosovo: S/RES/1244 (1999),1997,550064,0,470,0,0,6368,23,,0,unhcr_population,2025-12-31,2026-08-19T14:21:59Z,2026-08-19
SRB,Serbia and Kosovo: S/RES/1244 (1999),1998,502035,0,225000,0,0,39869,110000,,0,unhcr_population,2025-12-31,2026-08-19T14:21:59Z,2026-08-19
SRB,Serbia and Kosovo: S/RES/1244 (1999),1999,501263,0,234900,0,0,13586,58936,,0,unhcr_population,2025-12-31,2026-08-19T14:21:59Z,2026-08-19
SRB,Serbia and Kosovo: S/RES/1244 (1999),2000,484390,8,267500,0,85000,21431,0,,0,unhcr_population,2025-12-31,2026-08-19T14:21:59Z,2026-08-19
SRB,Serbia and Kosovo: S/RES/1244 (1999),2001,400306,50,263600,0,85000,100378,2531,,0,unhcr_population,2025-12-31,2026-08-19T14:21:59Z,2026-08-19
SRB,Serbia and Kosovo: S/RES/1244 (1999),2002,354400,30,261826,0,85000,42894,0,,0,unhcr_population,2025-12-31,2026-08-19T14:21:59Z,2026-08-19
SRB,Serbia and Kosovo: S/RES/1244 (1999),2003,291397,33,251833,0,85000,14930,7496,,0,unhcr_population,2025-12-31,2026-08-19T14:21:59Z,2026-08-19
SRB,Serbia and Kosovo: S/RES/1244 (1999),2004,276677,38,248154,0,85000,8222,9456,,0,unhcr_population,2025-12-31,2026-08-19T14:21:59Z,2026-08-19
SRB,Serbia and Kosovo: S/RES/1244 (1999),2005,148259,24,246391,0,85000,4768,2482,,0,unhcr_population,2025-12-31,2026-08-19T14:21:59Z,2026-08-19
SRB,Serbia and Kosovo: S/RES/1244 (1999),2006,98995,0,227590,0,85000,3738,1433,,0,unhcr_population,2025-12-31,2026-08-19T14:21:59Z,2026-08-19
SRB,Serbia and Kosovo: S/RES/1244 (1999),2007,97991,11,226350,0,0,1583,1631,,0,unhcr_population,2025-12-31,2026-08-19T14:21:59Z,2026-08-19
SRB,Serbia and Kosovo: S/RES/1244 (1999),2008,96735,34,225879,17050,0,704,518,,0,unhcr_population,2025-12-31,2026-08-19T14:21:59Z,2026-08-19
SRB,Serbia and Kosovo: S/RES/1244 (1999),2009,86348,25,224881,16700,386,128,871,,0,unhcr_population,2025-12-31,2026-08-19T14:21:59Z,2026-08-19
SRB,Serbia and Kosovo: S/RES/1244 (1999),2010,73604,194,228442,8500,0,65,1803,,0,unhcr_population,2025-12-31,2026-08-19T14:21:59Z,2026-08-19
SRB,Serbia and Kosovo: S/RES/1244 (1999),2011,70702,392,228215,8500,519,206,845,,0,unhcr_population,2025-12-31,2026-08-19T14:21:59Z,2026-08-19
SRB,Serbia and Kosovo: S/RES/1244 (1999),2012,66367,315,227821,8500,723,21,798,,0,unhcr_population,2025-12-31,2026-08-19T14:21:59Z,2026-08-19
SRB,Serbia and Kosovo: S/RES/1244 (1999),2013,57079,380,227495,4195,777,409,780,,0,unhcr_population,2025-12-31,2026-08-19T14:21:59Z,2026-08-19
SRB,Serbia and Kosovo: S/RES/1244 (1999),2014,43749,439,223139,3578,0,118,450,,0,unhcr_population,2025-12-31,2026-08-19T14:21:59Z,2026-08-19
SRB,Serbia and Kosovo: S/RES/1244 (1999),2015,35326,108,220002,2700,0,51,545,,0,unhcr_population,2025-12-31,2026-08-19T14:21:59Z,2026-08-19
SRB,Serbia and Kosovo: S/RES/1244 (1999),2016,36517,122,219633,2373,0,6,477,,0,unhcr_population,2025-12-31,2026-08-19T14:21:59Z,2026-08-19
SRB,Serbia and Kosovo: S/RES/1244 (1999),2017,32205,141,217453,2155,0,13,193,,0,unhcr_population,2025-12-31,2026-08-19T14:21:59Z,2026-08-19
SRB,Serbia and Kosovo: S/RES/1244 (1999),2018,30944,219,215794,2052,0,5,197,,0,unhcr_population,2025-12-31,2026-08-19T14:21:59Z,2026-08-19
SRB,Serbia and Kosovo: S/RES/1244 (1999),2019,26427,274,214696,1951,5833,6,165,,0,unhcr_population,2025-12-31,2026-08-19T14:21:59Z,2026-08-19
SRB,Serbia and Kosovo: S/RES/1244 (1999),2020,26085,302,213018,2144,6514,5,375,,0,unhcr_population,2025-12-31,2026-08-19T14:21:59Z,2026-08-19
SRB,Serbia and Kosovo: S/RES/1244 (1999),2021,25644,223,211823,2669,4319,0,359,,0,unhcr_population,2025-12-31,2026-08-19T14:21:59Z,2026-08-19
SRB,Serbia and Kosovo: S/RES/1244 (1999),2022,26521,191,210308,2498,3533,5,191,,0,unhcr_population,2025-12-31,2026-08-19T14:21:59Z,2026-08-19
SRB,Serbia and Kosovo: S/RES/1244 (1999),2023,29365,163,209790,2329,3023,0,114,,0,unhcr_population,2025-12-31,2026-08-19T14:21:59Z,2026-08-19
SRB,Serbia and Kosovo: S/RES/1244 (1999),2024,36068,202,209753,1715,592,0,0,,0,unhcr_population,2025-12-31,2026-08-19T14:21:59Z,2026-08-19
SRB,Serbia and Kosovo: S/RES/1244 (1999),2025,40863,134,209453,1556,1299,0,56,,0,unhcr_population,2025-12-31,2026-08-19T14:21:59Z,2026-08-19
SSD,South Sudan,2011,105023,90,560161,0,0,0,0,,0,unhcr_population,2025-12-31,2026-08-19T14:21:59Z,2026-08-19
SSD,South Sudan,2012,202581,32,345670,0,0,0,0,,0,unhcr_population,2025-12-31,2026-08-19T14:21:59Z,2026-08-19
SSD,South Sudan,2013,229587,36,331097,0,0,5,0,,0,unhcr_population,2025-12-31,2026-08-19T14:21:59Z,2026-08-19
SSD,South Sudan,2014,248152,128,1645392,0,0,2957,200055,,0,unhcr_population,2025-12-31,2026-08-19T14:21:59Z,2026-08-19
SSD,South Sudan,2015,263012,835,1790427,0,0,2017,0,,0,unhcr_population,2025-12-31,2026-08-19T14:21:59Z,2026-08-19
SSD,South Sudan,2016,262558,1790,1853924,0,0,13181,752261,,0,unhcr_population,2025-12-31,2026-08-19T14:21:59Z,2026-08-19
SSD,South Sudan,2017,283405,1895,1903953,0,10000,0,813,,0,unhcr_population,2025-12-31,2026-08-19T14:21:59Z,2026-08-19
SSD,South Sudan,2018,291838,2535,1878154,0,10000,0,0,,0,unhcr_population,2025-12-31,2026-08-19T14:21:59Z,2026-08-19
SSD,South Sudan,2019,298309,3677,1665815,0,10000,0,276463,,0,unhcr_population,2025-12-31,2026-08-19T14:21:59Z,2026-08-19
SSD,South Sudan,2020,314438,3763,1600254,10000,0,0,174463,,250000,unhcr_population,2025-12-31,2026-08-19T14:21:59Z,2026-08-19
SSD,South Sudan,2021,333673,4314,2017236,10000,0,0,0,,250000,unhcr_population,2025-12-31,2026-08-19T14:21:59Z,2026-08-19
SSD,South Sudan,2022,308369,2137,1474679,10500,393,927,0,,371594,unhcr_population,2025-12-31,2026-08-19T14:21:59Z,2026-08-19
SSD,South Sudan,2023,381236,4871,1236672,10500,0,14655,0,,454831,unhcr_population,2025-12-31,2026-08-19T14:21:59Z,2026-08-19
SSD,South Sudan,2024,514794,2677,944631,18000,0,64,0,,1327345,unhcr_population,2025-12-31,2026-08-19T14:21:59Z,2026-08-19
SSD,South Sudan,2025,601818,3246,1277527,60600,0,208735,0,,1544021,unhcr_population,2025-12-31,2026-08-19T14:21:59Z,2026-08-19
SUR,Suriname,1992,52,0,0,0,0,0,0,,0,unhcr_population,2025-12-31,2026-08-19T14:21:59Z,2026-08-19
SUR,Suriname,1993,50,0,0,0,0,0,0,,0,unhcr_population,2025-12-31,2026-08-19T14:21:59Z,2026-08-19
SUR,Suriname,1994,39,0,0,0,0,11,0,,0,unhcr_population,2025-12-31,2026-08-19T14:21:59Z,2026-08-19
SUR,Suriname,1997,11,0,0,0,0,0,0,,0,unhcr_population,2025-12-31,2026-08-19T14:21:59Z,2026-08-19
SUR,Suriname,2016,0,43,0,0,0,0,0,,0,unhcr_population,2025-12-31,2026-08-19T14:21:59Z,2026-08-19
SUR,Suriname,2017,34,67,0,0,0,0,0,,0,unhcr_population,2025-12-31,2026-08-19T14:21:59Z,2026-08-19
SUR,Suriname,2018,41,206,0,0,0,0,0,,0,unhcr_population,2025-12-31,2026-08-19T14:21:59Z,2026-08-19
SUR,Suriname,2019,44,1426,0,0,0,0,0,,0,unhcr_population,2025-12-31,2026-08-19T14:21:59Z,2026-08-19
SUR,Suriname,2020,19,1988,0,0,0,10,0,,0,unhcr_population,2025-12-31,2026-08-19T14:21:59Z,2026-08-19
SUR,Suriname,2021,29,2133,0,0,0,0,0,,0,unhcr_population,2025-12-31,2026-08-19T14:21:59Z,2026-08-19
SUR,Suriname,2022,25,2546,0,0,5,0,0,,0,unhcr_population,2025-12-31,2026-08-19T14:21:59Z,2026-08-19
SUR,Suriname,2023,24,2609,0,0,5,0,0,,0,unhcr_population,2025-12-31,2026-08-19T14:21:59Z,2026-08-19
SUR,Suriname,2024,24,3217,0,0,0,0,0,,0,unhcr_population,2025-12-31,2026-08-19T14:21:59Z,2026-08-19
SUR,Suriname,2025,24,3191,0,0,0,0,0,,0,unhcr_population,2025-12-31,2026-08-19T14:21:59Z,2026-08-19
SVK,Slovakia,1993,1521,0,0,0,0,0,0,,0,unhcr_population,2025-12-31,2026-08-19T14:21:59Z,2026-08-19
SVK,Slovakia,1994,159,0,0,0,0,8,0,,0,unhcr_population,2025-12-31,2026-08-19T14:21:59Z,2026-08-19
SVK,Slovakia,1995,2339,0,0,0,0,0,0,,0,unhcr_population,2025-12-31,2026-08-19T14:21:59Z,2026-08-19
SVK,Slovakia,1996,1387,0,0,0,0,1197,0,,0,unhcr_population,2025-12-31,2026-08-19T14:21:59Z,2026-08-19
SVK,Slovakia,1997,746,0,0,0,0,23,0,,0,unhcr_population,2025-12-31,2026-08-19T14:21:59Z,2026-08-19
SVK,Slovakia,1998,418,0,0,0,0,0,0,,0,unhcr_population,2025-12-31,2026-08-19T14:21:59Z,2026-08-19
SVK,Slovakia,1999,436,0,0,0,0,93,0,,0,unhcr_population,2025-12-31,2026-08-19T14:21:59Z,2026-08-19
SVK,Slovakia,2000,444,379,0,0,0,7,0,,0,unhcr_population,2025-12-31,2026-08-19T14:21:59Z,2026-08-19
SVK,Slovakia,2001,461,3143,0,0,0,19,0,,0,unhcr_population,2025-12-31,2026-08-19T14:21:59Z,2026-08-19
SVK,Slovakia,2002,443,4497,0,0,0,0,0,,0,unhcr_population,2025-12-31,2026-08-19T14:21:59Z,2026-08-19
SVK,Slovakia,2003,412,4634,0,0,0,5,0,,0,unhcr_population,2025-12-31,2026-08-19T14:21:59Z,2026-08-19
SVK,Slovakia,2004,396,2905,0,7,0,0,0,,0,unhcr_population,2025-12-31,2026-08-19T14:21:59Z,2026-08-19
SVK,Slovakia,2005,352,2704,0,0,0,0,0,,0,unhcr_population,2025-12-31,2026-08-19T14:21:59Z,2026-08-19
SVK,Slovakia,2006,235,2740,0,0,0,27,0,,0,unhcr_population,2025-12-31,2026-08-19T14:21:59Z,2026-08-19
SVK,Slovakia,2007,265,578,0,911,0,0,0,,0,unhcr_population,2025-12-31,2026-08-19T14:21:59Z,2026-08-19
SVK,Slovakia,2008,301,307,0,911,0,0,0,,0,unhcr_population,2025-12-31,2026-08-19T14:21:59Z,2026-08-19
SVK,Slovakia,2009,387,254,0,911,59,5,0,,0,unhcr_population,2025-12-31,2026-08-19T14:21:59Z,2026-08-19
SVK,Slovakia,2010,451,267,0,911,0,0,0,,0,unhcr_population,2025-12-31,2026-08-19T14:21:59Z,2026-08-19
SVK,Slovakia,2011,535,185,0,63,46,0,0,,0,unhcr_population,2025-12-31,2026-08-19T14:21:59Z,2026-08-19
SVK,Slovakia,2012,650,194,0,1523,69,0,0,,0,unhcr_population,2025-12-31,2026-08-19T14:21:59Z,2026-08-19
SVK,Slovakia,2013,691,200,0,1523,138,0,0,,0,unhcr_population,2025-12-31,2026-08-19T14:21:59Z,2026-08-19
SVK,Slovakia,2014,791,220,0,1523,131,0,0,,0,unhcr_population,2025-12-31,2026-08-19T14:21:59Z,2026-08-19
SVK,Slovakia,2015,816,173,0,1523,83,5,0,,0,unhcr_population,2025-12-31,2026-08-19T14:21:59Z,2026-08-19
SVK,Slovakia,2016,980,38,0,1523,46,0,0,,0,unhcr_population,2025-12-31,2026-08-19T14:21:59Z,2026-08-19
SVK,Slovakia,2017,912,26,0,1523,10,0,0,,0,unhcr_population,2025-12-31,2026-08-19T14:21:59Z,2026-08-19
SVK,Slovakia,2018,938,17,0,1523,0,0,0,,0,unhcr_population,2025-12-31,2026-08-19T14:21:59Z,2026-08-19
SVK,Slovakia,2019,965,5,0,1532,0,0,0,,0,unhcr_population,2025-12-31,2026-08-19T14:21:59Z,2026-08-19
SVK,Slovakia,2020,1006,44,0,1532,0,0,0,,0,unhcr_population,2025-12-31,2026-08-19T14:21:59Z,2026-08-19
SVK,Slovakia,2021,1046,43,0,2935,0,0,0,,0,unhcr_population,2025-12-31,2026-08-19T14:21:59Z,2026-08-19
SVK,Slovakia,2022,96563,104,0,2935,0,13000,0,,0,unhcr_population,2025-12-31,2026-08-19T14:21:59Z,2026-08-19
SVK,Slovakia,2023,126866,92,0,49,0,9000,0,,0,unhcr_population,2025-12-31,2026-08-19T14:21:59Z,2026-08-19
SVK,Slovakia,2024,144269,80,0,65,0,12000,0,,0,unhcr_population,2025-12-31,2026-08-19T14:21:59Z,2026-08-19
SVK,Slovakia,2025,140885,16,0,71,0,6000,0,,0,unhcr_population,2025-12-31,2026-08-19T14:21:59Z,2026-08-19
SVN,Slovenia,1992,74100,0,0,0,0,39660,0,,0,unhcr_population,2025-12-31,2026-08-19T14:21:59Z,2026-08-19
SVN,Slovenia,1993,45000,0,0,0,0,0,0,,0,unhcr_population,2025-12-31,2026-08-19T14:21:59Z,2026-08-19
SVN,Slovenia,1994,29156,0,0,0,0,0,0,,0,unhcr_population,2025-12-31,2026-08-19T14:21:59Z,2026-08-19
SVN,Slovenia,1995,22314,0,0,0,0,8,0,,0,unhcr_population,2025-12-31,2026-08-19T14:21:59Z,2026-08-19
SVN,Slovenia,1996,10014,0,0,0,0,2997,0,,0,unhcr_population,2025-12-31,2026-08-19T14:21:59Z,2026-08-19
SVN,Slovenia,1997,5133,0,0,0,0,2800,0,,0,unhcr_population,2025-12-31,2026-08-19T14:21:59Z,2026-08-19
SVN,Slovenia,1998,3462,0,0,0,12131,550,0,,0,unhcr_population,2025-12-31,2026-08-19T14:21:59Z,2026-08-19
SVN,Slovenia,1999,4380,0,0,0,11334,2993,0,,0,unhcr_population,2025-12-31,2026-08-19T14:21:59Z,2026-08-19
SVN,Slovenia,2000,2814,8813,0,0,4739,549,0,,0,unhcr_population,2025-12-31,2026-08-19T14:21:59Z,2026-08-19
SVN,Slovenia,2001,2411,284,0,0,4451,831,0,,0,unhcr_population,2025-12-31,2026-08-19T14:21:59Z,2026-08-19
SVN,Slovenia,2002,384,187,0,0,1279,588,0,,0,unhcr_population,2025-12-31,2026-08-19T14:21:59Z,2026-08-19
SVN,Slovenia,2003,2065,122,0,0,779,838,0,,0,unhcr_population,2025-12-31,2026-08-19T14:21:59Z,2026-08-19
SVN,Slovenia,2004,299,310,0,584,0,201,0,,0,unhcr_population,2025-12-31,2026-08-19T14:21:59Z,2026-08-19
SVN,Slovenia,2005,243,182,0,445,0,270,0,,0,unhcr_population,2025-12-31,2026-08-19T14:21:59Z,2026-08-19
SVN,Slovenia,2006,249,173,0,4090,0,348,0,,0,unhcr_population,2025-12-31,2026-08-19T14:21:59Z,2026-08-19
SVN,Slovenia,2007,255,44,0,4090,0,76,0,,0,unhcr_population,2025-12-31,2026-08-19T14:21:59Z,2026-08-19
SVN,Slovenia,2008,257,74,0,4090,0,51,0,,0,unhcr_population,2025-12-31,2026-08-19T14:21:59Z,2026-08-19
SVN,Slovenia,2009,281,78,0,4090,0,50,0,,0,unhcr_population,2025-12-31,2026-08-19T14:21:59Z,2026-08-19
SVN,Slovenia,2010,315,112,0,4090,0,29,0,,0,unhcr_population,2025-12-31,2026-08-19T14:21:59Z,2026-08-19
SVN,Slovenia,2011,134,93,0,0,0,17,0,,0,unhcr_population,2025-12-31,2026-08-19T14:21:59Z,2026-08-19
SVN,Slovenia,2012,169,93,0,5,0,31,0,,0,unhcr_population,2025-12-31,2026-08-19T14:21:59Z,2026-08-19
SVN,Slovenia,2013,202,5,0,5,0,11,0,,0,unhcr_population,2025-12-31,2026-08-19T14:21:59Z,2026-08-19
SVN,Slovenia,2014,251,61,0,5,0,19,0,,0,unhcr_population,2025-12-31,2026-08-19T14:21:59Z,2026-08-19
SVN,Slovenia,2015,284,92,0,5,0,5,0,,0,unhcr_population,2025-12-31,2026-08-19T14:21:59Z,2026-08-19
SVN,Slovenia,2016,454,309,0,5,0,0,0,,0,unhcr_population,2025-12-31,2026-08-19T14:21:59Z,2026-08-19
SVN,Slovenia,2017,611,264,0,5,0,0,0,,0,unhcr_population,2025-12-31,2026-08-19T14:21:59Z,2026-08-19
SVN,Slovenia,2018,746,245,0,5,0,0,0,,0,unhcr_population,2025-12-31,2026-08-19T14:21:59Z,2026-08-19
SVN,Slovenia,2019,741,308,0,5,5,0,0,,0,unhcr_population,2025-12-31,2026-08-19T14:21:59Z,2026-08-19
SVN,Slovenia,2020,823,277,0,5,5,0,0,,0,unhcr_population,2025-12-31,2026-08-19T14:21:59Z,2026-08-19
SVN,Slovenia,2021,839,572,0,8,8,0,0,,0,unhcr_population,2025-12-31,2026-08-19T14:21:59Z,2026-08-19
SVN,Slovenia,2022,8705,495,0,22,5,2000,0,,0,unhcr_population,2025-12-31,2026-08-19T14:21:59Z,2026-08-19
SVN,Slovenia,2023,10525,1143,0,10,5,3000,0,,0,unhcr_population,2025-12-31,2026-08-19T14:21:59Z,2026-08-19
SVN,Slovenia,2024,12524,845,0,10,5,0,0,,0,unhcr_population,2025-12-31,2026-08-19T14:21:59Z,2026-08-19
SVN,Slovenia,2025,12513,722,0,110,21601,0,0,,0,unhcr_population,2025-12-31,2026-08-19T14:21:59Z,2026-08-19
SWE,Sweden,1951,44000,0,0,0,0,0,0,,0,unhcr_population,2025-12-31,2026-08-19T14:21:59Z,2026-08-19
SWE,Sweden,1952,42000,0,0,0,0,0,0,,0,unhcr_population,2025-12-31,2026-08-19T14:21:59Z,2026-08-19
SWE,Sweden,1953,37000,0,0,0,0,0,0,,0,unhcr_population,2025-12-31,2026-08-19T14:21:59Z,2026-08-19
SWE,Sweden,1954,33000,0,0,0,0,0,0,,0,unhcr_population,2025-12-31,2026-08-19T14:21:59Z,2026-08-19
SWE,Sweden,1955,28000,0,0,0,0,0,0,,0,unhcr_population,2025-12-31,2026-08-19T14:21:59Z,2026-08-19
SWE,Sweden,1956,31000,0,0,0,0,0,0,,0,unhcr_population,2025-12-31,2026-08-19T14:21:59Z,2026-08-19
SWE,Sweden,1957,33000,0,0,0,0,0,0,,0,unhcr_population,2025-12-31,2026-08-19T14:21:59Z,2026-08-19
SWE,Sweden,1958,31000,0,0,0,0,0,0,,0,unhcr_population,2025-12-31,2026-08-19T14:21:59Z,2026-08-19
SWE,Sweden,1959,28000,0,0,0,0,0,0,,0,unhcr_population,2025-12-31,2026-08-19T14:21:59Z,2026-08-19
SWE,Sweden,1960,26000,0,0,0,0,0,0,,0,unhcr_population,2025-12-31,2026-08-19T14:21:59Z,2026-08-19
SWE,Sweden,1961,26000,0,0,0,0,0,0,,0,unhcr_population,2025-12-31,2026-08-19T14:21:59Z,2026-08-19
SWE,Sweden,1962,26000,0,0,0,0,0,0,,0,unhcr_population,2025-12-31,2026-08-19T14:21:59Z,2026-08-19
SWE,Sweden,1963,26000,0,0,0,0,0,0,,0,unhcr_population,2025-12-31,2026-08-19T14:21:59Z,2026-08-19
SWE,Sweden,1964,24000,0,0,0,0,0,0,,0,unhcr_population,2025-12-31,2026-08-19T14:21:59Z,2026-08-19
SWE,Sweden,1965,22000,0,0,0,0,0,0,,0,unhcr_population,2025-12-31,2026-08-19T14:21:59Z,2026-08-19
SWE,Sweden,1966,20000,0,0,0,0,0,0,,0,unhcr_population,2025-12-31,2026-08-19T14:21:59Z,2026-08-19
SWE,Sweden,1967,18000,0,0,0,0,0,0,,0,unhcr_population,2025-12-31,2026-08-19T14:21:59Z,2026-08-19
SWE,Sweden,1968,17000,0,0,0,0,0,0,,0,unhcr_population,2025-12-31,2026-08-19T14:21:59Z,2026-08-19
SWE,Sweden,1969,17000,0,0,0,0,0,0,,0,unhcr_population,2025-12-31,2026-08-19T14:21:59Z,2026-08-19
SWE,Sweden,1970,20000,0,0,0,0,0,0,,0,unhcr_population,2025-12-31,2026-08-19T14:21:59Z,2026-08-19
SWE,Sweden,1971,20000,0,0,0,0,0,0,,0,unhcr_population,2025-12-31,2026-08-19T14:21:59Z,2026-08-19
SWE,Sweden,1972,20000,0,0,0,0,0,0,,0,unhcr_population,2025-12-31,2026-08-19T14:21:59Z,2026-08-19
SWE,Sweden,1973,20000,0,0,0,0,0,0,,0,unhcr_population,2025-12-31,2026-08-19T14:21:59Z,2026-08-19
SWE,Sweden,1974,20000,0,0,0,0,0,0,,0,unhcr_population,2025-12-31,2026-08-19T14:21:59Z,2026-08-19
SWE,Sweden,1975,20000,0,0,0,0,0,0,,0,unhcr_population,2025-12-31,2026-08-19T14:21:59Z,2026-08-19
SWE,Sweden,1976,20000,0,0,0,0,0,0,,0,unhcr_population,2025-12-31,2026-08-19T14:21:59Z,2026-08-19
SWE,Sweden,1977,20000,0,0,0,0,0,0,,0,unhcr_population,2025-12-31,2026-08-19T14:21:59Z,2026-08-19
SWE,Sweden,1978,20000,0,0,0,0,0,0,,0,unhcr_population,2025-12-31,2026-08-19T14:21:59Z,2026-08-19
SWE,Sweden,1979,20000,0,0,0,0,0,0,,0,unhcr_population,2025-12-31,2026-08-19T14:21:59Z,2026-08-19
SWE,Sweden,1980,20000,0,0,0,0,0,0,,0,unhcr_population,2025-12-31,2026-08-19T14:21:59Z,2026-08-19
SWE,Sweden,1981,20000,0,0,0,0,0,0,,0,unhcr_population,2025-12-31,2026-08-19T14:21:59Z,2026-08-19
SWE,Sweden,1982,20000,0,0,0,0,0,0,,0,unhcr_population,2025-12-31,2026-08-19T14:21:59Z,2026-08-19
SWE,Sweden,1983,43000,0,0,0,0,0,0,,0,unhcr_population,2025-12-31,2026-08-19T14:21:59Z,2026-08-19
SWE,Sweden,1984,90600,0,0,0,0,0,0,,0,unhcr_population,2025-12-31,2026-08-19T14:21:59Z,2026-08-19
SWE,Sweden,1985,90600,0,0,0,0,0,0,,0,unhcr_population,2025-12-31,2026-08-19T14:21:59Z,2026-08-19
SWE,Sweden,1986,120000,0,0,0,0,0,0,,0,unhcr_population,2025-12-31,2026-08-19T14:21:59Z,2026-08-19
SWE,Sweden,1987,130000,0,0,0,0,0,0,,0,unhcr_population,2025-12-31,2026-08-19T14:21:59Z,2026-08-19
SWE,Sweden,1988,139783,0,0,0,0,0,0,,0,unhcr_population,2025-12-31,2026-08-19T14:21:59Z,2026-08-19
SWE,Sweden,1989,139783,0,0,0,0,0,0,,0,unhcr_population,2025-12-31,2026-08-19T14:21:59Z,2026-08-19
SWE,Sweden,1990,109654,0,0,0,0,0,0,,0,unhcr_population,2025-12-31,2026-08-19T14:21:59Z,2026-08-19
SWE,Sweden,1991,124457,0,0,0,0,0,0,,0,unhcr_population,2025-12-31,2026-08-19T14:21:59Z,2026-08-19
SWE,Sweden,1992,131069,0,0,0,0,0,0,,0,unhcr_population,2025-12-31,2026-08-19T14:21:59Z,2026-08-19
SWE,Sweden,1993,162386,0,0,0,0,0,0,,0,unhcr_population,2025-12-31,2026-08-19T14:21:59Z,2026-08-19
SWE,Sweden,1994,200774,0,0,0,0,0,0,,0,unhcr_population,2025-12-31,2026-08-19T14:21:59Z,2026-08-19
SWE,Sweden,1995,199194,0,0,0,0,17,0,,0,unhcr_population,2025-12-31,2026-08-19T14:21:59Z,2026-08-19
SWE,Sweden,1996,191159,0,0,0,0,292,0,,0,unhcr_population,2025-12-31,2026-08-19T14:21:59Z,2026-08-19
SWE,Sweden,1997,186719,0,0,0,0,770,0,,0,unhcr_population,2025-12-31,2026-08-19T14:21:59Z,2026-08-19
SWE,Sweden,1998,178782,0,0,0,0,342,0,,0,unhcr_population,2025-12-31,2026-08-19T14:21:59Z,2026-08-19
SWE,Sweden,1999,159504,0,0,0,0,1638,0,,0,unhcr_population,2025-12-31,2026-08-19T14:21:59Z,2026-08-19
SWE,Sweden,2000,157206,10800,0,0,0,1433,0,,0,unhcr_population,2025-12-31,2026-08-19T14:21:59Z,2026-08-19
SWE,Sweden,2001,146480,17600,0,0,0,387,0,,0,unhcr_population,2025-12-31,2026-08-19T14:21:59Z,2026-08-19
SWE,Sweden,2002,142170,33277,0,0,0,2619,0,,0,unhcr_population,2025-12-31,2026-08-19T14:21:59Z,2026-08-19
SWE,Sweden,2003,112148,35250,0,0,0,2057,0,,0,unhcr_population,2025-12-31,2026-08-19T14:21:59Z,2026-08-19
SWE,Sweden,2004,73383,28006,0,0,0,566,0,,0,unhcr_population,2025-12-31,2026-08-19T14:21:59Z,2026-08-19
SWE,Sweden,2005,74889,15670,0,5299,0,486,0,,0,unhcr_population,2025-12-31,2026-08-19T14:21:59Z,2026-08-19
SWE,Sweden,2006,79895,17384,0,5571,0,553,0,,0,unhcr_population,2025-12-31,2026-08-19T14:21:59Z,2026-08-19
SWE,Sweden,2007,75055,27686,0,5571,0,112,0,,0,unhcr_population,2025-12-31,2026-08-19T14:21:59Z,2026-08-19
SWE,Sweden,2008,77016,24075,0,6239,0,354,0,,0,unhcr_population,2025-12-31,2026-08-19T14:21:59Z,2026-08-19
SWE,Sweden,2009,81346,18932,0,7758,0,2308,0,,0,unhcr_population,2025-12-31,2026-08-19T14:21:59Z,2026-08-19
SWE,Sweden,2010,82620,18606,0,9344,0,201,0,,0,unhcr_population,2025-12-31,2026-08-19T14:21:59Z,2026-08-19
SWE,Sweden,2011,86603,18106,0,10344,0,2302,0,,0,unhcr_population,2025-12-31,2026-08-19T14:21:59Z,2026-08-19
SWE,Sweden,2012,92869,22830,0,9596,0,2563,0,,0,unhcr_population,2025-12-31,2026-08-19T14:21:59Z,2026-08-19
SWE,Sweden,2013,114172,27705,0,20450,0,1650,0,,0,unhcr_population,2025-12-31,2026-08-19T14:21:59Z,2026-08-19
SWE,Sweden,2014,142197,56748,0,27167,0,10,0,,0,unhcr_population,2025-12-31,2026-08-19T14:21:59Z,2026-08-19
SWE,Sweden,2015,169516,157017,0,31062,0,0,0,,0,unhcr_population,2025-12-31,2026-08-19T14:21:59Z,2026-08-19
SWE,Sweden,2016,230158,83040,0,36036,0,0,0,,0,unhcr_population,2025-12-31,2026-08-19T14:21:59Z,2026-08-19
SWE,Sweden,2017,240954,51588,0,35101,0,47,0,,0,unhcr_population,2025-12-31,2026-08-19T14:21:59Z,2026-08-19
SWE,Sweden,2018,248210,37892,0,31819,0,0,0,,0,unhcr_population,2025-12-31,2026-08-19T14:21:59Z,2026-08-19
SWE,Sweden,2019,253787,28006,0,53729,0,0,0,,0,unhcr_population,2025-12-31,2026-08-19T14:21:59Z,2026-08-19
SWE,Sweden,2020,248372,18603,0,50414,0,0,0,,0,unhcr_population,2025-12-31,2026-08-19T14:21:59Z,2026-08-19
SWE,Sweden,2021,240854,13954,0,46933,0,0,0,,0,unhcr_population,2025-12-31,2026-08-19T14:21:59Z,2026-08-19
SWE,Sweden,2022,277726,14469,0,42511,0,3008,0,,0,unhcr_population,2025-12-31,2026-08-19T14:21:59Z,2026-08-19
SWE,Sweden,2023,237632,11271,0,18698,0,3000,0,,0,unhcr_population,2025-12-31,2026-08-19T14:21:59Z,2026-08-19
SWE,Sweden,2024,163029,5490,0,6835,0,0,0,,0,unhcr_population,2025-12-31,2026-08-19T14:21:59Z,2026-08-19
SWE,Sweden,2025,144116,4661,0,5838,0,0,0,,0,unhcr_population,2025-12-31,2026-08-19T14:21:59Z,2026-08-19
SWZ,Eswatini,1970,135,0,0,0,0,0,0,,0,unhcr_population,2025-12-31,2026-08-19T14:21:59Z,2026-08-19
SWZ,Eswatini,1971,50,0,0,0,0,0,0,,0,unhcr_population,2025-12-31,2026-08-19T14:21:59Z,2026-08-19
SWZ,Eswatini,1972,80,0,0,0,0,0,0,,0,unhcr_population,2025-12-31,2026-08-19T14:21:59Z,2026-08-19
SWZ,Eswatini,1973,100,0,0,0,0,0,0,,0,unhcr_population,2025-12-31,2026-08-19T14:21:59Z,2026-08-19
SWZ,Eswatini,1974,50,0,0,0,0,0,0,,0,unhcr_population,2025-12-31,2026-08-19T14:21:59Z,2026-08-19
SWZ,Eswatini,1975,50,0,0,0,0,0,0,,0,unhcr_population,2025-12-31,2026-08-19T14:21:59Z,2026-08-19
SWZ,Eswatini,1976,80,0,0,0,0,0,0,,0,unhcr_population,2025-12-31,2026-08-19T14:21:59Z,2026-08-19
SWZ,Eswatini,1977,135,0,0,0,0,0,0,,0,unhcr_population,2025-12-31,2026-08-19T14:21:59Z,2026-08-19
SWZ,Eswatini,1978,720,0,0,0,0,0,0,,0,unhcr_population,2025-12-31,2026-08-19T14:21:59Z,2026-08-19
SWZ,Eswatini,1979,5250,0,0,0,0,0,0,,0,unhcr_population,2025-12-31,2026-08-19T14:21:59Z,2026-08-19
SWZ,Eswatini,1980,5470,0,0,0,0,0,0,,0,unhcr_population,2025-12-31,2026-08-19T14:21:59Z,2026-08-19
SWZ,Eswatini,1981,5610,0,0,0,0,0,0,,0,unhcr_population,2025-12-31,2026-08-19T14:21:59Z,2026-08-19
SWZ,Eswatini,1982,7350,0,0,0,0,0,0,,0,unhcr_population,2025-12-31,2026-08-19T14:21:59Z,2026-08-19
SWZ,Eswatini,1983,6230,0,0,0,0,90,0,,0,unhcr_population,2025-12-31,2026-08-19T14:21:59Z,2026-08-19
SWZ,Eswatini,1984,8980,0,0,0,0,0,0,,0,unhcr_population,2025-12-31,2026-08-19T14:21:59Z,2026-08-19
SWZ,Eswatini,1985,10770,0,0,0,0,0,0,,0,unhcr_population,2025-12-31,2026-08-19T14:21:59Z,2026-08-19
SWZ,Eswatini,1986,12130,0,0,0,0,0,0,,0,unhcr_population,2025-12-31,2026-08-19T14:21:59Z,2026-08-19
SWZ,Eswatini,1987,14550,0,0,0,0,0,0,,0,unhcr_population,2025-12-31,2026-08-19T14:21:59Z,2026-08-19
SWZ,Eswatini,1988,29430,0,0,0,0,0,0,,0,unhcr_population,2025-12-31,2026-08-19T14:21:59Z,2026-08-19
SWZ,Eswatini,1989,34908,0,0,0,0,0,0,,0,unhcr_population,2025-12-31,2026-08-19T14:21:59Z,2026-08-19
SWZ,Eswatini,1990,42074,0,0,0,0,0,0,,0,unhcr_population,2025-12-31,2026-08-19T14:21:59Z,2026-08-19
SWZ,Eswatini,1991,49569,0,0,0,0,620,0,,0,unhcr_population,2025-12-31,2026-08-19T14:21:59Z,2026-08-19
SWZ,Eswatini,1992,55580,0,0,0,0,0,0,,0,unhcr_population,2025-12-31,2026-08-19T14:21:59Z,2026-08-19
SWZ,Eswatini,1993,48890,0,0,0,0,5329,0,,0,unhcr_population,2025-12-31,2026-08-19T14:21:59Z,2026-08-19
SWZ,Eswatini,1994,645,0,0,0,0,11602,0,,0,unhcr_population,2025-12-31,2026-08-19T14:21:59Z,2026-08-19
SWZ,Eswatini,1995,712,0,0,0,0,26,0,,0,unhcr_population,2025-12-31,2026-08-19T14:21:59Z,2026-08-19
SWZ,Eswatini,1996,575,0,0,0,0,183,0,,0,unhcr_population,2025-12-31,2026-08-19T14:21:59Z,2026-08-19
SWZ,Eswatini,1997,591,0,0,0,0,5,0,,0,unhcr_population,2025-12-31,2026-08-19T14:21:59Z,2026-08-19
SWZ,Eswatini,1998,589,0,0,0,0,0,0,,0,unhcr_population,2025-12-31,2026-08-19T14:21:59Z,2026-08-19
SWZ,Eswatini,1999,613,0,0,0,0,0,0,,0,unhcr_population,2025-12-31,2026-08-19T14:21:59Z,2026-08-19
SWZ,Eswatini,2000,690,0,0,0,0,0,0,,0,unhcr_population,2025-12-31,2026-08-19T14:21:59Z,2026-08-19
SWZ,Eswatini,2001,690,360,0,0,0,0,0,,0,unhcr_population,2025-12-31,2026-08-19T14:21:59Z,2026-08-19
SWZ,Eswatini,2002,653,367,0,0,0,0,0,,0,unhcr_population,2025-12-31,2026-08-19T14:21:59Z,2026-08-19
SWZ,Eswatini,2003,685,326,0,0,0,0,0,,0,unhcr_population,2025-12-31,2026-08-19T14:21:59Z,2026-08-19
SWZ,Eswatini,2004,703,305,0,0,0,0,0,,0,unhcr_population,2025-12-31,2026-08-19T14:21:59Z,2026-08-19
SWZ,Eswatini,2005,763,256,0,0,0,0,0,,0,unhcr_population,2025-12-31,2026-08-19T14:21:59Z,2026-08-19
SWZ,Eswatini,2006,752,256,0,0,0,0,0,,0,unhcr_population,2025-12-31,2026-08-19T14:21:59Z,2026-08-19
SWZ,Eswatini,2007,789,251,0,0,0,0,0,,0,unhcr_population,2025-12-31,2026-08-19T14:21:59Z,2026-08-19
SWZ,Eswatini,2008,775,440,0,0,0,0,0,,0,unhcr_population,2025-12-31,2026-08-19T14:21:59Z,2026-08-19
SWZ,Eswatini,2009,757,603,0,0,0,5,0,,0,unhcr_population,2025-12-31,2026-08-19T14:21:59Z,2026-08-19
SWZ,Eswatini,2010,757,0,0,0,0,0,0,,0,unhcr_population,2025-12-31,2026-08-19T14:21:59Z,2026-08-19
SWZ,Eswatini,2011,757,0,0,0,0,0,0,,0,unhcr_population,2025-12-31,2026-08-19T14:21:59Z,2026-08-19
SWZ,Eswatini,2012,499,415,0,0,0,0,0,,0,unhcr_population,2025-12-31,2026-08-19T14:21:59Z,2026-08-19
SWZ,Eswatini,2013,501,531,0,0,0,0,0,,0,unhcr_population,2025-12-31,2026-08-19T14:21:59Z,2026-08-19
SWZ,Eswatini,2014,511,266,0,0,5,6,0,,0,unhcr_population,2025-12-31,2026-08-19T14:21:59Z,2026-08-19
SWZ,Eswatini,2015,694,263,0,0,0,0,0,,0,unhcr_population,2025-12-31,2026-08-19T14:21:59Z,2026-08-19
SWZ,Eswatini,2016,725,377,0,0,0,0,0,,0,unhcr_population,2025-12-31,2026-08-19T14:21:59Z,2026-08-19
SWZ,Eswatini,2017,790,544,0,0,0,0,0,,0,unhcr_population,2025-12-31,2026-08-19T14:21:59Z,2026-08-19
SWZ,Eswatini,2018,874,739,0,0,0,0,0,,0,unhcr_population,2025-12-31,2026-08-19T14:21:59Z,2026-08-19
SWZ,Eswatini,2019,940,963,0,0,0,0,0,,0,unhcr_population,2025-12-31,2026-08-19T14:21:59Z,2026-08-19
SWZ,Eswatini,2020,945,1104,0,0,0,0,0,,0,unhcr_population,2025-12-31,2026-08-19T14:21:59Z,2026-08-19
SWZ,Eswatini,2021,895,646,0,0,10,266,0,,0,unhcr_population,2025-12-31,2026-08-19T14:21:59Z,2026-08-19
SWZ,Eswatini,2022,1173,976,0,0,12,0,0,,0,unhcr_population,2025-12-31,2026-08-19T14:21:59Z,2026-08-19
SWZ,Eswatini,2023,1202,1772,0,0,12,13,0,,0,unhcr_population,2025-12-31,2026-08-19T14:21:59Z,2026-08-19
SWZ,Eswatini,2024,1295,3164,0,0,12,11,0,,0,unhcr_population,2025-12-31,2026-08-19T14:21:59Z,2026-08-19
SWZ,Eswatini,2025,1414,3511,0,0,12,0,0,,0,unhcr_population,2025-12-31,2026-08-19T14:21:59Z,2026-08-19
SXM,Sint Maarten (Dutch part),2010,0,5,0,0,0,0,0,,0,unhcr_population,2025-12-31,2026-08-19T14:21:59Z,2026-08-19
SXM,Sint Maarten (Dutch part),2011,5,0,0,0,0,0,0,,0,unhcr_population,2025-12-31,2026-08-19T14:21:59Z,2026-08-19
SXM,Sint Maarten (Dutch part),2012,5,5,0,0,0,0,0,,0,unhcr_population,2025-12-31,2026-08-19T14:21:59Z,2026-08-19
SXM,Sint Maarten (Dutch part),2013,5,0,0,0,0,0,0,,0,unhcr_population,2025-12-31,2026-08-19T14:21:59Z,2026-08-19
SXM,Sint Maarten (Dutch part),2014,5,5,0,0,0,0,0,,0,unhcr_population,2025-12-31,2026-08-19T14:21:59Z,2026-08-19
SXM,Sint Maarten (Dutch part),2015,5,10,0,0,0,0,0,,0,unhcr_population,2025-12-31,2026-08-19T14:21:59Z,2026-08-19
SXM,Sint Maarten (Dutch part),2016,5,5,0,0,0,0,0,,0,unhcr_population,2025-12-31,2026-08-19T14:21:59Z,2026-08-19
SXM,Sint Maarten (Dutch part),2017,5,0,0,0,0,0,0,,0,unhcr_population,2025-12-31,2026-08-19T14:21:59Z,2026-08-19
SXM,Sint Maarten (Dutch part),2018,5,0,0,0,0,0,0,,0,unhcr_population,2025-12-31,2026-08-19T14:21:59Z,2026-08-19
SXM,Sint Maarten (Dutch part),2019,5,5,0,0,0,0,0,,0,unhcr_population,2025-12-31,2026-08-19T14:21:59Z,2026-08-19
SXM,Sint Maarten (Dutch part),2020,0,8,0,0,0,0,0,,0,unhcr_population,2025-12-31,2026-08-19T14:21:59Z,2026-08-19
SXM,Sint Maarten (Dutch part),2021,0,41,0,0,0,0,0,,0,unhcr_population,2025-12-31,2026-08-19T14:21:59Z,2026-08-19
SXM,Sint Maarten (Dutch part),2022,0,122,0,0,0,0,0,,0,unhcr_population,2025-12-31,2026-08-19T14:21:59Z,2026-08-19
SXM,Sint Maarten (Dutch part),2023,5,128,0,0,10,0,0,,0,unhcr_population,2025-12-31,2026-08-19T14:21:59Z,2026-08-19
SXM,Sint Maarten (Dutch part),2024,12,144,0,0,12,0,0,,0,unhcr_population,2025-12-31,2026-08-19T14:21:59Z,2026-08-19
SXM,Sint Maarten (Dutch part),2025,17,141,0,0,12,0,0,,0,unhcr_population,2025-12-31,2026-08-19T14:21:59Z,2026-08-19
SYR,Syrian Arab Rep.,1978,170,0,0,0,0,0,0,,0,unhcr_population,2025-12-31,2026-08-19T14:21:59Z,2026-08-19
SYR,Syrian Arab Rep.,1979,200,0,0,0,0,0,0,,0,unhcr_population,2025-12-31,2026-08-19T14:21:59Z,2026-08-19
SYR,Syrian Arab Rep.,1980,350,0,0,0,0,0,0,,0,unhcr_population,2025-12-31,2026-08-19T14:21:59Z,2026-08-19
SYR,Syrian Arab Rep.,1981,1050,0,0,0,0,0,0,,0,unhcr_population,2025-12-31,2026-08-19T14:21:59Z,2026-08-19
SYR,Syrian Arab Rep.,1982,26570,0,0,0,0,2500,0,,0,unhcr_population,2025-12-31,2026-08-19T14:21:59Z,2026-08-19
SYR,Syrian Arab Rep.,1983,40490,0,0,0,0,0,0,,0,unhcr_population,2025-12-31,2026-08-19T14:21:59Z,2026-08-19
SYR,Syrian Arab Rep.,1984,34230,0,0,0,0,0,0,,0,unhcr_population,2025-12-31,2026-08-19T14:21:59Z,2026-08-19
SYR,Syrian Arab Rep.,1985,47750,0,0,0,0,1000,0,,0,unhcr_population,2025-12-31,2026-08-19T14:21:59Z,2026-08-19
SYR,Syrian Arab Rep.,1986,1330,0,0,0,0,0,0,,0,unhcr_population,2025-12-31,2026-08-19T14:21:59Z,2026-08-19
SYR,Syrian Arab Rep.,1988,280,0,0,0,0,0,0,,0,unhcr_population,2025-12-31,2026-08-19T14:21:59Z,2026-08-19
SYR,Syrian Arab Rep.,1990,4125,0,0,0,0,0,0,,0,unhcr_population,2025-12-31,2026-08-19T14:21:59Z,2026-08-19
SYR,Syrian Arab Rep.,1991,4210,0,0,0,0,0,0,,0,unhcr_population,2025-12-31,2026-08-19T14:21:59Z,2026-08-19
SYR,Syrian Arab Rep.,1992,6310,0,0,0,0,0,0,,0,unhcr_population,2025-12-31,2026-08-19T14:21:59Z,2026-08-19
SYR,Syrian Arab Rep.,1993,38710,0,0,0,0,0,0,,0,unhcr_population,2025-12-31,2026-08-19T14:21:59Z,2026-08-19
SYR,Syrian Arab Rep.,1994,40285,0,0,0,0,57,0,,0,unhcr_population,2025-12-31,2026-08-19T14:21:59Z,2026-08-19
SYR,Syrian Arab Rep.,1995,36222,0,0,0,0,25,0,,0,unhcr_population,2025-12-31,2026-08-19T14:21:59Z,2026-08-19
SYR,Syrian Arab Rep.,1996,27758,0,0,0,0,38,0,,0,unhcr_population,2025-12-31,2026-08-19T14:21:59Z,2026-08-19
SYR,Syrian Arab Rep.,1997,22705,0,0,0,0,0,0,,0,unhcr_population,2025-12-31,2026-08-19T14:21:59Z,2026-08-19
SYR,Syrian Arab Rep.,1998,20969,0,0,0,0,53,0,,0,unhcr_population,2025-12-31,2026-08-19T14:21:59Z,2026-08-19
SYR,Syrian Arab Rep.,1999,6464,0,0,0,2121,0,0,,0,unhcr_population,2025-12-31,2026-08-19T14:21:59Z,2026-08-19
SYR,Syrian Arab Rep.,2000,3461,2638,0,0,0,7,0,,0,unhcr_population,2025-12-31,2026-08-19T14:21:59Z,2026-08-19
SYR,Syrian Arab Rep.,2001,3348,598,0,0,0,222,0,,0,unhcr_population,2025-12-31,2026-08-19T14:21:59Z,2026-08-19
SYR,Syrian Arab Rep.,2002,2914,489,0,0,0,490,0,,0,unhcr_population,2025-12-31,2026-08-19T14:21:59Z,2026-08-19
SYR,Syrian Arab Rep.,2003,3676,931,0,0,5340,63,0,,0,unhcr_population,2025-12-31,2026-08-19T14:21:59Z,2026-08-19
SYR,Syrian Arab Rep.,2004,15600,771,0,300000,0,40,0,,0,unhcr_population,2025-12-31,2026-08-19T14:21:59Z,2026-08-19
SYR,Syrian Arab Rep.,2005,26087,1888,0,300000,0,0,0,,0,unhcr_population,2025-12-31,2026-08-19T14:21:59Z,2026-08-19
SYR,Syrian Arab Rep.,2006,702202,5187,0,300000,0,0,0,,0,unhcr_population,2025-12-31,2026-08-19T14:21:59Z,2026-08-19
SYR,Syrian Arab Rep.,2007,1503767,5862,0,300000,0,45000,0,,0,unhcr_population,2025-12-31,2026-08-19T14:21:59Z,2026-08-19
SYR,Syrian Arab Rep.,2008,1105693,2237,0,300000,0,4160,0,,0,unhcr_population,2025-12-31,2026-08-19T14:21:59Z,2026-08-19
SYR,Syrian Arab Rep.,2009,1054464,3054,0,300000,0,18220,0,,0,unhcr_population,2025-12-31,2026-08-19T14:21:59Z,2026-08-19
SYR,Syrian Arab Rep.,2010,1005471,2435,0,300000,0,194,0,,0,unhcr_population,2025-12-31,2026-08-19T14:21:59Z,2026-08-19
SYR,Syrian Arab Rep.,2011,755435,1813,0,231000,0,28235,0,,0,unhcr_population,2025-12-31,2026-08-19T14:21:59Z,2026-08-19
SYR,Syrian Arab Rep.,2012,476496,2216,2016500,221000,0,56935,0,,0,unhcr_population,2025-12-31,2026-08-19T14:21:59Z,2026-08-19
SYR,Syrian Arab Rep.,2013,149286,2480,6520800,160000,0,45853,0,,0,unhcr_population,2025-12-31,2026-08-19T14:21:59Z,2026-08-19
SYR,Syrian Arab Rep.,2014,149135,2747,7632500,160000,3270,1962,0,,0,unhcr_population,2025-12-31,2026-08-19T14:21:59Z,2026-08-19
SYR,Syrian Arab Rep.,2015,21112,5248,6563462,160000,3554,938,0,,0,unhcr_population,2025-12-31,2026-08-19T14:21:59Z,2026-08-19
SYR,Syrian Arab Rep.,2016,19807,12484,6325978,160000,13628,0,600000,,0,unhcr_population,2025-12-31,2026-08-19T14:21:59Z,2026-08-19
SYR,Syrian Arab Rep.,2017,19425,18098,6150005,160000,11213,22,597152,,0,unhcr_population,2025-12-31,2026-08-19T14:21:59Z,2026-08-19
SYR,Syrian Arab Rep.,2018,18817,18631,6183920,160000,7879,0,0,,0,unhcr_population,2025-12-31,2026-08-19T14:21:59Z,2026-08-19
SYR,Syrian Arab Rep.,2019,16213,12065,6146994,160000,30971,0,477360,,0,unhcr_population,2025-12-31,2026-08-19T14:21:59Z,2026-08-19
SYR,Syrian Arab Rep.,2020,15304,8769,6701972,160000,30846,0,69454,,0,unhcr_population,2025-12-31,2026-08-19T14:21:59Z,2026-08-19
SYR,Syrian Arab Rep.,2021,14308,8765,6865308,160000,29494,0,74251,,0,unhcr_population,2025-12-31,2026-08-19T14:21:59Z,2026-08-19
SYR,Syrian Arab Rep.,2022,13121,5538,6780994,160000,26980,12,255093,,15209720,unhcr_population,2025-12-31,2026-08-19T14:21:59Z,2026-08-19
SYR,Syrian Arab Rep.,2023,12011,4861,7248188,160000,0,0,155325,,16041461,unhcr_population,2025-12-31,2026-08-19T14:21:59Z,2026-08-19
SYR,Syrian Arab Rep.,2024,11635,4767,7408909,160000,17683,0,513896,,16471143,unhcr_population,2025-12-31,2026-08-19T14:21:59Z,2026-08-19
SYR,Syrian Arab Rep.,2025,9885,4144,5542227,160000,2325,0,1964201,,16504958,unhcr_population,2025-12-31,2026-08-19T14:21:59Z,2026-08-19
TCA,Turks and Caicos Islands,2012,0,21,0,0,0,0,0,,0,unhcr_population,2025-12-31,2026-08-19T14:21:59Z,2026-08-19
TCA,Turks and Caicos Islands,2013,5,5,0,0,0,0,0,,0,unhcr_population,2025-12-31,2026-08-19T14:21:59Z,2026-08-19
TCA,Turks and Caicos Islands,2014,5,5,0,0,0,0,0,,0,unhcr_population,2025-12-31,2026-08-19T14:21:59Z,2026-08-19
TCA,Turks and Caicos Islands,2015,5,0,0,0,0,0,0,,0,unhcr_population,2025-12-31,2026-08-19T14:21:59Z,2026-08-19
TCA,Turks and Caicos Islands,2016,5,0,0,0,0,0,0,,0,unhcr_population,2025-12-31,2026-08-19T14:21:59Z,2026-08-19
TCA,Turks and Caicos Islands,2017,5,0,0,0,0,0,0,,0,unhcr_population,2025-12-31,2026-08-19T14:21:59Z,2026-08-19
TCA,Turks and Caicos Islands,2018,5,0,0,0,0,0,0,,0,unhcr_population,2025-12-31,2026-08-19T14:21:59Z,2026-08-19
TCA,Turks and Caicos Islands,2019,5,0,0,0,0,0,0,,0,unhcr_population,2025-12-31,2026-08-19T14:21:59Z,2026-08-19
TCA,Turks and Caicos Islands,2020,8,0,0,0,0,0,0,,0,unhcr_population,2025-12-31,2026-08-19T14:21:59Z,2026-08-19
TCA,Turks and Caicos Islands,2021,7,0,0,0,0,0,0,,0,unhcr_population,2025-12-31,2026-08-19T14:21:59Z,2026-08-19
TCA,Turks and Caicos Islands,2022,7,0,0,0,0,0,0,,0,unhcr_population,2025-12-31,2026-08-19T14:21:59Z,2026-08-19
TCA,Turks and Caicos Islands,2023,7,0,0,0,0,0,0,,0,unhcr_population,2025-12-31,2026-08-19T14:21:59Z,2026-08-19
TCA,Turks and Caicos Islands,2024,8,0,0,0,0,0,0,,0,unhcr_population,2025-12-31,2026-08-19T14:21:59Z,2026-08-19
TCA,Turks and Caicos Islands,2025,8,0,0,0,0,0,0,,0,unhcr_population,2025-12-31,2026-08-19T14:21:59Z,2026-08-19
TCD,Chad,1992,70,0,0,0,0,0,0,,0,unhcr_population,2025-12-31,2026-08-19T14:21:59Z,2026-08-19
TCD,Chad,1993,62,0,0,0,0,0,0,,0,unhcr_population,2025-12-31,2026-08-19T14:21:59Z,2026-08-19
TCD,Chad,1994,105,0,0,0,0,0,0,,0,unhcr_population,2025-12-31,2026-08-19T14:21:59Z,2026-08-19
TCD,Chad,1995,100,0,0,0,0,0,0,,0,unhcr_population,2025-12-31,2026-08-19T14:21:59Z,2026-08-19
TCD,Chad,1996,100,0,0,0,0,0,0,,0,unhcr_population,2025-12-31,2026-08-19T14:21:59Z,2026-08-19
TCD,Chad,1997,298,0,0,0,0,0,0,,0,unhcr_population,2025-12-31,2026-08-19T14:21:59Z,2026-08-19
TCD,Chad,1998,8807,0,0,0,0,0,0,,0,unhcr_population,2025-12-31,2026-08-19T14:21:59Z,2026-08-19
TCD,Chad,1999,23477,0,0,0,0,0,0,,0,unhcr_population,2025-12-31,2026-08-19T14:21:59Z,2026-08-19
TCD,Chad,2000,17689,544,0,0,0,19,0,,0,unhcr_population,2025-12-31,2026-08-19T14:21:59Z,2026-08-19
TCD,Chad,2001,12950,645,0,0,0,4982,0,,0,unhcr_population,2025-12-31,2026-08-19T14:21:59Z,2026-08-19
TCD,Chad,2002,33455,1033,0,0,0,124,0,,0,unhcr_population,2025-12-31,2026-08-19T14:21:59Z,2026-08-19
TCD,Chad,2003,146396,162,0,0,0,98,0,,0,unhcr_population,2025-12-31,2026-08-19T14:21:59Z,2026-08-19
TCD,Chad,2004,259880,0,0,0,0,13,0,,0,unhcr_population,2025-12-31,2026-08-19T14:21:59Z,2026-08-19
TCD,Chad,2005,275412,63,0,0,0,0,0,,0,unhcr_population,2025-12-31,2026-08-19T14:21:59Z,2026-08-19
TCD,Chad,2006,286743,10,112686,0,0,8566,0,,0,unhcr_population,2025-12-31,2026-08-19T14:21:59Z,2026-08-19
TCD,Chad,2007,294017,44,178918,0,0,61,0,,0,unhcr_population,2025-12-31,2026-08-19T14:21:59Z,2026-08-19
TCD,Chad,2008,330510,51,166718,0,0,22048,37615,,0,unhcr_population,2025-12-31,2026-08-19T14:21:59Z,2026-08-19
TCD,Chad,2009,338495,59,170531,0,0,966,20771,,0,unhcr_population,2025-12-31,2026-08-19T14:21:59Z,2026-08-19
TCD,Chad,2010,347931,105,131000,0,0,4000,50000,,0,unhcr_population,2025-12-31,2026-08-19T14:21:59Z,2026-08-19
TCD,Chad,2011,366491,162,124000,0,0,37364,7000,,0,unhcr_population,2025-12-31,2026-08-19T14:21:59Z,2026-08-19
TCD,Chad,2012,373690,173,90000,0,0,19623,35000,,0,unhcr_population,2025-12-31,2026-08-19T14:21:59Z,2026-08-19
TCD,Chad,2013,434476,303,19791,0,0,16935,0,,0,unhcr_population,2025-12-31,2026-08-19T14:21:59Z,2026-08-19
TCD,Chad,2014,452897,1793,0,0,50000,13105,0,,0,unhcr_population,2025-12-31,2026-08-19T14:21:59Z,2026-08-19
TCD,Chad,2015,369538,2890,51999,0,50000,49221,0,,0,unhcr_population,2025-12-31,2026-08-19T14:21:59Z,2026-08-19
TCD,Chad,2016,391235,1908,124342,0,36718,49913,0,,0,unhcr_population,2025-12-31,2026-08-19T14:21:59Z,2026-08-19
TCD,Chad,2017,411475,660,99983,0,99103,38857,0,,0,unhcr_population,2025-12-31,2026-08-19T14:21:59Z,2026-08-19
TCD,Chad,2018,451203,3467,165314,0,36718,11825,0,,0,unhcr_population,2025-12-31,2026-08-19T14:21:59Z,2026-08-19
TCD,Chad,2019,442670,3756,170278,0,122359,15729,0,,0,unhcr_population,2025-12-31,2026-08-19T14:21:59Z,2026-08-19
TCD,Chad,2020,478649,4568,336124,0,99765,36,0,,0,unhcr_population,2025-12-31,2026-08-19T14:21:59Z,2026-08-19
TCD,Chad,2021,555782,4705,406573,0,106913,150,0,,0,unhcr_population,2025-12-31,2026-08-19T14:21:59Z,2026-08-19
TCD,Chad,2022,592764,4953,381289,0,101551,34063,0,,0,unhcr_population,2025-12-31,2026-08-19T14:21:59Z,2026-08-19
TCD,Chad,2023,1100921,4916,215928,0,100543,9943,0,,0,unhcr_population,2025-12-31,2026-08-19T14:21:59Z,2026-08-19
TCD,Chad,2024,1278866,7779,220610,0,317279,18087,0,,0,unhcr_population,2025-12-31,2026-08-19T14:21:59Z,2026-08-19
TCD,Chad,2025,1502263,9371,219595,0,449632,42426,24165,,0,unhcr_population,2025-12-31,2026-08-19T14:21:59Z,2026-08-19
TGO,Togo,1961,5000,0,0,0,0,0,0,,0,unhcr_population,2025-12-31,2026-08-19T14:21:59Z,2026-08-19
TGO,Togo,1962,5000,0,0,0,0,0,0,,0,unhcr_population,2025-12-31,2026-08-19T14:21:59Z,2026-08-19
TGO,Togo,1963,5000,0,0,0,0,0,0,,0,unhcr_population,2025-12-31,2026-08-19T14:21:59Z,2026-08-19
TGO,Togo,1964,5000,0,0,0,0,0,0,,0,unhcr_population,2025-12-31,2026-08-19T14:21:59Z,2026-08-19
TGO,Togo,1965,5000,0,0,0,0,0,0,,0,unhcr_population,2025-12-31,2026-08-19T14:21:59Z,2026-08-19
TGO,Togo,1966,0,0,0,0,0,5000,0,,0,unhcr_population,2025-12-31,2026-08-19T14:21:59Z,2026-08-19
TGO,Togo,1969,200,0,0,0,0,0,0,,0,unhcr_population,2025-12-31,2026-08-19T14:21:59Z,2026-08-19
TGO,Togo,1976,100,0,0,0,0,0,0,,0,unhcr_population,2025-12-31,2026-08-19T14:21:59Z,2026-08-19
TGO,Togo,1982,200,0,0,0,0,0,0,,0,unhcr_population,2025-12-31,2026-08-19T14:21:59Z,2026-08-19
TGO,Togo,1983,1770,0,0,0,0,0,0,,0,unhcr_population,2025-12-31,2026-08-19T14:21:59Z,2026-08-19
TGO,Togo,1984,1800,0,0,0,0,0,0,,0,unhcr_population,2025-12-31,2026-08-19T14:21:59Z,2026-08-19
TGO,Togo,1985,3050,0,0,0,0,0,0,,0,unhcr_population,2025-12-31,2026-08-19T14:21:59Z,2026-08-19
TGO,Togo,1986,2610,0,0,0,0,0,0,,0,unhcr_population,2025-12-31,2026-08-19T14:21:59Z,2026-08-19
TGO,Togo,1987,3460,0,0,0,0,0,0,,0,unhcr_population,2025-12-31,2026-08-19T14:21:59Z,2026-08-19
TGO,Togo,1988,3422,0,0,0,0,0,0,,0,unhcr_population,2025-12-31,2026-08-19T14:21:59Z,2026-08-19
TGO,Togo,1989,3401,0,0,0,0,60,0,,0,unhcr_population,2025-12-31,2026-08-19T14:21:59Z,2026-08-19
TGO,Togo,1990,3477,0,0,0,0,50,0,,0,unhcr_population,2025-12-31,2026-08-19T14:21:59Z,2026-08-19
TGO,Togo,1991,3406,0,0,0,0,70,0,,0,unhcr_population,2025-12-31,2026-08-19T14:21:59Z,2026-08-19
TGO,Togo,1992,3353,0,0,0,0,0,0,,0,unhcr_population,2025-12-31,2026-08-19T14:21:59Z,2026-08-19
TGO,Togo,1993,3280,0,0,0,0,0,0,,0,unhcr_population,2025-12-31,2026-08-19T14:21:59Z,2026-08-19
TGO,Togo,1994,12367,0,0,0,0,5,0,,0,unhcr_population,2025-12-31,2026-08-19T14:21:59Z,2026-08-19
TGO,Togo,1995,10877,0,0,0,0,0,0,,0,unhcr_population,2025-12-31,2026-08-19T14:21:59Z,2026-08-19
TGO,Togo,1996,12588,0,0,0,0,0,0,,0,unhcr_population,2025-12-31,2026-08-19T14:21:59Z,2026-08-19
TGO,Togo,1997,12682,0,0,0,0,0,0,,0,unhcr_population,2025-12-31,2026-08-19T14:21:59Z,2026-08-19
TGO,Togo,1998,11816,0,0,0,0,1077,0,,0,unhcr_population,2025-12-31,2026-08-19T14:21:59Z,2026-08-19
TGO,Togo,1999,12113,0,0,0,0,0,0,,0,unhcr_population,2025-12-31,2026-08-19T14:21:59Z,2026-08-19
TGO,Togo,2000,12223,79,0,0,0,0,0,,0,unhcr_population,2025-12-31,2026-08-19T14:21:59Z,2026-08-19
TGO,Togo,2001,12257,76,0,0,0,0,0,,0,unhcr_population,2025-12-31,2026-08-19T14:21:59Z,2026-08-19
TGO,Togo,2002,12295,118,0,0,0,0,0,,0,unhcr_population,2025-12-31,2026-08-19T14:21:59Z,2026-08-19
TGO,Togo,2003,12396,329,0,0,0,10,0,,0,unhcr_population,2025-12-31,2026-08-19T14:21:59Z,2026-08-19
TGO,Togo,2004,11286,372,0,0,0,7,0,,0,unhcr_population,2025-12-31,2026-08-19T14:21:59Z,2026-08-19
TGO,Togo,2005,9288,407,3000,0,0,10,6000,,0,unhcr_population,2025-12-31,2026-08-19T14:21:59Z,2026-08-19
TGO,Togo,2006,6330,434,0,0,0,21,3000,,0,unhcr_population,2025-12-31,2026-08-19T14:21:59Z,2026-08-19
TGO,Togo,2007,1330,124,0,0,0,11,0,,0,unhcr_population,2025-12-31,2026-08-19T14:21:59Z,2026-08-19
TGO,Togo,2008,9377,448,0,0,0,0,0,,0,unhcr_population,2025-12-31,2026-08-19T14:21:59Z,2026-08-19
TGO,Togo,2009,8534,148,0,0,0,16,0,,0,unhcr_population,2025-12-31,2026-08-19T14:21:59Z,2026-08-19
TGO,Togo,2010,14051,144,0,0,0,5,0,,0,unhcr_population,2025-12-31,2026-08-19T14:21:59Z,2026-08-19
TGO,Togo,2011,19271,375,0,0,0,67,0,,0,unhcr_population,2025-12-31,2026-08-19T14:21:59Z,2026-08-19
TGO,Togo,2012,23539,399,0,0,0,460,0,,0,unhcr_population,2025-12-31,2026-08-19T14:21:59Z,2026-08-19
TGO,Togo,2013,20613,426,0,0,0,661,0,,0,unhcr_population,2025-12-31,2026-08-19T14:21:59Z,2026-08-19
TGO,Togo,2014,21773,710,0,0,0,94,0,,0,unhcr_population,2025-12-31,2026-08-19T14:21:59Z,2026-08-19
TGO,Togo,2015,21949,745,0,0,0,99,0,,0,unhcr_population,2025-12-31,2026-08-19T14:21:59Z,2026-08-19
TGO,Togo,2016,12486,777,0,0,0,51,0,,0,unhcr_population,2025-12-31,2026-08-19T14:21:59Z,2026-08-19
TGO,Togo,2017,12425,744,0,0,0,99,0,,0,unhcr_population,2025-12-31,2026-08-19T14:21:59Z,2026-08-19
TGO,Togo,2018,12335,694,0,0,0,298,0,,0,unhcr_population,2025-12-31,2026-08-19T14:21:59Z,2026-08-19
TGO,Togo,2019,11964,692,0,0,0,82,0,,0,unhcr_population,2025-12-31,2026-08-19T14:21:59Z,2026-08-19
TGO,Togo,2020,10798,660,0,0,0,17,0,,0,unhcr_population,2025-12-31,2026-08-19T14:21:59Z,2026-08-19
TGO,Togo,2021,10683,810,0,0,0,175,0,,0,unhcr_population,2025-12-31,2026-08-19T14:21:59Z,2026-08-19
TGO,Togo,2022,9300,576,0,0,0,696,0,,0,unhcr_population,2025-12-31,2026-08-19T14:21:59Z,2026-08-19
TGO,Togo,2023,28240,4400,9680,0,0,5,0,,0,unhcr_population,2025-12-31,2026-08-19T14:21:59Z,2026-08-19
TGO,Togo,2024,47494,1262,9680,0,0,11,0,,0,unhcr_population,2025-12-31,2026-08-19T14:21:59Z,2026-08-19
TGO,Togo,2025,54167,4282,10171,0,0,5,0,,0,unhcr_population,2025-12-31,2026-08-19T14:21:59Z,2026-08-19
THA,Thailand,1975,75760,0,0,0,0,180,0,,0,unhcr_population,2025-12-31,2026-08-19T14:21:59Z,2026-08-19
THA,Thailand,1976,82870,0,0,0,0,0,0,,0,unhcr_population,2025-12-31,2026-08-19T14:21:59Z,2026-08-19
THA,Thailand,1977,97600,0,0,0,0,0,0,,0,unhcr_population,2025-12-31,2026-08-19T14:21:59Z,2026-08-19
THA,Thailand,1978,138950,0,0,0,0,0,0,,0,unhcr_population,2025-12-31,2026-08-19T14:21:59Z,2026-08-19
THA,Thailand,1979,151620,0,0,0,0,0,0,,0,unhcr_population,2025-12-31,2026-08-19T14:21:59Z,2026-08-19
THA,Thailand,1980,261360,0,0,0,0,184000,0,,0,unhcr_population,2025-12-31,2026-08-19T14:21:59Z,2026-08-19
THA,Thailand,1981,192990,0,0,0,0,2940,0,,0,unhcr_population,2025-12-31,2026-08-19T14:21:59Z,2026-08-19
THA,Thailand,1982,168980,0,0,0,0,1070,0,,0,unhcr_population,2025-12-31,2026-08-19T14:21:59Z,2026-08-19
THA,Thailand,1983,144320,0,0,0,0,595,0,,0,unhcr_population,2025-12-31,2026-08-19T14:21:59Z,2026-08-19
THA,Thailand,1984,128500,0,0,0,0,203,0,,0,unhcr_population,2025-12-31,2026-08-19T14:21:59Z,2026-08-19
THA,Thailand,1985,130420,0,0,0,0,2345,0,,0,unhcr_population,2025-12-31,2026-08-19T14:21:59Z,2026-08-19
THA,Thailand,1986,119920,0,0,0,0,2870,0,,0,unhcr_population,2025-12-31,2026-08-19T14:21:59Z,2026-08-19
THA,Thailand,1987,112740,0,0,0,0,2640,0,,0,unhcr_population,2025-12-31,2026-08-19T14:21:59Z,2026-08-19
THA,Thailand,1988,107799,0,0,0,0,270,0,,0,unhcr_population,2025-12-31,2026-08-19T14:21:59Z,2026-08-19
THA,Thailand,1989,99935,0,0,0,0,2009,0,,0,unhcr_population,2025-12-31,2026-08-19T14:21:59Z,2026-08-19
THA,Thailand,1990,99821,0,0,0,0,3263,0,,0,unhcr_population,2025-12-31,2026-08-19T14:21:59Z,2026-08-19
THA,Thailand,1991,88164,0,0,0,0,5193,0,,0,unhcr_population,2025-12-31,2026-08-19T14:21:59Z,2026-08-19
THA,Thailand,1992,63625,0,0,0,0,13545,0,,0,unhcr_population,2025-12-31,2026-08-19T14:21:59Z,2026-08-19
THA,Thailand,1993,119232,0,0,0,0,12934,0,,0,unhcr_population,2025-12-31,2026-08-19T14:21:59Z,2026-08-19
THA,Thailand,1994,100817,0,0,0,0,7540,0,,0,unhcr_population,2025-12-31,2026-08-19T14:21:59Z,2026-08-19
THA,Thailand,1995,106565,0,0,0,0,7706,0,,0,unhcr_population,2025-12-31,2026-08-19T14:21:59Z,2026-08-19
THA,Thailand,1996,107962,0,0,0,0,4707,0,,0,unhcr_population,2025-12-31,2026-08-19T14:21:59Z,2026-08-19
THA,Thailand,1997,169154,0,0,0,200,3547,0,,0,unhcr_population,2025-12-31,2026-08-19T14:21:59Z,2026-08-19
THA,Thailand,1998,138334,0,0,0,1200,7149,0,,0,unhcr_population,2025-12-31,2026-08-19T14:21:59Z,2026-08-19
THA,Thailand,1999,100133,0,0,0,38,37349,0,,0,unhcr_population,2025-12-31,2026-08-19T14:21:59Z,2026-08-19
THA,Thailand,2000,104966,360,0,0,5,15,0,,0,unhcr_population,2025-12-31,2026-08-19T14:21:59Z,2026-08-19
THA,Thailand,2001,110711,343,0,0,5,0,0,,0,unhcr_population,2025-12-31,2026-08-19T14:21:59Z,2026-08-19
THA,Thailand,2002,112614,1051,0,0,5,0,0,,0,unhcr_population,2025-12-31,2026-08-19T14:21:59Z,2026-08-19
THA,Thailand,2003,119056,2645,0,0,5,0,0,,0,unhcr_population,2025-12-31,2026-08-19T14:21:59Z,2026-08-19
THA,Thailand,2004,121145,1038,0,0,5,0,0,,0,unhcr_population,2025-12-31,2026-08-19T14:21:59Z,2026-08-19
THA,Thailand,2005,117050,32137,0,0,135,0,0,,0,unhcr_population,2025-12-31,2026-08-19T14:21:59Z,2026-08-19
THA,Thailand,2006,133107,18406,0,0,288,0,0,,0,unhcr_population,2025-12-31,2026-08-19T14:21:59Z,2026-08-19
THA,Thailand,2007,125627,13471,0,0,0,5,0,,0,unhcr_population,2025-12-31,2026-08-19T14:21:59Z,2026-08-19
THA,Thailand,2008,112916,12563,0,3500000,0,0,0,,0,unhcr_population,2025-12-31,2026-08-19T14:21:59Z,2026-08-19
THA,Thailand,2009,105286,10245,0,3500000,0,0,0,,0,unhcr_population,2025-12-31,2026-08-19T14:21:59Z,2026-08-19
THA,Thailand,2010,96666,10233,0,542505,0,0,0,,0,unhcr_population,2025-12-31,2026-08-19T14:21:59Z,2026-08-19
THA,Thailand,2011,89245,13331,0,506197,0,0,0,,0,unhcr_population,2025-12-31,2026-08-19T14:21:59Z,2026-08-19
THA,Thailand,2012,84475,14554,0,506197,0,0,0,,0,unhcr_population,2025-12-31,2026-08-19T14:21:59Z,2026-08-19
THA,Thailand,2013,136489,4685,0,506197,216,3000,0,,0,unhcr_population,2025-12-31,2026-08-19T14:21:59Z,2026-08-19
THA,Thailand,2014,130227,7917,0,506197,395,0,0,,0,unhcr_population,2025-12-31,2026-08-19T14:21:59Z,2026-08-19
THA,Thailand,2015,108252,8248,0,443862,438,22,0,,0,unhcr_population,2025-12-31,2026-08-19T14:21:59Z,2026-08-19
THA,Thailand,2016,106431,4986,0,487741,261,83,0,,0,unhcr_population,2025-12-31,2026-08-19T14:21:59Z,2026-08-19
THA,Thailand,2017,104605,2046,0,486440,109,9,0,,0,unhcr_population,2025-12-31,2026-08-19T14:21:59Z,2026-08-19
THA,Thailand,2018,102234,934,0,478843,98,100,0,,0,unhcr_population,2025-12-31,2026-08-19T14:21:59Z,2026-08-19
THA,Thailand,2019,97556,837,0,475007,119,880,0,,0,unhcr_population,2025-12-31,2026-08-19T14:21:59Z,2026-08-19
THA,Thailand,2020,96179,852,0,480695,146,10,0,,0,unhcr_population,2025-12-31,2026-08-19T14:21:59Z,2026-08-19
THA,Thailand,2021,100510,677,0,561527,198,5,0,,0,unhcr_population,2025-12-31,2026-08-19T14:21:59Z,2026-08-19
THA,Thailand,2022,94472,926,0,574219,321,0,0,,0,unhcr_population,2025-12-31,2026-08-19T14:21:59Z,2026-08-19
THA,Thailand,2023,87314,1674,0,587132,584,0,0,,0,unhcr_population,2025-12-31,2026-08-19T14:21:59Z,2026-08-19
THA,Thailand,2024,84421,2604,0,612524,513,0,0,,0,unhcr_population,2025-12-31,2026-08-19T14:21:59Z,2026-08-19
THA,Thailand,2025,84017,2880,0,610791,464,0,0,,0,unhcr_population,2025-12-31,2026-08-19T14:21:59Z,2026-08-19
TJK,Tajikistan,1992,3000,0,0,0,0,0,0,,0,unhcr_population,2025-12-31,2026-08-19T14:21:59Z,2026-08-19
TJK,Tajikistan,1993,300,0,520000,0,0,0,0,,0,unhcr_population,2025-12-31,2026-08-19T14:21:59Z,2026-08-19
TJK,Tajikistan,1994,695,0,16000,0,0,0,0,,0,unhcr_population,2025-12-31,2026-08-19T14:21:59Z,2026-08-19
TJK,Tajikistan,1995,620,0,16700,0,0,50,0,,0,unhcr_population,2025-12-31,2026-08-19T14:21:59Z,2026-08-19
TJK,Tajikistan,1996,1166,0,25285,0,0,10,0,,0,unhcr_population,2025-12-31,2026-08-19T14:21:59Z,2026-08-19
TJK,Tajikistan,1997,2176,0,0,0,0,0,0,,0,unhcr_population,2025-12-31,2026-08-19T14:21:59Z,2026-08-19
TJK,Tajikistan,1998,3634,0,0,0,0,10786,0,,0,unhcr_population,2025-12-31,2026-08-19T14:21:59Z,2026-08-19
TJK,Tajikistan,1999,4541,0,0,0,0,0,0,,0,unhcr_population,2025-12-31,2026-08-19T14:21:59Z,2026-08-19
TJK,Tajikistan,2000,15364,233,0,0,0,0,0,,0,unhcr_population,2025-12-31,2026-08-19T14:21:59Z,2026-08-19
TJK,Tajikistan,2001,15346,381,0,0,0,0,0,,0,unhcr_population,2025-12-31,2026-08-19T14:21:59Z,2026-08-19
TJK,Tajikistan,2002,3437,365,0,0,0,11820,0,,0,unhcr_population,2025-12-31,2026-08-19T14:21:59Z,2026-08-19
TJK,Tajikistan,2003,3304,433,0,0,0,144,0,,0,unhcr_population,2025-12-31,2026-08-19T14:21:59Z,2026-08-19
TJK,Tajikistan,2004,1835,458,0,0,0,65,0,,0,unhcr_population,2025-12-31,2026-08-19T14:21:59Z,2026-08-19
TJK,Tajikistan,2005,1020,22,0,0,0,25,0,,0,unhcr_population,2025-12-31,2026-08-19T14:21:59Z,2026-08-19
TJK,Tajikistan,2006,930,238,0,184,0,51,0,,0,unhcr_population,2025-12-31,2026-08-19T14:21:59Z,2026-08-19
TJK,Tajikistan,2007,1136,142,0,249,0,27,0,,0,unhcr_population,2025-12-31,2026-08-19T14:21:59Z,2026-08-19
TJK,Tajikistan,2008,1800,41,0,249,0,15,0,,0,unhcr_population,2025-12-31,2026-08-19T14:21:59Z,2026-08-19
TJK,Tajikistan,2009,2678,1510,0,2626,0,20,0,,0,unhcr_population,2025-12-31,2026-08-19T14:21:59Z,2026-08-19
TJK,Tajikistan,2010,3131,1654,0,2300,0,38,0,,0,unhcr_population,2025-12-31,2026-08-19T14:21:59Z,2026-08-19
TJK,Tajikistan,2011,3322,2026,0,2300,0,52,0,,0,unhcr_population,2025-12-31,2026-08-19T14:21:59Z,2026-08-19
TJK,Tajikistan,2012,2248,2140,0,2300,0,6,0,,0,unhcr_population,2025-12-31,2026-08-19T14:21:59Z,2026-08-19
TJK,Tajikistan,2013,2050,2270,0,1364,0,41,0,,0,unhcr_population,2025-12-31,2026-08-19T14:21:59Z,2026-08-19
TJK,Tajikistan,2014,2027,123,0,1364,77,53,0,,0,unhcr_population,2025-12-31,2026-08-19T14:21:59Z,2026-08-19
TJK,Tajikistan,2015,1963,286,0,19469,52,102,0,,0,unhcr_population,2025-12-31,2026-08-19T14:21:59Z,2026-08-19
TJK,Tajikistan,2016,2724,431,0,17002,0,119,0,,0,unhcr_population,2025-12-31,2026-08-19T14:21:59Z,2026-08-19
TJK,Tajikistan,2017,2521,440,0,10500,0,108,0,,0,unhcr_population,2025-12-31,2026-08-19T14:21:59Z,2026-08-19
TJK,Tajikistan,2018,2654,315,0,4616,0,74,0,,0,unhcr_population,2025-12-31,2026-08-19T14:21:59Z,2026-08-19
TJK,Tajikistan,2019,3788,1413,0,7151,0,76,0,,0,unhcr_population,2025-12-31,2026-08-19T14:21:59Z,2026-08-19
TJK,Tajikistan,2020,5578,408,0,6385,0,39,0,,0,unhcr_population,2025-12-31,2026-08-19T14:21:59Z,2026-08-19
TJK,Tajikistan,2021,10724,3046,0,6110,0,5,0,,0,unhcr_population,2025-12-31,2026-08-19T14:21:59Z,2026-08-19
TJK,Tajikistan,2022,8608,1113,0,5391,0,15,0,,0,unhcr_population,2025-12-31,2026-08-19T14:21:59Z,2026-08-19
TJK,Tajikistan,2023,10092,1387,0,3827,0,33,0,,0,unhcr_population,2025-12-31,2026-08-19T14:21:59Z,2026-08-19
TJK,Tajikistan,2024,12157,3034,0,4466,0,66,0,,0,unhcr_population,2025-12-31,2026-08-19T14:21:59Z,2026-08-19
TJK,Tajikistan,2025,8620,3238,0,3980,0,1421,0,1550,0,unhcr_population,2025-12-31,2026-08-19T14:21:59Z,2026-08-19
TKM,Turkmenistan,1993,15400,0,0,0,0,0,0,,0,unhcr_population,2025-12-31,2026-08-19T14:21:59Z,2026-08-19
TKM,Turkmenistan,1994,15400,0,0,0,0,0,0,,0,unhcr_population,2025-12-31,2026-08-19T14:21:59Z,2026-08-19
TKM,Turkmenistan,1995,23324,0,0,0,0,0,0,,0,unhcr_population,2025-12-31,2026-08-19T14:21:59Z,2026-08-19
TKM,Turkmenistan,1996,15582,0,0,0,0,7095,0,,0,unhcr_population,2025-12-31,2026-08-19T14:21:59Z,2026-08-19
TKM,Turkmenistan,1997,15787,0,0,0,0,2000,0,,0,unhcr_population,2025-12-31,2026-08-19T14:21:59Z,2026-08-19
TKM,Turkmenistan,1998,14626,0,0,0,20,2490,0,,0,unhcr_population,2025-12-31,2026-08-19T14:21:59Z,2026-08-19
TKM,Turkmenistan,1999,18461,0,0,0,0,2337,0,,0,unhcr_population,2025-12-31,2026-08-19T14:21:59Z,2026-08-19
TKM,Turkmenistan,2000,14188,566,0,0,0,347,0,,0,unhcr_population,2025-12-31,2026-08-19T14:21:59Z,2026-08-19
TKM,Turkmenistan,2001,14003,489,0,0,0,361,0,,0,unhcr_population,2025-12-31,2026-08-19T14:21:59Z,2026-08-19
TKM,Turkmenistan,2002,13691,0,0,0,0,399,0,,0,unhcr_population,2025-12-31,2026-08-19T14:21:59Z,2026-08-19
TKM,Turkmenistan,2003,13509,5,0,0,0,163,0,,0,unhcr_population,2025-12-31,2026-08-19T14:21:59Z,2026-08-19
TKM,Turkmenistan,2004,13252,0,0,0,0,250,0,,0,unhcr_population,2025-12-31,2026-08-19T14:21:59Z,2026-08-19
TKM,Turkmenistan,2005,11965,0,0,0,0,44,0,,0,unhcr_population,2025-12-31,2026-08-19T14:21:59Z,2026-08-19
TKM,Turkmenistan,2006,751,0,0,0,0,7,0,,0,unhcr_population,2025-12-31,2026-08-19T14:21:59Z,2026-08-19
TKM,Turkmenistan,2007,126,16,0,8500,0,5,0,,0,unhcr_population,2025-12-31,2026-08-19T14:21:59Z,2026-08-19
TKM,Turkmenistan,2008,81,0,0,8500,0,6,0,,0,unhcr_population,2025-12-31,2026-08-19T14:21:59Z,2026-08-19
TKM,Turkmenistan,2009,62,0,0,12000,0,5,0,,0,unhcr_population,2025-12-31,2026-08-19T14:21:59Z,2026-08-19
TKM,Turkmenistan,2010,64,0,0,20000,0,0,0,,0,unhcr_population,2025-12-31,2026-08-19T14:21:59Z,2026-08-19
TKM,Turkmenistan,2011,59,0,0,11000,0,5,0,,0,unhcr_population,2025-12-31,2026-08-19T14:21:59Z,2026-08-19
TKM,Turkmenistan,2012,46,0,0,8947,0,0,0,,0,unhcr_population,2025-12-31,2026-08-19T14:21:59Z,2026-08-19
TKM,Turkmenistan,2013,45,0,0,8320,0,0,0,,0,unhcr_population,2025-12-31,2026-08-19T14:21:59Z,2026-08-19
TKM,Turkmenistan,2014,34,0,0,7511,0,31,0,,0,unhcr_population,2025-12-31,2026-08-19T14:21:59Z,2026-08-19
TKM,Turkmenistan,2015,25,0,0,7125,0,7,0,,0,unhcr_population,2025-12-31,2026-08-19T14:21:59Z,2026-08-19
TKM,Turkmenistan,2016,26,0,0,5744,0,0,0,,0,unhcr_population,2025-12-31,2026-08-19T14:21:59Z,2026-08-19
TKM,Turkmenistan,2017,22,0,0,3851,0,0,0,,0,unhcr_population,2025-12-31,2026-08-19T14:21:59Z,2026-08-19
TKM,Turkmenistan,2018,21,0,0,4714,0,0,0,,0,unhcr_population,2025-12-31,2026-08-19T14:21:59Z,2026-08-19
TKM,Turkmenistan,2019,21,0,0,3688,0,0,0,,0,unhcr_population,2025-12-31,2026-08-19T14:21:59Z,2026-08-19
TKM,Turkmenistan,2020,20,0,0,3924,0,0,0,,0,unhcr_population,2025-12-31,2026-08-19T14:21:59Z,2026-08-19
TKM,Turkmenistan,2021,16,0,0,4280,0,0,0,,0,unhcr_population,2025-12-31,2026-08-19T14:21:59Z,2026-08-19
TKM,Turkmenistan,2022,14,0,0,4527,0,0,0,,0,unhcr_population,2025-12-31,2026-08-19T14:21:59Z,2026-08-19
TKM,Turkmenistan,2023,3614,0,0,3583,0,0,0,,0,unhcr_population,2025-12-31,2026-08-19T14:21:59Z,2026-08-19
TKM,Turkmenistan,2024,3409,0,0,0,0,0,0,,0,unhcr_population,2025-12-31,2026-08-19T14:21:59Z,2026-08-19
TKM,Turkmenistan,2025,9,0,0,0,0,0,0,3200,0,unhcr_population,2025-12-31,2026-08-19T14:21:59Z,2026-08-19
TLS,Timor-Leste,2000,0,0,0,0,0,0,5000,,0,unhcr_population,2025-12-31,2026-08-19T14:21:59Z,2026-08-19
TLS,Timor-Leste,2001,0,6,0,0,0,0,0,,0,unhcr_population,2025-12-31,2026-08-19T14:21:59Z,2026-08-19
TLS,Timor-Leste,2002,0,5,0,0,0,0,0,,0,unhcr_population,2025-12-31,2026-08-19T14:21:59Z,2026-08-19
TLS,Timor-Leste,2003,0,12,0,0,452,0,0,,0,unhcr_population,2025-12-31,2026-08-19T14:21:59Z,2026-08-19
TLS,Timor-Leste,2004,0,8,0,0,0,0,0,,0,unhcr_population,2025-12-31,2026-08-19T14:21:59Z,2026-08-19
TLS,Timor-Leste,2005,0,8,0,0,0,0,0,,0,unhcr_population,2025-12-31,2026-08-19T14:21:59Z,2026-08-19
TLS,Timor-Leste,2006,0,0,155231,0,0,0,11727,,0,unhcr_population,2025-12-31,2026-08-19T14:21:59Z,2026-08-19
TLS,Timor-Leste,2007,0,0,62625,0,0,0,9965,,0,unhcr_population,2025-12-31,2026-08-19T14:21:59Z,2026-08-19
TLS,Timor-Leste,2008,0,12,15860,0,0,0,0,,0,unhcr_population,2025-12-31,2026-08-19T14:21:59Z,2026-08-19
TLS,Timor-Leste,2009,0,5,0,0,0,0,0,,0,unhcr_population,2025-12-31,2026-08-19T14:21:59Z,2026-08-19
TLS,Timor-Leste,2014,0,0,0,0,5,0,0,,0,unhcr_population,2025-12-31,2026-08-19T14:21:59Z,2026-08-19
TLS,Timor-Leste,2015,0,0,0,0,5,0,0,,0,unhcr_population,2025-12-31,2026-08-19T14:21:59Z,2026-08-19
TTO,Trinidad and Tobago,2007,15,96,0,0,0,0,0,,0,unhcr_population,2025-12-31,2026-08-19T14:21:59Z,2026-08-19
TTO,Trinidad and Tobago,2008,36,93,0,0,0,0,0,,0,unhcr_population,2025-12-31,2026-08-19T14:21:59Z,2026-08-19
TTO,Trinidad and Tobago,2009,41,192,0,0,0,0,0,,0,unhcr_population,2025-12-31,2026-08-19T14:21:59Z,2026-08-19
TTO,Trinidad and Tobago,2010,20,96,0,0,0,0,0,,0,unhcr_population,2025-12-31,2026-08-19T14:21:59Z,2026-08-19
TTO,Trinidad and Tobago,2011,15,5,0,0,0,0,0,,0,unhcr_population,2025-12-31,2026-08-19T14:21:59Z,2026-08-19
TTO,Trinidad and Tobago,2012,13,0,0,0,0,0,0,,0,unhcr_population,2025-12-31,2026-08-19T14:21:59Z,2026-08-19
TTO,Trinidad and Tobago,2013,10,38,0,0,0,0,0,,0,unhcr_population,2025-12-31,2026-08-19T14:21:59Z,2026-08-19
TTO,Trinidad and Tobago,2014,76,80,0,0,0,0,0,,0,unhcr_population,2025-12-31,2026-08-19T14:21:59Z,2026-08-19
TTO,Trinidad and Tobago,2015,105,87,0,0,5,0,0,,0,unhcr_population,2025-12-31,2026-08-19T14:21:59Z,2026-08-19
TTO,Trinidad and Tobago,2016,104,202,0,0,6,0,0,,0,unhcr_population,2025-12-31,2026-08-19T14:21:59Z,2026-08-19
TTO,Trinidad and Tobago,2017,282,1975,0,0,15,0,0,,0,unhcr_population,2025-12-31,2026-08-19T14:21:59Z,2026-08-19
TTO,Trinidad and Tobago,2018,784,9937,0,0,15,5,0,31843,0,unhcr_population,2025-12-31,2026-08-19T14:21:59Z,2026-08-19
TTO,Trinidad and Tobago,2019,2308,17364,0,0,200,0,0,7664,0,unhcr_population,2025-12-31,2026-08-19T14:21:59Z,2026-08-19
TTO,Trinidad and Tobago,2020,3179,19926,0,0,393,0,0,4663,0,unhcr_population,2025-12-31,2026-08-19T14:21:59Z,2026-08-19
TTO,Trinidad and Tobago,2021,3571,21622,0,0,590,0,0,8403,4605,unhcr_population,2025-12-31,2026-08-19T14:21:59Z,2026-08-19
TTO,Trinidad and Tobago,2022,3424,20369,0,0,789,0,0,14178,5433,unhcr_population,2025-12-31,2026-08-19T14:21:59Z,2026-08-19
TTO,Trinidad and Tobago,2023,3205,28617,0,0,1040,0,0,7906,5433,unhcr_population,2025-12-31,2026-08-19T14:21:59Z,2026-08-19
TTO,Trinidad and Tobago,2024,3328,20806,0,0,1333,0,0,7922,711,unhcr_population,2025-12-31,2026-08-19T14:21:59Z,2026-08-19
TTO,Trinidad and Tobago,2025,1877,23369,0,0,1201,0,0,3856,87,unhcr_population,2025-12-31,2026-08-19T14:21:59Z,2026-08-19
TUN,Tunisia,1951,2000,0,0,0,0,0,0,,0,unhcr_population,2025-12-31,2026-08-19T14:21:59Z,2026-08-19
TUN,Tunisia,1954,2000,0,0,0,0,0,0,,0,unhcr_population,2025-12-31,2026-08-19T14:21:59Z,2026-08-19
TUN,Tunisia,1958,1000,0,0,0,0,0,0,,0,unhcr_population,2025-12-31,2026-08-19T14:21:59Z,2026-08-19
TUN,Tunisia,1959,1000,0,0,0,0,0,0,,0,unhcr_population,2025-12-31,2026-08-19T14:21:59Z,2026-08-19
TUN,Tunisia,1960,1000,0,0,0,0,0,0,,0,unhcr_population,2025-12-31,2026-08-19T14:21:59Z,2026-08-19
TUN,Tunisia,1961,1000,0,0,0,0,0,0,,0,unhcr_population,2025-12-31,2026-08-19T14:21:59Z,2026-08-19
TUN,Tunisia,1962,1000,0,0,0,0,0,0,,0,unhcr_population,2025-12-31,2026-08-19T14:21:59Z,2026-08-19
TUN,Tunisia,1963,1000,0,0,0,0,0,0,,0,unhcr_population,2025-12-31,2026-08-19T14:21:59Z,2026-08-19
TUN,Tunisia,1964,1000,0,0,0,0,0,0,,0,unhcr_population,2025-12-31,2026-08-19T14:21:59Z,2026-08-19
TUN,Tunisia,1965,500,0,0,0,0,0,0,,0,unhcr_population,2025-12-31,2026-08-19T14:21:59Z,2026-08-19
TUN,Tunisia,1968,1000,0,0,0,0,0,0,,0,unhcr_population,2025-12-31,2026-08-19T14:21:59Z,2026-08-19
TUN,Tunisia,1971,100,0,0,0,0,0,0,,0,unhcr_population,2025-12-31,2026-08-19T14:21:59Z,2026-08-19
TUN,Tunisia,1973,70,0,0,0,0,0,0,,0,unhcr_population,2025-12-31,2026-08-19T14:21:59Z,2026-08-19
TUN,Tunisia,1990,30,0,0,0,0,0,0,,0,unhcr_population,2025-12-31,2026-08-19T14:21:59Z,2026-08-19
TUN,Tunisia,1991,130,0,0,0,0,0,0,,0,unhcr_population,2025-12-31,2026-08-19T14:21:59Z,2026-08-19
TUN,Tunisia,1992,111,0,0,0,0,0,0,,0,unhcr_population,2025-12-31,2026-08-19T14:21:59Z,2026-08-19
TUN,Tunisia,1993,99,0,0,0,0,0,0,,0,unhcr_population,2025-12-31,2026-08-19T14:21:59Z,2026-08-19
TUN,Tunisia,1994,11,0,0,0,0,0,0,,0,unhcr_population,2025-12-31,2026-08-19T14:21:59Z,2026-08-19
TUN,Tunisia,1995,195,0,0,0,0,0,0,,0,unhcr_population,2025-12-31,2026-08-19T14:21:59Z,2026-08-19
TUN,Tunisia,1996,172,0,0,0,0,54,0,,0,unhcr_population,2025-12-31,2026-08-19T14:21:59Z,2026-08-19
TUN,Tunisia,1997,497,0,0,0,0,0,0,,0,unhcr_population,2025-12-31,2026-08-19T14:21:59Z,2026-08-19
TUN,Tunisia,1998,525,0,0,0,0,0,0,,0,unhcr_population,2025-12-31,2026-08-19T14:21:59Z,2026-08-19
TUN,Tunisia,1999,444,0,0,0,0,5,0,,0,unhcr_population,2025-12-31,2026-08-19T14:21:59Z,2026-08-19
TUN,Tunisia,2000,428,5,0,0,0,0,0,,0,unhcr_population,2025-12-31,2026-08-19T14:21:59Z,2026-08-19
TUN,Tunisia,2001,92,17,0,0,0,0,0,,0,unhcr_population,2025-12-31,2026-08-19T14:21:59Z,2026-08-19
TUN,Tunisia,2002,93,10,0,0,0,0,0,,0,unhcr_population,2025-12-31,2026-08-19T14:21:59Z,2026-08-19
TUN,Tunisia,2003,87,6,0,0,0,0,0,,0,unhcr_population,2025-12-31,2026-08-19T14:21:59Z,2026-08-19
TUN,Tunisia,2004,83,5,0,0,0,0,0,,0,unhcr_population,2025-12-31,2026-08-19T14:21:59Z,2026-08-19
TUN,Tunisia,2005,81,28,0,0,0,0,0,,0,unhcr_population,2025-12-31,2026-08-19T14:21:59Z,2026-08-19
TUN,Tunisia,2006,85,66,0,0,0,0,0,,0,unhcr_population,2025-12-31,2026-08-19T14:21:59Z,2026-08-19
TUN,Tunisia,2007,93,52,0,0,0,0,0,,0,unhcr_population,2025-12-31,2026-08-19T14:21:59Z,2026-08-19
TUN,Tunisia,2008,90,45,0,0,0,0,0,,0,unhcr_population,2025-12-31,2026-08-19T14:21:59Z,2026-08-19
TUN,Tunisia,2009,86,32,0,0,0,0,0,,0,unhcr_population,2025-12-31,2026-08-19T14:21:59Z,2026-08-19
TUN,Tunisia,2010,86,24,0,0,0,5,0,,0,unhcr_population,2025-12-31,2026-08-19T14:21:59Z,2026-08-19
TUN,Tunisia,2011,4085,544,0,0,0,148951,0,,0,unhcr_population,2025-12-31,2026-08-19T14:21:59Z,2026-08-19
TUN,Tunisia,2012,1433,335,0,0,0,1055,0,,0,unhcr_population,2025-12-31,2026-08-19T14:21:59Z,2026-08-19
TUN,Tunisia,2013,727,351,0,0,0,0,0,,0,unhcr_population,2025-12-31,2026-08-19T14:21:59Z,2026-08-19
TUN,Tunisia,2014,895,223,0,0,0,14,0,,0,unhcr_population,2025-12-31,2026-08-19T14:21:59Z,2026-08-19
TUN,Tunisia,2015,659,80,0,0,0,0,0,,0,unhcr_population,2025-12-31,2026-08-19T14:21:59Z,2026-08-19
TUN,Tunisia,2016,646,30,0,0,5,5,0,,0,unhcr_population,2025-12-31,2026-08-19T14:21:59Z,2026-08-19
TUN,Tunisia,2017,726,36,0,0,0,0,0,,0,unhcr_population,2025-12-31,2026-08-19T14:21:59Z,2026-08-19
TUN,Tunisia,2018,1061,250,0,0,8,5,0,,0,unhcr_population,2025-12-31,2026-08-19T14:21:59Z,2026-08-19
TUN,Tunisia,2019,1732,1517,0,0,17,0,0,,0,unhcr_population,2025-12-31,2026-08-19T14:21:59Z,2026-08-19
TUN,Tunisia,2020,2580,3700,0,0,54,0,0,,0,unhcr_population,2025-12-31,2026-08-19T14:21:59Z,2026-08-19
TUN,Tunisia,2021,3186,6140,0,0,45,0,0,,0,unhcr_population,2025-12-31,2026-08-19T14:21:59Z,2026-08-19
TUN,Tunisia,2022,3299,5630,0,0,23,0,0,,0,unhcr_population,2025-12-31,2026-08-19T14:21:59Z,2026-08-19
TUN,Tunisia,2023,3994,11093,0,0,23,0,0,,0,unhcr_population,2025-12-31,2026-08-19T14:21:59Z,2026-08-19
TUN,Tunisia,2024,2955,9620,0,0,0,12,0,,0,unhcr_population,2025-12-31,2026-08-19T14:21:59Z,2026-08-19
TUN,Tunisia,2025,2386,5523,0,0,0,0,0,,0,unhcr_population,2025-12-31,2026-08-19T14:21:59Z,2026-08-19
TUR,Türkiye,1951,2700,0,0,0,0,0,0,,0,unhcr_population,2025-12-31,2026-08-19T14:21:59Z,2026-08-19
TUR,Türkiye,1952,2000,0,0,0,0,0,0,,0,unhcr_population,2025-12-31,2026-08-19T14:21:59Z,2026-08-19
TUR,Türkiye,1953,2000,0,0,0,0,0,0,,0,unhcr_population,2025-12-31,2026-08-19T14:21:59Z,2026-08-19
TUR,Türkiye,1954,2500,0,0,0,0,0,0,,0,unhcr_population,2025-12-31,2026-08-19T14:21:59Z,2026-08-19
TUR,Türkiye,1955,2200,0,0,0,0,0,0,,0,unhcr_population,2025-12-31,2026-08-19T14:21:59Z,2026-08-19
TUR,Türkiye,1956,2100,0,0,0,0,0,0,,0,unhcr_population,2025-12-31,2026-08-19T14:21:59Z,2026-08-19
TUR,Türkiye,1957,2200,0,0,0,0,0,0,,0,unhcr_population,2025-12-31,2026-08-19T14:21:59Z,2026-08-19
TUR,Türkiye,1958,2150,0,0,0,0,0,0,,0,unhcr_population,2025-12-31,2026-08-19T14:21:59Z,2026-08-19
TUR,Türkiye,1959,2150,0,0,0,0,0,0,,0,unhcr_population,2025-12-31,2026-08-19T14:21:59Z,2026-08-19
TUR,Türkiye,1960,2200,0,0,0,0,0,0,,0,unhcr_population,2025-12-31,2026-08-19T14:21:59Z,2026-08-19
TUR,Türkiye,1961,2300,0,0,0,0,0,0,,0,unhcr_population,2025-12-31,2026-08-19T14:21:59Z,2026-08-19
TUR,Türkiye,1962,2300,0,0,0,0,0,0,,0,unhcr_population,2025-12-31,2026-08-19T14:21:59Z,2026-08-19
TUR,Türkiye,1963,2300,0,0,0,0,0,0,,0,unhcr_population,2025-12-31,2026-08-19T14:21:59Z,2026-08-19
TUR,Türkiye,1964,2300,0,0,0,0,0,0,,0,unhcr_population,2025-12-31,2026-08-19T14:21:59Z,2026-08-19
TUR,Türkiye,1965,2000,0,0,0,0,0,0,,0,unhcr_population,2025-12-31,2026-08-19T14:21:59Z,2026-08-19
TUR,Türkiye,1966,1900,0,0,0,0,0,0,,0,unhcr_population,2025-12-31,2026-08-19T14:21:59Z,2026-08-19
TUR,Türkiye,1967,1850,0,0,0,0,0,0,,0,unhcr_population,2025-12-31,2026-08-19T14:21:59Z,2026-08-19
TUR,Türkiye,1968,1980,0,0,0,0,0,0,,0,unhcr_population,2025-12-31,2026-08-19T14:21:59Z,2026-08-19
TUR,Türkiye,1969,1400,0,0,0,0,0,0,,0,unhcr_population,2025-12-31,2026-08-19T14:21:59Z,2026-08-19
TUR,Türkiye,1970,1170,0,0,0,0,0,0,,0,unhcr_population,2025-12-31,2026-08-19T14:21:59Z,2026-08-19
TUR,Türkiye,1971,1150,0,0,0,0,0,0,,0,unhcr_population,2025-12-31,2026-08-19T14:21:59Z,2026-08-19
TUR,Türkiye,1972,1160,0,0,0,0,0,0,,0,unhcr_population,2025-12-31,2026-08-19T14:21:59Z,2026-08-19
TUR,Türkiye,1973,1160,0,0,0,0,0,0,,0,unhcr_population,2025-12-31,2026-08-19T14:21:59Z,2026-08-19
TUR,Türkiye,1974,1060,0,0,0,0,0,0,,0,unhcr_population,2025-12-31,2026-08-19T14:21:59Z,2026-08-19
TUR,Türkiye,1975,1060,0,0,0,0,0,0,,0,unhcr_population,2025-12-31,2026-08-19T14:21:59Z,2026-08-19
TUR,Türkiye,1976,1060,0,0,0,0,0,0,,0,unhcr_population,2025-12-31,2026-08-19T14:21:59Z,2026-08-19
TUR,Türkiye,1977,1050,0,0,0,0,0,0,,0,unhcr_population,2025-12-31,2026-08-19T14:21:59Z,2026-08-19
TUR,Türkiye,1978,1070,0,0,0,0,0,0,,0,unhcr_population,2025-12-31,2026-08-19T14:21:59Z,2026-08-19
TUR,Türkiye,1979,1060,0,0,0,0,0,0,,0,unhcr_population,2025-12-31,2026-08-19T14:21:59Z,2026-08-19
TUR,Türkiye,1980,6100,0,0,0,0,0,0,,0,unhcr_population,2025-12-31,2026-08-19T14:21:59Z,2026-08-19
TUR,Türkiye,1981,1180,0,0,0,0,0,0,,0,unhcr_population,2025-12-31,2026-08-19T14:21:59Z,2026-08-19
TUR,Türkiye,1982,1670,0,0,0,0,0,0,,0,unhcr_population,2025-12-31,2026-08-19T14:21:59Z,2026-08-19
TUR,Türkiye,1983,1320,0,0,0,0,0,0,,0,unhcr_population,2025-12-31,2026-08-19T14:21:59Z,2026-08-19
TUR,Türkiye,1984,2600,0,0,0,0,0,0,,0,unhcr_population,2025-12-31,2026-08-19T14:21:59Z,2026-08-19
TUR,Türkiye,1985,1790,0,0,0,0,0,0,,0,unhcr_population,2025-12-31,2026-08-19T14:21:59Z,2026-08-19
TUR,Türkiye,1986,1920,0,0,0,0,0,0,,0,unhcr_population,2025-12-31,2026-08-19T14:21:59Z,2026-08-19
TUR,Türkiye,1987,2200,0,0,0,0,0,0,,0,unhcr_population,2025-12-31,2026-08-19T14:21:59Z,2026-08-19
TUR,Türkiye,1988,4450,0,0,0,0,0,0,,0,unhcr_population,2025-12-31,2026-08-19T14:21:59Z,2026-08-19
TUR,Türkiye,1989,33067,0,0,0,0,660,0,,0,unhcr_population,2025-12-31,2026-08-19T14:21:59Z,2026-08-19
TUR,Türkiye,1990,28000,0,0,0,0,330,0,,0,unhcr_population,2025-12-31,2026-08-19T14:21:59Z,2026-08-19
TUR,Türkiye,1991,30462,0,0,0,0,0,0,,0,unhcr_population,2025-12-31,2026-08-19T14:21:59Z,2026-08-19
TUR,Türkiye,1992,28477,0,0,0,0,17340,0,,0,unhcr_population,2025-12-31,2026-08-19T14:21:59Z,2026-08-19
TUR,Türkiye,1993,23267,0,0,0,0,0,0,,0,unhcr_population,2025-12-31,2026-08-19T14:21:59Z,2026-08-19
TUR,Türkiye,1994,24927,0,0,0,0,1265,0,,0,unhcr_population,2025-12-31,2026-08-19T14:21:59Z,2026-08-19
TUR,Türkiye,1995,12841,0,0,0,0,91,0,,0,unhcr_population,2025-12-31,2026-08-19T14:21:59Z,2026-08-19
TUR,Türkiye,1996,8166,0,0,0,0,1672,0,,0,unhcr_population,2025-12-31,2026-08-19T14:21:59Z,2026-08-19
TUR,Türkiye,1997,2448,0,0,0,0,772,0,,0,unhcr_population,2025-12-31,2026-08-19T14:21:59Z,2026-08-19
TUR,Türkiye,1998,2529,0,0,0,0,1400,0,,0,unhcr_population,2025-12-31,2026-08-19T14:21:59Z,2026-08-19
TUR,Türkiye,1999,2810,0,0,0,0,19203,0,,0,unhcr_population,2025-12-31,2026-08-19T14:21:59Z,2026-08-19
TUR,Türkiye,2000,3096,5200,0,0,0,254,0,,0,unhcr_population,2025-12-31,2026-08-19T14:21:59Z,2026-08-19
TUR,Türkiye,2001,3466,4168,0,0,0,33,0,,0,unhcr_population,2025-12-31,2026-08-19T14:21:59Z,2026-08-19
TUR,Türkiye,2002,3302,2577,0,0,0,219,0,,0,unhcr_population,2025-12-31,2026-08-19T14:21:59Z,2026-08-19
TUR,Türkiye,2003,2488,3448,0,0,0,202,0,,0,unhcr_population,2025-12-31,2026-08-19T14:21:59Z,2026-08-19
TUR,Türkiye,2004,3029,3929,0,0,0,102,0,,0,unhcr_population,2025-12-31,2026-08-19T14:21:59Z,2026-08-19
TUR,Türkiye,2005,2395,4870,0,0,1400,32,0,,0,unhcr_population,2025-12-31,2026-08-19T14:21:59Z,2026-08-19
TUR,Türkiye,2006,2624,6202,0,0,306,26,0,,0,unhcr_population,2025-12-31,2026-08-19T14:21:59Z,2026-08-19
TUR,Türkiye,2007,6941,5166,0,0,306,0,0,,0,unhcr_population,2025-12-31,2026-08-19T14:21:59Z,2026-08-19
TUR,Türkiye,2008,11090,7107,0,2734,306,480,0,,0,unhcr_population,2025-12-31,2026-08-19T14:21:59Z,2026-08-19
TUR,Türkiye,2009,10339,5969,0,2739,306,357,0,,0,unhcr_population,2025-12-31,2026-08-19T14:21:59Z,2026-08-19
TUR,Türkiye,2010,10025,6699,0,780,306,0,0,,0,unhcr_population,2025-12-31,2026-08-19T14:21:59Z,2026-08-19
TUR,Türkiye,2011,14457,10936,0,780,9576,215,0,,0,unhcr_population,2025-12-31,2026-08-19T14:21:59Z,2026-08-19
TUR,Türkiye,2012,267063,23785,0,780,306,68788,0,,0,unhcr_population,2025-12-31,2026-08-19T14:21:59Z,2026-08-19
TUR,Türkiye,2013,609931,52448,0,780,306,140881,0,,0,unhcr_population,2025-12-31,2026-08-19T14:21:59Z,2026-08-19
TUR,Türkiye,2014,1587365,106357,0,780,306,130,0,,0,unhcr_population,2025-12-31,2026-08-19T14:21:59Z,2026-08-19
TUR,Türkiye,2015,2541348,212368,0,780,0,0,0,,0,unhcr_population,2025-12-31,2026-08-19T14:21:59Z,2026-08-19
TUR,Türkiye,2016,2869419,245926,0,780,0,0,0,,0,unhcr_population,2025-12-31,2026-08-19T14:21:59Z,2026-08-19
TUR,Türkiye,2017,3480350,308838,0,117,0,44937,0,,0,unhcr_population,2025-12-31,2026-08-19T14:21:59Z,2026-08-19
TUR,Türkiye,2018,3681688,311699,0,117,0,177282,0,,0,unhcr_population,2025-12-31,2026-08-19T14:21:59Z,2026-08-19
TUR,Türkiye,2019,3579531,328257,0,0,0,34303,0,,0,unhcr_population,2025-12-31,2026-08-19T14:21:59Z,2026-08-19
TUR,Türkiye,2020,3652362,322188,0,0,0,18155,0,,0,unhcr_population,2025-12-31,2026-08-19T14:21:59Z,2026-08-19
TUR,Türkiye,2021,3759817,304970,0,0,0,22275,0,,0,unhcr_population,2025-12-31,2026-08-19T14:21:59Z,2026-08-19
TUR,Türkiye,2022,3568259,272336,0,439,0,35953,0,,0,unhcr_population,2025-12-31,2026-08-19T14:21:59Z,2026-08-19
TUR,Türkiye,2023,3251127,222069,0,415,0,21865,0,,0,unhcr_population,2025-12-31,2026-08-19T14:21:59Z,2026-08-19
TUR,Türkiye,2024,2940735,154083,0,420,0,159439,0,,0,unhcr_population,2025-12-31,2026-08-19T14:21:59Z,2026-08-19
TUR,Türkiye,2025,2390414,102497,0,464,0,556009,0,,0,unhcr_population,2025-12-31,2026-08-19T14:21:59Z,2026-08-19
TZA,United Rep. of Tanzania,1961,12000,0,0,0,0,0,0,,0,unhcr_population,2025-12-31,2026-08-19T14:21:59Z,2026-08-19
TZA,United Rep. of Tanzania,1962,12000,0,0,0,0,0,0,,0,unhcr_population,2025-12-31,2026-08-19T14:21:59Z,2026-08-19
TZA,United Rep. of Tanzania,1963,12000,0,0,0,0,0,0,,0,unhcr_population,2025-12-31,2026-08-19T14:21:59Z,2026-08-19
TZA,United Rep. of Tanzania,1964,25000,0,0,0,0,0,0,,0,unhcr_population,2025-12-31,2026-08-19T14:21:59Z,2026-08-19
TZA,United Rep. of Tanzania,1965,29000,0,0,0,0,2000,0,,0,unhcr_population,2025-12-31,2026-08-19T14:21:59Z,2026-08-19
TZA,United Rep. of Tanzania,1966,33950,0,0,0,0,2200,0,,0,unhcr_population,2025-12-31,2026-08-19T14:21:59Z,2026-08-19
TZA,United Rep. of Tanzania,1967,39800,0,0,0,0,150,0,,0,unhcr_population,2025-12-31,2026-08-19T14:21:59Z,2026-08-19
TZA,United Rep. of Tanzania,1968,46000,0,0,0,0,50,0,,0,unhcr_population,2025-12-31,2026-08-19T14:21:59Z,2026-08-19
TZA,United Rep. of Tanzania,1969,54550,0,0,0,0,600,0,,0,unhcr_population,2025-12-31,2026-08-19T14:21:59Z,2026-08-19
TZA,United Rep. of Tanzania,1970,71500,0,0,0,0,200,0,,0,unhcr_population,2025-12-31,2026-08-19T14:21:59Z,2026-08-19
TZA,United Rep. of Tanzania,1971,71240,0,0,0,0,290,0,,0,unhcr_population,2025-12-31,2026-08-19T14:21:59Z,2026-08-19
TZA,United Rep. of Tanzania,1972,165000,0,0,0,0,0,0,,0,unhcr_population,2025-12-31,2026-08-19T14:21:59Z,2026-08-19
TZA,United Rep. of Tanzania,1973,180860,0,0,0,0,210,0,,0,unhcr_population,2025-12-31,2026-08-19T14:21:59Z,2026-08-19
TZA,United Rep. of Tanzania,1974,193190,0,0,0,0,7100,0,,0,unhcr_population,2025-12-31,2026-08-19T14:21:59Z,2026-08-19
TZA,United Rep. of Tanzania,1975,171160,0,0,0,0,36900,0,,0,unhcr_population,2025-12-31,2026-08-19T14:21:59Z,2026-08-19
TZA,United Rep. of Tanzania,1976,154000,0,0,0,0,3470,0,,0,unhcr_population,2025-12-31,2026-08-19T14:21:59Z,2026-08-19
TZA,United Rep. of Tanzania,1977,164610,0,0,0,0,0,0,,0,unhcr_population,2025-12-31,2026-08-19T14:21:59Z,2026-08-19
TZA,United Rep. of Tanzania,1978,160960,0,0,0,0,0,0,,0,unhcr_population,2025-12-31,2026-08-19T14:21:59Z,2026-08-19
TZA,United Rep. of Tanzania,1979,160820,0,0,0,0,3210,0,,0,unhcr_population,2025-12-31,2026-08-19T14:21:59Z,2026-08-19
TZA,United Rep. of Tanzania,1980,159610,0,0,0,0,0,0,,0,unhcr_population,2025-12-31,2026-08-19T14:21:59Z,2026-08-19
TZA,United Rep. of Tanzania,1981,164180,0,0,0,0,0,0,,0,unhcr_population,2025-12-31,2026-08-19T14:21:59Z,2026-08-19
TZA,United Rep. of Tanzania,1982,158960,0,0,0,0,0,0,,0,unhcr_population,2025-12-31,2026-08-19T14:21:59Z,2026-08-19
TZA,United Rep. of Tanzania,1983,180100,0,0,0,0,0,0,,0,unhcr_population,2025-12-31,2026-08-19T14:21:59Z,2026-08-19
TZA,United Rep. of Tanzania,1984,179910,0,0,0,0,0,0,,0,unhcr_population,2025-12-31,2026-08-19T14:21:59Z,2026-08-19
TZA,United Rep. of Tanzania,1985,214480,0,0,0,0,1310,0,,0,unhcr_population,2025-12-31,2026-08-19T14:21:59Z,2026-08-19
TZA,United Rep. of Tanzania,1986,223500,0,0,0,0,0,0,,0,unhcr_population,2025-12-31,2026-08-19T14:21:59Z,2026-08-19
TZA,United Rep. of Tanzania,1987,266200,0,0,0,0,0,0,,0,unhcr_population,2025-12-31,2026-08-19T14:21:59Z,2026-08-19
TZA,United Rep. of Tanzania,1988,265154,0,0,0,0,80,0,,0,unhcr_population,2025-12-31,2026-08-19T14:21:59Z,2026-08-19
TZA,United Rep. of Tanzania,1989,265128,0,0,0,0,0,0,,0,unhcr_population,2025-12-31,2026-08-19T14:21:59Z,2026-08-19
TZA,United Rep. of Tanzania,1990,265184,0,0,0,0,70,0,,0,unhcr_population,2025-12-31,2026-08-19T14:21:59Z,2026-08-19
TZA,United Rep. of Tanzania,1991,288103,0,0,0,0,5990,0,,0,unhcr_population,2025-12-31,2026-08-19T14:21:59Z,2026-08-19
TZA,United Rep. of Tanzania,1992,292148,0,0,0,0,7440,0,,0,unhcr_population,2025-12-31,2026-08-19T14:21:59Z,2026-08-19
TZA,United Rep. of Tanzania,1993,564520,0,0,0,0,31776,0,,0,unhcr_population,2025-12-31,2026-08-19T14:21:59Z,2026-08-19
TZA,United Rep. of Tanzania,1994,883250,0,0,0,0,495386,0,,0,unhcr_population,2025-12-31,2026-08-19T14:21:59Z,2026-08-19
TZA,United Rep. of Tanzania,1995,829671,0,0,0,0,14204,0,,0,unhcr_population,2025-12-31,2026-08-19T14:21:59Z,2026-08-19
TZA,United Rep. of Tanzania,1996,498732,0,0,0,0,510028,0,,0,unhcr_population,2025-12-31,2026-08-19T14:21:59Z,2026-08-19
TZA,United Rep. of Tanzania,1997,570367,0,0,0,0,110774,0,,0,unhcr_population,2025-12-31,2026-08-19T14:21:59Z,2026-08-19
TZA,United Rep. of Tanzania,1998,543881,0,0,0,0,70021,0,,0,unhcr_population,2025-12-31,2026-08-19T14:21:59Z,2026-08-19
TZA,United Rep. of Tanzania,1999,622203,0,0,0,0,12372,0,,0,unhcr_population,2025-12-31,2026-08-19T14:21:59Z,2026-08-19
TZA,United Rep. of Tanzania,2000,680862,21418,0,0,0,8730,0,,0,unhcr_population,2025-12-31,2026-08-19T14:21:59Z,2026-08-19
TZA,United Rep. of Tanzania,2001,646899,21327,0,0,0,32659,0,,0,unhcr_population,2025-12-31,2026-08-19T14:21:59Z,2026-08-19
TZA,United Rep. of Tanzania,2002,689373,165,0,0,0,74775,0,,0,unhcr_population,2025-12-31,2026-08-19T14:21:59Z,2026-08-19
TZA,United Rep. of Tanzania,2003,649770,161,0,0,0,84757,0,,0,unhcr_population,2025-12-31,2026-08-19T14:21:59Z,2026-08-19
TZA,United Rep. of Tanzania,2004,602088,161,0,0,0,89161,0,,0,unhcr_population,2025-12-31,2026-08-19T14:21:59Z,2026-08-19
TZA,United Rep. of Tanzania,2005,548824,301,0,0,0,81519,0,,0,unhcr_population,2025-12-31,2026-08-19T14:21:59Z,2026-08-19
TZA,United Rep. of Tanzania,2006,485295,376,0,0,0,66509,0,,0,unhcr_population,2025-12-31,2026-08-19T14:21:59Z,2026-08-19
TZA,United Rep. of Tanzania,2007,435630,309,0,0,0,67876,0,,0,unhcr_population,2025-12-31,2026-08-19T14:21:59Z,2026-08-19
TZA,United Rep. of Tanzania,2008,321908,255,0,0,0,110831,0,,0,unhcr_population,2025-12-31,2026-08-19T14:21:59Z,2026-08-19
TZA,United Rep. of Tanzania,2009,118731,843,0,0,155051,30573,0,,0,unhcr_population,2025-12-31,2026-08-19T14:21:59Z,2026-08-19
TZA,United Rep. of Tanzania,2010,109286,1246,0,0,162256,1012,0,,0,unhcr_population,2025-12-31,2026-08-19T14:21:59Z,2026-08-19
TZA,United Rep. of Tanzania,2011,131243,707,0,0,162256,441,0,,0,unhcr_population,2025-12-31,2026-08-19T14:21:59Z,2026-08-19
TZA,United Rep. of Tanzania,2012,101021,521,0,0,162256,35265,0,,0,unhcr_population,2025-12-31,2026-08-19T14:21:59Z,2026-08-19
TZA,United Rep. of Tanzania,2013,102099,407,0,0,162256,505,0,,0,unhcr_population,2025-12-31,2026-08-19T14:21:59Z,2026-08-19
TZA,United Rep. of Tanzania,2014,88492,883,0,0,162980,43,0,,0,unhcr_population,2025-12-31,2026-08-19T14:21:59Z,2026-08-19
TZA,United Rep. of Tanzania,2015,211845,2150,0,0,168625,5,0,,0,unhcr_population,2025-12-31,2026-08-19T14:21:59Z,2026-08-19
TZA,United Rep. of Tanzania,2016,281498,8539,0,0,168785,3541,0,,0,unhcr_population,2025-12-31,2026-08-19T14:21:59Z,2026-08-19
TZA,United Rep. of Tanzania,2017,308528,44172,0,0,168581,13113,0,,0,unhcr_population,2025-12-31,2026-08-19T14:21:59Z,2026-08-19
TZA,United Rep. of Tanzania,2018,278322,39659,0,0,19024,44763,0,,0,unhcr_population,2025-12-31,2026-08-19T14:21:59Z,2026-08-19
TZA,United Rep. of Tanzania,2019,242171,29554,0,0,23861,22398,0,,0,unhcr_population,2025-12-31,2026-08-19T14:21:59Z,2026-08-19
TZA,United Rep. of Tanzania,2020,234645,28748,0,0,23920,30641,0,,0,unhcr_population,2025-12-31,2026-08-19T14:21:59Z,2026-08-19
TZA,United Rep. of Tanzania,2021,207101,27769,0,0,11824,30061,0,,0,unhcr_population,2025-12-31,2026-08-19T14:21:59Z,2026-08-19
TZA,United Rep. of Tanzania,2022,206229,28745,0,0,12222,5807,0,,0,unhcr_population,2025-12-31,2026-08-19T14:21:59Z,2026-08-19
TZA,United Rep. of Tanzania,2023,188953,40143,0,0,12290,19527,0,,0,unhcr_population,2025-12-31,2026-08-19T14:21:59Z,2026-08-19
TZA,United Rep. of Tanzania,2024,176859,41264,0,0,12556,13852,0,,0,unhcr_population,2025-12-31,2026-08-19T14:21:59Z,2026-08-19
TZA,United Rep. of Tanzania,2025,171142,43262,0,0,11887,7721,0,,0,unhcr_population,2025-12-31,2026-08-19T14:21:59Z,2026-08-19
UGA,Uganda,1961,52000,0,0,0,0,0,0,,0,unhcr_population,2025-12-31,2026-08-19T14:21:59Z,2026-08-19
UGA,Uganda,1962,52000,0,0,0,0,0,0,,0,unhcr_population,2025-12-31,2026-08-19T14:21:59Z,2026-08-19
UGA,Uganda,1963,59000,0,0,0,0,0,0,,0,unhcr_population,2025-12-31,2026-08-19T14:21:59Z,2026-08-19
UGA,Uganda,1964,113000,0,0,0,0,0,0,,0,unhcr_population,2025-12-31,2026-08-19T14:21:59Z,2026-08-19
UGA,Uganda,1965,137400,0,0,0,0,17000,0,,0,unhcr_population,2025-12-31,2026-08-19T14:21:59Z,2026-08-19
UGA,Uganda,1966,156000,0,0,0,0,1000,0,,0,unhcr_population,2025-12-31,2026-08-19T14:21:59Z,2026-08-19
UGA,Uganda,1967,162760,0,0,0,0,0,0,,0,unhcr_population,2025-12-31,2026-08-19T14:21:59Z,2026-08-19
UGA,Uganda,1968,175730,0,0,0,0,0,0,,0,unhcr_population,2025-12-31,2026-08-19T14:21:59Z,2026-08-19
UGA,Uganda,1969,177260,0,0,0,0,390,0,,0,unhcr_population,2025-12-31,2026-08-19T14:21:59Z,2026-08-19
UGA,Uganda,1970,179800,0,0,0,0,570,0,,0,unhcr_population,2025-12-31,2026-08-19T14:21:59Z,2026-08-19
UGA,Uganda,1971,180920,0,0,0,0,1640,0,,0,unhcr_population,2025-12-31,2026-08-19T14:21:59Z,2026-08-19
UGA,Uganda,1972,166560,0,0,0,0,18340,0,,0,unhcr_population,2025-12-31,2026-08-19T14:21:59Z,2026-08-19
UGA,Uganda,1973,113900,0,0,0,0,54350,0,,0,unhcr_population,2025-12-31,2026-08-19T14:21:59Z,2026-08-19
UGA,Uganda,1974,118510,0,0,0,0,100,0,,0,unhcr_population,2025-12-31,2026-08-19T14:21:59Z,2026-08-19
UGA,Uganda,1975,112630,0,0,0,0,0,0,,0,unhcr_population,2025-12-31,2026-08-19T14:21:59Z,2026-08-19
UGA,Uganda,1976,112930,0,0,0,0,200,0,,0,unhcr_population,2025-12-31,2026-08-19T14:21:59Z,2026-08-19
UGA,Uganda,1977,113570,0,0,0,0,0,0,,0,unhcr_population,2025-12-31,2026-08-19T14:21:59Z,2026-08-19
UGA,Uganda,1978,113680,0,0,0,0,0,0,,0,unhcr_population,2025-12-31,2026-08-19T14:21:59Z,2026-08-19
UGA,Uganda,1979,112680,0,0,0,0,0,0,,0,unhcr_population,2025-12-31,2026-08-19T14:21:59Z,2026-08-19
UGA,Uganda,1980,113000,0,0,0,0,0,0,,0,unhcr_population,2025-12-31,2026-08-19T14:21:59Z,2026-08-19
UGA,Uganda,1981,113000,0,0,0,0,7230,0,,0,unhcr_population,2025-12-31,2026-08-19T14:21:59Z,2026-08-19
UGA,Uganda,1982,113000,0,0,0,0,0,0,,0,unhcr_population,2025-12-31,2026-08-19T14:21:59Z,2026-08-19
UGA,Uganda,1983,132970,0,0,0,0,0,0,,0,unhcr_population,2025-12-31,2026-08-19T14:21:59Z,2026-08-19
UGA,Uganda,1984,151000,0,0,0,0,60,0,,0,unhcr_population,2025-12-31,2026-08-19T14:21:59Z,2026-08-19
UGA,Uganda,1985,151000,0,0,0,0,0,0,,0,unhcr_population,2025-12-31,2026-08-19T14:21:59Z,2026-08-19
UGA,Uganda,1986,144060,0,0,0,0,0,0,,0,unhcr_population,2025-12-31,2026-08-19T14:21:59Z,2026-08-19
UGA,Uganda,1987,88670,0,0,0,0,0,0,,0,unhcr_population,2025-12-31,2026-08-19T14:21:59Z,2026-08-19
UGA,Uganda,1988,103102,0,0,0,0,0,0,,0,unhcr_population,2025-12-31,2026-08-19T14:21:59Z,2026-08-19
UGA,Uganda,1989,129961,0,0,0,0,0,0,,0,unhcr_population,2025-12-31,2026-08-19T14:21:59Z,2026-08-19
UGA,Uganda,1990,145718,0,0,0,0,60,0,,0,unhcr_population,2025-12-31,2026-08-19T14:21:59Z,2026-08-19
UGA,Uganda,1991,162521,0,0,0,0,130,0,,0,unhcr_population,2025-12-31,2026-08-19T14:21:59Z,2026-08-19
UGA,Uganda,1992,196290,0,0,0,0,15350,0,,0,unhcr_population,2025-12-31,2026-08-19T14:21:59Z,2026-08-19
UGA,Uganda,1993,286500,0,0,0,0,0,0,,0,unhcr_population,2025-12-31,2026-08-19T14:21:59Z,2026-08-19
UGA,Uganda,1994,286500,0,0,0,0,210000,0,,0,unhcr_population,2025-12-31,2026-08-19T14:21:59Z,2026-08-19
UGA,Uganda,1995,229348,0,0,0,0,99776,0,,0,unhcr_population,2025-12-31,2026-08-19T14:21:59Z,2026-08-19
UGA,Uganda,1996,264294,0,0,0,0,245,0,,0,unhcr_population,2025-12-31,2026-08-19T14:21:59Z,2026-08-19
UGA,Uganda,1997,188512,0,0,0,0,86259,0,,0,unhcr_population,2025-12-31,2026-08-19T14:21:59Z,2026-08-19
UGA,Uganda,1998,204543,0,0,0,0,13913,0,,0,unhcr_population,2025-12-31,2026-08-19T14:21:59Z,2026-08-19
UGA,Uganda,1999,218191,0,0,0,0,1226,0,,0,unhcr_population,2025-12-31,2026-08-19T14:21:59Z,2026-08-19
UGA,Uganda,2000,236622,2466,0,0,0,269,0,,0,unhcr_population,2025-12-31,2026-08-19T14:21:59Z,2026-08-19
UGA,Uganda,2001,199735,629,0,0,0,32,0,,0,unhcr_population,2025-12-31,2026-08-19T14:21:59Z,2026-08-19
UGA,Uganda,2002,217301,544,0,0,0,39,0,,0,unhcr_population,2025-12-31,2026-08-19T14:21:59Z,2026-08-19
UGA,Uganda,2003,230904,723,0,0,0,177,0,,0,unhcr_population,2025-12-31,2026-08-19T14:21:59Z,2026-08-19
UGA,Uganda,2004,250477,1806,0,0,0,2675,0,,0,unhcr_population,2025-12-31,2026-08-19T14:21:59Z,2026-08-19
UGA,Uganda,2005,257252,1806,0,0,0,1634,0,,0,unhcr_population,2025-12-31,2026-08-19T14:21:59Z,2026-08-19
UGA,Uganda,2006,272003,5812,1586174,0,0,5917,300000,,0,unhcr_population,2025-12-31,2026-08-19T14:21:59Z,2026-08-19
UGA,Uganda,2007,228956,5776,1235992,0,0,76733,579000,,0,unhcr_population,2025-12-31,2026-08-19T14:21:59Z,2026-08-19
UGA,Uganda,2008,162132,9248,853000,0,0,66836,603000,,0,unhcr_population,2025-12-31,2026-08-19T14:21:59Z,2026-08-19
UGA,Uganda,2009,127340,11551,446300,0,0,61798,407700,,0,unhcr_population,2025-12-31,2026-08-19T14:21:59Z,2026-08-19
UGA,Uganda,2010,135799,20803,125598,0,0,9188,302991,,0,unhcr_population,2025-12-31,2026-08-19T14:21:59Z,2026-08-19
UGA,Uganda,2011,139442,23449,29776,0,0,9753,95822,,0,unhcr_population,2025-12-31,2026-08-19T14:21:59Z,2026-08-19
UGA,Uganda,2012,197872,28061,0,0,0,25864,0,,0,unhcr_population,2025-12-31,2026-08-19T14:21:59Z,2026-08-19
UGA,Uganda,2013,220548,24216,0,0,50000,1015,0,,0,unhcr_population,2025-12-31,2026-08-19T14:21:59Z,2026-08-19
UGA,Uganda,2014,385503,35468,0,0,180000,5617,0,,0,unhcr_population,2025-12-31,2026-08-19T14:21:59Z,2026-08-19
UGA,Uganda,2015,477187,35768,0,0,180000,6847,0,,0,unhcr_population,2025-12-31,2026-08-19T14:21:59Z,2026-08-19
UGA,Uganda,2016,940825,41872,0,0,180000,21,0,,0,unhcr_population,2025-12-31,2026-08-19T14:21:59Z,2026-08-19
UGA,Uganda,2017,1350495,44635,0,0,180000,5,0,,0,unhcr_population,2025-12-31,2026-08-19T14:21:59Z,2026-08-19
UGA,Uganda,2018,1165646,25269,0,0,180000,83634,0,,0,unhcr_population,2025-12-31,2026-08-19T14:21:59Z,2026-08-19
UGA,Uganda,2019,1359458,21658,0,0,0,15651,0,,2304506,unhcr_population,2025-12-31,2026-08-19T14:21:59Z,2026-08-19
UGA,Uganda,2020,1421133,25236,0,0,0,74237,0,,2351313,unhcr_population,2025-12-31,2026-08-19T14:21:59Z,2026-08-19
UGA,Uganda,2021,1529903,43388,0,67000,0,184917,0,,2428906,unhcr_population,2025-12-31,2026-08-19T14:21:59Z,2026-08-19
UGA,Uganda,2022,1463523,32166,0,67000,0,85660,0,,2581900,unhcr_population,2025-12-31,2026-08-19T14:21:59Z,2026-08-19
UGA,Uganda,2023,1577498,37657,0,67000,0,23725,0,,2659400,unhcr_population,2025-12-31,2026-08-19T14:21:59Z,2026-08-19
UGA,Uganda,2024,1759492,37105,0,10284,0,15122,0,,3200000,unhcr_population,2025-12-31,2026-08-19T14:21:59Z,2026-08-19
UGA,Uganda,2025,1936719,35249,0,10284,0,4538,0,,3271000,unhcr_population,2025-12-31,2026-08-19T14:21:59Z,2026-08-19
UKR,Ukraine,1994,5193,0,0,0,0,35,0,,0,unhcr_population,2025-12-31,2026-08-19T14:21:59Z,2026-08-19
UKR,Ukraine,1995,5193,0,0,0,0,0,0,,0,unhcr_population,2025-12-31,2026-08-19T14:21:59Z,2026-08-19
UKR,Ukraine,1996,3585,0,0,0,0,0,0,,0,unhcr_population,2025-12-31,2026-08-19T14:21:59Z,2026-08-19
UKR,Ukraine,1997,4566,0,0,0,35000,0,0,,0,unhcr_population,2025-12-31,2026-08-19T14:21:59Z,2026-08-19
UKR,Ukraine,1998,6101,0,0,0,105677,48,0,,0,unhcr_population,2025-12-31,2026-08-19T14:21:59Z,2026-08-19
UKR,Ukraine,1999,2687,0,0,0,261025,20,0,,0,unhcr_population,2025-12-31,2026-08-19T14:21:59Z,2026-08-19
UKR,Ukraine,2000,2927,75,0,0,261139,5,0,,0,unhcr_population,2025-12-31,2026-08-19T14:21:59Z,2026-08-19
UKR,Ukraine,2001,2958,171,0,0,6566,12,0,,0,unhcr_population,2025-12-31,2026-08-19T14:21:59Z,2026-08-19
UKR,Ukraine,2002,2940,400,0,0,14300,28,0,,0,unhcr_population,2025-12-31,2026-08-19T14:21:59Z,2026-08-19
UKR,Ukraine,2003,2851,874,0,0,85266,21,0,,0,unhcr_population,2025-12-31,2026-08-19T14:21:59Z,2026-08-19
UKR,Ukraine,2004,2442,1803,0,77760,2809,5,0,,0,unhcr_population,2025-12-31,2026-08-19T14:21:59Z,2026-08-19
UKR,Ukraine,2005,2334,1591,0,70077,2809,10,0,,0,unhcr_population,2025-12-31,2026-08-19T14:21:59Z,2026-08-19
UKR,Ukraine,2006,2267,1157,0,64992,5000,11,0,,0,unhcr_population,2025-12-31,2026-08-19T14:21:59Z,2026-08-19
UKR,Ukraine,2007,7272,1283,0,58704,0,7,0,,0,unhcr_population,2025-12-31,2026-08-19T14:21:59Z,2026-08-19
UKR,Ukraine,2008,7189,1300,0,56350,0,0,0,,0,unhcr_population,2025-12-31,2026-08-19T14:21:59Z,2026-08-19
UKR,Ukraine,2009,7321,2030,0,56500,0,6,0,,0,unhcr_population,2025-12-31,2026-08-19T14:21:59Z,2026-08-19
UKR,Ukraine,2010,3016,2949,0,40353,0,5,0,,0,unhcr_population,2025-12-31,2026-08-19T14:21:59Z,2026-08-19
UKR,Ukraine,2011,3168,3589,0,39817,0,7,0,,0,unhcr_population,2025-12-31,2026-08-19T14:21:59Z,2026-08-19
UKR,Ukraine,2012,2790,5062,0,35000,0,15,0,,0,unhcr_population,2025-12-31,2026-08-19T14:21:59Z,2026-08-19
UKR,Ukraine,2013,2956,5458,0,33271,0,0,0,,0,unhcr_population,2025-12-31,2026-08-19T14:21:59Z,2026-08-19
UKR,Ukraine,2014,3206,5889,823000,35335,0,0,0,,0,unhcr_population,2025-12-31,2026-08-19T14:21:59Z,2026-08-19
UKR,Ukraine,2015,3261,6479,1600000,35228,0,10,0,,0,unhcr_population,2025-12-31,2026-08-19T14:21:59Z,2026-08-19
UKR,Ukraine,2016,3292,6536,1800000,35363,0,0,0,,0,unhcr_population,2025-12-31,2026-08-19T14:21:59Z,2026-08-19
UKR,Ukraine,2017,3241,6210,1800000,35294,0,5,0,,0,unhcr_population,2025-12-31,2026-08-19T14:21:59Z,2026-08-19
UKR,Ukraine,2018,2606,6389,1500002,35650,0,0,0,,0,unhcr_population,2025-12-31,2026-08-19T14:21:59Z,2026-08-19
UKR,Ukraine,2019,2166,2386,734000,35701,1680000,0,0,,0,unhcr_population,2025-12-31,2026-08-19T14:21:59Z,2026-08-19
UKR,Ukraine,2020,2249,2359,734000,35875,1620000,0,0,,0,unhcr_population,2025-12-31,2026-08-19T14:21:59Z,2026-08-19
UKR,Ukraine,2021,2382,2719,854000,35933,1424800,0,0,,0,unhcr_population,2025-12-31,2026-08-19T14:21:59Z,2026-08-19
UKR,Ukraine,2022,2520,502,5914000,36233,497343,0,2616000,,0,unhcr_population,2025-12-31,2026-08-19T14:21:59Z,2026-08-19
UKR,Ukraine,2023,2512,498,3689000,35765,958361,0,1318680,,0,unhcr_population,2025-12-31,2026-08-19T14:21:59Z,2026-08-19
UKR,Ukraine,2024,2389,487,3665000,10910,851644,0,782000,,0,unhcr_population,2025-12-31,2026-08-19T14:21:59Z,2026-08-19
UKR,Ukraine,2025,2370,443,3712000,9795,640380,0,579000,,0,unhcr_population,2025-12-31,2026-08-19T14:21:59Z,2026-08-19
UNK,Unknown,1951,158800,0,0,0,0,0,0,,0,unhcr_population,2025-12-31,2026-08-19T14:21:59Z,2026-08-19
UNK,Unknown,1952,165000,0,0,0,0,0,0,,0,unhcr_population,2025-12-31,2026-08-19T14:21:59Z,2026-08-19
UNK,Unknown,1953,168000,0,0,0,0,0,0,,0,unhcr_population,2025-12-31,2026-08-19T14:21:59Z,2026-08-19
UNK,Unknown,1954,168000,0,0,0,0,0,0,,0,unhcr_population,2025-12-31,2026-08-19T14:21:59Z,2026-08-19
UNK,Unknown,1955,170900,0,0,0,0,0,0,,0,unhcr_population,2025-12-31,2026-08-19T14:21:59Z,2026-08-19
UNK,Unknown,1956,167100,0,0,0,0,0,0,,0,unhcr_population,2025-12-31,2026-08-19T14:21:59Z,2026-08-19
UNK,Unknown,1957,159700,0,0,0,0,0,0,,0,unhcr_population,2025-12-31,2026-08-19T14:21:59Z,2026-08-19
UNK,Unknown,1958,153000,0,0,0,0,0,0,,0,unhcr_population,2025-12-31,2026-08-19T14:21:59Z,2026-08-19
UNK,Unknown,1959,154000,0,0,0,0,0,0,,0,unhcr_population,2025-12-31,2026-08-19T14:21:59Z,2026-08-19
UNK,Unknown,1960,152000,0,0,0,0,0,0,,0,unhcr_population,2025-12-31,2026-08-19T14:21:59Z,2026-08-19
UNK,Unknown,1961,147200,0,0,0,0,0,0,,0,unhcr_population,2025-12-31,2026-08-19T14:21:59Z,2026-08-19
UNK,Unknown,1962,142300,0,0,0,0,0,0,,0,unhcr_population,2025-12-31,2026-08-19T14:21:59Z,2026-08-19
UNK,Unknown,1963,125800,0,0,0,0,0,0,,0,unhcr_population,2025-12-31,2026-08-19T14:21:59Z,2026-08-19
UNK,Unknown,1964,125030,0,0,0,0,0,0,,0,unhcr_population,2025-12-31,2026-08-19T14:21:59Z,2026-08-19
UNK,Unknown,1965,262000,0,0,0,0,0,0,,0,unhcr_population,2025-12-31,2026-08-19T14:21:59Z,2026-08-19
UNK,Unknown,1966,137140,0,0,0,0,90,0,,0,unhcr_population,2025-12-31,2026-08-19T14:21:59Z,2026-08-19
UNK,Unknown,1967,180050,0,0,0,0,40,0,,0,unhcr_population,2025-12-31,2026-08-19T14:21:59Z,2026-08-19
UNK,Unknown,1968,150010,0,0,0,0,10,0,,0,unhcr_population,2025-12-31,2026-08-19T14:21:59Z,2026-08-19
UNK,Unknown,1969,97520,0,0,0,0,10,0,,0,unhcr_population,2025-12-31,2026-08-19T14:21:59Z,2026-08-19
UNK,Unknown,1970,21000,0,0,0,0,130,0,,0,unhcr_population,2025-12-31,2026-08-19T14:21:59Z,2026-08-19
UNK,Unknown,1971,828000,0,0,0,0,2034480,0,,0,unhcr_population,2025-12-31,2026-08-19T14:21:59Z,2026-08-19
UNK,Unknown,1972,724720,0,0,0,0,9799440,0,,0,unhcr_population,2025-12-31,2026-08-19T14:21:59Z,2026-08-19
UNK,Unknown,1973,578750,0,0,0,0,60,0,,0,unhcr_population,2025-12-31,2026-08-19T14:21:59Z,2026-08-19
UNK,Unknown,1974,633490,0,0,0,0,4510,0,,0,unhcr_population,2025-12-31,2026-08-19T14:21:59Z,2026-08-19
UNK,Unknown,1975,754120,0,0,0,0,160,0,,0,unhcr_population,2025-12-31,2026-08-19T14:21:59Z,2026-08-19
UNK,Unknown,1976,603300,0,0,0,0,70,0,,0,unhcr_population,2025-12-31,2026-08-19T14:21:59Z,2026-08-19
UNK,Unknown,1977,123200,0,0,0,0,160,0,,0,unhcr_population,2025-12-31,2026-08-19T14:21:59Z,2026-08-19
UNK,Unknown,1978,152040,0,0,0,0,160,0,,0,unhcr_population,2025-12-31,2026-08-19T14:21:59Z,2026-08-19
UNK,Unknown,1979,169490,0,0,0,0,170,0,,0,unhcr_population,2025-12-31,2026-08-19T14:21:59Z,2026-08-19
UNK,Unknown,1980,167650,0,0,0,0,69600,0,,0,unhcr_population,2025-12-31,2026-08-19T14:21:59Z,2026-08-19
UNK,Unknown,1981,103130,0,0,0,0,2260,0,,0,unhcr_population,2025-12-31,2026-08-19T14:21:59Z,2026-08-19
UNK,Unknown,1982,101050,0,0,0,0,80360,0,,0,unhcr_population,2025-12-31,2026-08-19T14:21:59Z,2026-08-19
UNK,Unknown,1983,101080,0,0,0,0,81640,0,,0,unhcr_population,2025-12-31,2026-08-19T14:21:59Z,2026-08-19
UNK,Unknown,1984,171020,0,0,0,0,9750,0,,0,unhcr_population,2025-12-31,2026-08-19T14:21:59Z,2026-08-19
UNK,Unknown,1985,164500,0,0,0,0,76090,0,,0,unhcr_population,2025-12-31,2026-08-19T14:21:59Z,2026-08-19
UNK,Unknown,1986,605400,0,0,0,0,3440,0,,0,unhcr_population,2025-12-31,2026-08-19T14:21:59Z,2026-08-19
UNK,Unknown,1987,459400,0,0,0,0,8410,0,,0,unhcr_population,2025-12-31,2026-08-19T14:21:59Z,2026-08-19
UNK,Unknown,1988,5620,0,0,0,0,12140,0,,0,unhcr_population,2025-12-31,2026-08-19T14:21:59Z,2026-08-19
UNK,Unknown,1989,6358,0,0,0,0,70030,0,,0,unhcr_population,2025-12-31,2026-08-19T14:21:59Z,2026-08-19
UNK,Unknown,1990,5284,0,0,0,0,890,0,,0,unhcr_population,2025-12-31,2026-08-19T14:21:59Z,2026-08-19
UNK,Unknown,1991,5992,0,0,0,0,890,0,,0,unhcr_population,2025-12-31,2026-08-19T14:21:59Z,2026-08-19
UNK,Unknown,1992,19011,0,0,0,0,159067,0,,0,unhcr_population,2025-12-31,2026-08-19T14:21:59Z,2026-08-19
UNK,Unknown,1993,0,743601,0,0,0,209961,0,,0,unhcr_population,2025-12-31,2026-08-19T14:21:59Z,2026-08-19
UNK,Unknown,1994,0,644640,0,0,0,30635,0,,0,unhcr_population,2025-12-31,2026-08-19T14:21:59Z,2026-08-19
UNK,Unknown,1995,0,986458,0,0,0,121233,0,,0,unhcr_population,2025-12-31,2026-08-19T14:21:59Z,2026-08-19
UNK,Unknown,1996,0,977087,0,0,0,31862,0,,0,unhcr_population,2025-12-31,2026-08-19T14:21:59Z,2026-08-19
UNK,Unknown,1997,0,1028200,0,0,0,26106,0,,0,unhcr_population,2025-12-31,2026-08-19T14:21:59Z,2026-08-19
UNK,Unknown,1998,0,977800,0,0,0,6444,0,,0,unhcr_population,2025-12-31,2026-08-19T14:21:59Z,2026-08-19
UNK,Unknown,1999,0,1027400,0,0,0,10683,0,,0,unhcr_population,2025-12-31,2026-08-19T14:21:59Z,2026-08-19
UNK,Unknown,2000,0,0,0,0,0,3917,0,,0,unhcr_population,2025-12-31,2026-08-19T14:21:59Z,2026-08-19
UNK,Unknown,2001,0,0,0,0,0,8594,0,,0,unhcr_population,2025-12-31,2026-08-19T14:21:59Z,2026-08-19
UNK,Unknown,2002,0,0,0,0,0,14258,0,,0,unhcr_population,2025-12-31,2026-08-19T14:21:59Z,2026-08-19
UNK,Unknown,2003,0,0,0,0,0,1622,0,,0,unhcr_population,2025-12-31,2026-08-19T14:21:59Z,2026-08-19
UNK,Unknown,2004,0,0,0,0,0,2325,0,,0,unhcr_population,2025-12-31,2026-08-19T14:21:59Z,2026-08-19
UNK,Unknown,2005,0,0,0,0,0,155,0,,0,unhcr_population,2025-12-31,2026-08-19T14:21:59Z,2026-08-19
UNK,Unknown,2006,0,0,0,0,0,23012,0,,0,unhcr_population,2025-12-31,2026-08-19T14:21:59Z,2026-08-19
UNK,Unknown,2007,0,0,0,0,0,2474,0,,0,unhcr_population,2025-12-31,2026-08-19T14:21:59Z,2026-08-19
UNK,Unknown,2008,0,0,0,0,0,14500,0,,0,unhcr_population,2025-12-31,2026-08-19T14:21:59Z,2026-08-19
UNK,Unknown,2009,0,0,0,0,0,3898,0,,0,unhcr_population,2025-12-31,2026-08-19T14:21:59Z,2026-08-19
UNK,Unknown,2010,0,0,0,0,0,26445,0,,0,unhcr_population,2025-12-31,2026-08-19T14:21:59Z,2026-08-19
UNK,Unknown,2011,0,0,0,0,0,945,0,,0,unhcr_population,2025-12-31,2026-08-19T14:21:59Z,2026-08-19
UNK,Unknown,2012,0,0,0,0,0,761,0,,0,unhcr_population,2025-12-31,2026-08-19T14:21:59Z,2026-08-19
UNK,Unknown,2013,0,0,0,0,0,935,0,,0,unhcr_population,2025-12-31,2026-08-19T14:21:59Z,2026-08-19
UNK,Unknown,2017,0,0,0,0,0,57442,0,,0,unhcr_population,2025-12-31,2026-08-19T14:21:59Z,2026-08-19
UNK,Unknown,2019,0,0,0,0,0,64,0,,0,unhcr_population,2025-12-31,2026-08-19T14:21:59Z,2026-08-19
UNK,Unknown,2021,0,0,0,0,0,930,0,,0,unhcr_population,2025-12-31,2026-08-19T14:21:59Z,2026-08-19
UNK,Unknown,2022,0,0,0,0,0,26000,0,,0,unhcr_population,2025-12-31,2026-08-19T14:21:59Z,2026-08-19
UNK,Unknown,2023,0,0,0,0,0,19072,0,,0,unhcr_population,2025-12-31,2026-08-19T14:21:59Z,2026-08-19
UNK,Unknown,2024,0,0,0,0,0,20000,0,,0,unhcr_population,2025-12-31,2026-08-19T14:21:59Z,2026-08-19
UNK,Unknown,2025,0,0,0,0,0,12000,0,,0,unhcr_population,2025-12-31,2026-08-19T14:21:59Z,2026-08-19
URY,Uruguay,1970,1500,0,0,0,0,0,0,,0,unhcr_population,2025-12-31,2026-08-19T14:21:59Z,2026-08-19
URY,Uruguay,1971,1500,0,0,0,0,0,0,,0,unhcr_population,2025-12-31,2026-08-19T14:21:59Z,2026-08-19
URY,Uruguay,1972,1500,0,0,0,0,0,0,,0,unhcr_population,2025-12-31,2026-08-19T14:21:59Z,2026-08-19
URY,Uruguay,1974,1250,0,0,0,0,0,0,,0,unhcr_population,2025-12-31,2026-08-19T14:21:59Z,2026-08-19
URY,Uruguay,1977,2000,0,0,0,0,0,0,,0,unhcr_population,2025-12-31,2026-08-19T14:21:59Z,2026-08-19
URY,Uruguay,1978,2000,0,0,0,0,0,0,,0,unhcr_population,2025-12-31,2026-08-19T14:21:59Z,2026-08-19
URY,Uruguay,1979,2000,0,0,0,0,0,0,,0,unhcr_population,2025-12-31,2026-08-19T14:21:59Z,2026-08-19
URY,Uruguay,1980,1700,0,0,0,0,0,0,,0,unhcr_population,2025-12-31,2026-08-19T14:21:59Z,2026-08-19
URY,Uruguay,1981,1700,0,0,0,0,0,0,,0,unhcr_population,2025-12-31,2026-08-19T14:21:59Z,2026-08-19
URY,Uruguay,1982,60,0,0,0,0,0,0,,0,unhcr_population,2025-12-31,2026-08-19T14:21:59Z,2026-08-19
URY,Uruguay,1983,150,0,0,0,0,0,0,,0,unhcr_population,2025-12-31,2026-08-19T14:21:59Z,2026-08-19
URY,Uruguay,1985,110,0,0,0,0,0,0,,0,unhcr_population,2025-12-31,2026-08-19T14:21:59Z,2026-08-19
URY,Uruguay,1986,70,0,0,0,0,0,0,,0,unhcr_population,2025-12-31,2026-08-19T14:21:59Z,2026-08-19
URY,Uruguay,1987,110,0,0,0,0,0,0,,0,unhcr_population,2025-12-31,2026-08-19T14:21:59Z,2026-08-19
URY,Uruguay,1988,110,0,0,0,0,0,0,,0,unhcr_population,2025-12-31,2026-08-19T14:21:59Z,2026-08-19
URY,Uruguay,1989,110,0,0,0,0,60,0,,0,unhcr_population,2025-12-31,2026-08-19T14:21:59Z,2026-08-19
URY,Uruguay,1990,87,0,0,0,0,80,0,,0,unhcr_population,2025-12-31,2026-08-19T14:21:59Z,2026-08-19
URY,Uruguay,1991,81,0,0,0,0,50,0,,0,unhcr_population,2025-12-31,2026-08-19T14:21:59Z,2026-08-19
URY,Uruguay,1992,90,0,0,0,0,50,0,,0,unhcr_population,2025-12-31,2026-08-19T14:21:59Z,2026-08-19
URY,Uruguay,1993,131,0,0,0,0,25,0,,0,unhcr_population,2025-12-31,2026-08-19T14:21:59Z,2026-08-19
URY,Uruguay,1994,116,0,0,0,0,36,0,,0,unhcr_population,2025-12-31,2026-08-19T14:21:59Z,2026-08-19
URY,Uruguay,1995,121,0,0,0,0,5,0,,0,unhcr_population,2025-12-31,2026-08-19T14:21:59Z,2026-08-19
URY,Uruguay,1996,130,0,0,0,0,11,0,,0,unhcr_population,2025-12-31,2026-08-19T14:21:59Z,2026-08-19
URY,Uruguay,1997,134,0,0,0,0,0,0,,0,unhcr_population,2025-12-31,2026-08-19T14:21:59Z,2026-08-19
URY,Uruguay,1998,163,0,0,0,0,0,0,,0,unhcr_population,2025-12-31,2026-08-19T14:21:59Z,2026-08-19
URY,Uruguay,1999,83,0,0,0,0,0,0,,0,unhcr_population,2025-12-31,2026-08-19T14:21:59Z,2026-08-19
URY,Uruguay,2000,74,0,0,0,0,5,0,,0,unhcr_population,2025-12-31,2026-08-19T14:21:59Z,2026-08-19
URY,Uruguay,2001,86,0,0,0,0,0,0,,0,unhcr_population,2025-12-31,2026-08-19T14:21:59Z,2026-08-19
URY,Uruguay,2002,97,0,0,0,0,0,0,,0,unhcr_population,2025-12-31,2026-08-19T14:21:59Z,2026-08-19
URY,Uruguay,2003,84,5,0,0,0,0,0,,0,unhcr_population,2025-12-31,2026-08-19T14:21:59Z,2026-08-19
URY,Uruguay,2004,87,5,0,0,0,0,0,,0,unhcr_population,2025-12-31,2026-08-19T14:21:59Z,2026-08-19
URY,Uruguay,2005,114,0,0,0,0,0,0,,0,unhcr_population,2025-12-31,2026-08-19T14:21:59Z,2026-08-19
URY,Uruguay,2006,117,22,0,0,0,0,0,,0,unhcr_population,2025-12-31,2026-08-19T14:21:59Z,2026-08-19
URY,Uruguay,2007,130,29,0,0,0,0,0,,0,unhcr_population,2025-12-31,2026-08-19T14:21:59Z,2026-08-19
URY,Uruguay,2008,133,33,0,0,0,0,0,,0,unhcr_population,2025-12-31,2026-08-19T14:21:59Z,2026-08-19
URY,Uruguay,2009,162,32,0,0,0,6,0,,0,unhcr_population,2025-12-31,2026-08-19T14:21:59Z,2026-08-19
URY,Uruguay,2010,181,33,0,0,0,0,0,,0,unhcr_population,2025-12-31,2026-08-19T14:21:59Z,2026-08-19
URY,Uruguay,2011,165,49,0,0,0,0,0,,0,unhcr_population,2025-12-31,2026-08-19T14:21:59Z,2026-08-19
URY,Uruguay,2012,170,40,0,0,0,0,0,,0,unhcr_population,2025-12-31,2026-08-19T14:21:59Z,2026-08-19
URY,Uruguay,2013,190,38,0,0,0,0,0,,0,unhcr_population,2025-12-31,2026-08-19T14:21:59Z,2026-08-19
URY,Uruguay,2014,254,51,0,0,0,0,0,,0,unhcr_population,2025-12-31,2026-08-19T14:21:59Z,2026-08-19
URY,Uruguay,2015,292,69,0,0,0,0,0,,0,unhcr_population,2025-12-31,2026-08-19T14:21:59Z,2026-08-19
URY,Uruguay,2016,299,352,0,0,0,5,0,,0,unhcr_population,2025-12-31,2026-08-19T14:21:59Z,2026-08-19
URY,Uruguay,2017,334,2089,0,0,6157,0,0,,0,unhcr_population,2025-12-31,2026-08-19T14:21:59Z,2026-08-19
URY,Uruguay,2018,379,6404,0,0,0,0,0,11605,0,unhcr_population,2025-12-31,2026-08-19T14:21:59Z,2026-08-19
URY,Uruguay,2019,498,13742,0,0,0,0,0,14362,0,unhcr_population,2025-12-31,2026-08-19T14:21:59Z,2026-08-19
URY,Uruguay,2020,664,10631,0,0,0,0,0,14063,0,unhcr_population,2025-12-31,2026-08-19T14:21:59Z,2026-08-19
URY,Uruguay,2021,877,13519,0,5,0,0,0,14995,4020,unhcr_population,2025-12-31,2026-08-19T14:21:59Z,2026-08-19
URY,Uruguay,2022,1115,16479,0,5,0,0,0,23023,9346,unhcr_population,2025-12-31,2026-08-19T14:21:59Z,2026-08-19
URY,Uruguay,2023,1285,24173,0,5,0,0,0,28628,8726,unhcr_population,2025-12-31,2026-08-19T14:21:59Z,2026-08-19
URY,Uruguay,2024,1322,30827,0,5,0,0,0,35951,7791,unhcr_population,2025-12-31,2026-08-19T14:21:59Z,2026-08-19
URY,Uruguay,2025,3195,27288,0,5,0,0,0,20833,1555,unhcr_population,2025-12-31,2026-08-19T14:21:59Z,2026-08-19
USA,United States of America,1951,350000,0,0,0,0,0,0,,0,unhcr_population,2025-12-31,2026-08-19T14:21:59Z,2026-08-19
USA,United States of America,1952,500000,0,0,0,0,0,0,,0,unhcr_population,2025-12-31,2026-08-19T14:21:59Z,2026-08-19
USA,United States of America,1953,500000,0,0,0,0,0,0,,0,unhcr_population,2025-12-31,2026-08-19T14:21:59Z,2026-08-19
USA,United States of America,1954,500000,0,0,0,0,0,0,,0,unhcr_population,2025-12-31,2026-08-19T14:21:59Z,2026-08-19
USA,United States of America,1955,500000,0,0,0,0,0,0,,0,unhcr_population,2025-12-31,2026-08-19T14:21:59Z,2026-08-19
USA,United States of America,1956,500000,0,0,0,0,0,0,,0,unhcr_population,2025-12-31,2026-08-19T14:21:59Z,2026-08-19
USA,United States of America,1957,500000,0,0,0,0,0,0,,0,unhcr_population,2025-12-31,2026-08-19T14:21:59Z,2026-08-19
USA,United States of America,1958,500000,0,0,0,0,0,0,,0,unhcr_population,2025-12-31,2026-08-19T14:21:59Z,2026-08-19
USA,United States of America,1959,500000,0,0,0,0,0,0,,0,unhcr_population,2025-12-31,2026-08-19T14:21:59Z,2026-08-19
USA,United States of America,1960,500000,0,0,0,0,0,0,,0,unhcr_population,2025-12-31,2026-08-19T14:21:59Z,2026-08-19
USA,United States of America,1961,500000,0,0,0,0,0,0,,0,unhcr_population,2025-12-31,2026-08-19T14:21:59Z,2026-08-19
USA,United States of America,1962,500000,0,0,0,0,0,0,,0,unhcr_population,2025-12-31,2026-08-19T14:21:59Z,2026-08-19
USA,United States of America,1963,500000,0,0,0,0,0,0,,0,unhcr_population,2025-12-31,2026-08-19T14:21:59Z,2026-08-19
USA,United States of America,1964,500000,0,0,0,0,0,0,,0,unhcr_population,2025-12-31,2026-08-19T14:21:59Z,2026-08-19
USA,United States of America,1965,510000,0,0,0,0,0,0,,0,unhcr_population,2025-12-31,2026-08-19T14:21:59Z,2026-08-19
USA,United States of America,1966,500000,0,0,0,0,0,0,,0,unhcr_population,2025-12-31,2026-08-19T14:21:59Z,2026-08-19
USA,United States of America,1967,480000,0,0,0,0,0,0,,0,unhcr_population,2025-12-31,2026-08-19T14:21:59Z,2026-08-19
USA,United States of America,1968,498000,0,0,0,0,0,0,,0,unhcr_population,2025-12-31,2026-08-19T14:21:59Z,2026-08-19
USA,United States of America,1969,500000,0,0,0,0,0,0,,0,unhcr_population,2025-12-31,2026-08-19T14:21:59Z,2026-08-19
USA,United States of America,1970,500000,0,0,0,0,0,0,,0,unhcr_population,2025-12-31,2026-08-19T14:21:59Z,2026-08-19
USA,United States of America,1971,530000,0,0,0,0,0,0,,0,unhcr_population,2025-12-31,2026-08-19T14:21:59Z,2026-08-19
USA,United States of America,1972,530000,0,0,0,0,0,0,,0,unhcr_population,2025-12-31,2026-08-19T14:21:59Z,2026-08-19
USA,United States of America,1973,530000,0,0,0,0,0,0,,0,unhcr_population,2025-12-31,2026-08-19T14:21:59Z,2026-08-19
USA,United States of America,1974,530000,0,0,0,0,0,0,,0,unhcr_population,2025-12-31,2026-08-19T14:21:59Z,2026-08-19
USA,United States of America,1975,530000,0,0,0,0,0,0,,0,unhcr_population,2025-12-31,2026-08-19T14:21:59Z,2026-08-19
USA,United States of America,1976,500000,0,0,0,0,0,0,,0,unhcr_population,2025-12-31,2026-08-19T14:21:59Z,2026-08-19
USA,United States of America,1977,684700,0,0,0,0,0,0,,0,unhcr_population,2025-12-31,2026-08-19T14:21:59Z,2026-08-19
USA,United States of America,1978,734000,0,0,0,0,0,0,,0,unhcr_population,2025-12-31,2026-08-19T14:21:59Z,2026-08-19
USA,United States of America,1979,734000,0,0,0,0,0,0,,0,unhcr_population,2025-12-31,2026-08-19T14:21:59Z,2026-08-19
USA,United States of America,1980,403684,0,0,0,0,0,0,,0,unhcr_population,2025-12-31,2026-08-19T14:21:59Z,2026-08-19
USA,United States of America,1981,537375,0,0,0,0,0,0,,0,unhcr_population,2025-12-31,2026-08-19T14:21:59Z,2026-08-19
USA,United States of America,1982,620257,0,0,0,0,0,0,,0,unhcr_population,2025-12-31,2026-08-19T14:21:59Z,2026-08-19
USA,United States of America,1983,655532,0,0,0,0,0,0,,0,unhcr_population,2025-12-31,2026-08-19T14:21:59Z,2026-08-19
USA,United States of America,1984,626909,0,0,0,0,0,0,,0,unhcr_population,2025-12-31,2026-08-19T14:21:59Z,2026-08-19
USA,United States of America,1985,492806,0,0,0,0,0,0,,0,unhcr_population,2025-12-31,2026-08-19T14:21:59Z,2026-08-19
USA,United States of America,1986,398633,0,0,0,0,0,0,,0,unhcr_population,2025-12-31,2026-08-19T14:21:59Z,2026-08-19
USA,United States of America,1987,365726,0,0,0,0,0,0,,0,unhcr_population,2025-12-31,2026-08-19T14:21:59Z,2026-08-19
USA,United States of America,1988,377769,0,0,0,0,0,0,,0,unhcr_population,2025-12-31,2026-08-19T14:21:59Z,2026-08-19
USA,United States of America,1989,411496,0,0,0,0,10,0,,0,unhcr_population,2025-12-31,2026-08-19T14:21:59Z,2026-08-19
USA,United States of America,1990,464887,0,0,0,0,12,0,,0,unhcr_population,2025-12-31,2026-08-19T14:21:59Z,2026-08-19
USA,United States of America,1991,513885,0,0,0,0,22,0,,0,unhcr_population,2025-12-31,2026-08-19T14:21:59Z,2026-08-19
USA,United States of America,1992,579938,0,0,0,0,0,0,,0,unhcr_population,2025-12-31,2026-08-19T14:21:59Z,2026-08-19
USA,United States of America,1993,623056,0,0,0,0,0,0,,0,unhcr_population,2025-12-31,2026-08-19T14:21:59Z,2026-08-19
USA,United States of America,1994,631046,0,0,0,0,0,0,,0,unhcr_population,2025-12-31,2026-08-19T14:21:59Z,2026-08-19
USA,United States of America,1995,623279,0,0,0,0,0,0,,0,unhcr_population,2025-12-31,2026-08-19T14:21:59Z,2026-08-19
USA,United States of America,1996,607005,0,0,0,0,100,0,,0,unhcr_population,2025-12-31,2026-08-19T14:21:59Z,2026-08-19
USA,United States of America,1997,563813,0,0,0,0,5,0,,0,unhcr_population,2025-12-31,2026-08-19T14:21:59Z,2026-08-19
USA,United States of America,1998,533951,0,0,0,0,0,0,,0,unhcr_population,2025-12-31,2026-08-19T14:21:59Z,2026-08-19
USA,United States of America,1999,521134,0,0,0,0,2905,0,,0,unhcr_population,2025-12-31,2026-08-19T14:21:59Z,2026-08-19
USA,United States of America,2000,508209,386303,0,0,0,929,0,,0,unhcr_population,2025-12-31,2026-08-19T14:21:59Z,2026-08-19
USA,United States of America,2001,515851,395849,0,0,0,76,0,,0,unhcr_population,2025-12-31,2026-08-19T14:21:59Z,2026-08-19
USA,United States of America,2002,485173,395358,0,0,0,696,0,,0,unhcr_population,2025-12-31,2026-08-19T14:21:59Z,2026-08-19
USA,United States of America,2003,452536,350860,0,0,0,389,0,,0,unhcr_population,2025-12-31,2026-08-19T14:21:59Z,2026-08-19
USA,United States of America,2004,420788,263675,0,0,0,64,0,,0,unhcr_population,2025-12-31,2026-08-19T14:21:59Z,2026-08-19
USA,United States of America,2005,379330,169706,0,0,0,77,0,,0,unhcr_population,2025-12-31,2026-08-19T14:21:59Z,2026-08-19
USA,United States of America,2006,843434,124194,0,0,0,108,0,,0,unhcr_population,2025-12-31,2026-08-19T14:21:59Z,2026-08-19
USA,United States of America,2007,281154,83855,0,0,0,61,0,,0,unhcr_population,2025-12-31,2026-08-19T14:21:59Z,2026-08-19
USA,United States of America,2008,279468,69188,0,0,0,69,0,,0,unhcr_population,2025-12-31,2026-08-19T14:21:59Z,2026-08-19
USA,United States of America,2009,275393,63758,0,0,0,693,0,,0,unhcr_population,2025-12-31,2026-08-19T14:21:59Z,2026-08-19
USA,United States of America,2010,264505,6276,0,0,0,89,0,,0,unhcr_population,2025-12-31,2026-08-19T14:21:59Z,2026-08-19
USA,United States of America,2011,264752,11700,0,0,0,1816,0,,0,unhcr_population,2025-12-31,2026-08-19T14:21:59Z,2026-08-19
USA,United States of America,2012,262006,18946,0,0,0,1143,0,,0,unhcr_population,2025-12-31,2026-08-19T14:21:59Z,2026-08-19
USA,United States of America,2013,263653,84317,0,0,0,962,0,,0,unhcr_population,2025-12-31,2026-08-19T14:21:59Z,2026-08-19
USA,United States of America,2014,267214,187815,0,0,0,8,0,,0,unhcr_population,2025-12-31,2026-08-19T14:21:59Z,2026-08-19
USA,United States of America,2015,273198,286177,0,0,0,0,0,,0,unhcr_population,2025-12-31,2026-08-19T14:21:59Z,2026-08-19
USA,United States of America,2016,272963,439864,0,0,0,0,0,,0,unhcr_population,2025-12-31,2026-08-19T14:21:59Z,2026-08-19
USA,United States of America,2017,287135,642719,0,0,0,116,0,,0,unhcr_population,2025-12-31,2026-08-19T14:21:59Z,2026-08-19
USA,United States of America,2018,313242,718992,0,0,0,0,0,,0,unhcr_population,2025-12-31,2026-08-19T14:21:59Z,2026-08-19
USA,United States of America,2019,341715,847608,0,168,0,0,0,,0,unhcr_population,2025-12-31,2026-08-19T14:21:59Z,2026-08-19
USA,United States of America,2020,340846,997996,0,47,0,0,0,,0,unhcr_population,2025-12-31,2026-08-19T14:21:59Z,2026-08-19
USA,United States of America,2021,339179,1303181,0,47,0,0,0,,0,unhcr_population,2025-12-31,2026-08-19T14:21:59Z,2026-08-19
USA,United States of America,2022,363059,1798790,0,0,0,4021,0,,0,unhcr_population,2025-12-31,2026-08-19T14:21:59Z,2026-08-19
USA,United States of America,2023,409202,2601468,0,0,0,1000,0,,0,unhcr_population,2025-12-31,2026-08-19T14:21:59Z,2026-08-19
USA,United States of America,2024,435333,3184162,0,0,0,0,0,,0,unhcr_population,2025-12-31,2026-08-19T14:21:59Z,2026-08-19
USA,United States of America,2025,457647,3718945,0,0,0,0,0,,0,unhcr_population,2025-12-31,2026-08-19T14:21:59Z,2026-08-19
UZB,Uzbekistan,1993,8000,0,0,0,0,0,0,,0,unhcr_population,2025-12-31,2026-08-19T14:21:59Z,2026-08-19
UZB,Uzbekistan,1994,8000,0,0,0,0,0,0,,0,unhcr_population,2025-12-31,2026-08-19T14:21:59Z,2026-08-19
UZB,Uzbekistan,1995,2623,0,0,0,0,58,0,,0,unhcr_population,2025-12-31,2026-08-19T14:21:59Z,2026-08-19
UZB,Uzbekistan,1996,2894,0,0,0,0,58,0,,0,unhcr_population,2025-12-31,2026-08-19T14:21:59Z,2026-08-19
UZB,Uzbekistan,1997,3150,0,0,0,0,0,0,,0,unhcr_population,2025-12-31,2026-08-19T14:21:59Z,2026-08-19
UZB,Uzbekistan,1998,1070,0,0,0,0,11,0,,0,unhcr_population,2025-12-31,2026-08-19T14:21:59Z,2026-08-19
UZB,Uzbekistan,1999,1015,0,0,0,0,5,0,,0,unhcr_population,2025-12-31,2026-08-19T14:21:59Z,2026-08-19
UZB,Uzbekistan,2000,38349,1243,0,0,0,0,0,,0,unhcr_population,2025-12-31,2026-08-19T14:21:59Z,2026-08-19
UZB,Uzbekistan,2001,39579,1335,0,0,0,0,0,,0,unhcr_population,2025-12-31,2026-08-19T14:21:59Z,2026-08-19
UZB,Uzbekistan,2002,44933,1075,0,0,0,93,0,,0,unhcr_population,2025-12-31,2026-08-19T14:21:59Z,2026-08-19
UZB,Uzbekistan,2003,44683,967,0,0,0,117,0,,0,unhcr_population,2025-12-31,2026-08-19T14:21:59Z,2026-08-19
UZB,Uzbekistan,2004,44452,475,0,0,0,69,0,,0,unhcr_population,2025-12-31,2026-08-19T14:21:59Z,2026-08-19
UZB,Uzbekistan,2005,43949,582,0,0,0,5,0,,0,unhcr_population,2025-12-31,2026-08-19T14:21:59Z,2026-08-19
UZB,Uzbekistan,2006,1415,0,0,7,0,0,0,,0,unhcr_population,2025-12-31,2026-08-19T14:21:59Z,2026-08-19
UZB,Uzbekistan,2007,1052,0,0,6,0,0,0,,0,unhcr_population,2025-12-31,2026-08-19T14:21:59Z,2026-08-19
UZB,Uzbekistan,2008,819,0,0,0,0,21,0,,0,unhcr_population,2025-12-31,2026-08-19T14:21:59Z,2026-08-19
UZB,Uzbekistan,2009,556,0,0,0,0,0,0,,0,unhcr_population,2025-12-31,2026-08-19T14:21:59Z,2026-08-19
UZB,Uzbekistan,2010,309,0,0,0,0,0,0,,0,unhcr_population,2025-12-31,2026-08-19T14:21:59Z,2026-08-19
UZB,Uzbekistan,2011,216,0,0,0,0,0,0,,0,unhcr_population,2025-12-31,2026-08-19T14:21:59Z,2026-08-19
UZB,Uzbekistan,2012,178,0,0,0,0,0,0,,0,unhcr_population,2025-12-31,2026-08-19T14:21:59Z,2026-08-19
UZB,Uzbekistan,2013,143,0,0,0,0,0,0,,0,unhcr_population,2025-12-31,2026-08-19T14:21:59Z,2026-08-19
UZB,Uzbekistan,2014,123,0,0,86703,0,0,0,,0,unhcr_population,2025-12-31,2026-08-19T14:21:59Z,2026-08-19
UZB,Uzbekistan,2015,106,0,0,86703,0,0,0,,0,unhcr_population,2025-12-31,2026-08-19T14:21:59Z,2026-08-19
UZB,Uzbekistan,2016,26,0,0,86524,0,0,0,,0,unhcr_population,2025-12-31,2026-08-19T14:21:59Z,2026-08-19
UZB,Uzbekistan,2017,20,0,0,85555,0,0,0,,0,unhcr_population,2025-12-31,2026-08-19T14:21:59Z,2026-08-19
UZB,Uzbekistan,2018,13,0,0,79942,0,0,0,,0,unhcr_population,2025-12-31,2026-08-19T14:21:59Z,2026-08-19
UZB,Uzbekistan,2019,13,0,0,97346,0,0,0,,0,unhcr_population,2025-12-31,2026-08-19T14:21:59Z,2026-08-19
UZB,Uzbekistan,2020,13,0,0,69791,0,0,0,,0,unhcr_population,2025-12-31,2026-08-19T14:21:59Z,2026-08-19
UZB,Uzbekistan,2021,13032,0,0,37993,0,0,0,,0,unhcr_population,2025-12-31,2026-08-19T14:21:59Z,2026-08-19
UZB,Uzbekistan,2022,13026,0,0,27389,0,0,0,,0,unhcr_population,2025-12-31,2026-08-19T14:21:59Z,2026-08-19
UZB,Uzbekistan,2023,9405,0,0,22496,0,0,0,,0,unhcr_population,2025-12-31,2026-08-19T14:21:59Z,2026-08-19
UZB,Uzbekistan,2024,8505,0,0,20000,0,0,0,,0,unhcr_population,2025-12-31,2026-08-19T14:21:59Z,2026-08-19
UZB,Uzbekistan,2025,5,0,0,16000,0,0,0,7700,0,unhcr_population,2025-12-31,2026-08-19T14:21:59Z,2026-08-19
VCT,Saint Vincent and the Grenadines,2019,0,0,0,0,0,0,0,38,0,unhcr_population,2025-12-31,2026-08-19T14:21:59Z,2026-08-19
VCT,Saint Vincent and the Grenadines,2020,0,0,0,0,0,0,0,14,0,unhcr_population,2025-12-31,2026-08-19T14:21:59Z,2026-08-19
VCT,Saint Vincent and the Grenadines,2021,0,0,0,0,0,0,0,5,0,unhcr_population,2025-12-31,2026-08-19T14:21:59Z,2026-08-19
VCT,Saint Vincent and the Grenadines,2022,0,0,0,0,5,0,0,,0,unhcr_population,2025-12-31,2026-08-19T14:21:59Z,2026-08-19
VEN,Venezuela (Bolivarian Republic of),1969,15000,0,0,0,0,0,0,,0,unhcr_population,2025-12-31,2026-08-19T14:21:59Z,2026-08-19
VEN,Venezuela (Bolivarian Republic of),1970,15000,0,0,0,0,0,0,,0,unhcr_population,2025-12-31,2026-08-19T14:21:59Z,2026-08-19
VEN,Venezuela (Bolivarian Republic of),1971,15000,0,0,0,0,0,0,,0,unhcr_population,2025-12-31,2026-08-19T14:21:59Z,2026-08-19
VEN,Venezuela (Bolivarian Republic of),1972,14700,0,0,0,0,0,0,,0,unhcr_population,2025-12-31,2026-08-19T14:21:59Z,2026-08-19
VEN,Venezuela (Bolivarian Republic of),1973,15400,0,0,0,0,0,0,,0,unhcr_population,2025-12-31,2026-08-19T14:21:59Z,2026-08-19
VEN,Venezuela (Bolivarian Republic of),1974,14350,0,0,0,0,0,0,,0,unhcr_population,2025-12-31,2026-08-19T14:21:59Z,2026-08-19
VEN,Venezuela (Bolivarian Republic of),1977,16000,0,0,0,0,0,0,,0,unhcr_population,2025-12-31,2026-08-19T14:21:59Z,2026-08-19
VEN,Venezuela (Bolivarian Republic of),1978,16000,0,0,0,0,0,0,,0,unhcr_population,2025-12-31,2026-08-19T14:21:59Z,2026-08-19
VEN,Venezuela (Bolivarian Republic of),1979,16000,0,0,0,0,0,0,,0,unhcr_population,2025-12-31,2026-08-19T14:21:59Z,2026-08-19
VEN,Venezuela (Bolivarian Republic of),1980,17800,0,0,0,0,0,0,,0,unhcr_population,2025-12-31,2026-08-19T14:21:59Z,2026-08-19
VEN,Venezuela (Bolivarian Republic of),1981,17000,0,0,0,0,0,0,,0,unhcr_population,2025-12-31,2026-08-19T14:21:59Z,2026-08-19
VEN,Venezuela (Bolivarian Republic of),1982,850,0,0,0,0,50,0,,0,unhcr_population,2025-12-31,2026-08-19T14:21:59Z,2026-08-19
VEN,Venezuela (Bolivarian Republic of),1983,1100,0,0,0,0,0,0,,0,unhcr_population,2025-12-31,2026-08-19T14:21:59Z,2026-08-19
VEN,Venezuela (Bolivarian Republic of),1984,1420,0,0,0,0,100,0,,0,unhcr_population,2025-12-31,2026-08-19T14:21:59Z,2026-08-19
VEN,Venezuela (Bolivarian Republic of),1985,1890,0,0,0,0,130,0,,0,unhcr_population,2025-12-31,2026-08-19T14:21:59Z,2026-08-19
VEN,Venezuela (Bolivarian Republic of),1986,1800,0,0,0,0,60,0,,0,unhcr_population,2025-12-31,2026-08-19T14:21:59Z,2026-08-19
VEN,Venezuela (Bolivarian Republic of),1987,1900,0,0,0,0,0,0,,0,unhcr_population,2025-12-31,2026-08-19T14:21:59Z,2026-08-19
VEN,Venezuela (Bolivarian Republic of),1988,2007,0,0,0,0,60,0,,0,unhcr_population,2025-12-31,2026-08-19T14:21:59Z,2026-08-19
VEN,Venezuela (Bolivarian Republic of),1989,2118,0,0,0,0,50,0,,0,unhcr_population,2025-12-31,2026-08-19T14:21:59Z,2026-08-19
VEN,Venezuela (Bolivarian Republic of),1990,1750,0,0,0,0,560,0,,0,unhcr_population,2025-12-31,2026-08-19T14:21:59Z,2026-08-19
VEN,Venezuela (Bolivarian Republic of),1991,1720,0,0,0,0,140,0,,0,unhcr_population,2025-12-31,2026-08-19T14:21:59Z,2026-08-19
VEN,Venezuela (Bolivarian Republic of),1992,1990,0,0,0,0,240,0,,0,unhcr_population,2025-12-31,2026-08-19T14:21:59Z,2026-08-19
VEN,Venezuela (Bolivarian Republic of),1993,2225,0,0,0,0,384,0,,0,unhcr_population,2025-12-31,2026-08-19T14:21:59Z,2026-08-19
VEN,Venezuela (Bolivarian Republic of),1994,2172,0,0,0,0,200,0,,0,unhcr_population,2025-12-31,2026-08-19T14:21:59Z,2026-08-19
VEN,Venezuela (Bolivarian Republic of),1995,1612,0,0,0,0,39,0,,0,unhcr_population,2025-12-31,2026-08-19T14:21:59Z,2026-08-19
VEN,Venezuela (Bolivarian Republic of),1996,1591,0,0,0,0,33,0,,0,unhcr_population,2025-12-31,2026-08-19T14:21:59Z,2026-08-19
VEN,Venezuela (Bolivarian Republic of),1997,290,0,0,0,0,0,0,,0,unhcr_population,2025-12-31,2026-08-19T14:21:59Z,2026-08-19
VEN,Venezuela (Bolivarian Republic of),1998,157,0,0,0,0,12,0,,0,unhcr_population,2025-12-31,2026-08-19T14:21:59Z,2026-08-19
VEN,Venezuela (Bolivarian Republic of),1999,186,0,0,0,0,5,0,,0,unhcr_population,2025-12-31,2026-08-19T14:21:59Z,2026-08-19
VEN,Venezuela (Bolivarian Republic of),2000,130,72,0,0,0,5,0,,0,unhcr_population,2025-12-31,2026-08-19T14:21:59Z,2026-08-19
VEN,Venezuela (Bolivarian Republic of),2001,62,303,0,0,0,0,0,,0,unhcr_population,2025-12-31,2026-08-19T14:21:59Z,2026-08-19
VEN,Venezuela (Bolivarian Republic of),2002,62,1008,0,0,50000,0,0,,0,unhcr_population,2025-12-31,2026-08-19T14:21:59Z,2026-08-19
VEN,Venezuela (Bolivarian Republic of),2003,62,2282,0,0,26192,0,0,,0,unhcr_population,2025-12-31,2026-08-19T14:21:59Z,2026-08-19
VEN,Venezuela (Bolivarian Republic of),2004,245,3897,0,0,26350,9,0,,0,unhcr_population,2025-12-31,2026-08-19T14:21:59Z,2026-08-19
VEN,Venezuela (Bolivarian Republic of),2005,409,5906,0,0,200000,0,0,,0,unhcr_population,2025-12-31,2026-08-19T14:21:59Z,2026-08-19
VEN,Venezuela (Bolivarian Republic of),2006,716,7750,0,0,200000,0,0,,0,unhcr_population,2025-12-31,2026-08-19T14:21:59Z,2026-08-19
VEN,Venezuela (Bolivarian Republic of),2007,200904,9588,0,0,0,0,0,,0,unhcr_population,2025-12-31,2026-08-19T14:21:59Z,2026-08-19
VEN,Venezuela (Bolivarian Republic of),2008,201160,11928,0,0,0,0,0,,0,unhcr_population,2025-12-31,2026-08-19T14:21:59Z,2026-08-19
VEN,Venezuela (Bolivarian Republic of),2009,201310,14357,0,0,0,17,0,,0,unhcr_population,2025-12-31,2026-08-19T14:21:59Z,2026-08-19
VEN,Venezuela (Bolivarian Republic of),2010,201544,15844,0,0,0,0,0,,0,unhcr_population,2025-12-31,2026-08-19T14:21:59Z,2026-08-19
VEN,Venezuela (Bolivarian Republic of),2011,202013,17356,0,0,0,0,0,,0,unhcr_population,2025-12-31,2026-08-19T14:21:59Z,2026-08-19
VEN,Venezuela (Bolivarian Republic of),2012,203635,900,0,0,0,0,0,,0,unhcr_population,2025-12-31,2026-08-19T14:21:59Z,2026-08-19
VEN,Venezuela (Bolivarian Republic of),2013,204331,1057,0,0,0,0,0,,0,unhcr_population,2025-12-31,2026-08-19T14:21:59Z,2026-08-19
VEN,Venezuela (Bolivarian Republic of),2014,173591,410,0,0,0,0,0,,0,unhcr_population,2025-12-31,2026-08-19T14:21:59Z,2026-08-19
VEN,Venezuela (Bolivarian Republic of),2015,173745,217,0,0,0,1765,0,,0,unhcr_population,2025-12-31,2026-08-19T14:21:59Z,2026-08-19
VEN,Venezuela (Bolivarian Republic of),2016,172047,900,0,0,0,154,0,,0,unhcr_population,2025-12-31,2026-08-19T14:21:59Z,2026-08-19
VEN,Venezuela (Bolivarian Republic of),2017,122804,904,0,0,0,167,0,,0,unhcr_population,2025-12-31,2026-08-19T14:21:59Z,2026-08-19
VEN,Venezuela (Bolivarian Republic of),2018,67283,142,0,0,0,23870,0,,0,unhcr_population,2025-12-31,2026-08-19T14:21:59Z,2026-08-19
VEN,Venezuela (Bolivarian Republic of),2019,67749,49,0,0,494503,31,0,,0,unhcr_population,2025-12-31,2026-08-19T14:21:59Z,2026-08-19
VEN,Venezuela (Bolivarian Republic of),2020,68089,284,0,0,1112517,0,0,,0,unhcr_population,2025-12-31,2026-08-19T14:21:59Z,2026-08-19
VEN,Venezuela (Bolivarian Republic of),2021,39328,516,0,0,1389980,7,0,,0,unhcr_population,2025-12-31,2026-08-19T14:21:59Z,2026-08-19
VEN,Venezuela (Bolivarian Republic of),2022,29341,1045,0,0,3206577,6,0,,0,unhcr_population,2025-12-31,2026-08-19T14:21:59Z,2026-08-19
VEN,Venezuela (Bolivarian Republic of),2023,29336,1578,0,0,3206577,5,0,,0,unhcr_population,2025-12-31,2026-08-19T14:21:59Z,2026-08-19
VEN,Venezuela (Bolivarian Republic of),2024,19333,1578,0,0,590346,5,0,,0,unhcr_population,2025-12-31,2026-08-19T14:21:59Z,2026-08-19
VEN,Venezuela (Bolivarian Republic of),2025,14333,1577,0,0,195822,0,0,,0,unhcr_population,2025-12-31,2026-08-19T14:21:59Z,2026-08-19
VGB,British Virgin Islands,2024,5,36,0,0,0,0,0,,0,unhcr_population,2025-12-31,2026-08-19T14:21:59Z,2026-08-19
VGB,British Virgin Islands,2025,6,26,0,0,0,0,0,,0,unhcr_population,2025-12-31,2026-08-19T14:21:59Z,2026-08-19
VNM,Viet Nam,1971,57000,0,0,0,0,0,0,,0,unhcr_population,2025-12-31,2026-08-19T14:21:59Z,2026-08-19
VNM,Viet Nam,1972,55000,0,0,0,0,0,0,,0,unhcr_population,2025-12-31,2026-08-19T14:21:59Z,2026-08-19
VNM,Viet Nam,1973,35000,0,0,0,0,0,0,,0,unhcr_population,2025-12-31,2026-08-19T14:21:59Z,2026-08-19
VNM,Viet Nam,1977,60000,0,0,0,0,0,0,,0,unhcr_population,2025-12-31,2026-08-19T14:21:59Z,2026-08-19
VNM,Viet Nam,1978,150000,0,0,0,0,0,0,,0,unhcr_population,2025-12-31,2026-08-19T14:21:59Z,2026-08-19
VNM,Viet Nam,1979,35000,0,0,0,0,120000,0,,0,unhcr_population,2025-12-31,2026-08-19T14:21:59Z,2026-08-19
VNM,Viet Nam,1980,33000,0,0,0,0,0,0,,0,unhcr_population,2025-12-31,2026-08-19T14:21:59Z,2026-08-19
VNM,Viet Nam,1981,30000,0,0,0,0,3600,0,,0,unhcr_population,2025-12-31,2026-08-19T14:21:59Z,2026-08-19
VNM,Viet Nam,1982,25960,0,0,0,0,0,0,,0,unhcr_population,2025-12-31,2026-08-19T14:21:59Z,2026-08-19
VNM,Viet Nam,1983,21070,0,0,0,0,0,0,,0,unhcr_population,2025-12-31,2026-08-19T14:21:59Z,2026-08-19
VNM,Viet Nam,1984,21000,0,0,0,0,0,0,,0,unhcr_population,2025-12-31,2026-08-19T14:21:59Z,2026-08-19
VNM,Viet Nam,1985,25000,0,0,0,0,0,0,,0,unhcr_population,2025-12-31,2026-08-19T14:21:59Z,2026-08-19
VNM,Viet Nam,1986,27200,0,0,0,0,0,0,,0,unhcr_population,2025-12-31,2026-08-19T14:21:59Z,2026-08-19
VNM,Viet Nam,1987,25000,0,0,0,0,0,0,,0,unhcr_population,2025-12-31,2026-08-19T14:21:59Z,2026-08-19
VNM,Viet Nam,1988,27000,0,0,0,0,0,0,,0,unhcr_population,2025-12-31,2026-08-19T14:21:59Z,2026-08-19
VNM,Viet Nam,1989,23060,0,0,0,0,0,0,,0,unhcr_population,2025-12-31,2026-08-19T14:21:59Z,2026-08-19
VNM,Viet Nam,1990,21150,0,0,0,0,0,0,,0,unhcr_population,2025-12-31,2026-08-19T14:21:59Z,2026-08-19
VNM,Viet Nam,1991,20148,0,0,0,0,0,0,,0,unhcr_population,2025-12-31,2026-08-19T14:21:59Z,2026-08-19
VNM,Viet Nam,1992,16263,0,0,0,0,1140,0,,0,unhcr_population,2025-12-31,2026-08-19T14:21:59Z,2026-08-19
VNM,Viet Nam,1993,5084,0,0,0,0,0,0,,0,unhcr_population,2025-12-31,2026-08-19T14:21:59Z,2026-08-19
VNM,Viet Nam,1994,5000,0,0,0,0,0,0,,0,unhcr_population,2025-12-31,2026-08-19T14:21:59Z,2026-08-19
VNM,Viet Nam,1995,34400,0,0,0,0,0,0,,0,unhcr_population,2025-12-31,2026-08-19T14:21:59Z,2026-08-19
VNM,Viet Nam,1996,34400,0,0,0,0,0,0,,0,unhcr_population,2025-12-31,2026-08-19T14:21:59Z,2026-08-19
VNM,Viet Nam,1997,15000,0,0,0,0,0,0,,0,unhcr_population,2025-12-31,2026-08-19T14:21:59Z,2026-08-19
VNM,Viet Nam,1998,15000,0,0,0,0,0,0,,0,unhcr_population,2025-12-31,2026-08-19T14:21:59Z,2026-08-19
VNM,Viet Nam,1999,15000,0,0,0,0,0,0,,0,unhcr_population,2025-12-31,2026-08-19T14:21:59Z,2026-08-19
VNM,Viet Nam,2000,15945,0,0,0,0,0,0,,0,unhcr_population,2025-12-31,2026-08-19T14:21:59Z,2026-08-19
VNM,Viet Nam,2001,15945,0,0,0,0,0,0,,0,unhcr_population,2025-12-31,2026-08-19T14:21:59Z,2026-08-19
VNM,Viet Nam,2002,15945,0,0,0,0,0,0,,0,unhcr_population,2025-12-31,2026-08-19T14:21:59Z,2026-08-19
VNM,Viet Nam,2003,15360,0,0,0,0,0,0,,0,unhcr_population,2025-12-31,2026-08-19T14:21:59Z,2026-08-19
VNM,Viet Nam,2004,2360,0,0,0,0,0,0,,0,unhcr_population,2025-12-31,2026-08-19T14:21:59Z,2026-08-19
VNM,Viet Nam,2005,2357,0,0,15000,0,0,0,,0,unhcr_population,2025-12-31,2026-08-19T14:21:59Z,2026-08-19
VNM,Viet Nam,2006,2357,0,0,7200,0,0,0,,0,unhcr_population,2025-12-31,2026-08-19T14:21:59Z,2026-08-19
VNM,Viet Nam,2007,2357,0,0,7200,0,0,0,,0,unhcr_population,2025-12-31,2026-08-19T14:21:59Z,2026-08-19
VNM,Viet Nam,2008,2357,0,0,7200,0,0,0,,0,unhcr_population,2025-12-31,2026-08-19T14:21:59Z,2026-08-19
VNM,Viet Nam,2009,2357,0,0,7200,0,0,0,,0,unhcr_population,2025-12-31,2026-08-19T14:21:59Z,2026-08-19
VNM,Viet Nam,2010,1928,0,0,10200,0,0,0,,0,unhcr_population,2025-12-31,2026-08-19T14:21:59Z,2026-08-19
VNM,Viet Nam,2011,990,0,0,10200,0,0,0,,0,unhcr_population,2025-12-31,2026-08-19T14:21:59Z,2026-08-19
VNM,Viet Nam,2012,0,0,0,11500,0,0,0,,0,unhcr_population,2025-12-31,2026-08-19T14:21:59Z,2026-08-19
VNM,Viet Nam,2013,0,0,0,11000,0,0,0,,0,unhcr_population,2025-12-31,2026-08-19T14:21:59Z,2026-08-19
VNM,Viet Nam,2014,0,0,0,11000,0,0,0,,0,unhcr_population,2025-12-31,2026-08-19T14:21:59Z,2026-08-19
VNM,Viet Nam,2015,0,0,0,11000,0,0,0,,0,unhcr_population,2025-12-31,2026-08-19T14:21:59Z,2026-08-19
VNM,Viet Nam,2016,0,0,0,11000,0,0,0,,0,unhcr_population,2025-12-31,2026-08-19T14:21:59Z,2026-08-19
VNM,Viet Nam,2017,0,0,0,29522,0,0,0,,0,unhcr_population,2025-12-31,2026-08-19T14:21:59Z,2026-08-19
VNM,Viet Nam,2018,0,0,0,34110,0,0,0,,0,unhcr_population,2025-12-31,2026-08-19T14:21:59Z,2026-08-19
VNM,Viet Nam,2019,0,0,0,30581,0,0,0,,0,unhcr_population,2025-12-31,2026-08-19T14:21:59Z,2026-08-19
VNM,Viet Nam,2020,0,0,0,32890,0,0,0,,0,unhcr_population,2025-12-31,2026-08-19T14:21:59Z,2026-08-19
VNM,Viet Nam,2021,0,0,0,35475,0,0,0,,0,unhcr_population,2025-12-31,2026-08-19T14:21:59Z,2026-08-19
VNM,Viet Nam,2022,0,0,0,26811,0,0,0,,0,unhcr_population,2025-12-31,2026-08-19T14:21:59Z,2026-08-19
VNM,Viet Nam,2023,19,0,0,26811,0,0,0,,0,unhcr_population,2025-12-31,2026-08-19T14:21:59Z,2026-08-19
VNM,Viet Nam,2024,19,0,0,20590,0,0,0,,0,unhcr_population,2025-12-31,2026-08-19T14:21:59Z,2026-08-19
VNM,Viet Nam,2025,13,0,0,25177,0,0,0,,0,unhcr_population,2025-12-31,2026-08-19T14:21:59Z,2026-08-19
VUT,Vanuatu,2008,5,0,0,0,0,0,0,,0,unhcr_population,2025-12-31,2026-08-19T14:21:59Z,2026-08-19
VUT,Vanuatu,2009,5,0,0,0,0,0,0,,0,unhcr_population,2025-12-31,2026-08-19T14:21:59Z,2026-08-19
VUT,Vanuatu,2010,5,0,0,0,0,0,0,,0,unhcr_population,2025-12-31,2026-08-19T14:21:59Z,2026-08-19
VUT,Vanuatu,2021,0,5,0,0,0,0,0,,0,unhcr_population,2025-12-31,2026-08-19T14:21:59Z,2026-08-19
VUT,Vanuatu,2023,0,5,0,0,0,0,0,,0,unhcr_population,2025-12-31,2026-08-19T14:21:59Z,2026-08-19
VUT,Vanuatu,2025,0,7,0,0,0,0,0,,0,unhcr_population,2025-12-31,2026-08-19T14:21:59Z,2026-08-19
WSM,Samoa,2015,0,5,0,0,0,0,0,,0,unhcr_population,2025-12-31,2026-08-19T14:21:59Z,2026-08-19
WSM,Samoa,2016,5,0,0,0,0,0,0,,0,unhcr_population,2025-12-31,2026-08-19T14:21:59Z,2026-08-19
WSM,Samoa,2017,5,0,0,0,0,0,0,,0,unhcr_population,2025-12-31,2026-08-19T14:21:59Z,2026-08-19
WSM,Samoa,2018,5,0,0,0,0,0,0,,0,unhcr_population,2025-12-31,2026-08-19T14:21:59Z,2026-08-19
YEM,Yemen,1977,50,0,0,0,0,0,0,,0,unhcr_population,2025-12-31,2026-08-19T14:21:59Z,2026-08-19
YEM,Yemen,1978,15050,0,0,0,0,0,0,,0,unhcr_population,2025-12-31,2026-08-19T14:21:59Z,2026-08-19
YEM,Yemen,1979,15360,0,0,0,0,0,0,,0,unhcr_population,2025-12-31,2026-08-19T14:21:59Z,2026-08-19
YEM,Yemen,1980,15550,0,0,0,0,0,0,,0,unhcr_population,2025-12-31,2026-08-19T14:21:59Z,2026-08-19
YEM,Yemen,1981,1030,0,0,0,0,0,0,,0,unhcr_population,2025-12-31,2026-08-19T14:21:59Z,2026-08-19
YEM,Yemen,1982,1400,0,0,0,0,0,0,,0,unhcr_population,2025-12-31,2026-08-19T14:21:59Z,2026-08-19
YEM,Yemen,1983,3680,0,0,0,0,0,0,,0,unhcr_population,2025-12-31,2026-08-19T14:21:59Z,2026-08-19
YEM,Yemen,1984,4280,0,0,0,0,0,0,,0,unhcr_population,2025-12-31,2026-08-19T14:21:59Z,2026-08-19
YEM,Yemen,1985,5000,0,0,0,0,200,0,,0,unhcr_population,2025-12-31,2026-08-19T14:21:59Z,2026-08-19
YEM,Yemen,1986,105000,0,0,0,0,0,0,,0,unhcr_population,2025-12-31,2026-08-19T14:21:59Z,2026-08-19
YEM,Yemen,1987,73000,0,0,0,0,0,0,,0,unhcr_population,2025-12-31,2026-08-19T14:21:59Z,2026-08-19
YEM,Yemen,1988,78157,0,0,0,0,0,0,,0,unhcr_population,2025-12-31,2026-08-19T14:21:59Z,2026-08-19
YEM,Yemen,1989,80130,0,0,0,0,0,0,,0,unhcr_population,2025-12-31,2026-08-19T14:21:59Z,2026-08-19
YEM,Yemen,1990,2938,0,0,0,0,0,0,,0,unhcr_population,2025-12-31,2026-08-19T14:21:59Z,2026-08-19
YEM,Yemen,1991,29977,0,0,0,0,60,0,,0,unhcr_population,2025-12-31,2026-08-19T14:21:59Z,2026-08-19
YEM,Yemen,1992,59680,0,0,0,0,260,0,,0,unhcr_population,2025-12-31,2026-08-19T14:21:59Z,2026-08-19
YEM,Yemen,1993,54450,0,0,0,0,0,0,,0,unhcr_population,2025-12-31,2026-08-19T14:21:59Z,2026-08-19
YEM,Yemen,1994,48305,0,0,0,0,762,0,,0,unhcr_population,2025-12-31,2026-08-19T14:21:59Z,2026-08-19
YEM,Yemen,1995,53453,0,0,0,0,3248,0,,0,unhcr_population,2025-12-31,2026-08-19T14:21:59Z,2026-08-19
YEM,Yemen,1996,53546,0,0,0,0,276,0,,0,unhcr_population,2025-12-31,2026-08-19T14:21:59Z,2026-08-19
YEM,Yemen,1997,40965,0,0,0,60000,600,0,,0,unhcr_population,2025-12-31,2026-08-19T14:21:59Z,2026-08-19
YEM,Yemen,1998,61380,0,0,0,29818,1694,0,,0,unhcr_population,2025-12-31,2026-08-19T14:21:59Z,2026-08-19
YEM,Yemen,1999,60477,0,0,0,9000,1878,0,,0,unhcr_population,2025-12-31,2026-08-19T14:21:59Z,2026-08-19
YEM,Yemen,2000,60543,1406,0,0,0,414,0,,0,unhcr_population,2025-12-31,2026-08-19T14:21:59Z,2026-08-19
YEM,Yemen,2001,69462,2359,0,0,0,553,0,,0,unhcr_population,2025-12-31,2026-08-19T14:21:59Z,2026-08-19
YEM,Yemen,2002,82795,2091,0,0,0,66,0,,0,unhcr_population,2025-12-31,2026-08-19T14:21:59Z,2026-08-19
YEM,Yemen,2003,61876,616,0,0,0,12,0,,0,unhcr_population,2025-12-31,2026-08-19T14:21:59Z,2026-08-19
YEM,Yemen,2004,66379,1272,0,0,0,9,0,,0,unhcr_population,2025-12-31,2026-08-19T14:21:59Z,2026-08-19
YEM,Yemen,2005,81932,797,0,0,0,48,0,,0,unhcr_population,2025-12-31,2026-08-19T14:21:59Z,2026-08-19
YEM,Yemen,2006,95791,861,0,0,0,568,0,,0,unhcr_population,2025-12-31,2026-08-19T14:21:59Z,2026-08-19
YEM,Yemen,2007,117358,713,77000,0,0,360,0,,0,unhcr_population,2025-12-31,2026-08-19T14:21:59Z,2026-08-19
YEM,Yemen,2008,140166,826,100000,0,0,327,0,,0,unhcr_population,2025-12-31,2026-08-19T14:21:59Z,2026-08-19
YEM,Yemen,2009,170850,1356,250000,0,0,371,0,,0,unhcr_population,2025-12-31,2026-08-19T14:21:59Z,2026-08-19
YEM,Yemen,2010,190088,2547,220994,0,0,225,94712,,0,unhcr_population,2025-12-31,2026-08-19T14:21:59Z,2026-08-19
YEM,Yemen,2011,214736,5870,347295,0,0,761,6024,,0,unhcr_population,2025-12-31,2026-08-19T14:21:59Z,2026-08-19
YEM,Yemen,2012,237176,6474,385320,0,0,731,106868,,0,unhcr_population,2025-12-31,2026-08-19T14:21:59Z,2026-08-19
YEM,Yemen,2013,241281,8190,306614,0,0,2907,93055,,0,unhcr_population,2025-12-31,2026-08-19T14:21:59Z,2026-08-19
YEM,Yemen,2014,257637,8667,334093,0,0,2066,85805,,0,unhcr_population,2025-12-31,2026-08-19T14:21:59Z,2026-08-19
YEM,Yemen,2015,267163,9857,2532032,0,16,26728,0,,0,unhcr_population,2025-12-31,2026-08-19T14:21:59Z,2026-08-19
YEM,Yemen,2016,269778,9088,2025060,0,10,2266,974058,,0,unhcr_population,2025-12-31,2026-08-19T14:21:59Z,2026-08-19
YEM,Yemen,2017,270913,9763,2014062,0,15,5524,125034,,0,unhcr_population,2025-12-31,2026-08-19T14:21:59Z,2026-08-19
YEM,Yemen,2018,264359,8805,2144719,0,10,4882,133600,,0,unhcr_population,2025-12-31,2026-08-19T14:21:59Z,2026-08-19
YEM,Yemen,2019,268503,10669,3625716,0,15,3645,69174,,0,unhcr_population,2025-12-31,2026-08-19T14:21:59Z,2026-08-19
YEM,Yemen,2020,166906,10693,4002012,0,15,1195,10788,,0,unhcr_population,2025-12-31,2026-08-19T14:21:59Z,2026-08-19
YEM,Yemen,2021,89467,12593,4288739,0,15,2272,0,,0,unhcr_population,2025-12-31,2026-08-19T14:21:59Z,2026-08-19
YEM,Yemen,2022,77458,13225,4523022,0,15,2536,0,,0,unhcr_population,2025-12-31,2026-08-19T14:21:59Z,2026-08-19
YEM,Yemen,2023,55568,15259,4516341,0,15,2429,0,,0,unhcr_population,2025-12-31,2026-08-19T14:21:59Z,2026-08-19
YEM,Yemen,2024,46827,14094,4795983,0,15,1547,0,,0,unhcr_population,2025-12-31,2026-08-19T14:21:59Z,2026-08-19
YEM,Yemen,2025,49107,14642,4795983,0,59,1098,0,,0,unhcr_population,2025-12-31,2026-08-19T14:21:59Z,2026-08-19
ZAF,South Africa,1993,250000,0,0,0,0,0,0,,0,unhcr_population,2025-12-31,2026-08-19T14:21:59Z,2026-08-19
ZAF,South Africa,1994,91894,0,0,0,0,21000,0,,0,unhcr_population,2025-12-31,2026-08-19T14:21:59Z,2026-08-19
ZAF,South Africa,1995,101408,0,0,0,0,20726,0,,0,unhcr_population,2025-12-31,2026-08-19T14:21:59Z,2026-08-19
ZAF,South Africa,1996,22645,0,0,0,0,995,0,,0,unhcr_population,2025-12-31,2026-08-19T14:21:59Z,2026-08-19
ZAF,South Africa,1997,6816,0,0,0,0,0,0,,0,unhcr_population,2025-12-31,2026-08-19T14:21:59Z,2026-08-19
ZAF,South Africa,1998,8387,0,0,0,0,45,0,,0,unhcr_population,2025-12-31,2026-08-19T14:21:59Z,2026-08-19
ZAF,South Africa,1999,14539,0,0,0,0,40,0,,0,unhcr_population,2025-12-31,2026-08-19T14:21:59Z,2026-08-19
ZAF,South Africa,2000,15058,15139,0,0,0,20,0,,0,unhcr_population,2025-12-31,2026-08-19T14:21:59Z,2026-08-19
ZAF,South Africa,2001,18594,11413,0,0,0,10,0,,0,unhcr_population,2025-12-31,2026-08-19T14:21:59Z,2026-08-19
ZAF,South Africa,2002,23336,52447,0,0,0,46,0,,0,unhcr_population,2025-12-31,2026-08-19T14:21:59Z,2026-08-19
ZAF,South Africa,2003,26552,84089,0,0,0,62,0,,0,unhcr_population,2025-12-31,2026-08-19T14:21:59Z,2026-08-19
ZAF,South Africa,2004,27675,115224,0,0,0,77,0,,0,unhcr_population,2025-12-31,2026-08-19T14:21:59Z,2026-08-19
ZAF,South Africa,2005,29716,140095,0,0,0,99,0,,0,unhcr_population,2025-12-31,2026-08-19T14:21:59Z,2026-08-19
ZAF,South Africa,2006,35086,131107,0,0,0,78,0,,0,unhcr_population,2025-12-31,2026-08-19T14:21:59Z,2026-08-19
ZAF,South Africa,2007,36732,170864,0,0,0,68,0,,0,unhcr_population,2025-12-31,2026-08-19T14:21:59Z,2026-08-19
ZAF,South Africa,2008,43542,227124,0,0,0,286,0,,0,unhcr_population,2025-12-31,2026-08-19T14:21:59Z,2026-08-19
ZAF,South Africa,2009,47972,309794,0,0,0,40,0,,0,unhcr_population,2025-12-31,2026-08-19T14:21:59Z,2026-08-19
ZAF,South Africa,2010,57899,171702,0,0,0,132,0,,0,unhcr_population,2025-12-31,2026-08-19T14:21:59Z,2026-08-19
ZAF,South Africa,2011,57899,219341,0,0,0,37,0,,0,unhcr_population,2025-12-31,2026-08-19T14:21:59Z,2026-08-19
ZAF,South Africa,2012,65225,230420,0,0,0,21,0,,0,unhcr_population,2025-12-31,2026-08-19T14:21:59Z,2026-08-19
ZAF,South Africa,2013,65976,237231,0,0,0,85,0,,0,unhcr_population,2025-12-31,2026-08-19T14:21:59Z,2026-08-19
ZAF,South Africa,2014,112182,463909,0,0,0,38,0,,0,unhcr_population,2025-12-31,2026-08-19T14:21:59Z,2026-08-19
ZAF,South Africa,2015,121635,1096021,0,0,0,19,0,,0,unhcr_population,2025-12-31,2026-08-19T14:21:59Z,2026-08-19
ZAF,South Africa,2016,91018,218275,0,0,0,37,0,,0,unhcr_population,2025-12-31,2026-08-19T14:21:59Z,2026-08-19
ZAF,South Africa,2017,88694,191333,0,0,0,0,0,,0,unhcr_population,2025-12-31,2026-08-19T14:21:59Z,2026-08-19
ZAF,South Africa,2018,89285,184193,0,0,0,0,0,,0,unhcr_population,2025-12-31,2026-08-19T14:21:59Z,2026-08-19
ZAF,South Africa,2019,78395,188235,0,0,0,102,0,,0,unhcr_population,2025-12-31,2026-08-19T14:21:59Z,2026-08-19
ZAF,South Africa,2020,76729,173461,0,0,0,19,0,,0,unhcr_population,2025-12-31,2026-08-19T14:21:59Z,2026-08-19
ZAF,South Africa,2021,75512,167411,0,0,0,52,0,,0,unhcr_population,2025-12-31,2026-08-19T14:21:59Z,2026-08-19
ZAF,South Africa,2022,66596,84316,0,0,0,354,0,,0,unhcr_population,2025-12-31,2026-08-19T14:21:59Z,2026-08-19
ZAF,South Africa,2023,67145,86911,0,0,0,347,0,,0,unhcr_population,2025-12-31,2026-08-19T14:21:59Z,2026-08-19
ZAF,South Africa,2024,71171,100313,0,0,0,317,0,,0,unhcr_population,2025-12-31,2026-08-19T14:21:59Z,2026-08-19
ZAF,South Africa,2025,55177,82358,0,0,0,337,0,,0,unhcr_population,2025-12-31,2026-08-19T14:21:59Z,2026-08-19
ZMB,Zambia,1965,5000,0,0,0,0,0,0,,0,unhcr_population,2025-12-31,2026-08-19T14:21:59Z,2026-08-19
ZMB,Zambia,1966,6290,0,0,0,0,5000,0,,0,unhcr_population,2025-12-31,2026-08-19T14:21:59Z,2026-08-19
ZMB,Zambia,1967,10710,0,0,0,0,1630,0,,0,unhcr_population,2025-12-31,2026-08-19T14:21:59Z,2026-08-19
ZMB,Zambia,1968,13190,0,0,0,0,1110,0,,0,unhcr_population,2025-12-31,2026-08-19T14:21:59Z,2026-08-19
ZMB,Zambia,1969,12640,0,0,0,0,1300,0,,0,unhcr_population,2025-12-31,2026-08-19T14:21:59Z,2026-08-19
ZMB,Zambia,1970,16000,0,0,0,0,0,0,,0,unhcr_population,2025-12-31,2026-08-19T14:21:59Z,2026-08-19
ZMB,Zambia,1971,17000,0,0,0,0,1750,0,,0,unhcr_population,2025-12-31,2026-08-19T14:21:59Z,2026-08-19
ZMB,Zambia,1972,25000,0,0,0,0,20000,0,,0,unhcr_population,2025-12-31,2026-08-19T14:21:59Z,2026-08-19
ZMB,Zambia,1973,37310,0,0,0,0,0,0,,0,unhcr_population,2025-12-31,2026-08-19T14:21:59Z,2026-08-19
ZMB,Zambia,1974,40430,0,0,0,0,140,0,,0,unhcr_population,2025-12-31,2026-08-19T14:21:59Z,2026-08-19
ZMB,Zambia,1975,36050,0,0,0,0,9840,0,,0,unhcr_population,2025-12-31,2026-08-19T14:21:59Z,2026-08-19
ZMB,Zambia,1976,34070,0,0,0,0,0,0,,0,unhcr_population,2025-12-31,2026-08-19T14:21:59Z,2026-08-19
ZMB,Zambia,1977,64900,0,0,0,0,470,0,,0,unhcr_population,2025-12-31,2026-08-19T14:21:59Z,2026-08-19
ZMB,Zambia,1978,79140,0,0,0,0,2680,0,,0,unhcr_population,2025-12-31,2026-08-19T14:21:59Z,2026-08-19
ZMB,Zambia,1979,57790,0,0,0,0,1550,0,,0,unhcr_population,2025-12-31,2026-08-19T14:21:59Z,2026-08-19
ZMB,Zambia,1980,36410,0,0,0,0,20650,0,,0,unhcr_population,2025-12-31,2026-08-19T14:21:59Z,2026-08-19
ZMB,Zambia,1981,40560,0,0,0,0,460,0,,0,unhcr_population,2025-12-31,2026-08-19T14:21:59Z,2026-08-19
ZMB,Zambia,1982,89110,0,0,0,0,420,0,,0,unhcr_population,2025-12-31,2026-08-19T14:21:59Z,2026-08-19
ZMB,Zambia,1983,103000,0,0,0,0,0,0,,0,unhcr_population,2025-12-31,2026-08-19T14:21:59Z,2026-08-19
ZMB,Zambia,1984,96480,0,0,0,0,640,0,,0,unhcr_population,2025-12-31,2026-08-19T14:21:59Z,2026-08-19
ZMB,Zambia,1985,103780,0,0,0,0,530,0,,0,unhcr_population,2025-12-31,2026-08-19T14:21:59Z,2026-08-19
ZMB,Zambia,1986,138270,0,0,0,0,450,0,,0,unhcr_population,2025-12-31,2026-08-19T14:21:59Z,2026-08-19
ZMB,Zambia,1987,144100,0,0,0,0,3310,0,,0,unhcr_population,2025-12-31,2026-08-19T14:21:59Z,2026-08-19
ZMB,Zambia,1988,143568,0,0,0,0,1150,0,,0,unhcr_population,2025-12-31,2026-08-19T14:21:59Z,2026-08-19
ZMB,Zambia,1989,137180,0,0,0,0,3550,0,,0,unhcr_population,2025-12-31,2026-08-19T14:21:59Z,2026-08-19
ZMB,Zambia,1990,138049,0,0,0,0,2910,0,,0,unhcr_population,2025-12-31,2026-08-19T14:21:59Z,2026-08-19
ZMB,Zambia,1991,140676,0,0,0,0,2300,0,,0,unhcr_population,2025-12-31,2026-08-19T14:21:59Z,2026-08-19
ZMB,Zambia,1992,142104,0,0,0,0,3510,0,,0,unhcr_population,2025-12-31,2026-08-19T14:21:59Z,2026-08-19
ZMB,Zambia,1993,141126,0,0,0,0,8019,0,,0,unhcr_population,2025-12-31,2026-08-19T14:21:59Z,2026-08-19
ZMB,Zambia,1994,141126,0,0,0,0,0,0,,0,unhcr_population,2025-12-31,2026-08-19T14:21:59Z,2026-08-19
ZMB,Zambia,1995,129965,0,0,0,0,3353,0,,0,unhcr_population,2025-12-31,2026-08-19T14:21:59Z,2026-08-19
ZMB,Zambia,1996,131139,0,0,0,0,81,0,,0,unhcr_population,2025-12-31,2026-08-19T14:21:59Z,2026-08-19
ZMB,Zambia,1997,165072,0,0,0,0,29674,0,,0,unhcr_population,2025-12-31,2026-08-19T14:21:59Z,2026-08-19
ZMB,Zambia,1998,168564,0,0,0,0,5338,0,,0,unhcr_population,2025-12-31,2026-08-19T14:21:59Z,2026-08-19
ZMB,Zambia,1999,206386,0,0,0,0,19,0,,0,unhcr_population,2025-12-31,2026-08-19T14:21:59Z,2026-08-19
ZMB,Zambia,2000,250940,261,0,0,0,5964,0,,0,unhcr_population,2025-12-31,2026-08-19T14:21:59Z,2026-08-19
ZMB,Zambia,2001,284173,500,0,0,0,858,0,,0,unhcr_population,2025-12-31,2026-08-19T14:21:59Z,2026-08-19
ZMB,Zambia,2002,246765,945,0,0,0,54292,0,,0,unhcr_population,2025-12-31,2026-08-19T14:21:59Z,2026-08-19
ZMB,Zambia,2003,226697,180,0,0,0,43761,0,,0,unhcr_population,2025-12-31,2026-08-19T14:21:59Z,2026-08-19
ZMB,Zambia,2004,173907,86,0,0,0,46560,0,,0,unhcr_population,2025-12-31,2026-08-19T14:21:59Z,2026-08-19
ZMB,Zambia,2005,155718,146,0,0,0,29831,0,,0,unhcr_population,2025-12-31,2026-08-19T14:21:59Z,2026-08-19
ZMB,Zambia,2006,120253,215,0,0,0,26759,0,,0,unhcr_population,2025-12-31,2026-08-19T14:21:59Z,2026-08-19
ZMB,Zambia,2007,112931,25,0,0,0,10340,0,,0,unhcr_population,2025-12-31,2026-08-19T14:21:59Z,2026-08-19
ZMB,Zambia,2008,83484,56,0,0,0,10127,0,,0,unhcr_population,2025-12-31,2026-08-19T14:21:59Z,2026-08-19
ZMB,Zambia,2009,56786,76,0,0,0,19326,0,,0,unhcr_population,2025-12-31,2026-08-19T14:21:59Z,2026-08-19
ZMB,Zambia,2010,47853,324,0,0,0,9688,0,,0,unhcr_population,2025-12-31,2026-08-19T14:21:59Z,2026-08-19
ZMB,Zambia,2011,45627,1018,0,0,0,2446,0,,0,unhcr_population,2025-12-31,2026-08-19T14:21:59Z,2026-08-19
ZMB,Zambia,2012,25647,1190,0,0,23550,1112,0,,0,unhcr_population,2025-12-31,2026-08-19T14:21:59Z,2026-08-19
ZMB,Zambia,2013,23584,2217,0,0,27205,1304,0,,0,unhcr_population,2025-12-31,2026-08-19T14:21:59Z,2026-08-19
ZMB,Zambia,2014,25566,2174,0,0,22452,1640,0,,0,unhcr_population,2025-12-31,2026-08-19T14:21:59Z,2026-08-19
ZMB,Zambia,2015,26434,2408,0,0,23321,419,0,,0,unhcr_population,2025-12-31,2026-08-19T14:21:59Z,2026-08-19
ZMB,Zambia,2016,29338,3318,0,0,24540,27,0,,0,unhcr_population,2025-12-31,2026-08-19T14:21:59Z,2026-08-19
ZMB,Zambia,2017,41266,4675,0,0,22394,0,0,,0,unhcr_population,2025-12-31,2026-08-19T14:21:59Z,2026-08-19
ZMB,Zambia,2018,49877,3300,0,0,22842,2383,0,,0,unhcr_population,2025-12-31,2026-08-19T14:21:59Z,2026-08-19
ZMB,Zambia,2019,57518,5067,0,0,23275,29,0,,0,unhcr_population,2025-12-31,2026-08-19T14:21:59Z,2026-08-19
ZMB,Zambia,2020,66070,4293,0,0,24203,29,0,,0,unhcr_population,2025-12-31,2026-08-19T14:21:59Z,2026-08-19
ZMB,Zambia,2021,75154,4394,0,0,24862,223,0,,0,unhcr_population,2025-12-31,2026-08-19T14:21:59Z,2026-08-19
ZMB,Zambia,2022,61159,2774,0,0,17157,10217,0,,0,unhcr_population,2025-12-31,2026-08-19T14:21:59Z,2026-08-19
ZMB,Zambia,2023,72411,5549,0,0,17550,768,0,,0,unhcr_population,2025-12-31,2026-08-19T14:21:59Z,2026-08-19
ZMB,Zambia,2024,79275,9643,0,0,17837,169,0,,0,unhcr_population,2025-12-31,2026-08-19T14:21:59Z,2026-08-19
ZMB,Zambia,2025,83225,12906,0,0,18210,176,0,,0,unhcr_population,2025-12-31,2026-08-19T14:21:59Z,2026-08-19
ZWE,Zimbabwe,1980,50,0,0,0,0,0,0,,0,unhcr_population,2025-12-31,2026-08-19T14:21:59Z,2026-08-19
ZWE,Zimbabwe,1981,5100,0,0,0,0,0,0,,0,unhcr_population,2025-12-31,2026-08-19T14:21:59Z,2026-08-19
ZWE,Zimbabwe,1982,20200,0,0,0,0,0,0,,0,unhcr_population,2025-12-31,2026-08-19T14:21:59Z,2026-08-19
ZWE,Zimbabwe,1983,50390,0,0,0,0,0,0,,0,unhcr_population,2025-12-31,2026-08-19T14:21:59Z,2026-08-19
ZWE,Zimbabwe,1984,50500,0,0,0,0,0,0,,0,unhcr_population,2025-12-31,2026-08-19T14:21:59Z,2026-08-19
ZWE,Zimbabwe,1985,62800,0,0,0,0,0,0,,0,unhcr_population,2025-12-31,2026-08-19T14:21:59Z,2026-08-19
ZWE,Zimbabwe,1986,65180,0,0,0,0,0,0,,0,unhcr_population,2025-12-31,2026-08-19T14:21:59Z,2026-08-19
ZWE,Zimbabwe,1987,123610,0,0,0,0,11850,0,,0,unhcr_population,2025-12-31,2026-08-19T14:21:59Z,2026-08-19
ZWE,Zimbabwe,1988,174483,0,0,0,0,900,0,,0,unhcr_population,2025-12-31,2026-08-19T14:21:59Z,2026-08-19
ZWE,Zimbabwe,1989,175350,0,0,0,0,770,0,,0,unhcr_population,2025-12-31,2026-08-19T14:21:59Z,2026-08-19
ZWE,Zimbabwe,1990,190950,0,0,0,0,0,0,,0,unhcr_population,2025-12-31,2026-08-19T14:21:59Z,2026-08-19
ZWE,Zimbabwe,1991,197627,0,0,0,0,0,0,,0,unhcr_population,2025-12-31,2026-08-19T14:21:59Z,2026-08-19
ZWE,Zimbabwe,1992,237713,0,0,0,0,150,0,,0,unhcr_population,2025-12-31,2026-08-19T14:21:59Z,2026-08-19
ZWE,Zimbabwe,1993,100476,0,0,0,0,9316,0,,0,unhcr_population,2025-12-31,2026-08-19T14:21:59Z,2026-08-19
ZWE,Zimbabwe,1994,2194,0,0,0,0,102762,0,,0,unhcr_population,2025-12-31,2026-08-19T14:21:59Z,2026-08-19
ZWE,Zimbabwe,1995,515,0,0,0,0,25653,0,,0,unhcr_population,2025-12-31,2026-08-19T14:21:59Z,2026-08-19
ZWE,Zimbabwe,1996,594,0,0,0,0,63,0,,0,unhcr_population,2025-12-31,2026-08-19T14:21:59Z,2026-08-19
ZWE,Zimbabwe,1997,800,0,0,0,0,0,0,,0,unhcr_population,2025-12-31,2026-08-19T14:21:59Z,2026-08-19
ZWE,Zimbabwe,1998,1656,0,0,0,0,0,0,,0,unhcr_population,2025-12-31,2026-08-19T14:21:59Z,2026-08-19
ZWE,Zimbabwe,1999,2071,0,0,0,0,15,0,,0,unhcr_population,2025-12-31,2026-08-19T14:21:59Z,2026-08-19
ZWE,Zimbabwe,2000,4127,62,0,0,0,0,0,,0,unhcr_population,2025-12-31,2026-08-19T14:21:59Z,2026-08-19
ZWE,Zimbabwe,2001,8708,766,0,0,0,0,0,,0,unhcr_population,2025-12-31,2026-08-19T14:21:59Z,2026-08-19
ZWE,Zimbabwe,2002,9433,540,0,0,0,0,0,,0,unhcr_population,2025-12-31,2026-08-19T14:21:59Z,2026-08-19
ZWE,Zimbabwe,2003,12721,553,0,0,0,0,0,,0,unhcr_population,2025-12-31,2026-08-19T14:21:59Z,2026-08-19
ZWE,Zimbabwe,2004,6875,0,0,0,0,5,0,,0,unhcr_population,2025-12-31,2026-08-19T14:21:59Z,2026-08-19
ZWE,Zimbabwe,2005,13850,118,0,0,0,5,0,,0,unhcr_population,2025-12-31,2026-08-19T14:21:59Z,2026-08-19
ZWE,Zimbabwe,2006,3519,296,0,0,0,0,0,,0,unhcr_population,2025-12-31,2026-08-19T14:21:59Z,2026-08-19
ZWE,Zimbabwe,2007,3984,546,0,0,0,5,0,,0,unhcr_population,2025-12-31,2026-08-19T14:21:59Z,2026-08-19
ZWE,Zimbabwe,2008,3465,525,0,0,0,44,0,,0,unhcr_population,2025-12-31,2026-08-19T14:21:59Z,2026-08-19
ZWE,Zimbabwe,2009,3991,629,0,0,0,10,0,,0,unhcr_population,2025-12-31,2026-08-19T14:21:59Z,2026-08-19
ZWE,Zimbabwe,2010,4432,414,0,0,0,0,0,,0,unhcr_population,2025-12-31,2026-08-19T14:21:59Z,2026-08-19
ZWE,Zimbabwe,2011,4559,774,54278,0,40,10,0,,0,unhcr_population,2025-12-31,2026-08-19T14:21:59Z,2026-08-19
ZWE,Zimbabwe,2012,4354,432,57926,0,22,0,0,,0,unhcr_population,2025-12-31,2026-08-19T14:21:59Z,2026-08-19
ZWE,Zimbabwe,2013,6387,479,60139,0,97,0,0,,0,unhcr_population,2025-12-31,2026-08-19T14:21:59Z,2026-08-19
ZWE,Zimbabwe,2014,6076,642,0,0,2450,0,0,,0,unhcr_population,2025-12-31,2026-08-19T14:21:59Z,2026-08-19
ZWE,Zimbabwe,2015,6943,257,0,300000,3375,0,0,,0,unhcr_population,2025-12-31,2026-08-19T14:21:59Z,2026-08-19
ZWE,Zimbabwe,2016,7423,948,0,0,1671,0,0,,0,unhcr_population,2025-12-31,2026-08-19T14:21:59Z,2026-08-19
ZWE,Zimbabwe,2017,7566,8392,0,0,2859,0,0,,0,unhcr_population,2025-12-31,2026-08-19T14:21:59Z,2026-08-19
ZWE,Zimbabwe,2018,7795,10207,0,0,853,0,0,,0,unhcr_population,2025-12-31,2026-08-19T14:21:59Z,2026-08-19
ZWE,Zimbabwe,2019,8956,11532,270000,0,957,0,0,,0,unhcr_population,2025-12-31,2026-08-19T14:21:59Z,2026-08-19
ZWE,Zimbabwe,2020,9261,11929,0,0,967,0,0,,0,unhcr_population,2025-12-31,2026-08-19T14:21:59Z,2026-08-19
ZWE,Zimbabwe,2021,9483,11951,0,0,907,79,0,,0,unhcr_population,2025-12-31,2026-08-19T14:21:59Z,2026-08-19
ZWE,Zimbabwe,2022,10475,11670,0,0,918,0,0,,0,unhcr_population,2025-12-31,2026-08-19T14:21:59Z,2026-08-19
ZWE,Zimbabwe,2023,10114,12451,0,0,1003,0,0,,0,unhcr_population,2025-12-31,2026-08-19T14:21:59Z,2026-08-19
ZWE,Zimbabwe,2024,9240,13192,0,0,994,0,0,,0,unhcr_population,2025-12-31,2026-08-19T14:21:59Z,2026-08-19
ZWE,Zimbabwe,2025,8570,9495,0,0,785,8,0,,0,unhcr_population,2025-12-31,2026-08-19T14:21:59Z,2026-08-19
